inference,draw,missing_class,macro_f1,recall_medium,precision_medium,ordinal_mae,extreme_error_rate,log_loss,rps
single,0,0,0.44413327388784557,0.4000000000000001,0.3247400161957124,0.6539682539682539,0.10634920634920635,1.417117490913568,0.22625703176777698
single,1,0,0.45310152513832475,0.39351851851851855,0.3483292919912638,0.6236044657097289,0.08133971291866028,1.3784391646328562,0.21859575376556925
single,2,0,0.47251250177510484,0.3548387096774193,0.29764303114095725,0.6121794871794872,0.08333333333333333,1.3449238423493008,0.2193499930933092
single,3,0,0.4690215249236969,0.2542372881355932,0.253042328042328,0.6251993620414673,0.10047846889952154,1.3367715442627102,0.2148779385838818
single,4,0,0.44202851043234626,0.3282051282051282,0.2881054131054131,0.6395534290271133,0.08931419457735247,1.3502805638643955,0.21956472300909743
single,5,0,0.46630486381270203,0.35833333333333334,0.45922813569872395,0.6365079365079366,0.11587301587301586,1.316774722025355,0.2077014122473421
single,6,0,0.42487578976327284,0.28125,0.25148798133872763,0.671451355661882,0.09728867623604465,1.4562658834797313,0.23459098106249474
single,7,0,0.4635851072263248,0.39548022598870053,0.31198466566113625,0.6489533011272142,0.11272141706924316,1.3513482378554074,0.2251711570878501
single,8,0,0.4430913689877407,0.30434782608695654,0.29221916414096394,0.6333333333333333,0.08253968253968254,1.4063308226141464,0.2217760211861264
single,9,0,0.428739528790268,0.375,0.40161704187847985,0.6602870813397129,0.10366826156299841,1.36550208347171,0.2232830090772718
single,10,0,0.42668981788069166,0.31578947368421056,0.2994227994227994,0.6555555555555556,0.06984126984126984,1.5001601535522997,0.2266144133395649
single,11,0,0.5015154811859439,0.3383084577114428,0.3881198138028739,0.6025641025641025,0.10897435897435899,1.2291066062022207,0.20310008995877404
single,12,0,0.4434329773344019,0.34545454545454546,0.236373276776246,0.6347687400318979,0.08452950558213716,1.4229444025369853,0.2254525901788482
single,13,0,0.4381014077507142,0.3333333333333333,0.3391498151772125,0.671451355661882,0.10845295055821373,1.4696869283004643,0.22521352952531967
single,14,0,0.36770038500483054,0.34920634920634913,0.23258805364068524,0.719047619047619,0.08412698412698412,1.5616220428045855,0.2511454001571431
single,15,0,0.46382288756363854,0.3962264150943396,0.27929582854955987,0.6220095693779903,0.10526315789473684,1.2475481841823488,0.21248418487530185
single,16,0,0.43704970390640385,0.3151515151515151,0.23129451896575182,0.6539074960127591,0.09888357256778309,1.4997179311237028,0.2335299289943327
single,17,0,0.4574458822846063,0.4102564102564103,0.3967757282974674,0.620414673046252,0.08452950558213716,1.4109044606586127,0.2186225807025981
single,18,0,0.5026530146507496,0.3137254901960784,0.36422825540472603,0.5737179487179488,0.08493589743589743,1.2457226775887515,0.19814479497339973
single,19,0,0.4679860875018858,0.41203703703703703,0.4327767889934175,0.6142857142857143,0.1126984126984127,1.2656587346102093,0.20758047768264024
single,20,0,0.41716144241159375,0.32026143790849676,0.18215762041696623,0.6619047619047619,0.0746031746031746,1.4663976425251908,0.23571168120430808
single,21,0,0.4835474961182575,0.3145539906103287,0.37939901837928147,0.6188197767145135,0.10526315789473684,1.3006708715015998,0.20849383330608884
single,22,0,0.46540415427130605,0.3246753246753247,0.39374591719289515,0.6190476190476191,0.09365079365079365,1.3495416389317363,0.20651607356043744
single,23,0,0.46551875652010244,0.40298507462686567,0.37532862875328626,0.6522435897435898,0.12179487179487179,1.4022911207835531,0.22476242907489086
single,24,0,0.5071230575799549,0.3731343283582089,0.41306945663837674,0.5913461538461539,0.10897435897435898,1.1991749922372257,0.19946197228292595
single,25,0,0.4710051427094151,0.4047619047619048,0.3981942808829302,0.6076555023923444,0.10047846889952154,1.2672949356648322,0.20792485256294668
single,26,0,0.41628578782047754,0.33789954337899547,0.352541811558205,0.7063492063492064,0.13015873015873017,1.5241786767672891,0.24078266566850456
single,27,0,0.4080555749533839,0.2925170068027211,0.19567867831756722,0.7099358974358975,0.12820512820512822,1.5370515540016443,0.2490232646198414
single,28,0,0.3974887844610863,0.3539094650205761,0.3911119599354893,0.6968253968253969,0.11746031746031745,1.4871522680310856,0.23469042436044782
single,29,0,0.46172887862606204,0.3735632183908046,0.2973459289248763,0.6395534290271132,0.11004784688995216,1.358682641903808,0.22309861755023289
single,30,0,0.4332804496603127,0.3547008547008547,0.35662714303049214,0.6586921850079746,0.08931419457735247,1.5312749529957388,0.2275922476758485
single,31,0,0.45169937727672704,0.2935323383084577,0.2860702677604086,0.6396825396825396,0.09047619047619047,1.4981188527606204,0.2240364828511626
single,32,0,0.49269884871388636,0.45762711864406774,0.3475753660637381,0.608974358974359,0.10576923076923077,1.3261758877761312,0.21159050603665688
single,33,0,0.4517578553518174,0.3661971830985915,0.35843422410586584,0.5888888888888889,0.07619047619047618,1.207230752807311,0.20154334728706133
single,34,0,0.4546206082755117,0.2727272727272727,0.2163947163947164,0.6333333333333333,0.09047619047619049,1.4006684996993588,0.2231453744809925
single,35,0,0.4675564912448536,0.3446327683615819,0.281301677297425,0.6217948717948718,0.09134615384615385,1.3597520408229673,0.22177477877423837
single,36,0,0.4585969589484568,0.435374149659864,0.2521057347670251,0.6060606060606061,0.0861244019138756,1.3031785394425746,0.21859594623452763
single,37,0,0.41605082241610686,0.2916666666666667,0.34104407833221395,0.6619047619047619,0.06507936507936508,1.5239555431023362,0.22932728616258694
single,38,0,0.4623566700218776,0.3150684931506849,0.3117384672940229,0.6031746031746031,0.06031746031746032,1.3229830307448143,0.20519679492486884
single,39,0,0.4860533942640504,0.3172043010752688,0.3372217230707797,0.6124401913875599,0.1116427432216906,1.2437822339845062,0.20231886280360767
single,40,0,0.43466071579411897,0.34177215189873417,0.37198086540552294,0.665079365079365,0.09999999999999999,1.5339679656111809,0.23515605300564701
single,41,0,0.46437503305733957,0.34188034188034183,0.38259407189405087,0.6206349206349207,0.08571428571428573,1.3325208592191724,0.21256008393560769
single,42,0,0.4764974089436558,0.3461538461538462,0.4088023088023088,0.6137820512820512,0.08974358974358976,1.346531270948634,0.21258089934887966
single,43,0,0.4516753646527479,0.3378378378378379,0.3485907903629422,0.6395534290271132,0.0909090909090909,1.5129686655816375,0.2293757472875937
single,44,0,0.4730958998315391,0.34259259259259256,0.37303223936012264,0.6285714285714286,0.10317460317460318,1.3235831048460733,0.20781101152194345
single,45,0,0.434681556328214,0.42253521126760557,0.35735983018591716,0.6619047619047619,0.10476190476190476,1.5554162733805,0.23773476600744634
single,46,0,0.5108640160290778,0.41441441441441446,0.44930278186532124,0.5652173913043478,0.08695652173913043,1.1960051674011203,0.1901741699112148
single,47,0,0.4029963964081513,0.3105022831050228,0.3043530543530544,0.7097288676236045,0.11004784688995216,1.5788313299727479,0.24781165686749915
single,48,0,0.404931410757789,0.2809523809523809,0.28268906730102095,0.6889952153110048,0.10366826156299841,1.596056699207044,0.24608100539309022
single,49,0,0.46093462339212743,0.3111111111111111,0.34550264550264553,0.6124401913875598,0.07655502392344497,1.3751939399966375,0.20955275238438265
single,50,0,0.45409992147321293,0.33888888888888885,0.2927271229717486,0.657051282051282,0.11378205128205128,1.3643761740277547,0.2250767078120798
single,51,0,0.4396124233510604,0.35294117647058815,0.3204045058883769,0.6507936507936508,0.10000000000000002,1.4333018688499835,0.22796474188559612
single,52,0,0.48200266531031644,0.4180790960451977,0.33958958958958957,0.6330128205128206,0.11858974358974357,1.3461918170969878,0.22012629183757318
single,53,0,0.42692222595661705,0.30976430976430974,0.48824577378360184,0.6746411483253588,0.09569377990430622,1.4987986338850925,0.22873203872440104
single,54,0,0.43916100239488864,0.3168724279835391,0.3471500721500722,0.6283891547049443,0.06539074960127593,1.3771355160667558,0.21417467717573957
single,55,0,0.390689735473761,0.33816425120772947,0.3025152017689331,0.7272727272727272,0.12759170653907495,1.5745564084043207,0.2513530740028121
single,56,0,0.46504489395303317,0.3645833333333333,0.29397397397397396,0.610576923076923,0.07211538461538462,1.3336694026038651,0.220127256402697
single,57,0,0.461224811523587,0.37280701754385964,0.39100469247528075,0.6063492063492063,0.08412698412698412,1.3071908050837187,0.20530545804204112
single,58,0,0.386232790822028,0.3116883116883117,0.31522212543554007,0.7222222222222222,0.10952380952380952,1.5376048031489316,0.24497410323212754
single,59,0,0.40796328193991943,0.3333333333333333,0.2957242289896478,0.6874003189792663,0.09250398724082935,1.5910127671759415,0.2414902825005161
single,60,0,0.41051962036855877,0.3203463203463203,0.332790797000714,0.7033492822966507,0.10845295055821373,1.4937974115223074,0.23779709037787558
single,61,0,0.4228660744666339,0.3444444444444444,0.3921447591382232,0.6539074960127592,0.07017543859649124,1.5187525518241014,0.2259557773451104
single,62,0,0.47404629202724374,0.36309523809523814,0.30109772639484017,0.6201923076923076,0.11217948717948718,1.2858390327812357,0.2111833278688983
single,63,0,0.49292325146796484,0.3864734299516908,0.3413596034226895,0.5769230769230769,0.0625,1.3405808122653644,0.20409534003248445
single,64,0,0.43479204197962157,0.319047619047619,0.30159244211531794,0.6650717703349281,0.09409888357256779,1.3404410737215844,0.22227903597517126
single,65,0,0.41883373882741975,0.32083333333333336,0.350094123974721,0.665079365079365,0.08888888888888889,1.3904190439583923,0.22226988973506204
single,66,0,0.5027615667499602,0.3466666666666667,0.41121802486734776,0.573015873015873,0.08095238095238096,1.3069722691266243,0.19367756799846028
single,67,0,0.43116156375482567,0.3163841807909604,0.26908212560386474,0.6908212560386473,0.12560386473429952,1.45447861744599,0.23804578849401867
single,68,0,0.4463180904808202,0.4193548387096773,0.35600988773303116,0.671451355661882,0.1371610845295056,1.3798041222627055,0.22478155600646554
single,69,0,0.45180793355263466,0.3547008547008547,0.36371506920369034,0.6236044657097288,0.07496012759170655,1.2964466073661818,0.21003501292942403
single,70,0,0.4006760833346999,0.3080808080808081,0.2509920634920635,0.6746794871794872,0.08173076923076923,1.5420827563600819,0.23818951568378335
single,71,0,0.4537618113195967,0.3708920187793427,0.3620915032679739,0.6423948220064725,0.10032362459546924,1.4064452860296133,0.22336675645578996
single,72,0,0.4324510242445354,0.34803921568627444,0.3238542365302928,0.671451355661882,0.1116427432216906,1.4484651246016906,0.2307710653032404
single,73,0,0.4140589122258096,0.3333333333333333,0.42654617800638456,0.6492063492063492,0.07936507936507936,1.4527333406016003,0.22495166333433878
single,74,0,0.4882290057745589,0.3625730994152047,0.3009517629245079,0.5913461538461539,0.09294871794871795,1.3071656852927698,0.2031501071048277
single,75,0,0.47784922758909326,0.32,0.4030867374494069,0.6153846153846154,0.09935897435897438,1.219467533247913,0.20123532246015455
single,76,0,0.4455994175097744,0.4124293785310735,0.2819622129966957,0.6491228070175438,0.09250398724082935,1.4294016778096654,0.23051359074835157
single,77,0,0.46231799375212507,0.36477987421383645,0.2679650038775354,0.6442307692307692,0.11378205128205128,1.3330123410530872,0.22441960999056298
single,78,0,0.43422887777170494,0.32936507936507936,0.3977777777777778,0.6476190476190476,0.08888888888888889,1.4413150989236858,0.2232353911761423
single,79,0,0.49375772473249646,0.3547008547008547,0.395693675596976,0.576923076923077,0.06570512820512821,1.3199338959291114,0.2035315494152237
single,80,0,0.4305709377942408,0.36470588235294116,0.4132993753246918,0.653968253968254,0.09365079365079365,1.4793582922218285,0.22700474114551525
single,81,0,0.44048781209069854,0.2841530054644809,0.28265253594904344,0.6810897435897436,0.1282051282051282,1.374789099562569,0.23297187842812547
single,82,0,0.4284809916489895,0.393939393939394,0.3244252760381793,0.665079365079365,0.10634920634920635,1.4078883113737541,0.23012444384056233
single,83,0,0.3917651402367634,0.35497835497835495,0.34038065843621396,0.6761904761904761,0.09365079365079365,1.4853187384102575,0.23361390206612956
single,84,0,0.4491134330818242,0.3531746031746032,0.4029878618113912,0.6285714285714286,0.07936507936507936,1.4506015943918584,0.22084997829538036
single,85,0,0.441835496709532,0.30917874396135264,0.33515211640211645,0.6827697262479872,0.12399355877616747,1.3752742130964588,0.23061881334157822
single,86,0,0.455464350153439,0.3186274509803922,0.29407578722647215,0.6236044657097289,0.07496012759170655,1.2705216281444247,0.20784796054636948
single,87,0,0.43914506689630217,0.2820512820512821,0.3465236380195396,0.6586921850079744,0.09569377990430622,1.4332751061708564,0.22640262776053474
single,88,0,0.4143068203691785,0.31601731601731603,0.3044293827467562,0.6682539682539682,0.0746031746031746,1.57721304653274,0.2336055651745508
single,89,0,0.49636612884778036,0.3377777777777778,0.4020879210504853,0.5801282051282052,0.08012820512820513,1.2448312904756056,0.19781375620596506
single,90,0,0.45855340537780354,0.3216374269005848,0.2704614785487116,0.6441223832528179,0.10950080515297907,1.3702671055019486,0.22387258447086025
single,91,0,0.5019925806276059,0.3881856540084388,0.4967643467643468,0.5961538461538461,0.10737179487179487,1.173340154798083,0.19695092516497206
single,92,0,0.46133636744891576,0.3142857142857143,0.33167989417989413,0.6238095238095238,0.09206349206349207,1.3222085742792287,0.20944557978292866
single,93,0,0.4858555726142077,0.4074074074074074,0.3894592988710636,0.6457326892109502,0.1352657004830918,1.324859710716768,0.22073813360392394
single,94,0,0.4651407830218239,0.3415637860082304,0.4168393957867642,0.6379585326953747,0.09728867623604465,1.3858732820533948,0.2150441455624504
single,95,0,0.3100289267042919,0.31343283582089554,0.22270851612049328,0.810207336523126,0.12121212121212122,1.8266138951019812,0.28131579638252613
single,96,0,0.513299192141378,0.3708920187793427,0.4288657017453387,0.5587301587301589,0.08888888888888889,1.1492987194012534,0.18552511856545328
single,97,0,0.48473743407155423,0.3859649122807018,0.2875984425958134,0.5629984051036683,0.06698564593301436,1.2608752894421238,0.1996995192342267
single,98,0,0.43960454685776806,0.36947791164658633,0.4072649572649573,0.638095238095238,0.08730158730158731,1.3535121064951632,0.21469029177092214
single,99,0,0.4791408087350964,0.4215686274509804,0.3938911713210949,0.5761904761904763,0.08888888888888889,1.3238889183915659,0.20242239001742734
single,100,0,0.4215477228226027,0.2922374429223744,0.2878457672508016,0.6682539682539682,0.0857142857142857,1.5922305350992962,0.23667044388354017
single,101,0,0.42016976963115676,0.4063926940639269,0.3379032861908183,0.6349206349206349,0.0761904761904762,1.506831533608745,0.21949840287928116
single,102,0,0.4814308295175162,0.48148148148148157,0.36226662913969415,0.6217948717948718,0.10576923076923077,1.428446150088379,0.22286047696072556
single,103,0,0.44198548212941896,0.3333333333333333,0.34136249776346395,0.6095238095238096,0.06825396825396825,1.332449873377518,0.21413032477811442
single,104,0,0.45539394751028356,0.37745098039215685,0.3228705698585217,0.6158730158730159,0.07936507936507936,1.3693190121483596,0.2154107235281005
single,105,0,0.4363909976931319,0.3429951690821256,0.3416481847789166,0.6936507936507937,0.12857142857142856,1.4089730318781142,0.2331088879916742
single,106,0,0.43928636655482095,0.3494623655913978,0.3081669574206888,0.6539074960127592,0.11483253588516747,1.3480607187454492,0.21802013604653345
single,107,0,0.4629773619431669,0.4102564102564103,0.4593117707871806,0.5761904761904763,0.0888888888888889,1.2235195059565103,0.19277491290463442
single,108,0,0.45442276612702237,0.3282828282828283,0.31489016140914877,0.655448717948718,0.10737179487179488,1.4356914627621233,0.22685771879317485
single,109,0,0.3808995092122951,0.2864583333333333,0.23575328865723502,0.7368421052631579,0.11802232854864432,1.6287069337040299,0.25188519831514433
single,110,0,0.4377547248855768,0.37254901960784315,0.3221412733607856,0.6411483253588517,0.0909090909090909,1.443862442886149,0.2228326331059635
single,111,0,0.46846265667702763,0.3046594982078853,0.4654617758784425,0.6156299840510367,0.07496012759170655,1.4074258702238627,0.21223995764018924
single,112,0,0.45114380703558815,0.3236714975845411,0.32395180753022973,0.645933014354067,0.10047846889952154,1.4503817161378247,0.2273815013346071
single,113,0,0.44031275465868086,0.3380281690140845,0.3408408408408408,0.6698564593301436,0.11164274322169059,1.3834182625781313,0.22502473806816192
single,114,0,0.5079856668666642,0.3854166666666667,0.37720654461735564,0.5897435897435898,0.10256410256410257,1.2562255805010387,0.20228602138834237
single,115,0,0.4493926878864381,0.3568075117370892,0.3141935906627505,0.6266025641025642,0.07051282051282051,1.4642504393497882,0.2223610244235692
single,116,0,0.44729798631723,0.2995169082125604,0.3194718498862202,0.6618819776714514,0.11004784688995216,1.5044190779305477,0.23349351289736253
single,117,0,0.4392558254106376,0.3688888888888889,0.37403846153846154,0.626984126984127,0.09047619047619047,1.359565164840415,0.21608291462480822
single,118,0,0.41397136923826067,0.36936936936936937,0.39743486435670156,0.726984126984127,0.15396825396825398,1.523379804613594,0.24476047668652176
single,119,0,0.4348877866857661,0.3648648648648649,0.3597824939288354,0.6619047619047619,0.10476190476190476,1.4201589068085545,0.22435657040193827
single,120,0,0.42511521953573267,0.3076923076923077,0.2851109130520895,0.6874003189792663,0.11483253588516747,1.4680671301307175,0.23263791228329267
single,121,0,0.4720251851268457,0.392156862745098,0.3626535626535627,0.5984126984126985,0.08888888888888889,1.2520376226779992,0.2025496703343795
single,122,0,0.42871519253960666,0.2904761904761905,0.2817604617604617,0.6762360446570973,0.09409888357256778,1.4059446012119043,0.22503871289433378
single,123,0,0.47199326232871397,0.31578947368421056,0.3714424893717525,0.6266025641025642,0.08974358974358974,1.3912625174166253,0.21990950995785252
single,124,0,0.4783529508042623,0.34,0.2810674835929814,0.639291465378422,0.1352657004830918,1.2826863631328973,0.21625423067009145
single,125,0,0.47645189583020864,0.3918918918918919,0.3784231181948478,0.5936507936507937,0.07619047619047618,1.3560203468588805,0.2091496642330765
single,126,0,0.5119159462363249,0.39351851851851855,0.40445756351264023,0.5422647527910686,0.06698564593301436,1.1831340609882852,0.18661630822561506
single,127,0,0.4096336180645743,0.29803921568627456,0.3365199615199615,0.6873015873015872,0.08253968253968254,1.491762517933476,0.23396620957373349
single,128,0,0.42613188357858006,0.3563218390804597,0.25776754890678943,0.646031746031746,0.09365079365079365,1.4406058702562243,0.23067795394404297
single,129,0,0.4606741064309126,0.35042735042735046,0.4009981836847509,0.6428571428571429,0.10317460317460318,1.2790284729942323,0.21214829715396863
single,130,0,0.437610705309248,0.38028169014084506,0.36889729660814,0.6905901116427432,0.1291866028708134,1.4780802946524805,0.23806580250208956
single,131,0,0.5135858764855019,0.38308457711442784,0.40037503199877933,0.5741626794258373,0.09409888357256778,1.254699369625507,0.19711727790435887
single,132,0,0.40884268979218347,0.3432835820895523,0.27974358974358976,0.6936507936507935,0.10000000000000002,1.509658179673217,0.23305546609445094
single,133,0,0.4427475639209211,0.3378378378378379,0.33389421167198946,0.6490384615384616,0.08653846153846152,1.4683265038964877,0.22790653694691534
single,134,0,0.44560308648147856,0.37931034482758613,0.27626016260162606,0.6333333333333333,0.09365079365079365,1.3748292807084173,0.2270151813233041
single,135,0,0.4043757849439838,0.34871794871794876,0.2953300658780111,0.7275641025641025,0.13141025641025642,1.5533821328581903,0.2515050354877312
single,136,0,0.48790890913031976,0.4444444444444444,0.40603460603460606,0.6188197767145135,0.12759170653907495,1.2344462878665425,0.20575568801594768
single,137,0,0.46339936536647497,0.40740740740740744,0.3148300128853206,0.6347687400318979,0.12599681020733652,1.2633430484426025,0.21613054235442997
single,138,0,0.4536038618261191,0.44623655913978494,0.3019975011604248,0.5936507936507937,0.06190476190476191,1.3677402303295239,0.2128370751077878
single,139,0,0.4442990746597762,0.36936936936936937,0.3665527149008212,0.653968253968254,0.10317460317460318,1.4146216749029392,0.22468483460711183
single,140,0,0.45157372158731385,0.36752136752136755,0.35607934429409765,0.623397435897436,0.0689102564102564,1.439018379141394,0.22358639064769928
single,141,0,0.43932414063703806,0.36318407960199006,0.3103354978354978,0.6555023923444976,0.09409888357256779,1.3986764288114053,0.2276299755765047
single,142,0,0.47284965016034564,0.3611111111111111,0.43023148148148144,0.607936507936508,0.08095238095238096,1.3305381231139053,0.20166727594840808
single,143,0,0.4039968127816263,0.3333333333333333,0.3642426201249731,0.6492063492063491,0.05714285714285714,1.4778738407369454,0.22348627602713392
single,144,0,0.45836471216618846,0.34259259259259256,0.33018774703557313,0.6142857142857142,0.07301587301587302,1.4608491421723142,0.22819657126107226
single,145,0,0.4670872048148775,0.39035087719298245,0.442755009789403,0.6523125996810207,0.12599681020733652,1.4179261870047635,0.2199918950906753
single,146,0,0.4777069720612383,0.3768115942028986,0.37304921144802544,0.5984126984126984,0.09206349206349207,1.272289179117351,0.20215374480979856
single,147,0,0.4571986064769651,0.321285140562249,0.37589605734767023,0.6238095238095238,0.07142857142857142,1.416538809897456,0.21561926337971227
single,148,0,0.41501411044754316,0.4411764705882353,0.3440439447383892,0.6523809523809524,0.09999999999999999,1.3593635753007398,0.2248305325601582
single,149,0,0.4904802164589564,0.4000000000000001,0.4142372618061309,0.6009615384615384,0.10416666666666667,1.1910066795368133,0.19964549737026802
single,150,0,0.4858781524676072,0.30917874396135264,0.3456343091936312,0.6092503987240829,0.09409888357256778,1.4072663300712975,0.21267902388482351
single,151,0,0.4328980386700916,0.3802083333333333,0.29195046439628486,0.6666666666666666,0.09841269841269841,1.4903376647298525,0.23148446580351403
single,152,0,0.4564906502346962,0.36507936507936506,0.3040312311401388,0.6379585326953748,0.09728867623604466,1.4205079387701656,0.22491126595774338
single,153,0,0.40034744594192584,0.2882882882882883,0.2760757385503836,0.6985645933014354,0.08931419457735247,1.5809741999172318,0.23686057178696052
single,154,0,0.4985246765357239,0.3390804597701149,0.30694769711163156,0.5897435897435898,0.09615384615384616,1.223009236832769,0.20406562204667913
single,155,0,0.46687864659150513,0.3416666666666666,0.1757286397917889,0.6009615384615384,0.08333333333333333,1.3803335784028985,0.22401089391202378
single,156,0,0.4363800722252331,0.36015325670498083,0.4329076134958488,0.6222222222222222,0.08095238095238096,1.3535559269909223,0.21207509369290897
single,157,0,0.41521752721374244,0.34,0.2303585049580473,0.7071197411003237,0.1359223300970874,1.590975687912968,0.252726937167826
single,158,0,0.46649991672407315,0.3145539906103286,0.2753889479695931,0.5984126984126984,0.04285714285714285,1.4177549827301796,0.21614689077959826
single,159,0,0.48479668847416374,0.3684210526315789,0.2882212751182376,0.6060606060606061,0.09250398724082935,1.2388201786000252,0.20828091346128738
single,160,0,0.4212489896801785,0.3913043478260869,0.299938689521126,0.6602870813397129,0.07974481658692185,1.6043962032961427,0.23837548800428318
single,161,0,0.5126095577857998,0.3390804597701149,0.3551506972559604,0.5865384615384616,0.11538461538461538,1.2016591809873596,0.2026996277010292
single,162,0,0.42528324652851013,0.34782608695652173,0.2855436081242533,0.6603174603174603,0.07936507936507936,1.467359661537347,0.2280013393930247
single,163,0,0.4653520986801452,0.3333333333333333,0.35187385968009927,0.634768740031898,0.10207336523125997,1.3689102743093793,0.21680572004846266
single,164,0,0.41922841113430825,0.3404255319148936,0.4299981654742249,0.6746031746031745,0.08888888888888889,1.4188672767115793,0.2215509721361036
single,165,0,0.43425565288285567,0.27777777777777773,0.3223337218260474,0.6570972886762361,0.08452950558213716,1.4233098172564793,0.2193480989139869
single,166,0,0.46448408888583764,0.375,0.4023801277611021,0.6475279106858054,0.11802232854864435,1.2485990359270627,0.21300789342690699
single,167,0,0.4737082787217826,0.398989898989899,0.36132756132756133,0.6299840510366825,0.10685805422647528,1.343111023181711,0.21872023043410757
single,168,0,0.4736888203821909,0.36947791164658633,0.45094643918173327,0.5825396825396826,0.07777777777777778,1.3330626744166505,0.2041760717271166
single,169,0,0.49507958913021,0.43781094527363185,0.39314193420473614,0.5753205128205128,0.08814102564102565,1.1765406497302753,0.19487566237676088
single,170,0,0.4238121510708468,0.2873563218390805,0.3745916034710106,0.6762820512820512,0.08974358974358976,1.4725942995542372,0.22830832965369088
single,171,0,0.46737789586136924,0.3684210526315789,0.2955059677679381,0.639423076923077,0.11217948717948718,1.3297987704872423,0.2194321702810137
single,172,0,0.43151700243234176,0.3282828282828283,0.2958382350694391,0.679425837320574,0.10845295055821373,1.4833121244887473,0.231097998374566
single,173,0,0.39019550067951675,0.30434782608695654,0.2637107938086939,0.7129186602870815,0.10207336523125997,1.610379222208833,0.2493677768455845
single,174,0,0.4469613151269775,0.3666666666666667,0.39252270248062676,0.6842105263157894,0.14035087719298245,1.406767460483941,0.2304235242131214
single,175,0,0.4323239069738336,0.3020833333333333,0.2615430502754446,0.6634768740031897,0.09409888357256779,1.4440234098788398,0.22702672014000277
single,176,0,0.3980749781879695,0.34099616858237547,0.3720981860516744,0.6984126984126985,0.09047619047619049,1.5092801068730946,0.23478976329157417
single,177,0,0.4563899791508573,0.40404040404040403,0.3204062464133717,0.6330128205128206,0.08653846153846152,1.4019921357993936,0.22001121573751278
single,178,0,0.447976064142977,0.390625,0.31880350731842033,0.6538461538461539,0.10416666666666667,1.3739685076049273,0.22307046646433396
single,179,0,0.4104853393528183,0.3428571428571428,0.2846279963817277,0.6809523809523809,0.0888888888888889,1.5100432106125894,0.23481185151698647
single,180,0,0.393610978190629,0.3594771241830066,0.24047928161852214,0.7628205128205128,0.16346153846153846,1.521984104015513,0.2587105635324541
single,181,0,0.4150331697280589,0.3082437275985663,0.3908390148025305,0.6682615629984051,0.07336523125996809,1.5157687737223344,0.22441527402596273
single,182,0,0.458432339047596,0.4307692307692308,0.34722222222222215,0.6301587301587301,0.1015873015873016,1.356898502597615,0.22016025209565004
single,183,0,0.3921115653092097,0.2784313725490196,0.3134920634920635,0.7063492063492064,0.0857142857142857,1.6472027614065745,0.24633211842806055
single,184,0,0.4358329820008346,0.3055555555555556,0.29948830409356725,0.6571428571428571,0.0857142857142857,1.4624102914508168,0.2288293286158304
single,185,0,0.4706078284323621,0.35555555555555557,0.37085001262216455,0.6142857142857143,0.08412698412698412,1.456159460506031,0.2154465447992887
single,186,0,0.496104868158664,0.34313725490196084,0.37658191545023906,0.5893719806763285,0.09339774557165863,1.251425872617218,0.20381534660183043
single,187,0,0.44324724579860647,0.4246575342465753,0.3714902718812796,0.6285714285714286,0.08888888888888889,1.4291952073003567,0.21610577702351455
single,188,0,0.43211399059114886,0.3434343434343434,0.33264256319811875,0.7004830917874396,0.13365539452495975,1.4684052824551344,0.2383909231043743
single,189,0,0.4461565616475272,0.3333333333333333,0.24929553568794074,0.6251993620414673,0.06858054226475278,1.4521174088625646,0.22687664465585858
single,190,0,0.5216855777381136,0.3950617283950617,0.4831243972999036,0.5576923076923076,0.07852564102564102,1.2245338116281037,0.18937701042649824
single,191,0,0.42192276674264795,0.3070175438596491,0.31092104221113487,0.6619047619047619,0.08253968253968254,1.5305275621804306,0.23251014712391102
single,192,0,0.41360404310792614,0.39444444444444443,0.2748875768898016,0.6634920634920635,0.09682539682539683,1.4525358012167722,0.2306072320286685
single,193,0,0.4823738692505189,0.3607305936073059,0.39501980758347477,0.6111111111111112,0.09841269841269841,1.3814793174709903,0.21011658189370497
single,194,0,0.4590560155824441,0.3020833333333333,0.3065796210957501,0.6126984126984126,0.09523809523809523,1.3056234210802729,0.20544029299135114
single,195,0,0.3957399060056022,0.4021164021164021,0.30861838157226607,0.6603174603174603,0.10634920634920635,1.4370263600678586,0.23226761145447572
single,196,0,0.43162947036026306,0.3287037037037037,0.2978056384610522,0.6523125996810207,0.07655502392344497,1.4600141689593926,0.22644688374238328
single,197,0,0.43293535417587276,0.37745098039215685,0.35886409108017236,0.653968253968254,0.11587301587301586,1.3853091353284068,0.22716175691542576
single,198,0,0.46995771049596424,0.33939393939393936,0.28549901828590357,0.5587301587301586,0.08095238095238096,1.1689022343630235,0.19269951782184258
single,199,0,0.4058566695259445,0.3127572016460905,0.34718051384718046,0.7003205128205128,0.10256410256410257,1.4945733924451818,0.2403165935739735
single,200,0,0.4247310005639234,0.3177083333333333,0.2864383053363017,0.6920634920634919,0.12063492063492064,1.4031672395133832,0.2284605160811065
single,201,0,0.43926717658001796,0.34782608695652173,0.31422188449154415,0.6634768740031897,0.09888357256778309,1.4116706469377396,0.230759141660784
single,202,0,0.4721754129972975,0.4502923976608187,0.32786872751661483,0.6426282051282052,0.1185897435897436,1.3995352321276178,0.2249104574642168
single,203,0,0.47178775961831326,0.3238095238095238,0.34000534295064444,0.617224880382775,0.08931419457735247,1.3151150592344019,0.2088360696010136
single,204,0,0.4536762133166228,0.37280701754385964,0.3756743909685086,0.6379585326953748,0.09250398724082935,1.3636653441922189,0.21665347377615074
single,205,0,0.4648698906936357,0.3961352657004831,0.3557270668597097,0.6362179487179488,0.09935897435897435,1.4423692609555634,0.22582257120706248
single,206,0,0.43728696250376425,0.4202898550724638,0.3308598450463383,0.6491228070175438,0.0861244019138756,1.4553452709870471,0.23105718452921672
single,207,0,0.47343331209355083,0.3870967741935483,0.3212454212454212,0.6222222222222222,0.09841269841269841,1.3768192853400887,0.22103352279303787
single,208,0,0.5033918337988311,0.3333333333333333,0.34747023809523814,0.5897435897435898,0.09615384615384615,1.2027479103883432,0.19982869650484547
single,209,0,0.4571312873606119,0.4153846153846154,0.33717126929177005,0.6522435897435898,0.10737179487179487,1.4231774152007315,0.22419050736767585
single,210,0,0.44278572344796485,0.34722222222222227,0.34904539904539905,0.6682615629984051,0.11004784688995216,1.4972618423744617,0.23587261050704744
single,211,0,0.4207739231639318,0.3958333333333333,0.31348696566749307,0.6666666666666666,0.10793650793650794,1.428341851320545,0.23099500389302352
single,212,0,0.46855256483273977,0.3333333333333333,0.3793273062916507,0.608974358974359,0.07371794871794872,1.3580223355504117,0.2175026208845409
single,213,0,0.46037983899219026,0.2923076923076923,0.3347457627118644,0.6634460547504025,0.12882447665056362,1.3612592583763583,0.2243862717885641
single,214,0,0.4428823231789875,0.32950191570881227,0.4082379835804493,0.645933014354067,0.08452950558213716,1.446743295217873,0.22409333388242725
single,215,0,0.4334114198930968,0.3333333333333333,0.2858981714403401,0.6698717948717948,0.10416666666666667,1.4591356146759111,0.2375732579431735
single,216,0,0.44654785908032896,0.31313131313131315,0.3390219980383915,0.6844660194174758,0.13430420711974111,1.3694683784443973,0.23134341612882114
single,217,0,0.47145999133154753,0.3429951690821256,0.31454258310783184,0.6044657097288676,0.07017543859649122,1.3926444514950556,0.20888837698692964
single,218,0,0.4761753962637972,0.3383838383838384,0.3024249652156629,0.6028708133971291,0.07177033492822966,1.332142664355332,0.20819171741763684
single,219,0,0.4803580382433768,0.3377777777777778,0.351481916699308,0.5873015873015873,0.06349206349206349,1.2685236027305373,0.20254402723499285
single,220,0,0.42482529727214335,0.3022222222222222,0.33181974544203646,0.6140350877192983,0.07336523125996809,1.3621158365647605,0.20903664605343172
single,221,0,0.39870615172644347,0.3632478632478633,0.3525494382593666,0.665079365079365,0.09047619047619047,1.463841145953661,0.23021949258581778
single,222,0,0.42713211696181735,0.3282051282051282,0.27199081434375555,0.6650641025641025,0.09134615384615385,1.448842488348534,0.23424977855327092
single,223,0,0.504282566941653,0.39285714285714285,0.3369295350172216,0.605475040257649,0.11594202898550725,1.1606300335881965,0.19957787636246405
single,224,0,0.4570556024127594,0.35000000000000003,0.33239510858106686,0.6666666666666666,0.1378205128205128,1.3616853420588608,0.2235222683299508
single,225,0,0.4450721939115377,0.328042328042328,0.27973610113370817,0.6174603174603175,0.08095238095238096,1.330070756774682,0.21747796629879879
single,226,0,0.4249968872586824,0.3611111111111111,0.3106255112144302,0.665079365079365,0.08571428571428573,1.530640943129738,0.2320832488228394
single,227,0,0.45090101654230436,0.3636363636363636,0.3456096327419857,0.6174603174603175,0.06507936507936508,1.445301910152338,0.2169739403462154
single,228,0,0.45016000577992316,0.3833333333333333,0.28321195144724554,0.6220095693779905,0.08293460925039872,1.468504943104034,0.22334255975823233
single,229,0,0.4855871428082221,0.32275132275132273,0.3240400326797386,0.6060606060606061,0.09888357256778309,1.2415093112117181,0.20130193341915667
single,230,0,0.438194467730431,0.3333333333333333,0.2440331061020716,0.6476190476190476,0.10000000000000002,1.4092107906615325,0.22295108240950068
single,231,0,0.3982476053452806,0.37916666666666665,0.3707490569960498,0.684126984126984,0.1015873015873016,1.5035095867389636,0.23462189137670478
single,232,0,0.4276326685281843,0.3206751054852321,0.33830171635049683,0.646031746031746,0.07619047619047618,1.4337622943586226,0.2256371169054877
single,233,0,0.4289704694883562,0.3045267489711934,0.3472759658497635,0.653968253968254,0.08412698412698412,1.5006636099188295,0.2265427297437821
single,234,0,0.41467475117935854,0.3181818181818182,0.24184116204489717,0.6698412698412698,0.06984126984126984,1.514362527223094,0.23784052027527472
single,235,0,0.41842812667234147,0.391304347826087,0.316095092655333,0.6873015873015872,0.10476190476190476,1.5471950005488668,0.23660169856100252
single,236,0,0.43813697977943766,0.4018264840182648,0.35251117960622774,0.6333333333333333,0.08412698412698412,1.4430449648595174,0.22288734298828597
single,237,0,0.48056704364873754,0.3224043715846994,0.30560897435897433,0.6119162640901771,0.09822866344605474,1.284408316202264,0.21120431460609412
single,238,0,0.4433058869446003,0.38967136150234744,0.338654362491821,0.6317460317460317,0.08412698412698412,1.4591128556265478,0.22238948612226284
single,239,0,0.41651071902734915,0.360655737704918,0.28405357372525636,0.7131410256410255,0.12980769230769232,1.4940331724145928,0.24759186590609247
single,240,0,0.4120988340924529,0.3737373737373737,0.2906402886698405,0.6921850079744817,0.10207336523125997,1.5390091914619497,0.24183697655184413
single,241,0,0.4071963459080355,0.3452380952380953,0.3993660398728934,0.6952380952380953,0.1126984126984127,1.5137094592704736,0.24046819335438827
single,242,0,0.4152543046042783,0.34117647058823536,0.37739651416122005,0.6778309409888358,0.08931419457735247,1.4633838443596405,0.22784186579474167
single,243,0,0.4385172064517504,0.288135593220339,0.22586580086580085,0.6444444444444445,0.08253968253968254,1.419190993756717,0.22341424466670667
single,244,0,0.44118042759260306,0.3294573643410853,0.3775963237893249,0.6222222222222222,0.06190476190476191,1.4452780943339558,0.22131416195295792
single,245,0,0.4558851542026798,0.33730158730158727,0.38556633240177546,0.6047619047619047,0.06190476190476191,1.3614519831999878,0.20779003227918738
single,246,0,0.44635262703996964,0.36486486486486486,0.33892578681239555,0.6363636363636364,0.07974481658692185,1.4728055243365634,0.22974595212371718
single,247,0,0.4783413454692708,0.2962962962962963,0.29270361007450213,0.5977564102564102,0.08493589743589743,1.2937222679709972,0.20394210206469351
single,248,0,0.48986268835539293,0.4042553191489362,0.2849319908143437,0.5849358974358975,0.10897435897435899,1.1894478583692685,0.20568579810362694
single,249,0,0.4071427634578482,0.3408239700374532,0.41552887755419404,0.7015873015873016,0.10952380952380952,1.5815032926574457,0.23732172800621207
single,250,0,0.4605264445478983,0.3222222222222222,0.26186868686868686,0.6331738437001594,0.08771929824561403,1.3469940054720124,0.21881831965193008
single,251,0,0.47240557172231146,0.31313131313131315,0.3191622103386809,0.6153846153846153,0.09294871794871795,1.3056024351734241,0.21075371565215495
single,252,0,0.40838955866074467,0.30701754385964913,0.2713731518079344,0.6714285714285714,0.06190476190476191,1.5122407783149272,0.23434685625426388
single,253,0,0.4584074767274058,0.3233830845771144,0.2852948767582914,0.619047619047619,0.07142857142857144,1.4492725324126436,0.21895526765611104
single,254,0,0.5186827771218229,0.26785714285714285,0.2553891449052739,0.5358851674641149,0.06379585326953748,1.1505324822471428,0.18491310985880527
single,255,0,0.47012435884347403,0.4307692307692308,0.3601190476190476,0.6076555023923446,0.09569377990430622,1.2735936455193109,0.2098836200044525
single,256,0,0.4819349637054667,0.35585585585585583,0.37227513227513226,0.5825396825396826,0.07142857142857142,1.3222577542726288,0.2018129553676072
single,257,0,0.495999951780242,0.4080459770114942,0.3287320155976872,0.605475040257649,0.10305958132045089,1.2769661274683932,0.20840889096194196
single,258,0,0.4963736794932794,0.3655913978494623,0.3337251004898682,0.5705128205128205,0.08173076923076923,1.219476863502111,0.19891386694707672
single,259,0,0.46514846239633684,0.367816091954023,0.4097739794369008,0.5936507936507937,0.05714285714285714,1.42144970309215,0.20681867910388715
single,260,0,0.439131261698159,0.39766081871345027,0.2582683017465626,0.6411483253588517,0.08452950558213716,1.5086817312009442,0.23530158347772978
single,261,0,0.43904257799335006,0.35632183908045983,0.2685593298352205,0.6301587301587301,0.09206349206349207,1.327715101321649,0.2158816716748642
single,262,0,0.39419079768792803,0.352112676056338,0.31586380522550733,0.7317460317460318,0.1253968253968254,1.5680243779087952,0.25432698285017613
single,263,0,0.4936973894368706,0.41071428571428564,0.3115271068169619,0.6025641025641025,0.09935897435897435,1.3439785840926328,0.21777525778690543
single,264,0,0.4962900635349743,0.3105022831050228,0.37416054902393703,0.5682539682539681,0.0746031746031746,1.2295058740712541,0.19188126738382785
single,265,0,0.49725711087390634,0.3548387096774193,0.32223647738972044,0.5885167464114832,0.08771929824561403,1.3143886160290863,0.2077458447745052
single,266,0,0.46154088583273545,0.3466666666666667,0.24919639987142403,0.6301587301587301,0.1126984126984127,1.3251148203791354,0.21861593926683578
single,267,0,0.4342715278998206,0.4079601990049751,0.356085426525907,0.6761904761904761,0.1253968253968254,1.4611417448480097,0.23463947561933485
single,268,0,0.5206820235315751,0.3541666666666667,0.3286813728642785,0.5253968253968254,0.05396825396825397,1.2741095743188258,0.187760747711369
single,269,0,0.4203943333363765,0.3291139240506329,0.3485130917288018,0.6842105263157895,0.09888357256778309,1.527949383937932,0.23707764727309277
single,270,0,0.4597221897038817,0.3133333333333333,0.21109515312413862,0.625,0.08814102564102565,1.3559877247975776,0.2236870847836415
single,271,0,0.4401814806187647,0.29797979797979796,0.2837845183735595,0.6506410256410257,0.09455128205128205,1.5068356583776492,0.23223783309077614
single,272,0,0.46394202350254865,0.36923076923076925,0.33843122326966574,0.6379585326953747,0.10845295055821373,1.3190775860643942,0.22016113706374796
single,273,0,0.49898042841395607,0.3532338308457712,0.35160198664755415,0.5857142857142857,0.08571428571428573,1.2721372135025686,0.2000750709471956
single,274,0,0.4013008297868706,0.39035087719298245,0.3323173107812443,0.6810207336523125,0.08771929824561403,1.6135207392030806,0.2440154961786675
single,275,0,0.44756973322612786,0.3212121212121212,0.2320630066425107,0.6475279106858054,0.09409888357256778,1.3997530921398271,0.2209223389566707
single,276,0,0.5178995474969893,0.43162393162393164,0.42355465221318883,0.5295055821371611,0.049441786283891544,1.2322018376076727,0.18769294306646725
single,277,0,0.4658713990604884,0.3946360153256705,0.4667641972070955,0.6236044657097288,0.09250398724082935,1.374677180254776,0.212984088392839
single,278,0,0.4857334276040475,0.3761904761904762,0.35039906103286383,0.5805422647527911,0.0685805422647528,1.357496315568983,0.20520527361105043
single,279,0,0.47306510692662074,0.3333333333333333,0.28579481624137376,0.6185897435897436,0.09455128205128205,1.3857271503036095,0.2209431890238588
single,280,0,0.4541358792308346,0.2634408602150538,0.2467284094439267,0.6344605475040258,0.08856682769726248,1.4305868098462213,0.21842756147580267
single,281,0,0.4419554024240811,0.36666666666666664,0.3119924188580905,0.6924315619967794,0.13687600644122386,1.4361140669171093,0.24235438173021487
single,282,0,0.46456859794236216,0.30136986301369856,0.37405655500413565,0.645933014354067,0.11164274322169059,1.3971759979791976,0.22301558843273683
single,283,0,0.4060689408628147,0.3636363636363636,0.33020327607311334,0.6889952153110048,0.09250398724082935,1.5807800548353013,0.24198897289768007
single,284,0,0.43750012694241464,0.3423423423423424,0.3455612880270415,0.6571428571428571,0.09841269841269841,1.4876284862216853,0.22901794301689662
single,285,0,0.39416196628859373,0.3103448275862069,0.3769266160570508,0.7222222222222223,0.1111111111111111,1.665434278451075,0.2466733984160653
single,286,0,0.4363114717118022,0.28703703703703703,0.28610489749730256,0.6443381180223285,0.07496012759170655,1.4478131781076666,0.22461929413686096
single,287,0,0.4580345052538875,0.2654320987654321,0.2139826034159605,0.634768740031898,0.0956937799043062,1.3184910028247825,0.21631956820515974
single,288,0,0.4641430528368035,0.40096618357487923,0.3674375883522177,0.6443381180223285,0.11004784688995216,1.35664516063076,0.22287907142391875
single,289,0,0.45894831203403985,0.3385416666666667,0.3300773300773301,0.6618589743589743,0.1233974358974359,1.3935465413121328,0.22206137619500757
single,290,0,0.4908557663383782,0.375,0.4336982540372371,0.5507936507936507,0.08412698412698412,1.2097994377926795,0.18865954277701066
single,291,0,0.46779980113118885,0.37804878048780494,0.45981160179697556,0.5539682539682539,0.06825396825396825,1.2615604699915575,0.1936466100871865
single,292,0,0.48547203188124904,0.36923076923076925,0.3519212224612418,0.6124401913875598,0.10047846889952154,1.2497385106237482,0.2072184118535495
single,293,0,0.4754660322405053,0.39487179487179497,0.35340321907486083,0.6015873015873016,0.09523809523809523,1.2225714829802408,0.20059545365790754
single,294,0,0.4485547941867605,0.29437229437229434,0.3026115496703732,0.6253968253968254,0.05873015873015872,1.4274285750879379,0.22006904245686096
single,295,0,0.4790199417869792,0.3703703703703704,0.25396877676042423,0.5964912280701755,0.07496012759170655,1.3351776557926371,0.20966804426315266
single,296,0,0.4914172670644124,0.2988505747126437,0.2796303313544693,0.5893719806763285,0.08856682769726248,1.359190461927226,0.20801993803849328
single,297,0,0.46141906452829134,0.3222222222222222,0.27593636514102676,0.6220095693779905,0.09250398724082935,1.3518680236243925,0.21314515150167299
single,298,0,0.37980478905487464,0.25555555555555554,0.19753086419753085,0.7083333333333334,0.09615384615384615,1.5454873519189531,0.24346851696818328
single,299,0,0.4447187254509038,0.2764227642276423,0.3303698896820247,0.6317460317460317,0.06507936507936508,1.3806340884978772,0.2139738372369789
single,300,0,0.4225191702608937,0.345679012345679,0.24389908540353478,0.6939102564102564,0.1233974358974359,1.4842473843557336,0.2390527629505038
single,301,0,0.4722384631737022,0.3544973544973544,0.31349354725404216,0.6217948717948718,0.09615384615384615,1.3311070265571816,0.21535958923017062
single,302,0,0.5030133910338909,0.3459915611814346,0.44865252985386467,0.5677830940988836,0.07974481658692184,1.1475682857422307,0.1873522909322912
single,303,0,0.46999396204682503,0.41999999999999993,0.2569779887384243,0.6236044657097288,0.09569377990430622,1.4206913136018942,0.22748836128968528
single,304,0,0.49533208412179514,0.45588235294117646,0.43604929158033373,0.5730158730158731,0.10317460317460318,1.156532595346567,0.1927996754245759
single,305,0,0.45924530215671466,0.34803921568627455,0.37099416131674195,0.6618819776714514,0.1291866028708134,1.4152776935355666,0.22479663960812046
single,306,0,0.44019244413063513,0.4047619047619047,0.26428077091127117,0.6158730158730159,0.07777777777777778,1.3209749605049366,0.21534197241478412
single,307,0,0.44193016056728035,0.3515981735159817,0.35782591725214674,0.6412698412698412,0.09682539682539683,1.3922476113096904,0.21788185960110748
single,308,0,0.5033361205235548,0.38666666666666666,0.4708916900093371,0.5821371610845295,0.10366826156299841,1.1623790922251376,0.19154648325692725
single,309,0,0.4250145569441279,0.38967136150234744,0.3353431944039638,0.6507936507936508,0.09206349206349207,1.37801330650324,0.22713211040462467
single,310,0,0.4976319948209151,0.3958333333333333,0.4904116317909421,0.5725677830940988,0.0909090909090909,1.2225471070309668,0.1902028613176698
single,311,0,0.485692111391448,0.37229437229437234,0.41271217741805977,0.5793650793650794,0.07777777777777778,1.2034096894301778,0.19375070977596634
single,312,0,0.4791960531260982,0.3333333333333333,0.32501238101728797,0.5853269537480065,0.0653907496012759,1.326354952371823,0.20566236447490902
single,313,0,0.4445383206311299,0.4074074074074074,0.3615432453119021,0.6586538461538461,0.13141025641025642,1.3864803124014908,0.2280783407245676
single,314,0,0.43701682700539024,0.3134328358208955,0.2925640556237571,0.6650717703349281,0.10047846889952154,1.4563615248129258,0.2319080636975138
single,315,0,0.4483565295493858,0.43274853801169594,0.30336700336700334,0.673076923076923,0.1233974358974359,1.4579081101876958,0.23661712679532446
single,316,0,0.4733464237201333,0.3088235294117647,0.3094017094017094,0.6044657097288676,0.07655502392344497,1.3533283599167876,0.2102445957048841
single,317,0,0.4016056587191836,0.3020833333333333,0.2359198557182871,0.6953748006379584,0.08931419457735247,1.493282067027225,0.24134687832648413
single,318,0,0.4836458253700234,0.3602150537634408,0.3467068878833585,0.553968253968254,0.08253968253968254,1.1569220425073288,0.188735626899364
single,319,0,0.4088784151124643,0.3148148148148148,0.3519722217963852,0.6666666666666666,0.06190476190476191,1.571165922843471,0.2307487484616252
single,320,0,0.3969950024719366,0.3552631578947369,0.3135679516765659,0.6920634920634922,0.08888888888888889,1.6094896540053674,0.2405558305842127
single,321,0,0.4695324814258708,0.3859649122807018,0.29431940390844497,0.6044657097288676,0.09250398724082935,1.2561468061083823,0.20866585524275236
single,322,0,0.47486748646508925,0.3333333333333333,0.38303167420814477,0.6031746031746031,0.0761904761904762,1.381201159071579,0.2152103865754422
single,323,0,0.4532049929221105,0.31840796019900497,0.28943722943722944,0.6236044657097289,0.07655502392344497,1.321979437551495,0.21014868756208163
single,324,0,0.43143471079847434,0.32941176470588235,0.3793231857747987,0.653968253968254,0.08095238095238096,1.3886982153873493,0.21869114440272056
single,325,0,0.45159478844059414,0.3952380952380952,0.35628485628485623,0.655448717948718,0.10576923076923077,1.3792858847345355,0.22476691694049913
single,326,0,0.49683830315715344,0.3333333333333333,0.3754608294930876,0.5650793650793652,0.08253968253968254,1.1308203616851886,0.1859883837707145
single,327,0,0.531315650665515,0.3333333333333333,0.38001365420720257,0.5368589743589745,0.07051282051282053,1.0920525432876784,0.18144587804852721
single,328,0,0.4188379768176738,0.43030303030303035,0.2834235065249913,0.6968253968253969,0.13174603174603175,1.4909747845471433,0.23595772755329683
single,329,0,0.49189412332456617,0.41414141414141414,0.36949089557785203,0.5990338164251208,0.09339774557165863,1.2532758023878374,0.20584258473120406
single,330,0,0.4544422321452015,0.40375586854460094,0.37408683869447396,0.6222222222222222,0.09523809523809523,1.4027457481822097,0.2178872526353889
single,331,0,0.4263640548884335,0.328042328042328,0.2943943009302486,0.7003205128205128,0.1282051282051282,1.4655876211553291,0.23572307905398507
single,332,0,0.4798586775996377,0.4226190476190476,0.33201058201058203,0.5933014354066986,0.10526315789473684,1.3227860248365348,0.202839933125183
single,333,0,0.4279436018217622,0.3442622950819672,0.26122120465856036,0.6682615629984051,0.09569377990430622,1.4479810664698736,0.23383627500460172
single,334,0,0.46330142873867497,0.29411764705882354,0.3176010430247718,0.5888888888888889,0.07777777777777778,1.260886445547904,0.20069168945121152
single,335,0,0.47430682897493415,0.3458333333333334,0.3720643030485089,0.5952380952380952,0.06190476190476191,1.4576730408041583,0.2098141635419449
single,336,0,0.4405395887525921,0.4345991561181434,0.39295815295815295,0.6443381180223285,0.08931419457735247,1.4386263223921578,0.22143213332579004
single,337,0,0.5262871662820325,0.323943661971831,0.434079358323932,0.5576923076923078,0.09134615384615385,1.1378836344084127,0.18231163424803062
single,338,0,0.4792392016052356,0.39705882352941174,0.41144137000009434,0.623397435897436,0.1201923076923077,1.240112976304937,0.2100361501121779
single,339,0,0.38762012215821273,0.2675438596491228,0.28450784188489103,0.7285714285714285,0.10952380952380952,1.6275984552563232,0.25010432100940855
single,340,0,0.4583111163616212,0.3640350877192982,0.37363627363627366,0.6282051282051282,0.08653846153846152,1.3563110019735474,0.21620957461436305
single,341,0,0.46858944642398814,0.33816425120772947,0.3242473613880135,0.6233974358974358,0.08493589743589743,1.333256507812895,0.21350784166725364
single,342,0,0.4359337801463719,0.33879781420765026,0.2726013344132053,0.6714743589743589,0.10576923076923077,1.467614954709875,0.23105424785800996
single,343,0,0.412470509913024,0.32978723404255317,0.42006694715673043,0.6666666666666666,0.08095238095238096,1.4704558061534145,0.22690967504280016
single,344,0,0.4580467126952607,0.381578947368421,0.423442664632596,0.645933014354067,0.11642743221690592,1.3111620654755598,0.21495577359502183
single,345,0,0.49566552734947056,0.3532338308457712,0.3544237012987013,0.594551282051282,0.08974358974358976,1.31453328914608,0.2030982273661721
single,346,0,0.4590433940338308,0.3978494623655913,0.33734350547730824,0.6442307692307693,0.11538461538461538,1.3368401932349794,0.22331345900584734
single,347,0,0.4899098927342349,0.3333333333333333,0.38680718188914914,0.5936507936507937,0.0857142857142857,1.2377639320381875,0.2004858444857839
single,348,0,0.4104820493170926,0.3439153439153439,0.28432712215320916,0.7198067632850241,0.1288244766505636,1.5026175651658369,0.24648938488443972
single,349,0,0.448678809837725,0.36612021857923494,0.29490916045132914,0.6586538461538461,0.10737179487179487,1.414786851345756,0.22466461749687439
single,350,0,0.44060665269347626,0.40416666666666673,0.43681552365762893,0.6603174603174603,0.11746031746031747,1.4482026035100966,0.22043243828160966
single,351,0,0.4181823960835689,0.391304347826087,0.34137078254725317,0.7081339712918661,0.1291866028708134,1.470576485407032,0.23915208051217476
single,352,0,0.516731992280478,0.40322580645161293,0.3899003623188406,0.5470494417862839,0.09090909090909093,1.1314343221642196,0.18972828734099864
single,353,0,0.37874758272037906,0.3333333333333333,0.3067112547926379,0.7432216905901118,0.11961722488038277,1.6643052669098666,0.25483282862803885
single,354,0,0.46261867573173293,0.3645833333333333,0.3660893535132886,0.6362179487179488,0.1233974358974359,1.2274944427743804,0.20912072609785012
single,355,0,0.46567338504655487,0.34502923976608185,0.2886200716845878,0.6427432216905901,0.11642743221690592,1.435082329985802,0.23150315896191054
single,356,0,0.46555240723040714,0.31746031746031744,0.29602204679793437,0.6172248803827751,0.0909090909090909,1.327598542697188,0.2102896594139255
single,357,0,0.43185305711065086,0.35042735042735046,0.3336081635671239,0.6428571428571428,0.07142857142857144,1.488075928958114,0.22929358442336342
single,358,0,0.4242315576140096,0.4259259259259259,0.2563454410674574,0.6762820512820512,0.10576923076923077,1.5048177936807008,0.24031443661270493
single,359,0,0.4951755959600881,0.35294117647058826,0.47482595377332215,0.5881410256410257,0.08173076923076923,1.23613123101173,0.19828114007828898
single,360,0,0.461633745613313,0.367965367965368,0.4078105806687186,0.6427432216905901,0.10526315789473685,1.376944559765125,0.22076345220529392
single,361,0,0.4412531717594526,0.42473118279569894,0.3530581919279072,0.6826923076923078,0.1394230769230769,1.3745090411403285,0.2290043893419608
single,362,0,0.4743432682344877,0.39393939393939387,0.36234161576627333,0.6222222222222222,0.10634920634920635,1.3174341798917009,0.21221766797799815
single,363,0,0.5015678222673622,0.40540540540540543,0.4520252694165738,0.5952380952380952,0.10634920634920635,1.2948317153998767,0.20083018688523854
single,364,0,0.41021005437567837,0.2606837606837607,0.2705344215868773,0.6555555555555556,0.060317460317460325,1.5714215168456533,0.2348734125301812
single,365,0,0.43919030431481415,0.4000000000000001,0.3079497994316657,0.6586538461538461,0.09615384615384615,1.4534139296904778,0.23161341382474343
single,366,0,0.4642853687929043,0.3421052631578947,0.39409149409149413,0.6396825396825396,0.10476190476190476,1.4254425738324332,0.22075710657221118
single,367,0,0.46022884248882745,0.3442622950819672,0.3326963553783095,0.6490384615384616,0.1266025641025641,1.3548403357876475,0.2183953625237399
single,368,0,0.45174317222179844,0.325,0.3766613503455609,0.638095238095238,0.08730158730158731,1.42682995951109,0.21255214004353137
single,369,0,0.4050760848134889,0.317948717948718,0.27421706820508623,0.6857142857142856,0.10634920634920635,1.4264536740327554,0.23115900171350368
single,370,0,0.47136561609135047,0.3703703703703703,0.3328382203893335,0.6217948717948718,0.10256410256410257,1.3469546605747469,0.2089547346946314
single,371,0,0.44750594215156364,0.3026315789473684,0.36843020367610535,0.6618357487922705,0.10789049919484701,1.3779036399285112,0.22541345016360595
single,372,0,0.40743409115708484,0.3568075117370892,0.33033251119028045,0.7206349206349207,0.12857142857142856,1.5829874316779486,0.2532671827448419
single,373,0,0.4387285461721682,0.3287671232876712,0.31190237139032323,0.6411483253588517,0.07655502392344497,1.4213278471107058,0.22799841489817538
single,374,0,0.508889670179636,0.34188034188034194,0.4209068936527953,0.5518341307814992,0.06539074960127592,1.1501333763185055,0.18584453723573371
single,375,0,0.46915158231244125,0.34,0.2197772438390578,0.5920634920634921,0.07301587301587302,1.302125432903538,0.20972283825337734
single,376,0,0.49713476240842636,0.38095238095238093,0.42541570223747566,0.583732057416268,0.10047846889952154,1.2772081664625368,0.2023254257421219
single,377,0,0.4683217191434974,0.3864734299516908,0.37329187396351576,0.6458333333333334,0.11378205128205128,1.3457246761103694,0.21855092949581703
single,378,0,0.46532536110302863,0.2971887550200803,0.3774301569077689,0.6172248803827752,0.07177033492822966,1.3236557032776968,0.21085397572300238
single,379,0,0.4788105622798098,0.3282051282051282,0.28828730883525405,0.5698412698412698,0.05555555555555555,1.3818290718464876,0.2044861854349506
single,380,0,0.4450486476490898,0.39215686274509803,0.4318553178847297,0.6443381180223285,0.09409888357256779,1.4409056859742158,0.21952041643970052
single,381,0,0.44216066579499397,0.2791666666666666,0.34295334295334295,0.6490384615384616,0.08333333333333333,1.4540383985971903,0.2237626302223863
single,382,0,0.40801993945256526,0.329004329004329,0.34454643422698555,0.7065390749601276,0.11483253588516747,1.5977926143855588,0.24138758265961044
single,383,0,0.4921921224366452,0.3474178403755868,0.3639579020013803,0.5881410256410257,0.07852564102564102,1.261564028242075,0.2040039645944628
single,384,0,0.460252249623652,0.379746835443038,0.4093735989510637,0.5952380952380952,0.07777777777777778,1.2950409047443587,0.1993526531900772
single,385,0,0.4836129109511065,0.32432432432432434,0.3815788076657642,0.6,0.08730158730158728,1.3776099954301102,0.2096697174295508
single,386,0,0.39466575447946967,0.3177083333333333,0.26502962058517615,0.7161084529505581,0.11961722488038277,1.5448280052806613,0.25330268160365765
single,387,0,0.42782553284967545,0.3177083333333333,0.2860272747596691,0.6908212560386473,0.11594202898550725,1.451347738789537,0.23316627230463782
single,388,0,0.39394817677537386,0.3489583333333333,0.26325155232470093,0.7147435897435898,0.10576923076923077,1.5750840947721043,0.25302046472222284
single,389,0,0.453113999086153,0.4047619047619048,0.3427727984066012,0.6331738437001595,0.0861244019138756,1.4384477906811313,0.22124629097593188
single,390,0,0.49436954697905017,0.4337899543378995,0.37729612769839416,0.5301587301587302,0.042857142857142864,1.3848742049864526,0.190266094002666
single,391,0,0.43559776464078026,0.3270440251572327,0.2205517358458535,0.6602870813397129,0.09728867623604465,1.4318181717904581,0.23011907714126356
single,392,0,0.49925476522688755,0.3461538461538462,0.41861776720931654,0.5789473684210527,0.07814992025518341,1.2551752357635415,0.2024335000153704
single,393,0,0.45863579276367433,0.38011695906432746,0.28096604495456723,0.6301587301587301,0.09841269841269841,1.3269272943925274,0.21544191626498277
single,394,0,0.40495760696096944,0.3191489361702128,0.4343283582089552,0.6904761904761904,0.09999999999999999,1.4985033668909633,0.2313711904065053
single,395,0,0.4932413316622796,0.3416666666666666,0.42494423139584425,0.5917065390749602,0.08133971291866028,1.2095958922489545,0.1942096533555533
single,396,0,0.4644758608626394,0.38271604938271603,0.30496249536497216,0.5993589743589743,0.10576923076923077,1.2227759591973897,0.20886577497487435
single,397,0,0.44005544966713694,0.3625730994152046,0.29128688806108155,0.6920634920634919,0.13968253968253966,1.5056780874346736,0.2380403356822439
single,398,0,0.4506055880073942,0.3930348258706468,0.34766004312283805,0.6427432216905901,0.10526315789473685,1.4681194559668278,0.22428629168919353
single,399,0,0.43880716525110475,0.35606060606060613,0.3814565181653789,0.6251993620414673,0.0558213716108453,1.4545045945872221,0.2176917629912871
single,400,0,0.45808373537320374,0.39344262295081966,0.301710306125967,0.6190476190476191,0.08888888888888889,1.3533293412272276,0.21383356972005665
single,401,0,0.4046532866461799,0.3466666666666667,0.32591405508072174,0.7049441786283891,0.10685805422647528,1.5932730862772646,0.24774919635609516
single,402,0,0.48665148935790264,0.3107344632768361,0.24958268127282213,0.5873015873015873,0.06349206349206349,1.3422862887963107,0.2107509592979404
single,403,0,0.40785762718975516,0.3068783068783068,0.2493568160234827,0.6777777777777777,0.09523809523809523,1.4722103046747144,0.228653000966253
single,404,0,0.4771344137137465,0.3698630136986301,0.3974678289746783,0.6247987117552335,0.10144927536231885,1.3686795591606824,0.21437490653408298
single,405,0,0.4360349693596319,0.34552845528455284,0.3807539950146613,0.6571428571428571,0.09047619047619049,1.4636228136505667,0.2267902370651751
single,406,0,0.41776242882276327,0.33796296296296297,0.34073952581415273,0.6969696969696969,0.12121212121212122,1.45655739832888,0.23258661527949887
single,407,0,0.4951294249280513,0.365296803652968,0.3869692632726777,0.5936507936507937,0.08571428571428573,1.3211997407628253,0.20345525973600995
single,408,0,0.470593921363877,0.35064935064935066,0.39592986167069566,0.6283891547049442,0.09569377990430622,1.3525665925309347,0.2147350553060364
single,409,0,0.4257113353887423,0.3688888888888889,0.35727227599900724,0.6875,0.11057692307692309,1.5328905557428414,0.23615597066045113
single,410,0,0.4134608078272062,0.38028169014084506,0.3159805019432185,0.6825396825396824,0.09682539682539681,1.566234684120541,0.23979092357641255
single,411,0,0.41742779835247856,0.35964912280701755,0.38728766360345307,0.7129186602870813,0.13716108452950557,1.538423129181589,0.24283303683253887
single,412,0,0.4407958239885641,0.33739837398373984,0.411802750719358,0.6666666666666666,0.1084529505582137,1.4413322317306825,0.22354831918326323
single,413,0,0.39735731255820844,0.2888888888888889,0.3799059139784946,0.701923076923077,0.09455128205128205,1.5601358914218035,0.24299219212914666
single,414,0,0.40200948828056166,0.3786008230452675,0.36393174380551657,0.6698412698412698,0.0857142857142857,1.5085848569927105,0.23601962501598406
single,415,0,0.47456763872999846,0.42786069651741293,0.39400329431246645,0.6522435897435898,0.1282051282051282,1.4079638932564726,0.2247931458210776
single,416,0,0.40682559645751737,0.3376623376623377,0.34422657952069713,0.6984126984126985,0.10952380952380952,1.609139924408968,0.23587250244120359
single,417,0,0.41628527853421965,0.3513513513513513,0.3447345939940311,0.6666666666666666,0.1015873015873016,1.5109265936162954,0.23405952297260502
single,418,0,0.4330572679579267,0.3148148148148148,0.3180272938727045,0.673015873015873,0.1015873015873016,1.4315960968238155,0.2300071045066051
single,419,0,0.46655368664492713,0.365296803652968,0.3641929242675512,0.6247987117552335,0.08856682769726248,1.3352493846227809,0.21105625913371637
single,420,0,0.47835833246193377,0.390625,0.3415721602341321,0.6215780998389694,0.0998389694041868,1.3356937335376002,0.21399555488411368
single,421,0,0.4222894098623346,0.3080808080808081,0.27202123718977655,0.682615629984051,0.10207336523125997,1.5017045269564029,0.23139520557095095
single,422,0,0.414105723962963,0.28125,0.25534037558685446,0.6858054226475279,0.11164274322169059,1.481920069257539,0.23381645027337936
single,423,0,0.435611174675053,0.3050847457627119,0.2778361344537815,0.6987179487179486,0.1378205128205128,1.4069528471489743,0.23302308400038463
single,424,0,0.4523826928207044,0.3417721518987342,0.3709453745983426,0.6349206349206349,0.08412698412698412,1.417211188493057,0.2129472036457437
single,425,0,0.4497758144158824,0.32888888888888884,0.32947686116700203,0.6315789473684211,0.07496012759170655,1.4536443866873892,0.22442618237954118
single,426,0,0.44530783031561705,0.37745098039215685,0.3709490740740741,0.6539074960127592,0.12121212121212122,1.3335578643810149,0.2199061653327974
single,427,0,0.4521042920549687,0.2994350282485876,0.26241481851306847,0.6362179487179488,0.09935897435897435,1.3444158105796624,0.21844049653333944
single,428,0,0.4635607326137921,0.37654320987654327,0.2838444110254075,0.6506410256410257,0.1201923076923077,1.3978156409528424,0.22833490931933653
single,429,0,0.43527019248175663,0.31981981981981983,0.29935554641436996,0.6317460317460317,0.06349206349206349,1.5696081369812382,0.23240525290070913
single,430,0,0.4759932319484852,0.3333333333333333,0.2745316626742829,0.6108452950558213,0.09409888357256779,1.3456431300085034,0.2124691304670162
single,431,0,0.4426579662633994,0.33744855967078186,0.37381553769613474,0.6396825396825396,0.08253968253968254,1.4336110963950606,0.21842329258306362
single,432,0,0.4467364401980867,0.3846153846153846,0.38284663606608665,0.6523125996810207,0.09569377990430622,1.535974234506641,0.22796519492223652
single,433,0,0.41888474421155636,0.3285024154589372,0.2949665231946437,0.6905901116427433,0.10526315789473684,1.6115016041026733,0.2400149701903401
single,434,0,0.4095970053368568,0.41111111111111115,0.2934571619812583,0.7161084529505581,0.13078149920255183,1.5319763061145206,0.2459643259434164
single,435,0,0.44605146035238286,0.3474178403755868,0.38362031301881655,0.6810897435897436,0.1330128205128205,1.3886183967667345,0.22920159549026198
single,436,0,0.4493439358800595,0.3880597014925373,0.3433788433788434,0.6126984126984127,0.09047619047619049,1.3084670825331703,0.21161428927847334
single,437,0,0.4822235796484325,0.4067796610169492,0.31587301587301586,0.5996810207336524,0.0909090909090909,1.2949051376602798,0.2091264610125073
single,438,0,0.43296449924214425,0.38222222222222224,0.38248347947642647,0.6571428571428571,0.10634920634920635,1.3829771762094847,0.220794849425759
single,439,0,0.4301846546816978,0.38095238095238093,0.29310679800275885,0.6396825396825397,0.0888888888888889,1.4103663276326694,0.22423520062477667
single,440,0,0.4378418867911216,0.3176470588235294,0.41501893669162354,0.671474358974359,0.10576923076923077,1.4488622756034915,0.22972582507174807
single,441,0,0.4504803359712723,0.4200913242009132,0.39942714053765743,0.6253968253968254,0.10158730158730157,1.4194331670903484,0.21542410109820406
single,442,0,0.3882220173137778,0.37142857142857144,0.2936681887366819,0.7145135566188198,0.10207336523125997,1.6410054078648697,0.2508765264719411
single,443,0,0.4330974051507999,0.4577114427860696,0.3238931631027718,0.6602870813397129,0.09250398724082935,1.566414951302445,0.23893123159245533
single,444,0,0.4156626759841385,0.35585585585585583,0.3032150880703808,0.6428571428571429,0.06349206349206349,1.4729446839847558,0.2264506896237927
single,445,0,0.45125340069643544,0.31182795698924726,0.26813913785744775,0.6379585326953748,0.09090909090909093,1.3657568211622895,0.21906057226447526
single,446,0,0.454955725446434,0.4365079365079365,0.2158739569609135,0.5984126984126984,0.08412698412698412,1.240152056478452,0.20664684765861643
single,447,0,0.4150965721682874,0.3380281690140845,0.3134673134673135,0.6873015873015872,0.10634920634920635,1.489114660624258,0.2346190283673978
single,448,0,0.45754177052442596,0.411764705882353,0.2684530659214204,0.6441223832528181,0.11111111111111112,1.4105820786693826,0.23212914873820556
single,449,0,0.4569693526095781,0.3888888888888889,0.34502923976608185,0.649122807017544,0.1116427432216906,1.4164843303263766,0.22366092956597783
single,450,0,0.4248241450360315,0.354978354978355,0.34184033021242327,0.6460317460317461,0.07936507936507936,1.4816825200852897,0.22171382725099542
single,451,0,0.4376248316128109,0.36111111111111116,0.29906323185011713,0.6892109500805154,0.12882447665056362,1.411170917588833,0.23435856056397744
single,452,0,0.41808066786636827,0.324074074074074,0.27169367825048046,0.6428571428571429,0.05714285714285714,1.496187097264323,0.22425793842905364
single,453,0,0.46628446287473907,0.2747747747747748,0.34331501831501826,0.6298076923076924,0.09294871794871795,1.4077491199122008,0.22069575317425869
single,454,0,0.4242167455862007,0.3490196078431373,0.373592467969978,0.6427432216905902,0.07017543859649122,1.4355246029099924,0.21984593277778466
single,455,0,0.43360734156623515,0.34259259259259256,0.3765552995391705,0.6952380952380953,0.13809523809523808,1.4387931003960661,0.2335343476319194
single,456,0,0.4718356670447628,0.3950617283950617,0.26856281156128947,0.6089743589743589,0.08653846153846152,1.2849919876600295,0.21595549979327047
single,457,0,0.46546892811744467,0.3097643097643098,0.510931899641577,0.6140350877192983,0.0733652312599681,1.3297609318898849,0.20229226296584227
single,458,0,0.4468964632841663,0.3333333333333333,0.31985472154963684,0.6474358974358975,0.10256410256410255,1.4048995169785992,0.2272366677324582
single,459,0,0.48107177111036625,0.3489583333333333,0.3089781970378985,0.5968253968253968,0.08095238095238096,1.3713856866508065,0.20994319047823048
single,460,0,0.4480450057031291,0.3,0.3316239316239316,0.6602870813397129,0.11164274322169059,1.5000988135883562,0.23206452219534665
single,461,0,0.4686218971808666,0.4098360655737705,0.36831822622049565,0.673076923076923,0.14743589743589744,1.391247394724177,0.23139039278583287
single,462,0,0.3539841953278615,0.29710144927536236,0.34784117517503593,0.7365079365079366,0.09365079365079365,1.7054917954076967,0.2526729340581571
single,463,0,0.44250712649479057,0.2931034482758621,0.247876777727524,0.6174603174603175,0.08888888888888889,1.3581832009522063,0.20973574820554294
single,464,0,0.4329310670897195,0.31981981981981983,0.31820186080654655,0.6523809523809523,0.08571428571428573,1.4991360055777745,0.22764379108453522
single,465,0,0.4678235567155364,0.3544973544973545,0.3235764235764236,0.6427432216905901,0.11164274322169059,1.3302013529723513,0.21777285405423463
single,466,0,0.424522560890598,0.32786885245901637,0.2759098647481813,0.6969696969696969,0.12440191387559808,1.4551042976576998,0.2417926942258408
single,467,0,0.4266458519987595,0.3059360730593607,0.2918186944971021,0.6634920634920635,0.08253968253968254,1.5699564402168562,0.23174324336212102
single,468,0,0.4444739550985754,0.3461538461538462,0.23311953691987727,0.6492063492063492,0.1015873015873016,1.4181180791988088,0.23029143724600698
single,469,0,0.48278732792782675,0.33888888888888885,0.31092095550240645,0.6169871794871795,0.10256410256410257,1.2652347095532912,0.21272020526040547
single,470,0,0.4384261122492623,0.32432432432432434,0.33444512476770544,0.6555023923444976,0.09250398724082935,1.4481690493402297,0.230009271073342
single,471,0,0.46532950557372427,0.40298507462686567,0.35915473062688924,0.5984126984126984,0.08888888888888889,1.3970569469426086,0.21317303084541817
single,472,0,0.5096886618844717,0.41954022988505746,0.3366794495826754,0.5813204508856683,0.09339774557165863,1.1301193372291183,0.19636597993589308
single,473,0,0.474148078507674,0.39247311827956993,0.32146283546885956,0.6185897435897436,0.09615384615384616,1.355480527294157,0.21462273750971836
single,474,0,0.4566948620482585,0.4000000000000001,0.33516774176135594,0.6,0.10000000000000002,1.259627001717309,0.20648306212431675
single,475,0,0.45663635800113594,0.3376068376068376,0.35973223306081215,0.625,0.07532051282051282,1.3295002920697665,0.21575834628235566
single,476,0,0.4231475042703103,0.36764705882352944,0.338838688085676,0.6936507936507935,0.12698412698412698,1.4606613350085444,0.23364574838949423
single,477,0,0.4520111988109307,0.40860215053763443,0.3218842560947824,0.6238095238095238,0.09682539682539681,1.2350152672531036,0.21252713250967833
single,478,0,0.4621032841756205,0.3522012578616352,0.245613353386575,0.6331738437001596,0.09728867623604465,1.3920916373008776,0.22611949782809448
single,479,0,0.3839082054707507,0.35384615384615387,0.24818413518370472,0.7047619047619048,0.08730158730158731,1.6235017697947585,0.24620842247727734
single,480,0,0.5056868547000081,0.3661971830985915,0.41226794502521136,0.5925925925925926,0.09822866344605474,1.2335386710662812,0.1989740641662717
single,481,0,0.40648729998048466,0.3128205128205128,0.25676883780332055,0.6968253968253967,0.09999999999999999,1.5919171135540333,0.24525272779417398
single,482,0,0.4399196400702636,0.2222222222222222,0.23974952822096415,0.645933014354067,0.08931419457735247,1.509114942181623,0.22859824296078826
single,483,0,0.46587249606985753,0.36231884057971014,0.3826309811364159,0.6586151368760064,0.12560386473429952,1.3259198393252543,0.22223538427970868
single,484,0,0.4921721562561919,0.33879781420765026,0.2791694725028058,0.5666666666666668,0.06031746031746032,1.3592488559722768,0.2029036666173821
single,485,0,0.49769618391117265,0.39357429718875503,0.45186263370258706,0.5709728867623605,0.07017543859649122,1.292442663451529,0.19617205866109175
single,486,0,0.4138541217557712,0.36574074074074076,0.33705704068041903,0.6777777777777777,0.10634920634920635,1.433938537162027,0.23177706773382314
single,487,0,0.4990157214817282,0.3636363636363636,0.387301307057663,0.6025641025641026,0.10897435897435898,1.1959618430090846,0.20196713958664322
single,488,0,0.458040924578446,0.3439153439153439,0.309564634181903,0.6267942583732057,0.09888357256778309,1.2765535776317718,0.20802386098243067
single,489,0,0.4203563703945641,0.3295880149812734,0.40006660006660005,0.6619047619047619,0.08412698412698412,1.4743017611874867,0.22893842075742812
single,490,0,0.4441475752267395,0.3684210526315789,0.26049668852307467,0.6426282051282052,0.09294871794871795,1.5773703744378968,0.24248312491296545
single,491,0,0.47677149496588606,0.38383838383838387,0.37387964148527525,0.6172248803827752,0.11004784688995216,1.2429275895017946,0.2048886479022508
single,492,0,0.4945581336704798,0.32367149758454106,0.3884912889467216,0.5974235104669887,0.0998389694041868,1.2786814037100598,0.2036283049032183
single,493,0,0.4331005635836158,0.3523809523809524,0.3569023569023569,0.6492063492063492,0.11111111111111112,1.3698816556436306,0.21791992350038436
single,494,0,0.4603710034894713,0.35978835978835977,0.30882173382173383,0.6142857142857143,0.09047619047619049,1.3463274043369724,0.21113348673686103
single,495,0,0.4410191184869385,0.3018018018018018,0.3108616275348404,0.6523125996810207,0.08452950558213716,1.4340619773752354,0.22562484822950443
single,496,0,0.5096620306371392,0.32075471698113206,0.2842355175688509,0.576051779935275,0.0970873786407767,1.199136058107342,0.1994860960742827
single,497,0,0.45391775583921307,0.27956989247311825,0.2614486667118246,0.6331738437001596,0.0909090909090909,1.3719181772256777,0.21395916922653882
single,498,0,0.43011762851196794,0.35555555555555557,0.32966739832937014,0.6634920634920635,0.08730158730158728,1.5968660405469477,0.23362803124862555
single,499,0,0.44757888894636016,0.4226190476190476,0.3249347133866536,0.6331738437001594,0.11961722488038277,1.305847606359032,0.217846397175084
single,500,0,0.4134530634854487,0.33816425120772947,0.30731940940099056,0.6952380952380951,0.10952380952380952,1.4395257592165578,0.23725531027383936
single,501,0,0.4418005071946152,0.3128205128205128,0.30757269528884174,0.6682769726247987,0.1143317230273752,1.4019211476295579,0.23017320461207105
single,502,0,0.4359350900368552,0.34259259259259256,0.3753091326620739,0.7001594896331739,0.13875598086124402,1.4976751315138996,0.23962360939945526
single,503,0,0.43933632527953037,0.3636363636363636,0.37611727026361175,0.6506410256410255,0.09615384615384615,1.3857619406598405,0.22169336148339883
single,504,0,0.43925359337075975,0.28484848484848485,0.2317214835856095,0.6427432216905902,0.10366826156299841,1.3212220176758513,0.21211350413560473
single,505,0,0.46310747488418075,0.3333333333333333,0.3398861737677527,0.6174603174603175,0.07142857142857142,1.2688924929500458,0.20861386437686247
single,506,0,0.5006309194967188,0.38888888888888884,0.35539215686274517,0.5737179487179488,0.07852564102564102,1.241728132313793,0.199337253483342
single,507,0,0.4355473253761826,0.34803921568627444,0.32378636688981516,0.6761904761904761,0.11428571428571428,1.5341867515392626,0.23404247647855292
single,508,0,0.47163838791161933,0.3864734299516908,0.37747616491577846,0.5777777777777778,0.08253968253968254,1.2430255747057235,0.20134230814919227
single,509,0,0.41652031199306144,0.34782608695652173,0.20141368242634064,0.7085346215780999,0.1288244766505636,1.4401928675119064,0.24533877764170794
single,510,0,0.4767174947356649,0.39999999999999997,0.3758671369782481,0.6201923076923076,0.09775641025641026,1.392730206695867,0.21856930648681427
single,511,0,0.4378719683834886,0.40625,0.3133535714931064,0.6698564593301435,0.10685805422647528,1.416086172027956,0.23397847361691326
single,512,0,0.44918401035453387,0.3863636363636364,0.43715637386523465,0.6363636363636364,0.08452950558213716,1.3240785713319323,0.2101323689759168
single,513,0,0.4431948314832372,0.3880597014925373,0.3325923392612859,0.6553945249597424,0.10305958132045089,1.5245108534025802,0.2365397254739751
single,514,0,0.4944544486010202,0.3924731182795698,0.36187830687830685,0.6108452950558214,0.11164274322169059,1.2525572921495816,0.20477470257520372
single,515,0,0.4826626286498545,0.2995169082125604,0.3690811826791007,0.6298076923076924,0.11378205128205128,1.280304162402018,0.21119640695448436
single,516,0,0.4638270645808144,0.34358974358974365,0.3265202580271073,0.6251993620414673,0.10047846889952154,1.42641871931453,0.21425894307382062
single,517,0,0.40899092503187684,0.41269841269841273,0.2957651550568801,0.673015873015873,0.09999999999999999,1.3916201551498917,0.22877945486648754
single,518,0,0.4657780102710545,0.3653846153846154,0.2907809074204676,0.6537842190016103,0.1352657004830918,1.2636396984084668,0.21936653697756556
single,519,0,0.47319635394501436,0.30985915492957744,0.36113507813248974,0.6236044657097288,0.10047846889952154,1.3661981393033147,0.21200380719350265
single,520,0,0.45342634528050146,0.41203703703703703,0.37933238214137094,0.6285714285714286,0.09682539682539681,1.436571392566842,0.21872396213074888
single,521,0,0.48029503381300426,0.3240740740740741,0.35551269688203146,0.610576923076923,0.08653846153846152,1.2306437669359778,0.19919900606167693
single,522,0,0.43380816543491374,0.398989898989899,0.33767734736170896,0.6889952153110048,0.12599681020733652,1.4473641791303935,0.23508507394190023
single,523,0,0.4161778267376029,0.3206751054852321,0.32207714627069467,0.6555555555555556,0.07301587301587302,1.4426359157139619,0.22481097943987746
single,524,0,0.49379413351007423,0.384180790960452,0.35474288916911867,0.617224880382775,0.12280701754385964,1.2071358091653777,0.20799774736735888
single,525,0,0.42891108133626527,0.27705627705627706,0.3059435188467446,0.6523809523809524,0.07777777777777778,1.4538692604241632,0.22247004231607773
single,526,0,0.41582607848833325,0.3898305084745763,0.28164218164515553,0.7033492822966507,0.12440191387559808,1.5035963526080431,0.2403257162433586
single,527,0,0.4306966427715093,0.2850877192982456,0.3280187256324881,0.6746794871794872,0.09935897435897435,1.425440450071564,0.22848413706724782
single,528,0,0.45888274595113715,0.31666666666666665,0.2713824430720791,0.6411483253588517,0.09728867623604465,1.371042133634005,0.22284054382770424
single,529,0,0.4466981661274876,0.3148148148148148,0.3232905982905983,0.6539074960127592,0.09250398724082935,1.509016635274568,0.23418849569921493
single,530,0,0.49291551680073836,0.39153439153439146,0.32967574430989066,0.5853269537480065,0.07974481658692185,1.2704713022358867,0.19967607892545627
single,531,0,0.36307255183026904,0.35606060606060613,0.3557484760074954,0.7047619047619048,0.08253968253968254,1.6335465056365026,0.24364777305220442
single,532,0,0.4013727332105516,0.3666666666666667,0.3627470283396313,0.7126984126984128,0.1126984126984127,1.6073616822912495,0.2403208775379864
single,533,0,0.4587084458169089,0.31555555555555553,0.3644566544566545,0.6523125996810207,0.1036682615629984,1.3585234851295171,0.212471234945628
single,534,0,0.45522744773255547,0.3333333333333333,0.3685478855721393,0.645933014354067,0.10685805422647528,1.3449504218086936,0.21737631282886416
single,535,0,0.42686859644909725,0.34259259259259256,0.33038418619480314,0.6936507936507935,0.11428571428571428,1.4132870563269624,0.22962805255117116
single,536,0,0.4446552651987606,0.3383084577114428,0.31471313031455733,0.6507177033492823,0.10047846889952154,1.4393682005039183,0.2265817604475595
single,537,0,0.5282254056386455,0.40860215053763443,0.4113035113035113,0.5539452495974235,0.10144927536231885,1.0518446216961153,0.1855404252913464
single,538,0,0.4442339341180961,0.34803921568627455,0.2935994546280867,0.6285714285714286,0.07142857142857144,1.369516595114522,0.21852914465766582
single,539,0,0.46611514745461147,0.3387096774193548,0.2808636496598555,0.6137820512820514,0.08012820512820512,1.3707118367740971,0.2165839950737952
single,540,0,0.4436417231459891,0.30994152046783624,0.2691072848182039,0.6650485436893203,0.1197411003236246,1.3808609967763468,0.2328709420008391
single,541,0,0.4569523183133688,0.38011695906432746,0.2953074290992296,0.6666666666666666,0.1233974358974359,1.3742615827372309,0.22710457040768328
single,542,0,0.4484285743546362,0.3285024154589372,0.32897147128646176,0.6538461538461539,0.10416666666666667,1.4722575352610987,0.2316089871824283
single,543,0,0.44267724644182566,0.3615023474178403,0.35592741763627833,0.6507936507936507,0.10634920634920635,1.3877740217440682,0.22069610270225923
single,544,0,0.4552358862122376,0.3619047619047619,0.35319767441860467,0.6443381180223285,0.10526315789473684,1.4041960174621408,0.21760627315924821
single,545,0,0.46130760059864145,0.3763440860215053,0.3228786464080582,0.6172248803827751,0.09888357256778309,1.3031367740824489,0.21552810923102705
single,546,0,0.4710626487859583,0.3698630136986301,0.38198845952883986,0.6362179487179488,0.10256410256410257,1.3318940277375124,0.21309409356737655
single,547,0,0.44169030028883577,0.3552631578947369,0.3373339342399185,0.6126984126984126,0.0634920634920635,1.4361465664787334,0.2175633130796019
single,548,0,0.43079241768083243,0.26553672316384186,0.21125158277936054,0.6570972886762361,0.08452950558213716,1.4279126204394752,0.22549195744938708
single,549,0,0.4758197716158928,0.35294117647058826,0.36885185580837754,0.6215780998389694,0.1030595813204509,1.3684462668298754,0.2207759232624327
single,550,0,0.4571753538485732,0.27860696517412936,0.29172008547008543,0.6395534290271132,0.09569377990430622,1.4359035940594655,0.22342871737445716
single,551,0,0.428491580998698,0.2638888888888889,0.25946565871939004,0.6427432216905901,0.06698564593301436,1.5463091811371648,0.23066622091119504
single,552,0,0.4210949806183666,0.375,0.22569700587737815,0.6985645933014354,0.13237639553429026,1.5081947290562174,0.247351084112975
single,553,0,0.39944774452823145,0.3781094527363184,0.2999953450173398,0.7097288676236045,0.11323763955342903,1.463487126938394,0.24416883678514326
single,554,0,0.3983007565886738,0.4180790960451977,0.28841575091575095,0.7368421052631579,0.14035087719298245,1.5499194128138445,0.2558772044952844
single,555,0,0.3984163633598928,0.36936936936936937,0.3048664236869621,0.673015873015873,0.07777777777777778,1.4840295976038045,0.23621621948483693
single,556,0,0.4596988055882856,0.38967136150234744,0.37219613980177363,0.6379585326953747,0.10366826156299841,1.3726586713923823,0.2198447690595439
single,557,0,0.4630364173681098,0.3989071038251366,0.3491728429808925,0.6586921850079744,0.13237639553429026,1.375388210766565,0.22405851090368278
single,558,0,0.49961867626005346,0.3453815261044177,0.4603160806550637,0.5677830940988836,0.0733652312599681,1.2166605396356711,0.1899938665302299
single,559,0,0.46809978012547643,0.42473118279569894,0.35123527905785973,0.657051282051282,0.125,1.374774455425121,0.2262832415717483
single,560,0,0.41035606324570617,0.3497942386831276,0.3825404445100911,0.6761904761904761,0.1015873015873016,1.4966379429484753,0.23089505487740136
single,561,0,0.45966335980552603,0.3802083333333333,0.3113270383851172,0.6267942583732058,0.08931419457735247,1.420907615514744,0.2216347868690565
single,562,0,0.5001651384752153,0.35021097046413496,0.44572961760461755,0.5539682539682539,0.07301587301587302,1.1750763788890646,0.1834384360197264
single,563,0,0.41749053980628076,0.3697916666666667,0.29705622576329965,0.7020933977455717,0.11916264090177135,1.5218914902380323,0.24570629549304016
single,564,0,0.467652075800604,0.4152046783625731,0.30028027722705164,0.6217948717948718,0.09775641025641026,1.3119958657130326,0.21414951939655316
single,565,0,0.4267522558254539,0.3108108108108108,0.3166579076448742,0.6761904761904761,0.09841269841269841,1.4369243853866387,0.22820271384993843
single,566,0,0.4817252346479042,0.319047619047619,0.31230081814288096,0.5761904761904763,0.05714285714285714,1.321944894625933,0.1982717573154015
single,567,0,0.4450507711613074,0.3383084577114428,0.32989217355414535,0.6618819776714514,0.11483253588516747,1.3848682377110766,0.22836809181724602
single,568,0,0.44585924617518796,0.3125,0.3040566180935033,0.6456310679611651,0.10517799352750808,1.3988108197008253,0.22864783960206
single,569,0,0.4449625586636378,0.30136986301369856,0.3426267281105991,0.6650641025641025,0.10897435897435896,1.404967243212908,0.2269835465945833
single,570,0,0.4800709201685733,0.3888888888888889,0.40461390461390456,0.6108452950558214,0.10207336523125997,1.332180792885209,0.20278232168690372
single,571,0,0.4381018940388941,0.29523809523809524,0.2803970729122078,0.6570972886762361,0.08452950558213716,1.4950378136616644,0.22755607895162866
single,572,0,0.44306533726291336,0.34188034188034183,0.37148913619501855,0.6444444444444445,0.09206349206349207,1.408057202474643,0.21852960282261522
single,573,0,0.4175888824097951,0.36764705882352944,0.3165307675581648,0.6682539682539682,0.10317460317460318,1.4283404085025388,0.2253907625481489
single,574,0,0.46081002650640945,0.45714285714285713,0.37407407407407406,0.6236044657097288,0.09409888357256779,1.4616221514835026,0.2245293625067604
single,575,0,0.51307886189205,0.37777777777777777,0.5284455128205128,0.5502392344497609,0.0685805422647528,1.1942578331007718,0.18206630829268486
single,576,0,0.4002068931732472,0.29310344827586204,0.2336468746870104,0.7211538461538461,0.125,1.5424632171428803,0.2536493564582987
single,577,0,0.364728474514106,0.4338624338624338,0.30188297612505344,0.7714285714285714,0.1492063492063492,1.684123562610069,0.27027599560426774
single,578,0,0.4075403801646326,0.3230769230769231,0.2785079600148093,0.7115384615384616,0.1185897435897436,1.4891242263881754,0.24276147964923123
single,579,0,0.4264407086068354,0.338235294117647,0.2934173669467787,0.6492063492063492,0.08412698412698412,1.4287707421309463,0.23367795883049416
single,580,0,0.40711241477493937,0.319047619047619,0.2896129923724638,0.6969696969696969,0.10366826156299841,1.595200471432836,0.23863608954527146
single,581,0,0.42680484330754576,0.29924242424242425,0.38267195767195766,0.673015873015873,0.08888888888888889,1.4316130492314574,0.22586358631669445
single,582,0,0.5144623955864013,0.359375,0.3921966374269006,0.5889967637540453,0.10841423948220064,1.1629633084707065,0.1948948780454275
single,583,0,0.4357166543440402,0.39351851851851855,0.3445590357355064,0.6507936507936508,0.09365079365079365,1.4728407562452828,0.22717146889130413
single,584,0,0.46139778644714413,0.3416666666666666,0.43624338624338627,0.645933014354067,0.1116427432216906,1.3267931186313053,0.21572365452727515
single,585,0,0.4574343030620171,0.33777777777777773,0.3910743041177824,0.638095238095238,0.10634920634920635,1.4212629860220636,0.2201827778160669
single,586,0,0.39148114065058376,0.35135135135135137,0.31158076875540724,0.6888888888888888,0.09206349206349207,1.522932391488757,0.23948494804488515
single,587,0,0.440927959151238,0.2777777777777778,0.36229958772331655,0.6523809523809524,0.08412698412698412,1.4524432601153245,0.21747384713307705
single,588,0,0.4676137831072684,0.38425925925925924,0.36939370877727046,0.6266025641025641,0.09294871794871795,1.3837190785668187,0.22159533085769392
single,589,0,0.46921271098741996,0.36507936507936506,0.345054945054945,0.6108452950558214,0.10526315789473685,1.2626992770682228,0.2062242486021756
single,590,0,0.46183199954146387,0.3698630136986301,0.36874779541446207,0.6251993620414673,0.09250398724082935,1.4794156664975704,0.22175706098710726
single,591,0,0.5045662326625971,0.38690476190476186,0.3580309139784947,0.6148867313915858,0.12944983818770228,1.2084144800298615,0.20882900514374778
single,592,0,0.4628741228099133,0.4426229508196721,0.3096492440725915,0.6299840510366826,0.08771929824561403,1.3631139889882196,0.22224960308218608
single,593,0,0.4283785082949247,0.24882629107981222,0.3010888546481767,0.6570048309178743,0.10144927536231885,1.39434194553398,0.2159716957082741
single,594,0,0.40777458008679396,0.338235294117647,0.2776428220578437,0.653968253968254,0.07777777777777778,1.4941829934681292,0.22979639985932346
single,595,0,0.4343319873271167,0.4371584699453552,0.30349164724164723,0.6428571428571428,0.09365079365079365,1.4013328874776387,0.22948040415732762
single,596,0,0.42976647629312126,0.3,0.30044812440645774,0.6444444444444445,0.08888888888888889,1.5051209174082054,0.22769679907192328
single,597,0,0.4401687993320936,0.3662551440329218,0.3930152979066022,0.6555023923444976,0.09409888357256779,1.4562334145459566,0.22872882077143208
single,598,0,0.4143604700896056,0.25862068965517243,0.19866247049567268,0.6538461538461539,0.07852564102564102,1.4591655993235515,0.23079220878219575
single,599,0,0.43723577409896625,0.3682170542635659,0.4184154804407969,0.6523809523809524,0.09206349206349207,1.5028591655387242,0.22773748203100266
single,600,0,0.4698973177919054,0.3475177304964539,0.2530910609857978,0.6442307692307692,0.13141025641025642,1.2566525725314186,0.21912041103813937
single,601,0,0.4351604807200384,0.33730158730158727,0.3635637857261192,0.6174603174603175,0.05873015873015874,1.4501040495015192,0.2157290127366738
single,602,0,0.48098490690012813,0.42288557213930345,0.3846153846153846,0.5841269841269842,0.09206349206349207,1.3014575082644297,0.20115297998530637
single,603,0,0.4852413246913991,0.38974358974358975,0.33096171802054153,0.5821371610845295,0.07336523125996809,1.2599631740561812,0.20312596428201765
single,604,0,0.4494328881788165,0.3628691983122363,0.439051891943218,0.6190476190476191,0.1015873015873016,1.336142787129785,0.21317354976921674
single,605,0,0.43419008767252715,0.3770491803278688,0.3006248055141519,0.6793650793650793,0.12063492063492064,1.4375432325277397,0.23273535666694414
single,606,0,0.4686309820924188,0.393939393939394,0.39408033950563004,0.6158730158730159,0.08571428571428573,1.322959779868996,0.20783436579208125
single,607,0,0.4820199437124295,0.3571428571428572,0.33271116138763196,0.5833333333333334,0.0625,1.3329729100861039,0.20912613776270053
single,608,0,0.34802414282886923,0.3059360730593607,0.2619658119658119,0.7555555555555555,0.10634920634920635,1.7268372359911488,0.26071358546789164
single,609,0,0.4935870260131144,0.3643410852713178,0.44611832611832614,0.5629984051036683,0.05741626794258373,1.2648142202085486,0.19780111109588874
single,610,0,0.4784186645474842,0.338235294117647,0.303797824456114,0.580952380952381,0.05714285714285714,1.3655077620587088,0.20865042795392533
single,611,0,0.4919606544606545,0.3868312757201646,0.4533496899066312,0.580952380952381,0.08253968253968254,1.255375226077576,0.19490160677641924
single,612,0,0.4433118598204573,0.367816091954023,0.27525025475034465,0.6650717703349281,0.11004784688995216,1.3922248795655578,0.22654331584771195
single,613,0,0.492536215697205,0.4032258064516128,0.3801712504071851,0.6044657097288676,0.11483253588516747,1.26042315846828,0.20834441789565847
single,614,0,0.45657009396787096,0.37435897435897436,0.30091850693765876,0.6314102564102564,0.08333333333333333,1.4154792150170208,0.22230011075751976
single,615,0,0.45302553869777,0.3103448275862069,0.2742035742035742,0.6586921850079746,0.11961722488038277,1.3978482512250083,0.22546234392999087
single,616,0,0.44889594002560257,0.3511111111111111,0.373934438640321,0.6555555555555556,0.10634920634920636,1.4753748359510401,0.22717028629574298
single,617,0,0.4163706244620296,0.34782608695652173,0.2928382887594003,0.665079365079365,0.08730158730158731,1.5747521816105061,0.23583274893078562
single,618,0,0.466760332713876,0.31343283582089554,0.3424756034925527,0.6441223832528181,0.11272141706924316,1.3212901689167167,0.22044153288784749
single,619,0,0.47763715978124005,0.3684210526315789,0.31942547055251974,0.6217948717948718,0.11698717948717947,1.3383464914933951,0.211001571236201
single,620,0,0.4526277196090587,0.3333333333333333,0.4413438771674108,0.6396825396825397,0.08888888888888889,1.3826530103711636,0.2140425990997933
single,621,0,0.4587701805068061,0.3670886075949367,0.4068960751796573,0.5984126984126984,0.07936507936507936,1.3394991715986029,0.2022561206066691
single,622,0,0.5007834712401324,0.384180790960452,0.3367190004592204,0.5797101449275361,0.09339774557165863,1.1993068130539413,0.19899719449647027
single,623,0,0.4396273522214021,0.35294117647058826,0.29359888800831524,0.6491228070175438,0.08133971291866028,1.4749791385650752,0.22769425883199476
single,624,0,0.4644278690959163,0.35748792270531404,0.339630692571869,0.6156299840510366,0.0861244019138756,1.394152264647466,0.21854653459747495
single,625,0,0.3944902256458835,0.3671497584541063,0.265635935086676,0.6793650793650793,0.06984126984126983,1.6631860116645887,0.24613145023554864
single,626,0,0.46694568770371986,0.39215686274509803,0.24479198027913562,0.6283891547049442,0.0909090909090909,1.3510359215157715,0.2194771904641916
single,627,0,0.43337767314473097,0.3424657534246575,0.3480022382679249,0.6523809523809524,0.09999999999999999,1.3869375691543138,0.21997212320090498
single,628,0,0.44184552674427563,0.41573033707865165,0.44152679092438135,0.6317460317460317,0.08095238095238094,1.4954105086259732,0.22042474397723844
single,629,0,0.4577464748246993,0.3582089552238806,0.31356763459367426,0.6063492063492064,0.0761904761904762,1.2834283890589184,0.21244246044066062
single,630,0,0.45412074280928505,0.3169398907103825,0.27639785836507147,0.6365079365079365,0.09841269841269841,1.419872241441185,0.2259040002945263
single,631,0,0.4461576424644415,0.3378378378378379,0.36837040341597094,0.6315789473684211,0.09569377990430622,1.3559448419030338,0.21505152456329393
single,632,0,0.43839485344226814,0.3863636363636364,0.40442447091669803,0.6142857142857143,0.05873015873015874,1.4014464391671335,0.21313830282114501
single,633,0,0.4487339132608555,0.35714285714285715,0.35522033717456253,0.653968253968254,0.1111111111111111,1.403474881162519,0.2220302926939861
single,634,0,0.5039081940061838,0.35000000000000003,0.3394179894179894,0.5833333333333334,0.09935897435897435,1.322045109062616,0.20807236149804634
single,635,0,0.4358778604258255,0.4222222222222222,0.440441400304414,0.6492063492063492,0.08730158730158731,1.603607715410724,0.22998027920625738
single,636,0,0.4314267906201464,0.296875,0.261099236021165,0.6714285714285714,0.09999999999999999,1.4654701982461191,0.228456973460024
single,637,0,0.47392273538608626,0.35265700483091783,0.3726003300641039,0.6266025641025641,0.10737179487179487,1.305700584875326,0.21035313496896002
single,638,0,0.4827748689803399,0.3888888888888889,0.38396610236939105,0.6044657097288676,0.08931419457735246,1.3710924001748228,0.21224436423253948
single,639,0,0.44239993263000604,0.2986111111111111,0.20407701750985333,0.6601941747572816,0.11326860841423947,1.4060860714579306,0.23189216016651537
single,640,0,0.42561882436339604,0.36764705882352944,0.3190726817042607,0.646031746031746,0.09365079365079365,1.3448851142096754,0.21783670311479372
single,641,0,0.46017099716410725,0.32758620689655177,0.2730947243331144,0.6506410256410255,0.10897435897435898,1.3037784980434741,0.22075381280030423
single,642,0,0.48127189337605514,0.41935483870967744,0.34533348520456514,0.6108452950558214,0.10047846889952154,1.320407623773,0.21245586170032835
single,643,0,0.4833169477732307,0.390625,0.32774015890213076,0.5789473684210527,0.0733652312599681,1.2720326831949338,0.2037579885147467
single,644,0,0.4048709837384683,0.3737373737373737,0.28934247948647723,0.6746411483253589,0.09409888357256779,1.4990358915004192,0.23876508390329568
single,645,0,0.43293288971903426,0.2976190476190476,0.2355555555555556,0.6251993620414673,0.09090909090909093,1.3457227522386415,0.21405563220306786
single,646,0,0.4676274038303334,0.38749999999999996,0.3915530606789628,0.6060606060606061,0.07017543859649124,1.4407355653311609,0.21582360928189745
single,647,0,0.4508698298357619,0.35864978902953587,0.3853443941679236,0.6285714285714286,0.0857142857142857,1.4267738014300118,0.2191387621831379
single,648,0,0.405587282413644,0.30917874396135264,0.29531965618922135,0.6365079365079366,0.08412698412698412,1.359066140327844,0.21917180713735665
single,649,0,0.44548000376596825,0.3333333333333333,0.3038461538461538,0.6539682539682539,0.1015873015873016,1.3906826154724985,0.22442733315807414
single,650,0,0.43702903021620115,0.3703703703703704,0.4591800496148322,0.6317460317460317,0.08730158730158728,1.3452898551594485,0.2122159087669668
single,651,0,0.48095239500327674,0.3796296296296296,0.3833652686111703,0.6169871794871795,0.09455128205128205,1.3720544237767995,0.2107091342070777
single,652,0,0.415666207739879,0.37878787878787873,0.31310230090717894,0.688888888888889,0.11587301587301586,1.437537566143748,0.2358808902709166
single,653,0,0.4437652306251622,0.3333333333333333,0.30634920634920637,0.677938808373591,0.12238325281803543,1.383511344470083,0.22868284231826821
single,654,0,0.5104330908589582,0.40666666666666673,0.2944207027540361,0.5861513687600645,0.0998389694041868,1.209950832761088,0.20299990435943385
single,655,0,0.45188890039055135,0.39393939393939387,0.33888888888888885,0.6315789473684211,0.09888357256778309,1.4330834919123159,0.21925357139107615
single,656,0,0.44423352947888817,0.3717948717948718,0.3552777777777778,0.6363636363636364,0.07496012759170655,1.4357377636558801,0.21984216090765285
single,657,0,0.4516196370079338,0.4051282051282052,0.3261782661782662,0.626984126984127,0.09047619047619049,1.428437335211645,0.22512225748129333
single,658,0,0.4952192415062182,0.36318407960199006,0.36640211640211645,0.5523809523809523,0.0746031746031746,1.232606881093087,0.19220004458991127
single,659,0,0.4628162870670294,0.368421052631579,0.4352610947351183,0.619047619047619,0.10952380952380954,1.1540920025661354,0.19844024407310043
single,660,0,0.49456317032633196,0.34920634920634913,0.34393939393939393,0.6006441223832528,0.0998389694041868,1.3264018413889695,0.21453422448174939
single,661,0,0.4380746787814584,0.37142857142857144,0.36817604499784534,0.682615629984051,0.12918660287081338,1.392118779010522,0.2291095580402592
single,662,0,0.42819819817873644,0.3424657534246575,0.3076456855526623,0.6618819776714514,0.08133971291866028,1.5148768490426925,0.23034599527779462
single,663,0,0.4254682820328836,0.3513513513513513,0.3655379147706514,0.6253968253968254,0.09047619047619047,1.3774984713504337,0.21358053961823154
single,664,0,0.4331157691239505,0.27956989247311825,0.23968640216585557,0.6666666666666666,0.09569377990430622,1.5390956824950663,0.23256363442296882
single,665,0,0.46402039864228745,0.3636363636363636,0.3397747747747748,0.6395534290271132,0.10685805422647528,1.398179483985152,0.2203158344952696
single,666,0,0.4501372077426639,0.3755868544600938,0.36028791949844585,0.6236044657097288,0.09250398724082935,1.3631870961046075,0.21060117644578888
single,667,0,0.45951101990981935,0.328125,0.3065580985915493,0.6126984126984126,0.09047619047619047,1.3101541805867163,0.21208184495480645
single,668,0,0.43908640862336973,0.4711111111111112,0.43507748613255565,0.6682539682539682,0.13015873015873017,1.429935912942639,0.2257717856216234
single,669,0,0.42019130978547636,0.3125,0.25700362425311,0.671451355661882,0.09250398724082935,1.5343732030514878,0.24152522743219365
single,670,0,0.4604341350678616,0.35858585858585856,0.3662485065710872,0.6666666666666666,0.1330128205128205,1.4130848250201822,0.22742821649270803
single,671,0,0.4538294612945489,0.34545454545454546,0.25841543513957305,0.6507177033492823,0.10685805422647528,1.3796230953398043,0.22519740037728816
single,672,0,0.4709277319833208,0.3703703703703704,0.28878766965723485,0.6362179487179488,0.1185897435897436,1.3942110474155764,0.22911780812592908
single,673,0,0.45011815283556794,0.3846153846153846,0.3224383866231246,0.6555023923444976,0.10685805422647528,1.4087060482946183,0.23137687532967233
single,674,0,0.44583224766491014,0.3755274261603376,0.4568952736760956,0.6858974358974358,0.13942307692307693,1.3850765423268123,0.22760097870599003
single,675,0,0.39068081318848397,0.3192488262910798,0.2832737047709296,0.7126984126984127,0.10317460317460318,1.5211012894159346,0.24302331019835788
single,676,0,0.3962984484837633,0.30476190476190473,0.2693452380952381,0.7065390749601277,0.09728867623604466,1.5567345462474265,0.24450934778153532
single,677,0,0.4360249678151269,0.3422222222222222,0.3676900584795322,0.6475279106858055,0.10047846889952154,1.4085847210313565,0.21684980767857834
single,678,0,0.46341084113450975,0.41111111111111115,0.34243809402037256,0.6459330143540669,0.12440191387559808,1.31279180672632,0.21945165818388745
single,679,0,0.41445441167961805,0.26839826839826836,0.30842471475722155,0.6762360446570973,0.09250398724082935,1.5938603238021667,0.2379020683110841
single,680,0,0.4338859438256965,0.3881856540084388,0.39766714766714767,0.6571428571428571,0.09999999999999999,1.485475946898975,0.22683907625609204
single,681,0,0.4992596700118666,0.3107344632768361,0.2913680932208982,0.5793650793650794,0.0857142857142857,1.3400832460188372,0.20425930311201634
single,682,0,0.49218240847570605,0.4011299435028248,0.33765171915856845,0.6135265700483091,0.10950080515297907,1.358086995544103,0.21433329851323402
single,683,0,0.4508744591903309,0.38095238095238093,0.3242996059897469,0.6299840510366826,0.10207336523125997,1.3982364810967798,0.22095940463165564
single,684,0,0.41724595698353945,0.34136546184738953,0.393905620569293,0.6889952153110048,0.11004784688995216,1.5194539297623766,0.23452480222263625
single,685,0,0.4563946782527262,0.3205128205128205,0.3718614718614719,0.6379585326953747,0.0909090909090909,1.4421178149701719,0.2219819663001499
single,686,0,0.4173094866830103,0.3254901960784314,0.37582140964493904,0.684126984126984,0.09523809523809523,1.5419029958590709,0.23568761142160044
single,687,0,0.4095027944115583,0.35341365461847385,0.3918300653594771,0.6634768740031898,0.09409888357256779,1.547392568367276,0.22844825302844182
single,688,0,0.4856712694264748,0.35784313725490197,0.32015552137503356,0.5801282051282052,0.060897435897435896,1.3125066873359688,0.20692966287712475
single,689,0,0.4508717172771641,0.29797979797979796,0.2761978476020283,0.6222222222222222,0.07777777777777778,1.4182699900822362,0.2151571182711058
single,690,0,0.4448702238499102,0.33789954337899547,0.3147893772893773,0.6379585326953748,0.07496012759170655,1.5395872378966322,0.22435474185089588
single,691,0,0.48097752461186655,0.384180790960452,0.33407738095238093,0.6009615384615384,0.10416666666666667,1.183467112905279,0.20494518054454736
single,692,0,0.4667674186965798,0.365296803652968,0.3448751451800232,0.6172248803827752,0.07655502392344497,1.386007363073708,0.21057925070540773
single,693,0,0.42171050845319263,0.37931034482758613,0.2546198830409357,0.6031746031746033,0.06190476190476191,1.3951219861134876,0.21426135401012378
single,694,0,0.42676821642080487,0.37558685446009393,0.3524386724386724,0.638095238095238,0.09682539682539683,1.4206733104717688,0.21894603421020042
single,695,0,0.4886844990395865,0.3333333333333333,0.3652427936980806,0.580952380952381,0.060317460317460325,1.295668777269796,0.19677191647201187
single,696,0,0.4685712184437764,0.2893081761006289,0.2467060717060717,0.6346153846153847,0.11378205128205128,1.3355015458354789,0.21890183518028605
single,697,0,0.4552223674441504,0.3523809523809524,0.35626684469500286,0.6363636363636364,0.10366826156299841,1.3245595476256862,0.21742111541524514
single,698,0,0.48472114367626246,0.35185185185185186,0.3894862082362082,0.5666666666666667,0.07777777777777778,1.2732402734670938,0.1904836023306211
single,699,0,0.4619520911854939,0.35802469135802467,0.38401534904620416,0.6140350877192983,0.07017543859649122,1.4571304156958913,0.21904660161840458
single,700,0,0.44786470987501126,0.34117647058823525,0.43126557642686675,0.6044657097288676,0.07655502392344497,1.3199465634865748,0.20510196975069458
single,701,0,0.41268362512631107,0.3005464480874317,0.2315324985092427,0.673015873015873,0.08888888888888889,1.4751713174505057,0.2370531571370171
single,702,0,0.4431518437532996,0.36936936936936937,0.32720001415653593,0.6158730158730159,0.06349206349206349,1.4790589478053722,0.2203364860751411
single,703,0,0.40158509585103425,0.40350877192982454,0.33178263214670983,0.6857142857142858,0.0888888888888889,1.6110816988246093,0.24114336773178754
single,704,0,0.4289406136832877,0.3409090909090909,0.40130154960062825,0.6238095238095238,0.06666666666666667,1.4173971441788182,0.21454674414436928
single,705,0,0.4815520621606722,0.3770491803278688,0.3184418273122578,0.6084142394822006,0.09223300970873786,1.3205817597935061,0.2083308272289265
single,706,0,0.4618451660132574,0.4382716049382716,0.28943109612010326,0.6379585326953748,0.10685805422647528,1.417042348265709,0.22520511703090584
single,707,0,0.4824711996145969,0.41397849462365593,0.34600938967136147,0.6188197767145135,0.10526315789473685,1.2660821772086954,0.21120305636567116
single,708,0,0.43017795003437515,0.3625,0.3719452137173656,0.6444444444444445,0.08412698412698412,1.4083399524525007,0.2174942703615597
single,709,0,0.4614088487558139,0.3658536585365854,0.192030522324752,0.6331738437001595,0.10207336523125997,1.435636376151174,0.23155986011392526
single,710,0,0.4676591125855864,0.27906976744186046,0.3918010568474271,0.6156299840510367,0.07177033492822966,1.3581471393520534,0.21055353209814473
single,711,0,0.4856364613854973,0.3088235294117647,0.37654320987654316,0.6183574879227053,0.11111111111111112,1.2168412287804655,0.20590432887489504
single,712,0,0.4683350523903123,0.33830845771144274,0.3262820512820513,0.6253968253968254,0.09523809523809523,1.3178298510971267,0.21068834452309312
single,713,0,0.4192122199171866,0.41314553990610325,0.34111825071788354,0.6969696969696969,0.11323763955342903,1.5939302555947716,0.24400822834239932
single,714,0,0.4540139609837925,0.3715846994535519,0.28703703703703703,0.6079365079365079,0.07619047619047618,1.3432322661215517,0.21353241014300728
single,715,0,0.4485662745686662,0.30980392156862746,0.37172469558599697,0.6142857142857143,0.06190476190476191,1.356145861653194,0.2080147148471194
single,716,0,0.46911580392793134,0.37931034482758613,0.2963624338624338,0.6233974358974358,0.09935897435897435,1.3635370555060782,0.22153461773791192
single,717,0,0.46331876977713643,0.3287671232876712,0.34010313728162833,0.6236044657097288,0.08293460925039874,1.3297266657556077,0.2123469975482115
single,718,0,0.44286284775675616,0.3118279569892473,0.2957184842778063,0.6810897435897436,0.1266025641025641,1.4230389252029463,0.23130474794030195
single,719,0,0.42326364084571705,0.3888888888888889,0.2144504325446878,0.6778309409888358,0.10526315789473684,1.5410468334293068,0.24449285529929132
single,720,0,0.43174709828695845,0.33809523809523806,0.3143933759730279,0.6618357487922705,0.0933977455716586,1.3748589953425425,0.22586595767879994
single,721,0,0.471626828444854,0.3218390804597701,0.2673219778482936,0.6105769230769231,0.08814102564102565,1.3604774570043194,0.21162483692918158
single,722,0,0.4493951019618236,0.3444444444444445,0.27560188507425737,0.6586921850079744,0.10526315789473684,1.3192069157534407,0.22132010278221262
single,723,0,0.4142293254209846,0.3636363636363636,0.2849882173253893,0.6809523809523809,0.09682539682539683,1.5017825815337857,0.24075997847325845
single,724,0,0.3976587718032903,0.31601731601731603,0.29886257866526433,0.6666666666666666,0.07142857142857144,1.464669574899755,0.23234419124233052
single,725,0,0.42906504638870624,0.38974358974358975,0.30227713178294574,0.6555023923444976,0.09250398724082935,1.4720545228263078,0.2248779732737449
single,726,0,0.4563208133994348,0.3246753246753247,0.3956720895074275,0.6522435897435898,0.10897435897435898,1.4267342005356252,0.22660872467869372
single,727,0,0.47996208560390347,0.3333333333333333,0.3106151759319345,0.6156299840510367,0.09888357256778309,1.360407263742207,0.21067277085175104
single,728,0,0.430467843899405,0.3373493975903615,0.40903772698745205,0.6587301587301587,0.1015873015873016,1.4339860143415806,0.22291313862994086
single,729,0,0.410323274919199,0.3236714975845411,0.2888465625261784,0.7003205128205128,0.10576923076923078,1.491956069803079,0.2438369807507644
single,730,0,0.4991673815319027,0.3247863247863248,0.4102564102564103,0.578525641025641,0.07532051282051282,1.3219528480189253,0.20228535922171864
single,731,0,0.45191925806832994,0.3242009132420091,0.37645658045294295,0.6682769726247987,0.12077294685990338,1.3508802612722162,0.22324233559717177
single,732,0,0.4523834311868278,0.4090909090909091,0.3512412221987365,0.6586921850079744,0.1164274322169059,1.409762019566284,0.22774737873971151
single,733,0,0.4471171643460153,0.3333333333333333,0.25093915629149594,0.645933014354067,0.11164274322169059,1.3151764049618813,0.22214922124353823
single,734,0,0.45435777125246685,0.3118279569892473,0.28171296296296294,0.6376811594202899,0.0966183574879227,1.3716807165020788,0.21884366006811287
single,735,0,0.42239207148282104,0.3538461538461539,0.28858350951374206,0.6746794871794872,0.10096153846153845,1.5593346493843117,0.2419469836058413
single,736,0,0.40510455438591136,0.4222222222222222,0.3914281211910711,0.6507936507936508,0.10476190476190476,1.4430316982696045,0.22727406587591034
single,737,0,0.4716728733041027,0.3270440251572327,0.26995580808080805,0.6229773462783171,0.11003236245954694,1.241958836145729,0.21305813535781404
single,738,0,0.4428554799555675,0.34920634920634913,0.29596282217084036,0.6570972886762361,0.10526315789473684,1.4464924550596179,0.22679271741285537
single,739,0,0.4455534034787636,0.3383084577114428,0.3331768388106416,0.6587301587301587,0.11587301587301586,1.4073745529908221,0.22184103998867064
single,740,0,0.4591596483215137,0.37654320987654316,0.2528671746600926,0.6395534290271133,0.09569377990430622,1.4272889444513446,0.2302918330288487
single,741,0,0.44708774722644257,0.2946859903381642,0.29958183990442055,0.646031746031746,0.09206349206349207,1.3601252298398798,0.21808301666074356
single,742,0,0.4302019985183716,0.38095238095238093,0.35647692277988546,0.653968253968254,0.08730158730158731,1.3680504330052905,0.22319091227731866
single,743,0,0.42013497524610655,0.37333333333333335,0.3349642397582069,0.6698412698412698,0.09047619047619047,1.4646384620097168,0.231904007380081
single,744,0,0.4887426858497581,0.3450292397660819,0.2938296445338699,0.6084142394822006,0.09870550161812297,1.2224596658286273,0.21000037722011386
single,745,0,0.4624348333404316,0.2976190476190476,0.2521528352173514,0.6298076923076924,0.10096153846153848,1.2799510376975218,0.21462971862746824
single,746,0,0.41027937180076174,0.32,0.3077355229040622,0.6809523809523809,0.09047619047619047,1.530381781008827,0.2364873179525565
single,747,0,0.44079931407028883,0.3489583333333333,0.2888430048321647,0.6491228070175438,0.09250398724082935,1.438743483261485,0.2281383863598334
single,748,0,0.4561509639527845,0.288135593220339,0.25669642857142855,0.6363636363636364,0.10047846889952154,1.364530217253569,0.22034820833974808
single,749,0,0.48183754859822275,0.34959349593495936,0.46589979221558164,0.6044657097288676,0.09569377990430622,1.2090084075599035,0.19784060025976546
single,750,0,0.4190644464726374,0.3157894736842105,0.35125112058254565,0.6999999999999998,0.12063492063492064,1.4879083216594744,0.23571710136150717
single,751,0,0.45777710272469013,0.3522012578616352,0.26120876753788147,0.6488673139158577,0.11165048543689321,1.3774302181442952,0.22467252312051786
single,752,0,0.43285260142610954,0.3201754385964912,0.3635624657558855,0.6619047619047619,0.10634920634920635,1.3854046512252627,0.22323067294939195
single,753,0,0.4211987588334885,0.3387096774193548,0.2678500171998624,0.6761904761904761,0.10317460317460318,1.4739766519199267,0.23738971465095762
single,754,0,0.4196887880393208,0.3333333333333333,0.23237643998513566,0.7053140096618358,0.12721417069243157,1.479854221292365,0.24231044604221874
single,755,0,0.487811592939902,0.3164556962025316,0.4310344827586207,0.5920634920634921,0.08888888888888889,1.194574009371628,0.19571096549243347
single,756,0,0.421569850949355,0.3536585365853659,0.3676396842594025,0.6555555555555554,0.08253968253968254,1.4571861318665682,0.221689610793256
single,757,0,0.4512950211432849,0.33888888888888885,0.28505291005291006,0.657097288676236,0.11164274322169059,1.3557878863210213,0.22406355936890954
single,758,0,0.4627054334803573,0.4047619047619047,0.26999999999999996,0.5980861244019139,0.07177033492822966,1.2300102345629504,0.2083481440646333
single,759,0,0.44046100488373163,0.32916666666666666,0.3589649923896499,0.6317460317460317,0.07619047619047618,1.4178569975500286,0.22317210497445175
single,760,0,0.44734261557320254,0.300925925925926,0.2991950266306979,0.6317460317460317,0.07301587301587302,1.3571497472897518,0.22016987849228634
single,761,0,0.45234967930901365,0.4079601990049751,0.3541520467836257,0.6442307692307692,0.10737179487179487,1.3060071859027829,0.22118535916007084
single,762,0,0.44116430993372485,0.38095238095238093,0.3537940379403794,0.6778846153846154,0.11858974358974357,1.4961820532869539,0.23416468345367927
single,763,0,0.4655669318880408,0.2738095238095238,0.220810647307925,0.6121794871794872,0.07692307692307691,1.3357992686049227,0.21656325451603706
single,764,0,0.45745052844316053,0.4038461538461538,0.2651326699834163,0.645933014354067,0.11004784688995216,1.4148408571958484,0.2277005709242772
single,765,0,0.46611679666135175,0.44252873563218387,0.3277103013945119,0.6299840510366826,0.11164274322169059,1.366565577987914,0.21605268313529913
single,766,0,0.4751552813136833,0.3246753246753247,0.39148770619358847,0.6315789473684211,0.09888357256778309,1.3855629141131345,0.212885333464108
single,767,0,0.4952921514008905,0.31884057971014496,0.3562464981262336,0.5888888888888889,0.08730158730158731,1.260053027089703,0.19907258157949634
single,768,0,0.38702134251489034,0.3125,0.28082156636373506,0.7475728155339806,0.14401294498381878,1.6080430671210613,0.2566805824106674
single,769,0,0.43687134424598767,0.35714285714285715,0.24822817631806396,0.6650641025641025,0.09935897435897435,1.4470209662646851,0.2331370365441832
single,770,0,0.38813447044659893,0.36666666666666664,0.3082528591311627,0.7285714285714286,0.12063492063492064,1.534605241803276,0.2453277950728946
single,771,0,0.4240360868073609,0.34761904761904766,0.3191462790203939,0.673015873015873,0.10476190476190476,1.5276018055752054,0.23309508679707633
single,772,0,0.44027887041026226,0.41991341991341996,0.4009335960152233,0.6206349206349207,0.08888888888888889,1.399248843320505,0.21725381166469473
single,773,0,0.44024842943006615,0.28571428571428575,0.3597775056133905,0.6443381180223285,0.07655502392344497,1.4481075385639166,0.22356153110761626
single,774,0,0.4886458094310408,0.39487179487179486,0.3942977880048213,0.6312399355877617,0.12399355877616747,1.3397090798828364,0.21584641460940465
single,775,0,0.4371802284581778,0.31349206349206354,0.3465962224683155,0.626984126984127,0.05714285714285714,1.4384796948910614,0.22126668097695748
single,776,0,0.4616884594631659,0.36574074074074076,0.37419028340080973,0.6458333333333334,0.10416666666666667,1.3369190212554993,0.21949927104239345
single,777,0,0.44194890616026966,0.3636363636363636,0.39812206572769954,0.6762820512820514,0.1185897435897436,1.4353681895129913,0.2277488572915735
single,778,0,0.4618351192643657,0.33918128654970764,0.253961046902709,0.6076555023923444,0.07814992025518341,1.3859166588119824,0.21447052416850423
single,779,0,0.46386165858469,0.359375,0.3052039381153305,0.6172248803827751,0.08452950558213716,1.263125487612749,0.208559724482584
single,780,0,0.4610403498733999,0.379746835443038,0.38777499303815094,0.620414673046252,0.07974481658692184,1.4046654577630633,0.21329325092600457
single,781,0,0.4410638717641888,0.37837837837837834,0.3600048834432818,0.6571428571428571,0.09999999999999999,1.4126976492153072,0.22401024772944553
single,782,0,0.456344030456245,0.3177083333333333,0.2965367965367965,0.6442307692307693,0.10096153846153848,1.389737462453887,0.22489426307857877
single,783,0,0.4368948951593122,0.3090909090909091,0.22719971151324417,0.6746794871794872,0.10737179487179488,1.41702632155969,0.23514380269970533
single,784,0,0.4924172252580328,0.36046511627906974,0.4413184148752162,0.5657051282051282,0.05608974358974359,1.318050170621983,0.19749966066925337
single,785,0,0.44191759060839003,0.3862433862433862,0.27799258588087766,0.6396825396825396,0.0761904761904762,1.5099798737310202,0.2324854946049191
single,786,0,0.44230749321515966,0.36752136752136755,0.3477600830542007,0.6365079365079365,0.07301587301587302,1.5280274962417117,0.2229534734955981
single,787,0,0.4443194545367451,0.4047619047619048,0.35436256025965346,0.6682615629984051,0.11164274322169059,1.4945619819229385,0.23184611533517394
single,788,0,0.46767044717889644,0.32367149758454106,0.3063697500317219,0.6095238095238096,0.07301587301587302,1.3519420581181691,0.20777461556188803
single,789,0,0.46315007006822695,0.3602150537634408,0.3380413525277441,0.6220095693779905,0.11164274322169059,1.2947818784425642,0.21136483652412577
single,790,0,0.4143415755147806,0.3247863247863248,0.33340704702933804,0.6858054226475279,0.09569377990430622,1.6005448817949735,0.23662288996122052
single,791,0,0.45387244104007274,0.3688888888888889,0.35385628156712495,0.626984126984127,0.08095238095238096,1.4049528645724727,0.2174123941708477
single,792,0,0.4539535741742376,0.3611111111111111,0.41146971289177176,0.6267942583732058,0.08133971291866028,1.431382418864132,0.21557325957463003
single,793,0,0.4688899318491105,0.4106280193236715,0.3771832032701598,0.6188197767145135,0.10047846889952154,1.3574923388799898,0.21494104108721712
single,794,0,0.44059105203901533,0.29411764705882354,0.2084931798806479,0.6570972886762361,0.10526315789473684,1.4056829604407488,0.22915048784170788
single,795,0,0.47079815592782676,0.3794871794871795,0.3332718299581278,0.6264090177133655,0.0966183574879227,1.413246810959235,0.2198179411015505
single,796,0,0.45181999721831545,0.37558685446009393,0.3286018755328219,0.6315789473684211,0.07814992025518341,1.379061446449887,0.2173441219951806
single,797,0,0.43519692618273903,0.3684210526315789,0.2717354210579143,0.6762360446570973,0.1164274322169059,1.3703940217324426,0.22953013341694947
single,798,0,0.449344847403919,0.3282828282828283,0.3059523809523809,0.6314102564102564,0.09134615384615385,1.3991915625789897,0.21916155961983633
single,799,0,0.4422368477724162,0.3376623376623377,0.3561901328664126,0.6634768740031899,0.09728867623604465,1.4425629614282558,0.22302059411646377
single,800,0,0.4223189161199395,0.3045977011494253,0.237606630749825,0.677938808373591,0.10466988727858294,1.4208745590533756,0.23304143041229727
single,801,0,0.43579706926205514,0.2922374429223744,0.3037288135593221,0.6602870813397129,0.09090909090909093,1.4853356537263653,0.2322197214837225
single,802,0,0.46918136128319166,0.3333333333333333,0.32429792429792426,0.6426282051282052,0.11858974358974361,1.4041267621344022,0.22146400503857802
single,803,0,0.4560238705388136,0.35632183908045983,0.3055735813685197,0.617224880382775,0.10685805422647528,1.3002875056941463,0.2084815026031435
single,804,0,0.47018715314408593,0.29743589743589743,0.3043460811995189,0.6282051282051282,0.09775641025641026,1.290462698070659,0.21212430772152704
single,805,0,0.3759262856816315,0.32971014492753625,0.40870994809350975,0.7380952380952381,0.11746031746031745,1.5782801364768233,0.24815841815611392
single,806,0,0.46103487898783113,0.3815789473684211,0.378902143608026,0.6267942583732058,0.08771929824561403,1.434508066425762,0.219371934041796
single,807,0,0.44813664482299287,0.352112676056338,0.32744588744588743,0.6442307692307692,0.08814102564102565,1.3962216906355902,0.2180008215042575
single,808,0,0.4825333595699031,0.3283582089552239,0.3523809523809524,0.6137820512820512,0.10096153846153848,1.258981266751353,0.2124902234329584
single,809,0,0.48302273963434983,0.38095238095238093,0.40967891975174053,0.5964912280701754,0.08293460925039874,1.2118636596113834,0.1999181799437264
single,810,0,0.4443210124490536,0.3698630136986301,0.32456996366230734,0.6142857142857143,0.06507936507936508,1.5362183576503536,0.22202042477532577
single,811,0,0.48970559950164,0.32905982905982906,0.44310490911398576,0.6188197767145136,0.10685805422647528,1.3106516431297697,0.20929865975788775
single,812,0,0.4483362956480783,0.360655737704918,0.2919587870272802,0.6299840510366826,0.09409888357256779,1.2783405212780334,0.2159743676657002
single,813,0,0.3876343685273584,0.3206751054852321,0.3321150097465887,0.7238095238095238,0.1126984126984127,1.5536456538361563,0.2452138363913272
single,814,0,0.4605018761837563,0.3060109289617486,0.2941643323996265,0.6555023923444976,0.11802232854864432,1.2956439911842363,0.21437677436116243
single,815,0,0.449043540034487,0.3862433862433862,0.3171679197994987,0.6650641025641025,0.11378205128205128,1.3996676751188841,0.23257694816876961
single,816,0,0.4556850033475533,0.3817204301075268,0.32598212647744845,0.6347687400318979,0.10845295055821373,1.2474122298288541,0.21275877085750713
single,817,0,0.39276382731551945,0.3615023474178403,0.3187214611872146,0.6476190476190476,0.08412698412698412,1.4947328026181605,0.22673694408824532
single,818,0,0.4588176610931387,0.3256704980842912,0.3933465198945075,0.6111111111111112,0.06190476190476191,1.4350296021916857,0.21208132888414313
single,819,0,0.4371766679975632,0.3583333333333334,0.36594826511012996,0.638095238095238,0.07777777777777778,1.4206925111508897,0.22202591024702678
single,820,0,0.4478320808643243,0.3333333333333333,0.4055826185181263,0.6428571428571429,0.08730158730158731,1.48828150990367,0.22208232111556891
single,821,0,0.4812744628183571,0.3333333333333333,0.3266145362484909,0.5920634920634921,0.07301587301587302,1.4053001889808125,0.20935932742307709
single,822,0,0.46221747040663796,0.3452380952380953,0.4408866995073892,0.6124401913875598,0.0861244019138756,1.284776506457028,0.20440172075172688
single,823,0,0.46270712519216817,0.37435897435897436,0.34867476171823997,0.6317460317460318,0.11111111111111112,1.360045282316623,0.2202287189411605
single,824,0,0.46005363653990267,0.3333333333333333,0.41917379467061117,0.6238095238095238,0.08253968253968254,1.3736480338655774,0.2131818376624072
single,825,0,0.5089134794028213,0.35978835978835977,0.3595719095719095,0.5673076923076923,0.08974358974358974,1.272700817115311,0.19967972783591667
single,826,0,0.42575268633166524,0.3615819209039548,0.2815614069051523,0.6858054226475279,0.12280701754385964,1.4595571317733906,0.23531446573214343
single,827,0,0.49135992690922664,0.31884057971014496,0.33665547480414243,0.5904761904761905,0.07936507936507937,1.365015378717316,0.2087059550458541
single,828,0,0.4540459625212137,0.3486590038314176,0.39320706393877125,0.5841269841269842,0.046031746031746035,1.395763236902302,0.2053815892293341
single,829,0,0.4919084388861166,0.3531746031746032,0.46898656898656893,0.580952380952381,0.08095238095238096,1.2571993006428428,0.19450379576506274
single,830,0,0.4220752896877005,0.35341365461847385,0.3612798522183145,0.6666666666666666,0.08095238095238096,1.490458770147449,0.23253853187793116
single,831,0,0.4833645942431061,0.3661971830985915,0.3510403107502221,0.5933014354066986,0.07336523125996809,1.3467805025145452,0.21146356550319456
single,832,0,0.44357672180271,0.3222222222222222,0.39613264283327765,0.6299840510366826,0.06379585326953748,1.548307565655571,0.2212879001852999
single,833,0,0.46321496446161986,0.39999999999999997,0.37678973616473616,0.6714743589743589,0.1378205128205128,1.3486031199806083,0.22449588070661722
single,834,0,0.4627369901786153,0.3603603603603604,0.3991357665275728,0.6491228070175438,0.11483253588516747,1.380117096752785,0.22226838403020152
single,835,0,0.4274536967558542,0.33809523809523806,0.30484605087014727,0.6714513556618821,0.09569377990430622,1.564576988947838,0.231285919108564
single,836,0,0.4488611338697667,0.35151515151515156,0.25672924659538726,0.6410256410256411,0.10096153846153848,1.3385112908892556,0.21910139515349877
single,837,0,0.41177977879098043,0.3852813852813853,0.34682170542635654,0.6793650793650793,0.09365079365079365,1.5277945182926995,0.2351272663200538
single,838,0,0.3967885130984497,0.3333333333333333,0.3326620451620452,0.7081339712918661,0.1084529505582137,1.5923077198760005,0.24652863314940335
single,839,0,0.4612046555062454,0.3672316384180791,0.3108797713819147,0.6060606060606061,0.09888357256778309,1.2219493911892638,0.20674578252503853
single,840,0,0.44668211329917246,0.3242009132420091,0.35170314386185897,0.6634920634920635,0.10952380952380952,1.4091468430508056,0.2208337305112743
single,841,0,0.44569675580445395,0.3098591549295775,0.2982463080168776,0.6444444444444445,0.08095238095238096,1.3888254300268947,0.21938702049078787
single,842,0,0.43702569650242523,0.3026315789473684,0.3382173382173382,0.6634920634920635,0.09841269841269841,1.4258767021217056,0.22567126720420663
single,843,0,0.458900238082845,0.3137254901960784,0.3095051792234891,0.6314102564102564,0.08974358974358976,1.3704918918588458,0.21406772396510645
single,844,0,0.4110987041201784,0.3703703703703704,0.2762161685860112,0.6953748006379584,0.10685805422647528,1.5021658082433527,0.2399332911065628
single,845,0,0.4392963036520105,0.42622950819672134,0.3415253887152085,0.6586921850079746,0.12599681020733652,1.2955960446831334,0.2212853860919206
single,846,0,0.4239370576242356,0.31140350877192985,0.31895424836601305,0.6682615629984051,0.08771929824561403,1.5450138112983014,0.2309615633266764
single,847,0,0.46835810953564755,0.3284313725490196,0.35967963869192277,0.6488673139158575,0.11650485436893204,1.3429819396856404,0.22082539907828122
single,848,0,0.47525727105779597,0.34825870646766166,0.31136435580880023,0.5869218500797447,0.06379585326953748,1.2953258307269484,0.2071944441001378
single,849,0,0.44814219296977914,0.37654320987654327,0.24633762485512656,0.6395534290271132,0.0909090909090909,1.4235409113006698,0.23101548965132526
single,850,0,0.3913004153057469,0.4090909090909091,0.3148561747538689,0.7111111111111111,0.12380952380952381,1.576638722252265,0.24556445291434792
single,851,0,0.41289789919849623,0.3107344632768361,0.23940422322775265,0.6937799043062202,0.11004784688995216,1.543422967325636,0.2474018503103127
single,852,0,0.4115373734845776,0.3686868686868687,0.29120190381941985,0.6857142857142856,0.10317460317460318,1.6071388749516415,0.24528539584920517
single,853,0,0.4582996639000055,0.3230769230769231,0.3313243330118933,0.6299840510366826,0.1084529505582137,1.3126618328010176,0.21630326197643548
single,854,0,0.43019413515337995,0.38271604938271603,0.2895622895622896,0.7097288676236045,0.15470494417862837,1.4694626383527976,0.24223117984966158
single,855,0,0.43156098907384766,0.3908045977011494,0.27129972383806333,0.673076923076923,0.10256410256410257,1.523594072727561,0.23749000175206228
single,856,0,0.4601413274805002,0.35784313725490197,0.330873860285625,0.6092503987240829,0.08293460925039874,1.315456596150918,0.21323867631742524
single,857,0,0.4385214529627878,0.37254901960784315,0.41145908160250616,0.6126984126984127,0.07142857142857144,1.502478067537731,0.21552178234808897
single,858,0,0.4724765656850387,0.37442922374429227,0.40015630367030014,0.6092503987240829,0.09728867623604465,1.3209038606761663,0.20681259456331036
single,859,0,0.4327517076288119,0.2923976608187134,0.2297341158100652,0.6650641025641025,0.10096153846153848,1.483406115252147,0.23722209387755946
single,860,0,0.47322158742820414,0.3846153846153846,0.39827853827853826,0.6060606060606061,0.07974481658692184,1.3330531743025027,0.20531836358080266
single,861,0,0.48887640431120283,0.40540540540540543,0.44415941127694863,0.607936507936508,0.10952380952380952,1.3046484430066982,0.20790206641578823
single,862,0,0.46105180632106085,0.3833333333333333,0.302992971649688,0.6458333333333334,0.10737179487179487,1.3567119201058633,0.22606893620899082
single,863,0,0.4316047517790335,0.352112676056338,0.32468787928689485,0.671451355661882,0.10207336523125997,1.5510990790387649,0.24114053515318626
single,864,0,0.43860546877632167,0.30952380952380953,0.44064004141149754,0.6412698412698412,0.06825396825396825,1.436540879340245,0.21800813000280359
single,865,0,0.4576852525866209,0.3076923076923077,0.40522396173081104,0.6206349206349207,0.06190476190476191,1.4116517758370104,0.21321437807707433
single,866,0,0.4437827826308855,0.30601092896174864,0.2706268004775467,0.6475279106858053,0.10207336523125997,1.3764757780142804,0.2182776315263535
single,867,0,0.4490374924748661,0.33730158730158727,0.4086271540846493,0.6412698412698413,0.09047619047619049,1.4351247399692706,0.21408528647587244
single,868,0,0.5015591092731292,0.391025641025641,0.27160279752615457,0.5721153846153846,0.07852564102564102,1.2064619409994857,0.20114581427702918
single,869,0,0.4471289204397326,0.3909465020576131,0.3752561943389771,0.5984126984126985,0.05555555555555555,1.3886181388574208,0.21323883088053344
single,870,0,0.4583389876179051,0.3387096774193548,0.2764645169503856,0.6188197767145136,0.07814992025518341,1.3472825542908515,0.2166257925871821
single,871,0,0.4366509208814688,0.37142857142857144,0.34493931895840696,0.6634920634920635,0.10952380952380952,1.4436853217583252,0.22764788122618426
single,872,0,0.4175366987160207,0.38372093023255816,0.4164190093708166,0.6380952380952382,0.08253968253968254,1.4638875940802152,0.2192614055631782
single,873,0,0.3715679367679603,0.3582089552238806,0.2693878954213913,0.7206349206349206,0.1015873015873016,1.6034320399458482,0.24623962692345755
single,874,0,0.4286007651852563,0.35249042145593873,0.4739234204882774,0.6746031746031745,0.12222222222222223,1.4677720647091117,0.2280248728585795
single,875,0,0.4374708343381901,0.3386243386243386,0.3011363636363636,0.6842948717948718,0.1233974358974359,1.4016655677966863,0.2318574951412857
single,876,0,0.4637400453856997,0.30476190476190473,0.3201058201058201,0.6267942583732057,0.08771929824561404,1.4804502611704953,0.22655016292984884
single,877,0,0.44178337379137983,0.35784313725490197,0.30883534136546187,0.6379585326953748,0.08452950558213716,1.3943189596135976,0.22423659504453075
single,878,0,0.46810131959084517,0.411764705882353,0.34690018436280967,0.6031746031746031,0.08095238095238094,1.4084430575192155,0.20996866780187606
single,879,0,0.44654716544625694,0.3434343434343434,0.33686330253494434,0.6793650793650793,0.1285714285714286,1.423153684357632,0.22965348532014437
single,880,0,0.46724606666867124,0.36111111111111116,0.3195864467674432,0.6474358974358975,0.1201923076923077,1.4086898069349658,0.2277128950132272
single,881,0,0.448162466288083,0.3072916666666667,0.28612426865684143,0.657051282051282,0.10416666666666667,1.4513272118188094,0.22695134528611038
single,882,0,0.4898616872375574,0.35151515151515156,0.29604979908151546,0.6067961165048544,0.1051779935275081,1.3373821275111224,0.21210418868306377
single,883,0,0.47581159587947325,0.3866666666666667,0.2688326893806346,0.6213592233009709,0.10841423948220064,1.3020752854200153,0.21554113058866511
single,884,0,0.46982884740639963,0.4768518518518518,0.3817877780695785,0.5964912280701754,0.07496012759170655,1.3781744352315866,0.21341674956280884
single,885,0,0.45159771624227996,0.3333333333333333,0.35019257722401864,0.6317460317460317,0.0857142857142857,1.4072361167278633,0.21798212451996216
single,886,0,0.4631122783386776,0.38222222222222224,0.4246275331021094,0.6283891547049442,0.11004784688995216,1.2881994604795846,0.21207137572430765
single,887,0,0.4565221618292094,0.30303030303030304,0.3490905017921147,0.6315789473684211,0.08293460925039872,1.4240406061445772,0.2203884074633917
single,888,0,0.44498896283985395,0.41414141414141414,0.32330403595238216,0.6111111111111112,0.07777777777777778,1.3503391657391781,0.20979349670170125
single,889,0,0.4782292394444115,0.3246753246753247,0.35341433870845634,0.5888888888888889,0.06190476190476191,1.361381597904212,0.20250346311836062
single,890,0,0.4792944442712561,0.31746031746031744,0.30904345268730243,0.6028708133971292,0.0909090909090909,1.312231652823607,0.2110030504729635
single,891,0,0.45603731264693753,0.3768115942028986,0.32782081422904713,0.6079365079365079,0.0746031746031746,1.3740525986252707,0.21304313506207562
single,892,0,0.46454464734533446,0.43243243243243246,0.388256549232159,0.6172248803827751,0.08771929824561403,1.4262096038007452,0.2161656449115548
single,893,0,0.4027806662127222,0.36046511627906974,0.39141427354383423,0.6888888888888888,0.09841269841269841,1.488682827119413,0.2351764245824509
single,894,0,0.4079510498182179,0.30985915492957744,0.2885473588342441,0.6794258373205743,0.0909090909090909,1.5349873816715176,0.23806474243713627
single,895,0,0.43845400376904164,0.3628691983122363,0.3640954324523002,0.6174603174603175,0.06984126984126984,1.4080930264843003,0.21456776118598345
single,896,0,0.4555915750673749,0.47179487179487184,0.35023274455471326,0.6188197767145135,0.09250398724082935,1.3561852203706024,0.2199505441094419
single,897,0,0.41171663863886976,0.3252032520325203,0.33340939515638307,0.6603174603174603,0.07142857142857144,1.490007122365963,0.23057661603360202
single,898,0,0.47261765871096273,0.3150684931506849,0.35902486044225856,0.625,0.09294871794871795,1.309537498838379,0.21076433146423593
single,899,0,0.45555841555476895,0.35323383084577115,0.31994645247657294,0.6346153846153846,0.09134615384615385,1.4342496554715172,0.2198477868466218
single,900,0,0.47195201254495545,0.37387387387387383,0.42415196743554956,0.6238095238095238,0.1111111111111111,1.3346356621013313,0.20943902483906207
single,901,0,0.4512001301142834,0.40740740740740744,0.3235271974402409,0.6603174603174603,0.1126984126984127,1.501595678726365,0.23498400634024796
single,902,0,0.49928111650096013,0.3375527426160338,0.397111817700053,0.5661881977671451,0.06060606060606061,1.2005727532087647,0.1915103947099436
single,903,0,0.47015438247124514,0.28703703703703703,0.3327555074033947,0.6253968253968254,0.09047619047619049,1.355059554361486,0.21506270807380193
single,904,0,0.40646552993421964,0.357843137254902,0.3127437162320883,0.6825396825396824,0.10952380952380952,1.463589821829524,0.23165355514364727
single,905,0,0.4875639221750805,0.3470319634703196,0.3629837257095702,0.5901116427432217,0.07496012759170655,1.2729604617075623,0.20322549387479097
single,906,0,0.4697066266657372,0.323943661971831,0.33217628350749656,0.6299840510366826,0.08931419457735247,1.4039735811896146,0.21849117315730673
single,907,0,0.42854013213390235,0.30392156862745096,0.2787358494400748,0.6714285714285714,0.09523809523809523,1.4237372833477402,0.2291457412564116
single,908,0,0.479223377894924,0.359375,0.37901894883933845,0.6156299840510367,0.11961722488038277,1.2764162498119915,0.20840921370067075
single,909,0,0.45466762279897566,0.3846153846153846,0.45089768548561543,0.6507936507936507,0.12380952380952381,1.3577683486148426,0.21757740391726235
single,910,0,0.4542329865651735,0.31547619047619047,0.2915977576987112,0.6778846153846154,0.1378205128205128,1.4462845873464605,0.23726810446716362
single,911,0,0.3909502552589115,0.30845771144278605,0.2564128291959723,0.7049441786283892,0.09728867623604466,1.5152110125415315,0.23840127386157647
single,912,0,0.47776407874185,0.3684210526315789,0.2892010535557506,0.5746031746031747,0.07777777777777778,1.2816994373882649,0.19775032008094215
single,913,0,0.45746665727203895,0.3333333333333333,0.28768186500712645,0.6140350877192983,0.07496012759170655,1.42025160978747,0.21485556182869317
single,914,0,0.4336502169163177,0.3148148148148148,0.30772462418032037,0.6475279106858055,0.08293460925039874,1.4145018078064886,0.22579789403038011
single,915,0,0.41255429718266784,0.3242009132420091,0.27700896984395224,0.665079365079365,0.06507936507936508,1.5073021954535186,0.229520627281896
single,916,0,0.4595896261042636,0.3963963963963964,0.43726457000710733,0.6586538461538461,0.13141025641025642,1.3431217719160617,0.22115548008702923
single,917,0,0.49271756049749044,0.39487179487179486,0.3419996690659386,0.5869218500797447,0.08133971291866028,1.3239452671708427,0.20795556585976382
single,918,0,0.4863974483177593,0.3672316384180791,0.32733159598831235,0.6031746031746031,0.10634920634920635,1.2961698283834722,0.20954820723358647
single,919,0,0.4886748950494781,0.3899371069182391,0.29908933658933656,0.6199677938808373,0.1143317230273752,1.2977845806170514,0.21900943915941562
single,920,0,0.45854372708132635,0.29411764705882354,0.32425524413890355,0.6172248803827752,0.09409888357256778,1.3314496396700628,0.21299520482757275
single,921,0,0.48175883990443436,0.32931726907630526,0.4469868173258004,0.6140350877192983,0.09250398724082935,1.3382425780481075,0.20543861140290962
single,922,0,0.4564539102615572,0.37254901960784315,0.3537930284409157,0.6586921850079744,0.11642743221690592,1.3854302912763192,0.22296709743264123
single,923,0,0.3973599886439512,0.3148148148148148,0.3173222912353347,0.6984126984126985,0.11587301587301586,1.4240868427471878,0.235265750037663
single,924,0,0.4489585162815988,0.3289473684210526,0.34314039869595425,0.6317460317460317,0.07936507936507936,1.3543480700458421,0.21739970614492843
single,925,0,0.49844651051069794,0.31182795698924726,0.3594550872711792,0.6185897435897436,0.1233974358974359,1.2631673719821623,0.20800790699956764
single,926,0,0.46309376010586956,0.3880597014925373,0.3525570087189805,0.6441223832528181,0.10789049919484701,1.4477506336926336,0.22875095443946714
single,927,0,0.4462036729016933,0.2962962962962963,0.34071712601124365,0.6634615384615384,0.11057692307692309,1.4116962745361812,0.22629232673831914
single,928,0,0.40888618099917884,0.4545454545454546,0.30163488514504627,0.7206349206349207,0.15079365079365079,1.4655670406426564,0.24516819347567811
single,929,0,0.41449859565510483,0.2828282828282828,0.2593070214454288,0.6905901116427432,0.10526315789473684,1.5985486480717397,0.24193477740233224
single,930,0,0.4650265411815122,0.3090909090909091,0.24098586928237675,0.617224880382775,0.08771929824561403,1.3214101988772957,0.21723448342738516
single,931,0,0.44568330187632815,0.36231884057971014,0.37003395585738535,0.6892109500805152,0.1352657004830918,1.467228295884916,0.23438869133779652
single,932,0,0.5057923303755902,0.3913043478260869,0.46120979914083365,0.6073717948717948,0.1266025641025641,1.2428635643698542,0.20270063708613276
single,933,0,0.47684455380440816,0.338235294117647,0.3361743108221981,0.6044657097288676,0.0861244019138756,1.292844765914326,0.2072964643402664
single,934,0,0.4545307609279976,0.3130081300813008,0.3927318295739348,0.639423076923077,0.08814102564102565,1.3455638457141423,0.21392420362225192
single,935,0,0.46587381997381333,0.3794871794871795,0.3314827959801248,0.6251993620414673,0.09728867623604465,1.284384235365353,0.21413361868055336
single,936,0,0.4406260086396548,0.39705882352941174,0.3939234066607,0.6746411483253589,0.14035087719298248,1.44970805745273,0.23504052251316007
single,937,0,0.422795938783786,0.3744855967078189,0.4027877227877228,0.6047619047619047,0.0746031746031746,1.3329257070528584,0.20744519128193772
single,938,0,0.46496018813211065,0.3386243386243386,0.349475433491827,0.6504065040650406,0.12682926829268293,1.3790509410938379,0.22274804736436762
single,939,0,0.4815486179411115,0.30994152046783624,0.28165747137863045,0.6124401913875598,0.10526315789473684,1.2319662986217519,0.20047600362322937
single,940,0,0.46725707819407497,0.33777777777777773,0.37312772331154687,0.6298076923076924,0.09294871794871795,1.4024243090117696,0.2125192685079547
single,941,0,0.46187575993826213,0.27927927927927926,0.3206179441473559,0.6251993620414673,0.07974481658692184,1.363446911814285,0.21426705113871466
single,942,0,0.3938676976796867,0.27956989247311825,0.35739064856711916,0.6905901116427433,0.07336523125996809,1.554656235043284,0.23341905510482897
single,943,0,0.44919914463412963,0.35714285714285715,0.2677350427350427,0.645933014354067,0.10685805422647528,1.4256185743201026,0.22586648616592309
single,944,0,0.44892586472255464,0.33730158730158727,0.401293135713751,0.6412698412698413,0.0857142857142857,1.3859095283789145,0.21306346666889628
single,945,0,0.4409937574660679,0.3390804597701149,0.268361581920904,0.6746411483253589,0.11483253588516747,1.3848154339725622,0.23093819218650405
single,946,0,0.48527429544263084,0.3432835820895522,0.3619047619047619,0.6135265700483092,0.10305958132045089,1.3217211920859817,0.21620611010376156
single,947,0,0.4526638947938933,0.4150943396226416,0.27364117364117363,0.6555023923444976,0.11323763955342903,1.4058135757957804,0.22708267795217862
single,948,0,0.41850523091770514,0.3697916666666667,0.3143394648829431,0.7256778309409889,0.1419457735247209,1.5057379225135668,0.24623863403961133
single,949,0,0.44356625830193264,0.32666666666666666,0.20267260723252237,0.6410256410256411,0.08493589743589743,1.4009425364239985,0.2297046580524458
single,950,0,0.4643800602366523,0.3374485596707819,0.4074280162515456,0.6299840510366826,0.0909090909090909,1.3743949561342046,0.21455168643649056
single,951,0,0.4866228471225975,0.41314553990610325,0.3737691179551645,0.5725677830940988,0.07017543859649122,1.2560375057889577,0.20084602966818155
single,952,0,0.42982117177723306,0.4008438818565401,0.37317844873846046,0.6444444444444444,0.08095238095238096,1.4666738916250417,0.2214861133791284
single,953,0,0.4463935530885765,0.37931034482758624,0.2997472011556519,0.6794871794871794,0.12980769230769232,1.3965442546557927,0.2295406760178705
single,954,0,0.47197245120738573,0.3869047619047619,0.3075182247857085,0.6379585326953747,0.11961722488038277,1.3124007822053565,0.21871412920467873
single,955,0,0.43282872814019185,0.4012345679012346,0.2772149146347169,0.6953748006379586,0.1339712918660287,1.4159808285647006,0.23683572590732882
single,956,0,0.43929480187918224,0.41314553990610325,0.36662450274065517,0.6523809523809523,0.10634920634920635,1.4611390848392067,0.22449356987009242
single,957,0,0.4485273101042711,0.423728813559322,0.30046296296296293,0.6586538461538461,0.10737179487179487,1.4192522939141894,0.23487310542353868
single,958,0,0.4418777928067659,0.37916666666666665,0.3721877298556216,0.6411483253588517,0.07814992025518341,1.3551816162611516,0.21709835838835492
single,959,0,0.45480354258795314,0.3833333333333333,0.30859752300340604,0.6539074960127592,0.11323763955342903,1.3634864788857108,0.22139548807448542
single,960,0,0.46441011781783775,0.2885572139303483,0.30622449844417804,0.6283891547049442,0.09569377990430622,1.3944227535382183,0.22172876669751
single,961,0,0.36518570092582386,0.30054644808743175,0.2156940202885779,0.7400318979266348,0.10845295055821373,1.662261394826432,0.2569244132310408
single,962,0,0.47275608203425673,0.4193548387096773,0.3492854177785685,0.6426282051282052,0.1185897435897436,1.3367474266991746,0.2151403887632942
single,963,0,0.4358913659787232,0.37083333333333335,0.3931518876207199,0.6492063492063492,0.09523809523809523,1.4039204213327927,0.22187079053311576
single,964,0,0.4602834072586626,0.3389830508474576,0.2711670480549199,0.5964912280701755,0.07655502392344497,1.287259860685846,0.20582155594692705
single,965,0,0.49900666106624686,0.35000000000000003,0.3118964003511852,0.576923076923077,0.08333333333333333,1.2708265517278567,0.2053673915467371
single,966,0,0.38784994328740513,0.303921568627451,0.2535297682169368,0.7206349206349207,0.10317460317460318,1.6723773941478806,0.2539625125366924
single,967,0,0.40909976942580895,0.33739837398373984,0.34746468183042384,0.6587301587301587,0.07619047619047618,1.5421699610833102,0.23422286718303978
single,968,0,0.4842646888927291,0.33879781420765026,0.2915428175111274,0.5821371610845296,0.07496012759170655,1.295415626428968,0.19862876047497435
single,969,0,0.48215608160536266,0.43859649122807015,0.31086781245009093,0.5980861244019139,0.08931419457735247,1.3231064186257482,0.21389913264089375
single,970,0,0.41985908290625523,0.38492063492063494,0.40796308238168705,0.6682539682539682,0.09999999999999999,1.440251010799333,0.22306183212650543
single,971,0,0.4737394199596255,0.3333333333333333,0.3788130235498657,0.5968253968253968,0.07301587301587302,1.378402531110705,0.20791686019265163
single,972,0,0.4712139903219947,0.3275862068965517,0.25980392156862747,0.609250398724083,0.0813397129186603,1.3733423999779732,0.21211930857118447
single,973,0,0.39707773618321446,0.3220338983050847,0.22149248048734058,0.6953748006379584,0.09409888357256779,1.549403552516081,0.23877490882561817
single,974,0,0.4838015088020156,0.32367149758454106,0.3988581119276427,0.6250000000000001,0.11858974358974357,1.271198565312259,0.21098760685108972
single,975,0,0.4403182091186557,0.43781094527363185,0.34138797020961215,0.6363636363636364,0.09409888357256778,1.4301678880997708,0.22679072493810695
single,976,0,0.5112015289341478,0.3287671232876712,0.42271339739966085,0.576923076923077,0.09294871794871795,1.2421669829648898,0.19543764057014015
single,977,0,0.46924382164586315,0.39814814814814814,0.3381633971521612,0.6015873015873016,0.06349206349206349,1.386685622046315,0.21335964717640657
single,978,0,0.4632594339123755,0.34375,0.31105912061794416,0.6411483253588517,0.10207336523125998,1.3980525291687826,0.22038977716812572
single,979,0,0.4507110071575691,0.3390804597701149,0.2542595487412293,0.6220095693779905,0.07974481658692185,1.3052613243184896,0.2147305735899424
single,980,0,0.4648843214338764,0.35858585858585856,0.3312279317857411,0.639423076923077,0.10256410256410257,1.3600273919242565,0.21809381581231335
single,981,0,0.46602863451734144,0.39487179487179486,0.32184103194582675,0.6111111111111112,0.07936507936507937,1.3324856845430884,0.21354961374282777
single,982,0,0.45341443616948207,0.3571428571428572,0.35043003812140366,0.6475279106858054,0.10526315789473684,1.4096164365221024,0.22518339916894972
single,983,0,0.4539426460225659,0.3568075117370892,0.36545910230120754,0.6571428571428571,0.1126984126984127,1.4523205587927641,0.23052942509823995
single,984,0,0.4705356448966935,0.3761904761904762,0.3892940497943651,0.6299840510366826,0.1116427432216906,1.283593851404041,0.2114415927787806
single,985,0,0.4493786888860598,0.36936936936936937,0.3903857336693157,0.6666666666666666,0.11961722488038277,1.4363212355052275,0.23200033627743674
single,986,0,0.4326187416721003,0.3191489361702127,0.21017393912130755,0.6794871794871794,0.12820512820512822,1.4395486491012308,0.23520882742977042
single,987,0,0.5037348740656874,0.3434343434343434,0.38711660552456567,0.5682539682539682,0.09523809523809523,1.189076686256223,0.1885166215813955
single,988,0,0.48551629822846376,0.3020833333333333,0.2973111284586694,0.583732057416268,0.07655502392344497,1.2790426125420549,0.198984894287933
single,989,0,0.40373676696958705,0.34313725490196084,0.2802717270569528,0.7033492822966507,0.10207336523125998,1.5449115550958157,0.24524766582558957
single,990,0,0.3900345932538897,0.35294117647058815,0.2875845438832069,0.7288676236044657,0.11802232854864435,1.6465797948940673,0.2530414861822932
single,991,0,0.4460130300920671,0.29569892473118276,0.264359474635957,0.6523125996810207,0.09728867623604465,1.3941100271586897,0.2245044131917495
single,992,0,0.39827627847084174,0.3988095238095238,0.2614348853941823,0.735576923076923,0.1362179487179487,1.5976389259886041,0.2539196977979617
single,993,0,0.4583256126468687,0.30256410256410254,0.2934380032206119,0.6443381180223285,0.10047846889952154,1.4280728632215567,0.22276990682303835
single,994,0,0.4733613738957841,0.37435897435897436,0.37413674518269296,0.6505636070853462,0.1288244766505636,1.3825554444488153,0.2188719807891489
single,995,0,0.4233235167804443,0.39333333333333337,0.25293300401358443,0.6874003189792663,0.13237639553429026,1.4066191475175909,0.2355631083725542
single,996,0,0.4066021771488056,0.31249999999999994,0.31531682284694335,0.6761904761904761,0.07777777777777778,1.5394681249092868,0.23261627329038007
single,997,0,0.4370146137242323,0.2950191570881226,0.3866091954022988,0.6507177033492823,0.08293460925039872,1.4675472570806398,0.22610423982215444
single,998,0,0.46031473945532103,0.3870967741935483,0.2945899378640653,0.6236044657097288,0.08293460925039874,1.365370130166329,0.2197161154696019
single,999,0,0.5132517302926939,0.4484848484848485,0.35802051083591335,0.5913461538461539,0.11538461538461538,1.17921248337971,0.20156856078161764
