inference,draw,missing_class,macro_f1,recall_medium,precision_medium,ordinal_mae,extreme_error_rate,log_loss,rps
single,0,0,0.45647911373539046,0.36410256410256414,0.3065113995519961,0.6301587301587301,0.09206349206349207,1.4408706107715152,0.22420751869947822
single,1,0,0.4556027385753167,0.38425925925925924,0.32790588427034423,0.6092503987240829,0.06539074960127593,1.4791023194224406,0.2250162143841549
single,2,0,0.454258949510202,0.3333333333333333,0.24475848225848226,0.6089743589743589,0.0592948717948718,1.4549541289779953,0.22522704180250863
single,3,0,0.4633387688718709,0.29378531073446323,0.24879502790461694,0.6315789473684211,0.0909090909090909,1.4305689078274095,0.21733150843639917
single,4,0,0.4465684844611371,0.35384615384615387,0.2772626094732647,0.6220095693779905,0.0685805422647528,1.469827895437235,0.22547259870654227
single,5,0,0.49211808028565884,0.39999999999999997,0.4848441564474173,0.6190476190476191,0.11428571428571428,1.2976398941730782,0.20751455641707742
single,6,0,0.4274936254488039,0.3072916666666667,0.24669012904307022,0.6602870813397129,0.08293460925039874,1.5016690826814514,0.23406807712828437
single,7,0,0.4533033531609365,0.37288135593220334,0.2869683552795507,0.6505636070853462,0.10466988727858294,1.3783150861375386,0.22511416748932414
single,8,0,0.42625996924248905,0.23671497584541065,0.24260470692486122,0.6444444444444444,0.0746031746031746,1.5218202880726437,0.22536007142874803
single,9,0,0.4268318996428831,0.375,0.39065349544072947,0.6602870813397129,0.10047846889952154,1.4447493787308814,0.22752704805483348
single,10,0,0.4282790661306514,0.2807017543859649,0.2663059163059163,0.6380952380952382,0.049206349206349205,1.6031088255715769,0.22729158371132005
single,11,0,0.4954431945749413,0.36815920398009955,0.37616295904621627,0.6073717948717948,0.10416666666666667,1.256032054010092,0.20283414148116172
single,12,0,0.44567735008263826,0.34545454545454546,0.217460899315738,0.6188197767145135,0.06060606060606061,1.5480810515878438,0.23113626155163217
single,13,0,0.4432295952840002,0.3425925925925926,0.3252420838235796,0.6523125996810207,0.09090909090909093,1.5154385542382929,0.22449455728064469
single,14,0,0.39201849546223144,0.3333333333333333,0.22796186160672138,0.6825396825396824,0.07142857142857144,1.6048946312329866,0.24834431241832766
single,15,0,0.4615852812754247,0.4025157232704402,0.2727197573518512,0.6236044657097288,0.09888357256778309,1.380664054446278,0.22137571874381357
single,16,0,0.43190990500008125,0.30303030303030304,0.20653508601858675,0.6443381180223285,0.07814992025518341,1.5977493873594817,0.2354780366308329
single,17,0,0.4666336163032741,0.4230769230769231,0.3928238205346639,0.6092503987240829,0.07814992025518341,1.4360681082529307,0.2231516255534007
single,18,0,0.48808422783464556,0.3333333333333333,0.3375248799906334,0.5881410256410257,0.07852564102564104,1.345640688325367,0.20499246503940308
single,19,0,0.48450761584544844,0.4259259259259259,0.44110290458605067,0.607936507936508,0.11428571428571428,1.294971830091172,0.2082609154738461
single,20,0,0.4320938364701808,0.3594771241830066,0.19608286252354049,0.6365079365079366,0.06349206349206349,1.5454088421667416,0.2372652920256717
single,21,0,0.4876703431282617,0.3568075117370892,0.3745322474136034,0.6076555023923444,0.09409888357256778,1.377343545744454,0.21106871922164716
single,22,0,0.4867127075706505,0.367965367965368,0.39797979797979793,0.5936507936507938,0.07936507936507936,1.4117130047497275,0.2085323226834593
single,23,0,0.4670647896482329,0.43283582089552236,0.3650657518582047,0.6298076923076924,0.10256410256410257,1.4631621540713768,0.2261590618555119
single,24,0,0.4940006762541668,0.38308457711442784,0.3794426933961817,0.5961538461538461,0.09935897435897438,1.2501269159719122,0.2019246652128093
single,25,0,0.4701973769845656,0.4047619047619048,0.3701754385964912,0.6012759170653907,0.0909090909090909,1.3381007506516303,0.21056349346464642
single,26,0,0.41728285358131023,0.3607305936073059,0.3350728286766298,0.6936507936507937,0.1126984126984127,1.5995557543949905,0.24594794299885617
single,27,0,0.4150237685908225,0.3333333333333333,0.2014601585314977,0.6907051282051282,0.11057692307692307,1.5549877452072236,0.24616390833991822
single,28,0,0.4248392372308171,0.38271604938271603,0.39409141583054624,0.6634920634920635,0.10000000000000002,1.5184964876306912,0.2360655764826642
single,29,0,0.46176271735144364,0.3850574712643678,0.2806328491995015,0.6299840510366826,0.09728867623604465,1.4440861536154201,0.22425026730809428
single,30,0,0.452567949704385,0.4401709401709401,0.37371440058007227,0.6236044657097288,0.07336523125996809,1.5858158907101048,0.2277630337967941
single,31,0,0.47561837677364555,0.3930348258706468,0.3227174791273903,0.6126984126984127,0.08095238095238096,1.4973980460558867,0.22078701168327353
single,32,0,0.4822644084346097,0.4463276836158192,0.3269973602332427,0.6121794871794872,0.09775641025641026,1.4081336870222316,0.2153272122418561
single,33,0,0.4648701678075129,0.3661971830985915,0.3639620924343147,0.5857142857142857,0.08095238095238096,1.2938480865983568,0.2071929239702608
single,34,0,0.4529716400180006,0.27878787878787875,0.20040966519839762,0.6222222222222222,0.07142857142857142,1.5243519474421499,0.22579123104752066
single,35,0,0.4615508422170958,0.35028248587570615,0.258281408491523,0.6153846153846154,0.07692307692307691,1.3878379277831323,0.21869676488122106
single,36,0,0.4492284358576227,0.40816326530612246,0.22535259717922254,0.606060606060606,0.07177033492822966,1.4719155559070398,0.22939176242573708
single,37,0,0.4120629193565491,0.26515151515151514,0.31589635854341735,0.6619047619047619,0.05714285714285714,1.6001360559871525,0.23093262536860604
single,38,0,0.4769997580555568,0.31963470319634696,0.3137016798218984,0.5873015873015873,0.05396825396825397,1.3845771456528568,0.20554385616493978
single,39,0,0.48503225932272126,0.3494623655913978,0.31888762539447474,0.6076555023923444,0.09728867623604466,1.2966349248395534,0.20280165297845973
single,40,0,0.4360533203716482,0.3164556962025316,0.35025244665767535,0.6587301587301586,0.09206349206349207,1.540421677315192,0.23309127114925918
single,41,0,0.4703666921916585,0.3717948717948718,0.3879329004329004,0.6142857142857143,0.08253968253968254,1.3480610304049676,0.21323189403879605
single,42,0,0.4575762069049636,0.3376068376068376,0.3784182678919521,0.6314102564102564,0.08653846153846152,1.4241299289877318,0.21795024625489934
single,43,0,0.45013365973823,0.35135135135135137,0.3321662770143126,0.6331738437001595,0.07974481658692184,1.584668490314998,0.23128032336864066
single,44,0,0.506560458144497,0.4305555555555555,0.4197051769207967,0.5904761904761905,0.09523809523809523,1.2816563649126782,0.20087689062764702
single,45,0,0.45988548041904403,0.4366197183098592,0.36950764415553145,0.6317460317460317,0.09841269841269841,1.5285344693611105,0.23064313297377673
single,46,0,0.4902950542454112,0.4189189189189189,0.4261567933981727,0.5780998389694042,0.08373590982286634,1.298400005298149,0.19762035307115902
single,47,0,0.3974494495588268,0.2785388127853881,0.2690960578284522,0.7017543859649124,0.09409888357256778,1.607831789952378,0.24429466588961346
single,48,0,0.4134662910723685,0.34761904761904755,0.292954548988509,0.6650717703349283,0.08452950558213716,1.631714546351641,0.24499560367373516
single,49,0,0.45341893405566464,0.3022222222222222,0.31396365916855085,0.6140350877192983,0.06379585326953748,1.4913827940978248,0.2152879598324086
single,50,0,0.45714642272942857,0.35555555555555557,0.2882715070809554,0.6506410256410257,0.10737179487179488,1.3443903556245858,0.22256481021123117
single,51,0,0.43845834262799555,0.37745098039215685,0.3229524141334959,0.6555555555555556,0.1015873015873016,1.5339492877018612,0.23367647711818554
single,52,0,0.4678135930010063,0.39548022598870053,0.3103109903381643,0.6378205128205129,0.10897435897435898,1.3980520428041834,0.2215772795538192
single,53,0,0.4359713439473823,0.34006734006734013,0.4689124772716104,0.645933014354067,0.07496012759170655,1.496607240012935,0.22481755728316735
single,54,0,0.4526180723212258,0.3333333333333333,0.3546171394762296,0.6156299840510366,0.06220095693779904,1.4259200357657298,0.21412773561745668
single,55,0,0.39687650504147576,0.3236714975845411,0.29245935716058574,0.7161084529505582,0.11802232854864432,1.6078945847383264,0.2497116400399726
single,56,0,0.4539720944768937,0.3645833333333333,0.26948897254061577,0.610576923076923,0.0608974358974359,1.4052085234425882,0.22254433561908663
single,57,0,0.4734751276789552,0.39035087719298245,0.37953823953823956,0.5857142857142857,0.06825396825396825,1.3814528334528866,0.20847466027239916
single,58,0,0.4005055948925537,0.27705627705627706,0.29558287795992716,0.7031746031746032,0.0984126984126984,1.5435140890547858,0.24027299776345035
single,59,0,0.4247647606695706,0.34722222222222227,0.30087412053082957,0.6666666666666666,0.08452950558213716,1.5726552837373415,0.23648910141893328
single,60,0,0.4137310481009429,0.2987012987012987,0.31123683749275305,0.6889952153110048,0.09409888357256779,1.513044119675751,0.2346505791159655
single,61,0,0.44566224581075736,0.3962962962962963,0.41193653059471175,0.620414673046252,0.06060606060606061,1.494616956418424,0.22082701038831173
single,62,0,0.4705537152542707,0.33928571428571425,0.26310463468933415,0.6057692307692308,0.08814102564102566,1.341067782604627,0.2112339584156534
single,63,0,0.48868637831191974,0.35265700483091783,0.32028985507246377,0.576923076923077,0.059294871794871785,1.398936249250993,0.20518459307796713
single,64,0,0.44737493804058776,0.35714285714285715,0.30894861497271137,0.645933014354067,0.08293460925039874,1.3674600403947617,0.22153367868188692
single,65,0,0.425324629228318,0.32916666666666666,0.33823312489979157,0.6555555555555556,0.07777777777777778,1.4850438804661792,0.22548152434207447
single,66,0,0.5229617336677831,0.3688888888888889,0.4354288499025341,0.5587301587301587,0.08095238095238096,1.2771544816686522,0.18986985108703933
single,67,0,0.428209183550661,0.35028248587570615,0.2627104377104377,0.6843800322061192,0.10950080515297907,1.4708790154192213,0.2369371096315449
single,68,0,0.45232033713970426,0.40860215053763443,0.33292915268618145,0.6507177033492823,0.1164274322169059,1.4571537580355145,0.22863669652373486
single,69,0,0.46357133878385137,0.3803418803418803,0.37472840862434387,0.6172248803827752,0.07655502392344497,1.33432136754662,0.21432868449407685
single,70,0,0.41906431529242405,0.3434343434343434,0.2605017921146953,0.6522435897435898,0.07211538461538462,1.5349957057389687,0.23422046855588785
single,71,0,0.46034564101019004,0.431924882629108,0.36670058796924465,0.6310679611650486,0.09061488673139158,1.4029519869837779,0.22088339767986043
single,72,0,0.43362389402344803,0.34313725490196084,0.30710013336208203,0.6634768740031898,0.10047846889952154,1.5222975606787206,0.2317854850198322
single,73,0,0.42108559889292757,0.33695652173913043,0.40404900154684453,0.638095238095238,0.06507936507936507,1.5231774508952796,0.230072023429335
single,74,0,0.4852376608776458,0.3625730994152046,0.2837653815324719,0.5849358974358975,0.08012820512820513,1.4085965425767288,0.20491800189020912
single,75,0,0.48563305437390536,0.38222222222222224,0.4006004730642412,0.594551282051282,0.08333333333333333,1.2748399930063907,0.20234913398956392
single,76,0,0.4541557115394554,0.43502824858757067,0.2866903118917789,0.6395534290271132,0.08931419457735247,1.4663845984542279,0.23204732480784682
single,77,0,0.4580344594924853,0.36477987421383645,0.26238937702528187,0.6506410256410257,0.11378205128205128,1.371258312497739,0.22416094162675812
single,78,0,0.44658015689226893,0.3134920634920635,0.3844954266006897,0.6333333333333333,0.08095238095238096,1.4566368713799263,0.22176370994776604
single,79,0,0.4813799932749116,0.3717948717948718,0.37745571658615135,0.5897435897435898,0.06410256410256411,1.3673633272796957,0.20509462033127643
single,80,0,0.4397333266531483,0.38431372549019605,0.4061942959001783,0.6444444444444444,0.08571428571428573,1.509622820223611,0.2321230972594974
single,81,0,0.42770861637357255,0.28961748633879786,0.2546780229707059,0.6875,0.11538461538461538,1.4162414979010662,0.23317252315855144
single,82,0,0.4342556951674112,0.35858585858585856,0.30905270727295203,0.6571428571428571,0.10317460317460318,1.4728257763819528,0.23179672966242312
single,83,0,0.39565760500371705,0.329004329004329,0.31090059729300235,0.6714285714285714,0.07936507936507936,1.6147723578137907,0.24102036074414204
single,84,0,0.45770832619843577,0.376984126984127,0.402500952792971,0.6190476190476191,0.0746031746031746,1.500458450697583,0.2220845960639896
single,85,0,0.4374427395899609,0.3236714975845411,0.32837301587301587,0.6876006441223833,0.12077294685990338,1.3803736213953617,0.22842549543839472
single,86,0,0.45922498343917306,0.35784313725490197,0.29544319600499375,0.6108452950558214,0.06379585326953748,1.3478427541018647,0.2084281167899359
single,87,0,0.43126109421519293,0.2777777777777778,0.31454705638474295,0.660287081339713,0.08293460925039872,1.4811165977974607,0.22747857707732913
single,88,0,0.43123894375703337,0.3376623376623377,0.30592905444390595,0.6365079365079365,0.05714285714285714,1.6076756726574732,0.2316231595550017
single,89,0,0.5030584499702103,0.37333333333333335,0.4038146441372248,0.5721153846153847,0.07532051282051282,1.2719435842452433,0.20006234765837272
single,90,0,0.44690682091276485,0.38011695906432746,0.26402408162178004,0.6505636070853462,0.09661835748792269,1.4748266754632162,0.2295152619259898
single,91,0,0.4922888477561533,0.4008438818565401,0.47804853924804963,0.6041666666666667,0.10576923076923077,1.177496444689858,0.20027019827492584
single,92,0,0.4787751111089776,0.3142857142857143,0.329998204161215,0.5968253968253968,0.07936507936507936,1.3428635870669485,0.20505991532776022
single,93,0,0.467859312438369,0.40740740740740744,0.36912280701754385,0.6618357487922705,0.13365539452495975,1.3804218705043334,0.22670996869149787
single,94,0,0.4672784906392649,0.3168724279835391,0.3957454612140106,0.6251993620414673,0.0861244019138756,1.3922630326318346,0.2110881706612168
single,95,0,0.3539490388689485,0.3582089552238806,0.24338372235930306,0.7400318979266348,0.0909090909090909,1.8056464978248867,0.2729010370780223
single,96,0,0.5187303621802916,0.40375586854460094,0.42847673160173166,0.5571428571428572,0.08730158730158731,1.2167836835208015,0.19074495636849634
single,97,0,0.49109313390794435,0.42105263157894735,0.29169880520266184,0.5566188197767145,0.06060606060606061,1.398061577902734,0.2073830298839169
single,98,0,0.4599228595602562,0.36947791164658633,0.41103653075332974,0.6206349206349207,0.08253968253968254,1.3621963293007482,0.2153040009289957
single,99,0,0.4769957933284694,0.4215686274509804,0.37374847374847375,0.5793650793650793,0.08253968253968254,1.4435015466646803,0.21040063127311934
single,100,0,0.438881957317045,0.31963470319634696,0.2880281143212178,0.6349206349206349,0.06349206349206349,1.6548916442850157,0.23589473575972766
single,101,0,0.4446000385528796,0.3972602739726027,0.33621849412846316,0.6111111111111112,0.06507936507936508,1.5825271568768666,0.22008483759321953
single,102,0,0.465322946599454,0.45502645502645495,0.34080401110215774,0.6233974358974359,0.09775641025641024,1.4868548112759943,0.22561035522736406
single,103,0,0.4412712397964235,0.3333333333333333,0.3210651828298887,0.6063492063492063,0.05873015873015872,1.4211347112084372,0.21989082495166015
single,104,0,0.47296030519306015,0.39705882352941174,0.3308954524144398,0.5952380952380952,0.07301587301587302,1.4233767069218828,0.21570612455303717
single,105,0,0.44809470782754834,0.3188405797101449,0.3196418517145251,0.6698412698412698,0.11428571428571428,1.432964755058232,0.22957270416229913
single,106,0,0.45187811366617225,0.3387096774193548,0.2958904109589041,0.6395534290271132,0.10207336523125997,1.3552371066747944,0.21648566522758372
single,107,0,0.4845350267186521,0.40598290598290604,0.45692408418766567,0.5619047619047619,0.08412698412698412,1.2909644780835778,0.195335705857577
single,108,0,0.4456848660983399,0.31313131313131315,0.29331630481055765,0.6586538461538461,0.09935897435897435,1.5242666974256611,0.2308386431162477
single,109,0,0.40283478995261607,0.3489583333333333,0.2547969292401954,0.7001594896331738,0.10047846889952154,1.6115208082055006,0.24662005579882984
single,110,0,0.44675222604409975,0.36764705882352944,0.3137260032445183,0.6283891547049442,0.08133971291866028,1.4849846144869296,0.22437048933766554
single,111,0,0.4517331944370922,0.2831541218637993,0.4233617581075208,0.6315789473684211,0.07177033492822966,1.4582853114285157,0.21429225479760627
single,112,0,0.4428512663419136,0.3429951690821256,0.31216931216931215,0.6507177033492823,0.09409888357256779,1.5515275305665952,0.23266786102885298
single,113,0,0.46115888271725214,0.3943661971830985,0.35577651515151515,0.6395534290271132,0.09888357256778309,1.3651269346007278,0.22045929902967817
single,114,0,0.4961552566546417,0.3697916666666667,0.34425239112739114,0.594551282051282,0.09294871794871795,1.2874600289235276,0.20441009314683603
single,115,0,0.4550259616819983,0.38028169014084506,0.31363636363636366,0.6185897435897436,0.06570512820512821,1.4778941751132273,0.22201520240839734
single,116,0,0.4413692212187213,0.29951690821256033,0.29794479981047145,0.6634768740031898,0.10047846889952154,1.541544031576084,0.23266849428117106
single,117,0,0.45330501218920166,0.4177777777777778,0.3819127381320959,0.6111111111111112,0.08253968253968254,1.4532426093079056,0.22256342030933865
single,118,0,0.43481742906478554,0.3603603603603604,0.3878862150920974,0.6857142857142858,0.13174603174603175,1.5027123148431485,0.23654870778523182
single,119,0,0.46561026266136357,0.3918918918918919,0.36470664729516433,0.6158730158730158,0.08412698412698412,1.4843817110459756,0.2234315912779888
single,120,0,0.43787620148164524,0.36923076923076925,0.29699248120300753,0.6602870813397129,0.09728867623604466,1.5135873248945895,0.23030817703042242
single,121,0,0.47901180129865145,0.39215686274509803,0.3545547095682597,0.5873015873015873,0.07936507936507936,1.323068625050008,0.20748702779874284
single,122,0,0.451414978614938,0.3190476190476191,0.28652188216972746,0.6379585326953748,0.07177033492822966,1.4130170178528736,0.21968231415212167
single,123,0,0.4561663705339549,0.293859649122807,0.3342519015333771,0.639423076923077,0.08493589743589743,1.4288070198712646,0.2199172936321542
single,124,0,0.4600253624668806,0.25333333333333335,0.22446518338179933,0.6392914653784219,0.12399355877616747,1.2372496776990805,0.20869630509514206
single,125,0,0.4796433417075423,0.36936936936936937,0.36962993938354205,0.5904761904761905,0.07619047619047618,1.393425794002687,0.2084141831219729
single,126,0,0.4934613660857475,0.36574074074074076,0.3799059139784946,0.5645933014354068,0.07177033492822966,1.2664048648118882,0.19163067404650821
single,127,0,0.4272706369470076,0.31764705882352945,0.3377407193196667,0.6571428571428571,0.06507936507936508,1.5391220144885436,0.2341206956514816
single,128,0,0.4484389776047235,0.3735632183908046,0.26970752824411365,0.6253968253968254,0.08730158730158731,1.4749417022901632,0.23011109345284061
single,129,0,0.4719270053625926,0.3717948717948718,0.413985193348742,0.6365079365079365,0.10476190476190476,1.2857056366472375,0.2109806471675921
single,130,0,0.4386964206229936,0.37089201877934275,0.3416213416213416,0.6666666666666666,0.1084529505582137,1.4877173019855015,0.2341746773635507
single,131,0,0.5071851012745952,0.3980099502487562,0.3662208324574312,0.5757575757575757,0.08133971291866028,1.344031748464432,0.20516953311005662
single,132,0,0.4448890196632702,0.35323383084577115,0.3075661375661376,0.653968253968254,0.09365079365079365,1.4612066196460793,0.2253109569239801
single,133,0,0.4382942432247707,0.32432432432432434,0.31499134568188275,0.6506410256410255,0.08173076923076923,1.5004890785866916,0.2268202787324691
single,134,0,0.4549864729735656,0.37931034482758624,0.26573366797613857,0.6158730158730158,0.07936507936507936,1.4306476231864949,0.23113859909636214
single,135,0,0.4086273910708503,0.34358974358974365,0.2795654565456546,0.7115384615384616,0.1169871794871795,1.5541000939395513,0.24581968617652028
single,136,0,0.4837618856820918,0.4444444444444444,0.3913424315302603,0.620414673046252,0.12280701754385966,1.3143830048139156,0.21066981824901398
single,137,0,0.45157287812936103,0.4012345679012346,0.27842607055817353,0.6347687400318979,0.10685805422647528,1.4069214841452526,0.22566999560165413
single,138,0,0.4626349776512633,0.435483870967742,0.2803987414392492,0.5746031746031746,0.04126984126984127,1.5034579101750445,0.22000535467195484
single,139,0,0.4425274561280221,0.3828828828828829,0.3508417927368373,0.6492063492063492,0.09365079365079365,1.4860619832793802,0.22947623974140663
single,140,0,0.4457722900347066,0.3717948717948718,0.33774557165861513,0.6185897435897436,0.0592948717948718,1.4927594745722061,0.22378134812586348
single,141,0,0.4312833015969742,0.36318407960199006,0.2795863088932371,0.6475279106858054,0.07177033492822966,1.5472481825633722,0.23566939605117485
single,142,0,0.49926855016724275,0.376984126984127,0.44520735524256655,0.573015873015873,0.06984126984126983,1.3236142775007895,0.19744141186079955
single,143,0,0.41253417686646054,0.3111111111111111,0.3453296703296704,0.6380952380952382,0.046031746031746035,1.542739177117155,0.22350635543081995
single,144,0,0.4520308422740824,0.3611111111111111,0.2930640446452299,0.6015873015873017,0.049206349206349205,1.5411566040528484,0.23274863229446963
single,145,0,0.48497857992248017,0.4078947368421053,0.4579566003616637,0.6379585326953747,0.12440191387559807,1.3602811110635071,0.21581996465056022
single,146,0,0.5032002398919081,0.41545893719806765,0.3950904392764858,0.5730158730158731,0.0857142857142857,1.3032097201260506,0.20304230661067582
single,147,0,0.4868439667907505,0.3614457831325302,0.3977057884270643,0.5841269841269842,0.05873015873015872,1.3880445393402765,0.20956345289016787
single,148,0,0.43903168314985375,0.4264705882352941,0.34185082703970915,0.6317460317460317,0.09523809523809523,1.3961057635304055,0.22481890882740604
single,149,0,0.4853685151063985,0.3761904761904762,0.39228395061728394,0.6041666666666666,0.10096153846153848,1.2221597591732318,0.20355324976830572
single,150,0,0.48755941645146067,0.28502415458937197,0.3296908315565032,0.6124401913875598,0.09250398724082935,1.3667861935529235,0.2107561603724608
single,151,0,0.45469295581889835,0.40625,0.2973519304629068,0.6317460317460317,0.07936507936507937,1.5642808168912197,0.2338366107623067
single,152,0,0.4635585577582621,0.39153439153439146,0.30075200012813635,0.6236044657097289,0.0861244019138756,1.4786909782603086,0.22830416403739331
single,153,0,0.42933481916350136,0.35585585585585583,0.3090342679127726,0.6586921850079744,0.07814992025518341,1.5125197091399851,0.2275340821745345
single,154,0,0.4854523183708697,0.3505747126436782,0.2869696104328788,0.6009615384615384,0.08974358974358974,1.3175121859818428,0.20933202648863966
single,155,0,0.45828285507340016,0.35000000000000003,0.16801823368643645,0.6089743589743589,0.07692307692307693,1.4978237533830496,0.23055298925589804
single,156,0,0.4463016721565541,0.3448275862068966,0.4052402696238313,0.6063492063492064,0.06666666666666667,1.445749209088424,0.21774804700972872
single,157,0,0.4033975568724794,0.3666666666666667,0.21416088289147625,0.6990291262135923,0.11003236245954691,1.662036695774546,0.25406000623952507
single,158,0,0.46725389236556936,0.3192488262910798,0.27639385858954196,0.5936507936507937,0.03809523809523809,1.5478223021084438,0.22130493388051406
single,159,0,0.4823374262857088,0.3859649122807017,0.2837024087024087,0.6076555023923446,0.08771929824561403,1.3030712041248862,0.21062376983072628
single,160,0,0.4399830979813159,0.42512077294685985,0.3083012915311052,0.6299840510366826,0.06539074960127592,1.6712519136775876,0.23840192540286634
single,161,0,0.4969144904071578,0.3505747126436782,0.33885807234580606,0.6137820512820512,0.12179487179487179,1.2245286650669105,0.20534251931625347
single,162,0,0.43405585756806664,0.34299516908212563,0.27739234449760763,0.638095238095238,0.06349206349206349,1.5508937956218147,0.22842571532590786
single,163,0,0.4636213056488813,0.40952380952380957,0.3447884416924665,0.6251993620414673,0.08452950558213716,1.4906883672100164,0.223504687444121
single,164,0,0.4513003638453228,0.38652482269503546,0.44255281059792345,0.6222222222222222,0.06666666666666667,1.46128658862702,0.2211788097515338
single,165,0,0.45534810180122953,0.3717948717948718,0.3515735071433274,0.6251993620414673,0.07017543859649122,1.4291559664957212,0.21673606972088463
single,166,0,0.46448293330984547,0.375,0.38935332961780755,0.6379585326953748,0.11004784688995216,1.2541646028681332,0.20988263481365563
single,167,0,0.4760421721244416,0.4444444444444445,0.3445294784580499,0.6140350877192983,0.08771929824561404,1.4146786579365005,0.22273402643154402
single,168,0,0.4794117627201299,0.3775100401606426,0.4424297924297924,0.5714285714285715,0.07142857142857144,1.3711102880328774,0.2073264055234361
single,169,0,0.4989695883101528,0.41791044776119407,0.3952982878544676,0.5737179487179488,0.09294871794871795,1.2080351782869438,0.1972340169357818
single,170,0,0.42396419425837056,0.314176245210728,0.37616702602942076,0.671474358974359,0.08333333333333333,1.5051863972722828,0.22610444490354611
single,171,0,0.4572553523583535,0.3333333333333333,0.2596312617944759,0.639423076923077,0.09935897435897435,1.4018431841152565,0.2212258242381939
single,172,0,0.4618354623254859,0.3737373737373737,0.32133445472385763,0.6427432216905902,0.09888357256778309,1.4300599067545108,0.22265493110635262
single,173,0,0.3975079429576172,0.34299516908212563,0.2665055495882564,0.6858054226475279,0.07974481658692185,1.6628309268503212,0.24895567086268278
single,174,0,0.4495339729622024,0.3857142857142857,0.369342771184731,0.6634768740031898,0.11802232854864432,1.4575660463853193,0.23382778948352032
single,175,0,0.4419823302234375,0.3125,0.25868153002040667,0.6443381180223285,0.07974481658692185,1.4899131417348326,0.2259764224707992
single,176,0,0.4329620899665121,0.35632183908045983,0.3885053784004426,0.653968253968254,0.07777777777777778,1.5026384556929262,0.23084279449927161
single,177,0,0.4688215251199337,0.4343434343434344,0.3157021425244527,0.6009615384615384,0.06410256410256411,1.4557138900282862,0.21833272076836963
single,178,0,0.4587474372873321,0.4166666666666667,0.3218133469019366,0.6346153846153846,0.09134615384615385,1.4248797588109652,0.22565288763756153
single,179,0,0.4227264843783487,0.3333333333333333,0.2817194326410916,0.6666666666666666,0.08095238095238096,1.586412089809497,0.23735544891424531
single,180,0,0.40584031043278607,0.3856209150326797,0.24165654034075087,0.735576923076923,0.14423076923076925,1.5309879048192805,0.2538976891623244
single,181,0,0.4264601513777225,0.35842293906810035,0.39773669531132216,0.6379585326953748,0.05582137161084529,1.5734007526580018,0.2242645535985527
single,182,0,0.459697319502907,0.38461538461538464,0.33219098656323864,0.6333333333333333,0.10317460317460318,1.396864408038349,0.22250861362926513
single,183,0,0.40879032106322355,0.26666666666666666,0.30766081871345036,0.6825396825396824,0.07142857142857144,1.6440327291818149,0.2422548989535744
single,184,0,0.43679451520374535,0.2777777777777778,0.2582195536672918,0.6349206349206349,0.06031746031746032,1.531704637994172,0.2286598192511626
single,185,0,0.4923461300920596,0.3955555555555556,0.3833649714057801,0.5825396825396826,0.07142857142857142,1.461299294620251,0.21188142760433773
single,186,0,0.48250540008367787,0.35294117647058826,0.3542225970435964,0.5974235104669887,0.08856682769726247,1.2807034141501596,0.20584683317695618
single,187,0,0.46911821863818365,0.4155251141552511,0.38375745621798707,0.6095238095238095,0.08730158730158731,1.4847371636481952,0.2192431286320836
single,188,0,0.4300567668368572,0.3636363636363636,0.321327507833532,0.6924315619967794,0.12238325281803543,1.444931751321006,0.23379022567205507
single,189,0,0.451759231129183,0.366120218579235,0.2527598291145089,0.6140350877192983,0.059011164274322174,1.509807261256588,0.2274241711570584
single,190,0,0.5261211704373218,0.4156378600823045,0.47434266720179474,0.5432692307692308,0.07051282051282053,1.2199725320043646,0.18720625469933685
single,191,0,0.4398182350430018,0.3333333333333333,0.325141997482423,0.6428571428571429,0.07777777777777778,1.542818890924247,0.23172507192848754
single,192,0,0.44798957547507606,0.39444444444444443,0.28166829541493077,0.6285714285714287,0.08412698412698412,1.4562059712759627,0.22971981388015847
single,193,0,0.4907558694036271,0.4063926940639269,0.3952277962406147,0.6000000000000001,0.09047619047619049,1.4413864012195898,0.21243583695300713
single,194,0,0.4698061503412956,0.3125,0.2853962073689524,0.5952380952380952,0.07301587301587302,1.3856028092104369,0.20759409150844996
single,195,0,0.4035608642505282,0.35978835978835977,0.288047370847073,0.6619047619047619,0.10317460317460318,1.5370592427100356,0.23800120240899544
single,196,0,0.4504485263241058,0.33796296296296297,0.29802867383512543,0.6236044657097288,0.06220095693779904,1.4988779895523543,0.22516809601569818
single,197,0,0.43528329774232444,0.35784313725490197,0.32692089433662463,0.6460317460317461,0.1015873015873016,1.445377280255065,0.2300534822132715
single,198,0,0.47429453601448124,0.3515151515151515,0.28897849462365593,0.5666666666666665,0.08412698412698412,1.278167195078238,0.19890593853737049
single,199,0,0.39442941394973374,0.30864197530864196,0.3193746830419156,0.6971153846153846,0.08653846153846155,1.562241501367022,0.24124544725974215
single,200,0,0.4518844797652895,0.3385416666666667,0.3043833503281303,0.6603174603174603,0.1111111111111111,1.4156493706790287,0.2231171248931946
single,201,0,0.4339581921013742,0.3140096618357488,0.27823439878234396,0.6555023923444977,0.08771929824561403,1.4502425065493014,0.22798554997377277
single,202,0,0.4652864030714356,0.4152046783625731,0.30132510673747787,0.6410256410256411,0.10897435897435899,1.4212907917484623,0.22313471149460595
single,203,0,0.48174109717048214,0.3904761904761905,0.3497046738572162,0.5980861244019139,0.07496012759170655,1.3896093994241194,0.21189486938666569
single,204,0,0.44571212134897026,0.3377192982456141,0.34561501300631736,0.6379585326953748,0.08452950558213716,1.4370919665817048,0.2178347079977917
single,205,0,0.4630458855915851,0.4444444444444444,0.34961884961884965,0.625,0.08493589743589743,1.5194564629443261,0.23010021136054495
single,206,0,0.4480786698141353,0.4444444444444444,0.3346214355948869,0.6283891547049442,0.07814992025518341,1.4913231219630434,0.233058153603912
single,207,0,0.47377379110117435,0.3763440860215053,0.29542679542679545,0.6174603174603175,0.0857142857142857,1.4335755222047926,0.22651386257189632
single,208,0,0.4994939269107986,0.3489583333333333,0.32936507936507936,0.5881410256410257,0.08653846153846152,1.2549204203941666,0.20155261496677215
single,209,0,0.4585816305198381,0.441025641025641,0.3362480072798429,0.6474358974358975,0.10096153846153845,1.4643208609867309,0.22470830848448023
single,210,0,0.44520313742887835,0.36111111111111116,0.3321453274763971,0.6507177033492823,0.09250398724082935,1.5446986137907677,0.23762108674244353
single,211,0,0.4405059388120225,0.390625,0.3110563667073911,0.6444444444444445,0.09841269841269841,1.4386396393057053,0.23017367765415017
single,212,0,0.43816650347336755,0.2911392405063291,0.3215574702290361,0.6298076923076923,0.0673076923076923,1.4121416259718582,0.21978024542080746
single,213,0,0.423392795129252,0.2512820512820513,0.26400051347308734,0.6859903381642513,0.11272141706924316,1.441721727790841,0.22555509948333982
single,214,0,0.42717886834853785,0.3103448275862069,0.3731275331741714,0.657097288676236,0.07814992025518341,1.5538582966434529,0.23125059690736782
single,215,0,0.43376673771830293,0.375,0.2848077215382277,0.6634615384615384,0.09455128205128205,1.475666567388031,0.2373745195681809
single,216,0,0.4069914621746449,0.2676767676767677,0.2712121212121212,0.7087378640776699,0.11974110032362457,1.4543716882358748,0.23417057421395113
single,217,0,0.4855691396039923,0.40096618357487923,0.3341255034352049,0.5869218500797447,0.06379585326953748,1.396820227992267,0.2061496009357564
single,218,0,0.4947145558463462,0.3838383838383838,0.3105183347118831,0.5741626794258373,0.05582137161084529,1.38786921987212,0.20658432059475673
single,219,0,0.495789093704809,0.39999999999999997,0.3596101388954167,0.5587301587301589,0.04444444444444445,1.3315640035527954,0.20508099635138718
single,220,0,0.44322054042971376,0.3333333333333333,0.3395907322847962,0.6012759170653909,0.06539074960127592,1.4653186527993596,0.21299827869113566
single,221,0,0.4124339703110689,0.37606837606837606,0.3431261283914037,0.6460317460317461,0.0761904761904762,1.5431019860156432,0.2314986116287064
single,222,0,0.4139738935190345,0.27692307692307694,0.23452380952380955,0.6682692307692308,0.08012820512820513,1.4890574699433141,0.23424507710809497
single,223,0,0.4963227624971465,0.4047619047619047,0.31486256603097856,0.6022544283413849,0.0998389694041868,1.2270880214192506,0.20368493272256138
single,224,0,0.45709747460229594,0.35000000000000003,0.32058318399044206,0.673076923076923,0.1346153846153846,1.386566792496244,0.22577684360315484
single,225,0,0.4322646607162383,0.2751322751322751,0.23044385849263896,0.6174603174603175,0.0634920634920635,1.474136855361463,0.2243958320172655
single,226,0,0.4506730399683192,0.3796296296296296,0.32092962592962593,0.6317460317460317,0.07301587301587302,1.5474441735427373,0.2292172863598166
single,227,0,0.46146955584186894,0.3636363636363636,0.349386526220448,0.6063492063492063,0.06349206349206349,1.4948747504715685,0.21793366327146316
single,228,0,0.455927215122272,0.37777777777777777,0.2636345136345136,0.6028708133971292,0.06220095693779904,1.5606769675504422,0.22534843634141152
single,229,0,0.4932266697864269,0.37566137566137564,0.32988303864591084,0.5980861244019139,0.0909090909090909,1.2932253060045538,0.20035275205539374
single,230,0,0.45554694284719116,0.39393939393939387,0.2603640367923306,0.6253968253968254,0.08730158730158731,1.5353841127227728,0.22895789175747386
single,231,0,0.43101884637375026,0.3833333333333333,0.37877942504915246,0.653968253968254,0.09206349206349207,1.499552707330342,0.2339201673939609
single,232,0,0.43239802719020615,0.350210970464135,0.32940411593494295,0.6317460317460317,0.060317460317460325,1.5532048794231006,0.23151900975688247
single,233,0,0.44343566982699545,0.30864197530864196,0.34665796679670974,0.6285714285714286,0.06984126984126984,1.5276664438789045,0.22270187128388588
single,234,0,0.4217398039699063,0.297979797979798,0.22780476086025547,0.6523809523809524,0.05555555555555556,1.5741204324322273,0.239584539391171
single,235,0,0.43427413188472025,0.3768115942028986,0.3037250656785644,0.6571428571428571,0.0857142857142857,1.6210825571636598,0.23592393045416926
single,236,0,0.45324708495344573,0.4657534246575343,0.35707417582417583,0.6063492063492063,0.06666666666666667,1.564286065000406,0.22999557534521067
single,237,0,0.48622321082262504,0.43715846994535523,0.32535652105870616,0.607085346215781,0.08856682769726247,1.3285297062660317,0.213544140506403
single,238,0,0.46292985080706356,0.4413145539906103,0.3498087188431251,0.6063492063492064,0.07301587301587302,1.5495628787018825,0.22572561102109887
single,239,0,0.4122786704328976,0.366120218579235,0.26021984220893996,0.6939102564102564,0.10256410256410257,1.569482064718599,0.25102400687761156
single,240,0,0.42150310343317837,0.3888888888888889,0.282666093345705,0.6618819776714514,0.07814992025518341,1.592700905936594,0.2420314244900824
single,241,0,0.41497570947814566,0.3452380952380952,0.3827659090170065,0.6809523809523809,0.10000000000000002,1.552207060942927,0.24147046069805275
single,242,0,0.44822347792571354,0.39215686274509803,0.3978367327532924,0.6283891547049442,0.07177033492822966,1.421313700767275,0.2210162645779307
single,243,0,0.43862583721771853,0.2711864406779661,0.20572400236579344,0.6412698412698412,0.07142857142857144,1.533091206998055,0.22811774106989538
single,244,0,0.44532776957458964,0.31782945736434104,0.3700411522633745,0.6174603174603174,0.06031746031746032,1.4267756305381747,0.21879428434845316
single,245,0,0.45121178560790814,0.32142857142857145,0.3617920334816153,0.6047619047619047,0.05396825396825397,1.4789339774577275,0.21351116653878088
single,246,0,0.4356927625240541,0.37837837837837834,0.3233219227704122,0.6395534290271132,0.07177033492822966,1.5728722735561587,0.23613846702898963
single,247,0,0.4926968387698649,0.36507936507936506,0.3169464855320118,0.5833333333333334,0.07692307692307691,1.3086878368717283,0.20044643608127602
single,248,0,0.45636567901347963,0.3475177304964539,0.22998131514373835,0.6153846153846154,0.10256410256410257,1.3374859345203152,0.21882734695352637
single,249,0,0.4281621936795386,0.41573033707865176,0.4197450248756219,0.653968253968254,0.08253968253968254,1.6357179085095541,0.23964428852654088
single,250,0,0.47835950580995384,0.3833333333333333,0.2769297592454703,0.6012759170653909,0.06858054226475278,1.412198750754597,0.21780052782909265
single,251,0,0.46393951767019437,0.3383838383838384,0.30484866011181805,0.6201923076923076,0.08333333333333333,1.3970989715926727,0.2152373033346956
single,252,0,0.42661901648183015,0.33771929824561403,0.2864265364265364,0.6396825396825397,0.046031746031746035,1.5685818522655055,0.23430615029977162
single,253,0,0.46773247185160866,0.34825870646766166,0.28489558448797575,0.5968253968253968,0.05396825396825397,1.5670970985188524,0.22370560408311083
single,254,0,0.5137008161893384,0.2916666666666667,0.24610136452241715,0.5422647527910686,0.054226475279106866,1.273640145497621,0.19106005793354686
single,255,0,0.45926250265878865,0.36923076923076925,0.33811675720718554,0.6220095693779905,0.10207336523125998,1.31907673544422,0.21098970288344712
single,256,0,0.479328582584563,0.3153153153153153,0.35495744191396367,0.5952380952380952,0.07619047619047618,1.393796216953973,0.20626360493789694
single,257,0,0.49041083415716175,0.4252873563218391,0.3179335614388075,0.6038647342995169,0.09339774557165863,1.346697562258777,0.21044037094825319
single,258,0,0.46939864982110785,0.3279569892473118,0.2864548923510593,0.5897435897435898,0.07532051282051282,1.348859055761584,0.2066477195438283
single,259,0,0.4688015162851668,0.37547892720306514,0.395688480862684,0.5825396825396826,0.046031746031746035,1.5442267638485223,0.21202977216934835
single,260,0,0.4371665623807312,0.39181286549707606,0.2453462397617275,0.6331738437001596,0.07496012759170655,1.5930288118141045,0.23629336911630397
single,261,0,0.4576235913189457,0.3390804597701149,0.25326157860404436,0.6063492063492063,0.07619047619047618,1.4124878318714265,0.21671738288436135
single,262,0,0.3955051568341861,0.37558685446009393,0.29331896951163006,0.7031746031746032,0.09365079365079365,1.6645418269014691,0.2583486057776861
single,263,0,0.4836832023019924,0.4047619047619047,0.28761331681513386,0.6041666666666666,0.08814102564102565,1.412534650639049,0.22313937722998287
single,264,0,0.5040047435702566,0.34246575342465757,0.3727309156481667,0.5619047619047618,0.06666666666666667,1.2767193970700486,0.19375804671348726
single,265,0,0.4993033500586841,0.3602150537634408,0.30409962147051345,0.5789473684210527,0.07496012759170655,1.355202183095237,0.20939731577676202
single,266,0,0.46004271625840837,0.34,0.2301578301442219,0.626984126984127,0.09999999999999999,1.4388385827650143,0.22372067003740592
single,267,0,0.4409311334520775,0.38308457711442784,0.34176212685960355,0.6666666666666666,0.11746031746031745,1.5019338570890808,0.23745348359200338
single,268,0,0.522769756791632,0.375,0.3232923164392463,0.5222222222222223,0.047619047619047616,1.3864625228932261,0.19262785203804245
single,269,0,0.4355733588555937,0.379746835443038,0.34509033346242646,0.6475279106858055,0.07177033492822966,1.570267423202799,0.23968438846142706
single,270,0,0.4453658925529587,0.2866666666666667,0.18411106646400763,0.6330128205128205,0.07852564102564102,1.4546782987824336,0.2277919322544382
single,271,0,0.4376565316001804,0.3333333333333333,0.2707416443423906,0.6362179487179488,0.07211538461538462,1.5704723586148706,0.2320662993820609
single,272,0,0.4713769450402497,0.4000000000000001,0.33069513702425096,0.6156299840510366,0.08931419457735247,1.3683962708574633,0.223644054290196
single,273,0,0.5221749361087166,0.4129353233830846,0.38070859286049163,0.5650793650793651,0.08253968253968254,1.2672501151641147,0.19808285370292741
single,274,0,0.4229744617803823,0.40350877192982454,0.32893081761006293,0.6443381180223285,0.06698564593301436,1.6318929067854369,0.24236139070899174
single,275,0,0.45897440603274414,0.3636363636363636,0.23962005483744617,0.6267942583732057,0.07814992025518341,1.4455909141662329,0.21893682893323477
single,276,0,0.5067711051071574,0.44017094017094016,0.4145160345323888,0.5390749601275916,0.05263157894736842,1.2859998384307672,0.1899258217366179
single,277,0,0.47386483113058137,0.40229885057471265,0.4665895775516497,0.6124401913875598,0.08771929824561403,1.3847239507803473,0.21327985326473783
single,278,0,0.500676333549836,0.43333333333333335,0.36780509811630796,0.5661881977671451,0.06539074960127592,1.3771852087641614,0.20470745510158259
single,279,0,0.48409416202228056,0.4011299435028248,0.29706647430432603,0.6041666666666666,0.08493589743589743,1.3905525377681218,0.21650832122940425
single,280,0,0.45443646038776814,0.3118279569892473,0.253230828304076,0.6344605475040258,0.08051529790660227,1.4738187154320441,0.21687505720640735
single,281,0,0.4296018053481092,0.3611111111111111,0.2875824175824176,0.6956521739130435,0.12721417069243157,1.4708943510290193,0.2416289154686113
single,282,0,0.46313966380930244,0.3242009132420091,0.352771325332301,0.6411483253588517,0.09888357256778309,1.417302639746388,0.22248117885616528
single,283,0,0.4240022865315461,0.3636363636363636,0.32516339869281047,0.6570972886762361,0.07496012759170655,1.6102484742017777,0.23958303620042884
single,284,0,0.44552869716982335,0.37387387387387383,0.33756038647342995,0.638095238095238,0.08095238095238094,1.5564878439450718,0.2330345566599165
single,285,0,0.41707644376292397,0.32950191570881227,0.3782051282051282,0.6793650793650793,0.08888888888888889,1.6734894099329047,0.24110947319323292
single,286,0,0.43364144693652373,0.2824074074074074,0.2686284764705977,0.6379585326953747,0.06379585326953748,1.4850791392253235,0.22223384172140345
single,287,0,0.47511659581003457,0.37654320987654316,0.24934655106464362,0.6156299840510366,0.08293460925039872,1.3909828992099833,0.21692937434202197
single,288,0,0.4615379723775841,0.38164251207729466,0.34710898179646454,0.6379585326953747,0.1036682615629984,1.383990061602314,0.22186741006094013
single,289,0,0.47111935080435074,0.3802083333333333,0.3389599002941901,0.6474358974358975,0.11378205128205128,1.393422363510042,0.21914726538944296
single,290,0,0.47993101925933845,0.375,0.4046853244221665,0.5698412698412699,0.08412698412698412,1.3201788004667456,0.19850697225892222
single,291,0,0.4870468151276092,0.42276422764227645,0.46847561847561847,0.5365079365079365,0.06349206349206349,1.2957304095487634,0.19710826383622337
single,292,0,0.48689083725794324,0.4205128205128205,0.3519751082251082,0.6028708133971291,0.08931419457735247,1.3162022856917248,0.21020024284772262
single,293,0,0.4830978527570129,0.4358974358974359,0.3536199852655549,0.5904761904761905,0.0857142857142857,1.3354771753476953,0.2069801502749862
single,294,0,0.44988981814927503,0.30735930735930733,0.3050577459179609,0.6190476190476191,0.053968253968253964,1.5260243937382025,0.2225036183892235
single,295,0,0.4702736545449781,0.38271604938271603,0.23339869281045753,0.5901116427432217,0.05422647527910685,1.4805875296186153,0.21370784546783272
single,296,0,0.48374679210585625,0.3333333333333333,0.2709409064830752,0.5958132045088567,0.07890499194847021,1.462410514968308,0.21093943902896561
single,297,0,0.46938311260841914,0.3444444444444444,0.27303540222109474,0.6060606060606061,0.07814992025518341,1.4041172555215409,0.2110869984462785
single,298,0,0.39242669262438795,0.2833333333333333,0.20331593084402075,0.6842948717948718,0.08012820512820513,1.5383639879839877,0.23603606227712173
single,299,0,0.45494332770846274,0.2764227642276423,0.3129117259552042,0.6095238095238096,0.046031746031746035,1.4941304187132491,0.21728082473836238
single,300,0,0.43949139037373014,0.3703703703703704,0.24867972002696861,0.6666666666666666,0.10897435897435896,1.5224160703963305,0.23601676772988034
single,301,0,0.47059356572080163,0.37566137566137564,0.3068128784178741,0.6169871794871794,0.08653846153846152,1.4297835127160674,0.22014788199824833
single,302,0,0.4976346161907657,0.3248945147679325,0.41499871874430766,0.5693779904306221,0.07336523125996809,1.2155529009610173,0.19123363221689785
single,303,0,0.4641473462837114,0.3866666666666667,0.23799947329359092,0.6236044657097288,0.0909090909090909,1.5039262473841708,0.22987512083689068
single,304,0,0.4957866288462707,0.40196078431372545,0.43132664437012264,0.5793650793650794,0.1111111111111111,1.184443313724463,0.19491921028010128
single,305,0,0.4511703140745263,0.34803921568627455,0.35032259257205184,0.6682615629984051,0.12440191387559808,1.4654767729007832,0.22879848199682143
single,306,0,0.4530372944322525,0.41071428571428575,0.2574705387205387,0.6047619047619047,0.06666666666666667,1.4564759168351467,0.22414724285167717
single,307,0,0.45394667203365135,0.35616438356164387,0.35547768652791484,0.6301587301587301,0.09206349206349207,1.4122062184737774,0.22006552448522299
single,308,0,0.4901567001206879,0.35111111111111115,0.4649022743843639,0.6012759170653907,0.1116427432216906,1.1747103935230017,0.191386628784918
single,309,0,0.43437810158496654,0.3615023474178403,0.3114961481926441,0.6317460317460317,0.07777777777777778,1.443207065763804,0.22944260150227777
single,310,0,0.4875936966017016,0.4291666666666667,0.4656511319249601,0.583732057416268,0.08931419457735246,1.3134686783932492,0.19909476642470403
single,311,0,0.49006654790778276,0.37662337662337664,0.4130291045656694,0.5761904761904763,0.07777777777777778,1.250923729389977,0.1951338470589439
single,312,0,0.48476985579470017,0.36666666666666664,0.33001149177619765,0.5773524720893142,0.06060606060606061,1.3926450561037986,0.20628777169540943
single,313,0,0.42831997163635793,0.44973544973544977,0.33585434173669465,0.6618589743589743,0.11538461538461538,1.5355635785379775,0.24034766759047402
single,314,0,0.44901527120025597,0.38308457711442784,0.30395036418084903,0.6395534290271132,0.08133971291866028,1.489805499162619,0.23183995175858088
single,315,0,0.45154241715739335,0.4853801169590643,0.3100219374564979,0.6618589743589743,0.11378205128205128,1.5326381516998768,0.2390684449069934
single,316,0,0.48456299223168564,0.34803921568627455,0.3055555555555555,0.5805422647527911,0.05741626794258373,1.382235793370789,0.20651415457141845
single,317,0,0.4119704604009773,0.3541666666666667,0.24475210249072377,0.6634768740031897,0.06539074960127592,1.5909707300282996,0.24262743873366674
single,318,0,0.49221077172876715,0.3817204301075268,0.34398466073706174,0.5571428571428572,0.08095238095238094,1.3005593224473342,0.19869201246306356
single,319,0,0.4336112587311279,0.337037037037037,0.3597733062107134,0.6253968253968254,0.04285714285714285,1.566692243326007,0.22531015544970182
single,320,0,0.4279649956335083,0.3508771929824562,0.3156092383000013,0.6507936507936508,0.07142857142857142,1.5673314343604172,0.230800713395885
single,321,0,0.4800520274508218,0.4269005847953216,0.30444000795322207,0.5917065390749602,0.0861244019138756,1.305474951327167,0.20958993676517756
single,322,0,0.48368000966006647,0.3632478632478633,0.37752699348762225,0.5857142857142857,0.06666666666666667,1.371142186806485,0.21276411588567415
single,323,0,0.4624846686212439,0.34825870646766166,0.2970333587980647,0.6124401913875598,0.07017543859649122,1.3900813095669609,0.20970488200934337
single,324,0,0.4531827893625309,0.3764705882352941,0.39641056664650137,0.626984126984127,0.07301587301587302,1.4163008588227566,0.21890837148453882
single,325,0,0.45933971409115165,0.3904761904761905,0.34868145434715037,0.6394230769230769,0.09775641025641026,1.3652106717484351,0.2199874116017145
single,326,0,0.5185688027388519,0.3961352657004831,0.4028604853491456,0.546031746031746,0.07619047619047618,1.1544935328028798,0.18672975971240754
single,327,0,0.5286354076670037,0.40196078431372545,0.3811433153854966,0.5480769230769231,0.0705128205128205,1.11340126704914,0.18289604854233643
single,328,0,0.45388282886405257,0.43030303030303035,0.30228936617724383,0.6698412698412698,0.13174603174603175,1.471694035281267,0.23095495229945143
single,329,0,0.4873735423919469,0.42929292929292934,0.35564506504356125,0.5925925925925927,0.0853462157809984,1.2807939185552513,0.20581638116194712
single,330,0,0.46772349418196146,0.40845070422535207,0.3753052503052503,0.6079365079365079,0.09047619047619049,1.4349364570373446,0.21896346129041933
single,331,0,0.4494424130594243,0.38095238095238093,0.314254590725179,0.6682692307692307,0.11538461538461538,1.4281930716132398,0.22832956031097917
single,332,0,0.4822886136504041,0.41071428571428575,0.31766034691407824,0.5964912280701755,0.10207336523125997,1.4021946643181495,0.20630502366874034
single,333,0,0.43719657997198097,0.3442622950819672,0.24932786511733881,0.6443381180223285,0.07496012759170655,1.5313326892189654,0.23596654134718018
single,334,0,0.45956358887607723,0.3137254901960784,0.29643929643929645,0.5888888888888889,0.06349206349206349,1.411367166466718,0.20746362848163435
single,335,0,0.4993850704291481,0.42083333333333334,0.39489192750062313,0.561904761904762,0.0492063492063492,1.484634050818667,0.21020066815038477
single,336,0,0.44300687922041554,0.43881856540084385,0.38049859497227917,0.6267942583732057,0.07336523125996809,1.5597357085385728,0.22881256299591776
single,337,0,0.5120607440490046,0.3427230046948357,0.4060512484598949,0.5785256410256411,0.09134615384615385,1.222684071296048,0.18829106735681486
single,338,0,0.4670250993153742,0.36274509803921573,0.3926892551892552,0.6266025641025641,0.11858974358974357,1.2367576263479523,0.20829461683063286
single,339,0,0.41146074561804785,0.293859649122807,0.29035434849388336,0.6857142857142856,0.0857142857142857,1.6248167599862446,0.24342148250849682
single,340,0,0.44824384705727577,0.3552631578947369,0.35004094699225724,0.6330128205128205,0.08012820512820513,1.4240866997333974,0.21969299689147795
single,341,0,0.4768554031192244,0.41062801932367154,0.3374916977100118,0.610576923076923,0.07371794871794872,1.3793889302805191,0.21606059469270658
single,342,0,0.4587969348988266,0.3989071038251366,0.29573303119365907,0.6442307692307692,0.09615384615384615,1.461515019498434,0.22854326569870356
single,343,0,0.42603410569727895,0.3368794326241134,0.41690125296682673,0.6476190476190476,0.06984126984126983,1.4828308049363317,0.22652587972631363
single,344,0,0.45751728969513294,0.40350877192982454,0.39598209948508695,0.6299840510366826,0.09569377990430622,1.3918072004980615,0.22052836437690312
single,345,0,0.49337475194980945,0.3880597014925373,0.3451462552234008,0.5913461538461539,0.07852564102564102,1.3729700651673322,0.20557394915877017
single,346,0,0.4565908054748191,0.3978494623655913,0.32047276892637716,0.639423076923077,0.10576923076923077,1.3843219228410149,0.2261529143183738
single,347,0,0.49720112522937526,0.35585585585585583,0.3860983594889862,0.5841269841269842,0.08095238095238096,1.2162649765968738,0.1960878832756415
single,348,0,0.4208968365512527,0.3544973544973544,0.275837092974995,0.6876006441223833,0.10466988727858294,1.5225843189010655,0.24234276899450743
single,349,0,0.4480497314002891,0.43169398907103823,0.2871344044554043,0.6362179487179488,0.07852564102564102,1.5205126904777664,0.22918659166301544
single,350,0,0.46355510232640457,0.4291666666666667,0.4429133155009893,0.6333333333333333,0.10634920634920636,1.4611730033232977,0.2211600938559668
single,351,0,0.4372357453039301,0.43478260869565216,0.3471055088702147,0.6746411483253589,0.11004784688995213,1.5061951286146,0.24028844337968014
single,352,0,0.5115134679690453,0.3978494623655913,0.37427634791099945,0.555023923444976,0.09250398724082935,1.179139778103992,0.19343905298442124
single,353,0,0.40327798349048655,0.3873873873873874,0.3200213550766841,0.6937799043062202,0.09250398724082935,1.7087648290748512,0.2536339771707416
single,354,0,0.45285004657687883,0.375,0.3521691826465388,0.6474358974358975,0.1201923076923077,1.359449371748177,0.21756166944239316
single,355,0,0.45290762437045995,0.31578947368421045,0.25850474683544306,0.6507177033492823,0.11004784688995216,1.4681114753384639,0.23226299540447304
single,356,0,0.468352643806,0.3439153439153439,0.293013468013468,0.6140350877192983,0.08452950558213716,1.4137794181501766,0.2104948319735551
single,357,0,0.43377069460522694,0.32051282051282054,0.31209751125599655,0.6349206349206349,0.06349206349206349,1.5827913212559597,0.23262668608067505
single,358,0,0.43093369672279663,0.4259259259259259,0.2550359603984232,0.6682692307692307,0.10096153846153848,1.5686934941715391,0.2425750983791085
single,359,0,0.49126887303905326,0.3607843137254902,0.45678968348248467,0.5817307692307693,0.07532051282051282,1.226895218827204,0.19441331148102972
single,360,0,0.4586448606846816,0.3766233766233766,0.38026933531010626,0.6331738437001596,0.0909090909090909,1.419208694161217,0.22164684495150078
single,361,0,0.4442623458621919,0.43010752688172044,0.35350406842461785,0.6794871794871794,0.1362179487179487,1.4380415400200939,0.23465459257714705
single,362,0,0.4800754251791007,0.4090909090909091,0.36417878979548807,0.6158730158730159,0.10317460317460318,1.3729926404343427,0.2127209599887536
single,363,0,0.4996463238298026,0.3873873873873874,0.43970979593096854,0.5920634920634921,0.1015873015873016,1.3194577739364115,0.20089098972595618
single,364,0,0.41778008327283994,0.2692307692307692,0.27187902187902185,0.6476190476190476,0.053968253968253964,1.6295974330523677,0.23581678630123826
single,365,0,0.44678098797144733,0.4615384615384615,0.31453017349264273,0.6394230769230769,0.08333333333333333,1.5194712081232762,0.23591762416993503
single,366,0,0.4626216268026771,0.3377192982456141,0.37299471508332266,0.6317460317460317,0.09365079365079365,1.485728800784188,0.22160100570165375
single,367,0,0.4669368636169984,0.3715846994535519,0.32555119683266137,0.6362179487179487,0.11217948717948718,1.4253911852426506,0.21960979700742222
single,368,0,0.4869412809007598,0.37083333333333335,0.40559362781585007,0.5936507936507937,0.07301587301587302,1.4009933317028782,0.20637494619173657
single,369,0,0.4219848969310834,0.34871794871794876,0.27700574818076196,0.665079365079365,0.09206349206349207,1.5454577062668218,0.23368342147985355
single,370,0,0.48163830554048914,0.41269841269841273,0.3416717580260189,0.6137820512820512,0.09935897435897435,1.4111266155589606,0.21093195732976744
single,371,0,0.43717309156925294,0.3026315789473684,0.33625046451133406,0.6570048309178743,0.09178743961352658,1.3826636256914238,0.220949610766593
single,372,0,0.4131265539166942,0.380281690140845,0.3251724137931034,0.7015873015873016,0.11428571428571428,1.6348739147573361,0.2551170667989379
single,373,0,0.4212297628512343,0.2922374429223744,0.2766062627719678,0.6539074960127591,0.06858054226475278,1.5509110473522683,0.23667887533653498
single,374,0,0.5049665396391233,0.3632478632478633,0.4084963559647104,0.5534290271132376,0.06220095693779904,1.1886464825433063,0.1866918212167028
single,375,0,0.4783864293838678,0.43333333333333335,0.24614256163458292,0.5857142857142857,0.06825396825396825,1.4458374179384077,0.2177879690085296
single,376,0,0.4771119513676871,0.3523809523809524,0.3913706140350877,0.6124401913875598,0.10526315789473684,1.3748002373423318,0.21019519327380823
single,377,0,0.4720574761461678,0.3864734299516908,0.36039886039886043,0.6330128205128204,0.10256410256410257,1.3737938526655569,0.21892324318217574
single,378,0,0.46200040560907646,0.3092369477911647,0.3631410256410256,0.617224880382775,0.06539074960127592,1.4049944194219413,0.2156500194946318
single,379,0,0.4837325478692797,0.36410256410256414,0.2918662063332962,0.5666666666666667,0.049206349206349205,1.5423515371450989,0.21208575507424096
single,380,0,0.45344303923717016,0.3803921568627451,0.4103401977521696,0.6188197767145135,0.07496012759170655,1.5049702908481022,0.22141763563071948
single,381,0,0.4163526682184963,0.2541666666666667,0.29810461456031073,0.6714743589743589,0.07692307692307691,1.5664310257520386,0.22813150622794945
single,382,0,0.43521454520375463,0.3722943722943723,0.35713703706825584,0.6666666666666666,0.09728867623604466,1.581302003856348,0.23587692264714355
single,383,0,0.4742313141073826,0.3568075117370892,0.33775766716943184,0.6057692307692308,0.07532051282051282,1.3479620738738565,0.20936707634214058
single,384,0,0.48505745420082635,0.43881856540084385,0.42247284318039985,0.5634920634920636,0.06349206349206349,1.3823426865150443,0.20472508152292246
single,385,0,0.48468680052702656,0.34234234234234234,0.374270251987147,0.6,0.08412698412698412,1.4100688721287788,0.21217599069501802
single,386,0,0.39194715725342677,0.28125,0.24073249452009873,0.7161084529505581,0.11483253588516747,1.591624664608273,0.2516881844963162
single,387,0,0.42460176147820206,0.2916666666666667,0.261800530093213,0.682769726247987,0.1030595813204509,1.48763322334964,0.23135937619125044
single,388,0,0.39717219842901774,0.3802083333333333,0.2590231304580351,0.6923076923076924,0.08493589743589743,1.6302767934659101,0.25380833326395297
single,389,0,0.46818511706467086,0.3904761904761904,0.33144428503108564,0.6044657097288676,0.07017543859649122,1.463470689221735,0.21966760723032674
single,390,0,0.5169684937724265,0.4566210045662101,0.3965952629745733,0.5126984126984127,0.042857142857142864,1.4706763432756482,0.19244931815784524
single,391,0,0.45464965995509926,0.38993710691823896,0.2351046698872786,0.631578947368421,0.07814992025518341,1.4845193397295418,0.2306451148315006
single,392,0,0.49419422805903124,0.3803418803418803,0.4170916480768958,0.5901116427432217,0.08293460925039872,1.2427631003382296,0.20297854920525812
single,393,0,0.47479625642357487,0.39766081871345027,0.2946804439341753,0.6158730158730158,0.09841269841269841,1.35979348010543,0.2126523739881739
single,394,0,0.4245077645032027,0.32269503546099293,0.41540404040404044,0.6523809523809524,0.0761904761904762,1.557850414708714,0.23078433466249093
single,395,0,0.5183481367092474,0.3875,0.4451388888888889,0.5614035087719298,0.0733652312599681,1.1947771999119732,0.19156152016175096
single,396,0,0.44488764475600046,0.3888888888888889,0.2748643039591316,0.6217948717948717,0.10096153846153848,1.3809580699543569,0.21768497478171878
single,397,0,0.4620377149133484,0.3742690058479532,0.30030709197089217,0.6682539682539682,0.13174603174603175,1.4714053039766555,0.23047307176361478
single,398,0,0.46988705959199595,0.3980099502487562,0.3537451137018905,0.6236044657097288,0.10047846889952151,1.4751981010203945,0.2249263679335615
single,399,0,0.45591536373381975,0.356060606060606,0.3751394671159838,0.5980861244019139,0.0430622009569378,1.4623863796193701,0.21476107957463833
single,400,0,0.46588296548376884,0.39344262295081966,0.29595105945451144,0.607936507936508,0.08095238095238096,1.4453768270178833,0.21603255425413778
single,401,0,0.3989507764949869,0.33777777777777773,0.2968826240173489,0.6921850079744817,0.08452950558213716,1.6748430580354492,0.2506971869156173
single,402,0,0.489724344224165,0.39548022598870053,0.2659328645985429,0.5777777777777778,0.049206349206349205,1.4692613250033284,0.21816274893281107
single,403,0,0.4463307958270868,0.3544973544973544,0.27152656764307254,0.6365079365079365,0.08095238095238096,1.4999379977324943,0.2265692116710333
single,404,0,0.47217155163214447,0.39269406392694056,0.37445887445887444,0.6070853462157809,0.08051529790660227,1.4286781818364176,0.21533942297840689
single,405,0,0.45061953286002693,0.3821138211382114,0.3918266855272929,0.6349206349206349,0.08253968253968254,1.4869558866679526,0.22583392162423035
single,406,0,0.42620340839986187,0.35185185185185186,0.328643907964943,0.6746411483253588,0.10207336523125997,1.4923218009053023,0.2319973302935935
single,407,0,0.49687996551832697,0.3287671232876712,0.3593396262614635,0.580952380952381,0.0746031746031746,1.3489908431123452,0.20083128742106193
single,408,0,0.47508280541566233,0.38095238095238093,0.38738277919863595,0.6124401913875598,0.08293460925039874,1.3991021441971618,0.2155465976701428
single,409,0,0.44171987156292974,0.3822222222222222,0.3618946519182183,0.6650641025641025,0.10096153846153848,1.5177405984853591,0.23266749542986467
single,410,0,0.4169839592336297,0.3474178403755868,0.2915090483316705,0.665079365079365,0.07936507936507937,1.6596883871941206,0.24213354110644159
single,411,0,0.4199868471879195,0.3640350877192982,0.3708839406207827,0.6985645933014354,0.12121212121212122,1.6397828494280553,0.24670846332085405
single,412,0,0.45294048753446686,0.3617886178861789,0.4030012771392082,0.6395534290271132,0.09090909090909093,1.4525692296017596,0.22096059466000537
single,413,0,0.39291758880179023,0.2777777777777778,0.3471713471713471,0.6939102564102564,0.08012820512820512,1.5821706691180328,0.240912791867497
single,414,0,0.41274560859928217,0.345679012345679,0.3435700297190154,0.653968253968254,0.0746031746031746,1.5367597700951168,0.23563000835808687
single,415,0,0.4650068417295816,0.42288557213930345,0.37802840434419377,0.6602564102564102,0.125,1.4291993010055701,0.2261381491313317
single,416,0,0.4567808777641313,0.3896103896103896,0.3739535250720006,0.6333333333333334,0.0857142857142857,1.5833165081360219,0.22885399078884686
single,417,0,0.4270160741409758,0.3333333333333333,0.3398329346959484,0.6603174603174603,0.09999999999999999,1.515558524829533,0.23310947171275834
single,418,0,0.42444793547196696,0.3101851851851852,0.28385040885040885,0.6587301587301587,0.0746031746031746,1.5573051348438927,0.23516761452939342
single,419,0,0.4667480304318088,0.4109589041095891,0.3623391928369215,0.6199677938808373,0.08212560386473429,1.3589246733302165,0.21231521125984432
single,420,0,0.4697311710274285,0.3541666666666667,0.3260905132271137,0.6328502415458938,0.10466988727858294,1.3380472066063156,0.21185776463702802
single,421,0,0.4528329879567235,0.3383838383838384,0.30046685340802987,0.6491228070175438,0.09569377990430622,1.4604394494529742,0.2218477504152233
single,422,0,0.4286375354279905,0.265625,0.24760621825839216,0.6602870813397129,0.09409888357256779,1.490178994746401,0.2294369199478318
single,423,0,0.4408745162674028,0.288135593220339,0.25598290598290596,0.6794871794871794,0.1201923076923077,1.392091327205285,0.22592423764750183
single,424,0,0.4750912117929404,0.3924050632911393,0.3948034979044262,0.6063492063492064,0.0761904761904762,1.4207136222202108,0.2091055344424817
single,425,0,0.44883927423916514,0.3511111111111111,0.31942412955953975,0.6220095693779903,0.06220095693779904,1.4986230318002536,0.22589864284711555
single,426,0,0.45392436899141014,0.35784313725490197,0.3604048964218456,0.6475279106858055,0.11642743221690592,1.3666233739981832,0.22141868452405153
single,427,0,0.43965431081701595,0.3333333333333333,0.24522336827676094,0.6442307692307692,0.08493589743589743,1.4981115578937303,0.22793902669925115
single,428,0,0.4663709211624624,0.4012345679012346,0.2785576747736805,0.6426282051282052,0.11057692307692307,1.4315476833396843,0.22583288440412175
single,429,0,0.4447533697772134,0.32882882882882886,0.2953534644194757,0.6190476190476191,0.05714285714285714,1.589190474637804,0.23189606799473947
single,430,0,0.4784664621398877,0.3684210526315789,0.26672385694689904,0.6044657097288676,0.07974481658692184,1.4661848702037323,0.217784352043918
single,431,0,0.4512333019942783,0.37448559670781895,0.3727983779041976,0.6222222222222222,0.06984126984126983,1.5102876080952312,0.22213052352745496
single,432,0,0.4589573940121807,0.4102564102564103,0.3836802150303295,0.6283891547049442,0.08293460925039872,1.5424678450814302,0.22465779025786414
single,433,0,0.43651571254714594,0.3333333333333333,0.29619957330406066,0.6634768740031897,0.09250398724082935,1.6422164647336839,0.23491575468695222
single,434,0,0.4239203912686959,0.45,0.2881138953471684,0.6794258373205743,0.10047846889952154,1.6106628067852033,0.24901163704870447
single,435,0,0.4427729101503825,0.3661971830985915,0.36235017110593154,0.6682692307692308,0.11538461538461538,1.4423481688294189,0.2304122744397317
single,436,0,0.45794230012248055,0.3781094527363184,0.33823953823953823,0.6095238095238096,0.08888888888888889,1.3545381088845359,0.21460586181513364
single,437,0,0.47826525888256155,0.4067796610169491,0.2982202982202982,0.5964912280701755,0.08133971291866028,1.3863458624890084,0.21088701675103452
single,438,0,0.4451297928038133,0.37333333333333335,0.3771017561340142,0.6444444444444445,0.09999999999999999,1.4632600230195665,0.2237790175863179
single,439,0,0.45395764961764834,0.39153439153439157,0.2887502440347969,0.607936507936508,0.06984126984126983,1.470939818693334,0.22493816925623236
single,440,0,0.42993389627253015,0.3137254901960784,0.39750845693468645,0.673076923076923,0.09935897435897435,1.47748430029605,0.2297573629775401
single,441,0,0.4671565507475248,0.3972602739726027,0.3962837837837838,0.6111111111111112,0.09682539682539681,1.4260433531712877,0.2137504265293779
single,442,0,0.42043713144383377,0.40952380952380957,0.309870566828029,0.6682615629984051,0.0861244019138756,1.6197234807017171,0.2435458804641406
single,443,0,0.44055830644862176,0.43781094527363185,0.30889126759606156,0.6379585326953748,0.07655502392344497,1.6218840273867385,0.23849662356554355
single,444,0,0.4337429172879947,0.40090090090090086,0.3210281519421549,0.6222222222222222,0.060317460317460325,1.5345708196748875,0.22901169801047894
single,445,0,0.4736892936141806,0.3870967741935483,0.29202718441938935,0.6028708133971291,0.07017543859649122,1.4173596969600792,0.2199070683001226
single,446,0,0.4670788314713163,0.4761904761904762,0.22383305548940224,0.5952380952380952,0.08095238095238096,1.4140514729085882,0.21784606028835654
single,447,0,0.4393513192668856,0.3145539906103287,0.3078900347951475,0.6619047619047619,0.09523809523809523,1.471748883918423,0.2312412608192768
single,448,0,0.4410468956836074,0.42483660130718953,0.24635962658179514,0.6473429951690822,0.09500805152979065,1.5164518516278909,0.23823286962993254
single,449,0,0.4594460708451204,0.38383838383838387,0.33638828352013284,0.6427432216905901,0.10526315789473684,1.4776318106034552,0.22675608144311474
single,450,0,0.46942336801719914,0.41991341991341996,0.3743794723251803,0.5920634920634921,0.06190476190476191,1.4996210087511048,0.219334299286995
single,451,0,0.43602276087811354,0.4000000000000001,0.28540504954551227,0.6714975845410628,0.10466988727858294,1.4721242134447774,0.23495559628137594
single,452,0,0.4368293425484713,0.36574074074074076,0.2864437012263099,0.6206349206349207,0.047619047619047616,1.6177548686818553,0.22803722258330886
single,453,0,0.4667841470166032,0.27927927927927926,0.3263141620284477,0.6217948717948719,0.08333333333333333,1.385208284853901,0.214523625864677
single,454,0,0.4331476869273671,0.3450980392156862,0.3694029850746268,0.6379585326953748,0.06698564593301436,1.4939486709080938,0.22348069603844276
single,455,0,0.44855294736320817,0.36111111111111116,0.35897004752936956,0.6587301587301587,0.11111111111111112,1.4701159921004454,0.23188210085812147
single,456,0,0.47392137635162385,0.45679012345679015,0.27960612184750117,0.6041666666666666,0.08173076923076923,1.3534091564831412,0.21816818190343334
single,457,0,0.4731247699140862,0.3063973063973064,0.4838332833767571,0.5933014354066986,0.057416267942583726,1.3663334545640078,0.201437598041066
single,458,0,0.44105082805041396,0.3333333333333333,0.3027640941434045,0.6474358974358975,0.09615384615384615,1.4869270885460306,0.23034643173689048
single,459,0,0.4778058049684453,0.3333333333333333,0.29672364672364676,0.6047619047619048,0.08095238095238096,1.4443431998060692,0.21399508905918782
single,460,0,0.44984875702826677,0.3142857142857143,0.319884949246108,0.6523125996810207,0.10047846889952154,1.5324560722778393,0.23110559343923986
single,461,0,0.45540124725088876,0.3989071038251366,0.3444456272325125,0.6810897435897436,0.14102564102564102,1.426406022745647,0.23401160313133693
single,462,0,0.35546619586215167,0.29710144927536236,0.32224049707602337,0.7126984126984127,0.06507936507936507,1.8694292200830092,0.25836072748757105
single,463,0,0.4701131983619149,0.3735632183908046,0.2758038432267884,0.5952380952380952,0.07777777777777778,1.443382017677276,0.21243292363808175
single,464,0,0.4603988083890895,0.36936936936936937,0.3401149642905977,0.6142857142857143,0.06984126984126984,1.5130664306023405,0.22375377315324077
single,465,0,0.47652381078497813,0.37566137566137564,0.32519379844961244,0.6363636363636364,0.10685805422647528,1.3563319154602114,0.2187253791753093
single,466,0,0.4239948642651568,0.3333333333333333,0.2500048022436082,0.6698564593301436,0.09569377990430622,1.5067217054864617,0.24016785125886683
single,467,0,0.4551798155091047,0.3333333333333333,0.30699608610567514,0.6253968253968254,0.06666666666666667,1.5787026957376418,0.22680764482882484
single,468,0,0.4569840107344782,0.3461538461538461,0.2287262872628726,0.6333333333333333,0.09206349206349207,1.4624215114429528,0.2308460799997385
single,469,0,0.48781822229469096,0.37777777777777777,0.31512006512006513,0.6137820512820512,0.09935897435897435,1.2806849155174704,0.21183088266621386
single,470,0,0.4426703390053636,0.32432432432432434,0.32081377151799684,0.6427432216905901,0.08293460925039872,1.4382853625814171,0.22697850562067637
single,471,0,0.4569257857439877,0.4079601990049751,0.3340584560464079,0.6063492063492063,0.08095238095238096,1.540225795988318,0.22280562343547516
single,472,0,0.4958492591228408,0.4080459770114942,0.3026690113955977,0.5845410628019324,0.08051529790660225,1.222051377985594,0.20229768541337587
single,473,0,0.47508854070247253,0.43010752688172044,0.32882246730598585,0.6201923076923077,0.09615384615384615,1.4337646015654968,0.2181094762942365
single,474,0,0.46305162902505687,0.41111111111111115,0.3303174635141848,0.6015873015873016,0.09841269841269841,1.3659005381640368,0.211376614734053
single,475,0,0.45884579008363024,0.3803418803418803,0.35700757575757575,0.6169871794871795,0.06570512820512821,1.354275683372813,0.21872829458369383
single,476,0,0.4432200514746946,0.4313725490196078,0.3534973798131693,0.6666666666666666,0.11428571428571428,1.5276824168409293,0.23752089169051613
single,477,0,0.4506298101264057,0.3763440860215053,0.29966605210978536,0.6206349206349207,0.08888888888888889,1.3173269475706182,0.21731093629531184
single,478,0,0.46465621967921433,0.38993710691823896,0.2514742628685657,0.6299840510366826,0.0909090909090909,1.4413089690991467,0.22757280953865436
single,479,0,0.4141148109482912,0.36923076923076925,0.2521622902414426,0.6555555555555556,0.06349206349206349,1.6495602591025367,0.2387805660865109
single,480,0,0.484423095486801,0.3380281690140845,0.37597119655943184,0.607085346215781,0.0933977455716586,1.2799732206822134,0.19907148496832697
single,481,0,0.4081353886202823,0.2923076923076923,0.23407500732957742,0.6777777777777777,0.08095238095238096,1.6867411587547767,0.24655027960621942
single,482,0,0.44814624727726077,0.24242424242424243,0.2394619683622241,0.6315789473684211,0.07496012759170655,1.5015834407320938,0.2227677248763915
single,483,0,0.4440931650041064,0.3768115942028986,0.3554768610936403,0.6747181964573269,0.11916264090177135,1.3863340447505739,0.2239271690620316
single,484,0,0.5091163961814189,0.3825136612021858,0.29325355419329596,0.5444444444444444,0.0492063492063492,1.4341402935702716,0.20390071845555566
single,485,0,0.49526891257032335,0.4497991967871486,0.45052254269791625,0.5725677830940988,0.07017543859649122,1.3537513751056824,0.20243506244824364
single,486,0,0.43500770958775986,0.3703703703703704,0.33314033636614276,0.6507936507936508,0.09206349206349207,1.458232079108672,0.2318768081453757
single,487,0,0.49613934255786424,0.41414141414141414,0.38098889769348093,0.6041666666666666,0.10256410256410257,1.2371352225235044,0.20515170892739443
single,488,0,0.4771057151415017,0.41269841269841273,0.33403361344537813,0.6124401913875598,0.09409888357256779,1.370444597981063,0.21107619518095175
single,489,0,0.43393641129773736,0.35580524344569286,0.3843650170201623,0.6317460317460317,0.06190476190476191,1.539587110947459,0.23199593051116918
single,490,0,0.4364185929668916,0.38011695906432746,0.24596753480248626,0.6442307692307693,0.08173076923076923,1.6218892895806603,0.24560299115082418
single,491,0,0.4926936688992683,0.4292929292929293,0.3828558357637102,0.5980861244019139,0.10047846889952154,1.2862678190028236,0.20590249702426822
single,492,0,0.473275670392646,0.33816425120772947,0.3537943061840121,0.6151368760064412,0.09178743961352658,1.4056174876233947,0.21152529867419423
single,493,0,0.43193824277722587,0.2904761904761905,0.31843514667101647,0.6523809523809524,0.10476190476190476,1.4645906617172038,0.22050739516168663
single,494,0,0.47201164016265945,0.38095238095238093,0.3062212539336722,0.5984126984126985,0.07777777777777778,1.4592397576836589,0.2158504633326183
single,495,0,0.4412702556165029,0.30180180180180183,0.30091555953624916,0.6491228070175438,0.07655502392344497,1.508922295974423,0.2286358079650057
single,496,0,0.4734986916679642,0.2830188679245283,0.23887412392276705,0.6165048543689321,0.0970873786407767,1.2919489717276198,0.20398407739455826
single,497,0,0.45476279034379363,0.2903225806451613,0.2438184038184038,0.620414673046252,0.07177033492822966,1.4830947586376595,0.217422343158858
single,498,0,0.44517173276779065,0.3466666666666667,0.32025179369162043,0.6365079365079365,0.07142857142857142,1.6272489802707941,0.2305402776020596
single,499,0,0.45209379405272127,0.4166666666666667,0.2994273658830621,0.6267942583732058,0.10526315789473684,1.3939939848430114,0.22492100916578395
single,500,0,0.41386597339136105,0.32367149758454106,0.2621802894643946,0.673015873015873,0.0746031746031746,1.5769179473360833,0.24650968972301945
single,501,0,0.4405069339238586,0.3384615384615384,0.30363373377948566,0.6682769726247987,0.10789049919484701,1.3812479287736181,0.22420172615494283
single,502,0,0.43021911446740274,0.35648148148148145,0.352272210344357,0.6937799043062202,0.12440191387559808,1.5401778686105712,0.24168705203563642
single,503,0,0.4451983180811727,0.38095238095238093,0.38737943913119205,0.6506410256410257,0.09935897435897435,1.4163334968718437,0.2243024006662178
single,504,0,0.4521634357243621,0.27878787878787875,0.22154541243284542,0.6236044657097288,0.08771929824561403,1.4138951475065664,0.21256353967157104
single,505,0,0.47789558186260744,0.37333333333333335,0.3580916577157178,0.5984126984126984,0.06825396825396825,1.3164914746017804,0.2072084247922147
single,506,0,0.4991798914662709,0.46969696969696967,0.3569297804591922,0.5721153846153846,0.07051282051282053,1.3620783940578864,0.20870412332477972
single,507,0,0.4517227308333747,0.38235294117647056,0.3212159488021557,0.6444444444444445,0.09523809523809523,1.5613081521304395,0.23230342893225508
single,508,0,0.4801581818746497,0.42512077294685985,0.37440898345153667,0.5746031746031747,0.07777777777777778,1.3481064387466517,0.20976198950864125
single,509,0,0.4280874832097268,0.3768115942028985,0.20285087719298245,0.6827697262479872,0.10789049919484701,1.4890777927218999,0.245542169417356
single,510,0,0.4576874830426649,0.3857142857142857,0.35393041807309644,0.6378205128205129,0.09775641025641026,1.4588496574448604,0.22281004687489867
single,511,0,0.42644644221089845,0.3489583333333333,0.2582523722340342,0.6618819776714514,0.0861244019138756,1.5133211250140004,0.23650550923659583
single,512,0,0.46648706243166954,0.375,0.43556178899797415,0.6140350877192983,0.07655502392344497,1.357713675772156,0.21083600102349986
single,513,0,0.452251174937695,0.44278606965174133,0.3369101860481171,0.6360708534621579,0.08856682769726248,1.5532362974107297,0.23547937020395845
single,514,0,0.4958631981668091,0.40860215053763443,0.3596192408977797,0.6108452950558214,0.11004784688995216,1.3195865529188662,0.20940087192755788
single,515,0,0.47542183859710113,0.28502415458937197,0.329021879021879,0.6266025641025641,0.10096153846153845,1.274996879688375,0.2066217957753961
single,516,0,0.4815866904869049,0.36410256410256414,0.3287868206643388,0.6012759170653909,0.0861244019138756,1.4616388985951476,0.2140890446976231
single,517,0,0.4362546232480051,0.4338624338624339,0.3133804122618307,0.6507936507936508,0.09841269841269841,1.4320740754181605,0.22841783083688494
single,518,0,0.45753976762087906,0.3717948717948718,0.2811456341358438,0.6618357487922705,0.13365539452495975,1.3159756396819362,0.21989275758587787
single,519,0,0.48456985866703567,0.3333333333333333,0.36285560923242083,0.6092503987240829,0.09250398724082935,1.337829940007997,0.20718631222503528
single,520,0,0.46497890746779463,0.38888888888888884,0.3676203795888051,0.6095238095238096,0.0857142857142857,1.496875035741058,0.2200333590856988
single,521,0,0.4973290882465213,0.3888888888888889,0.3897978347326558,0.6009615384615384,0.08974358974358974,1.1897274510385645,0.19504243179535394
single,522,0,0.45437089324450564,0.4696969696969697,0.35345345345345347,0.6507177033492823,0.10526315789473684,1.5238470857371433,0.23723509701695825
single,523,0,0.42665517618982624,0.34599156118143465,0.33241020277176886,0.6460317460317461,0.07142857142857142,1.5330840572812583,0.22771472558190378
single,524,0,0.49965738123320674,0.3898305084745763,0.35941715250957335,0.6140350877192983,0.12440191387559808,1.200091331568253,0.2058912439074072
single,525,0,0.4304954302500239,0.28138528138528135,0.30158360330774125,0.6492063492063492,0.07301587301587302,1.5398143780339337,0.22290275969819273
single,526,0,0.4443700452178044,0.4180790960451977,0.29607907027261865,0.6666666666666666,0.11164274322169059,1.4970909739329574,0.23523222247593134
single,527,0,0.4314672439088712,0.2894736842105263,0.3147712418300654,0.6650641025641025,0.08653846153846155,1.4315047663284892,0.22456395222074113
single,528,0,0.45690388152200806,0.29444444444444445,0.24670948839305837,0.6363636363636364,0.08771929824561404,1.393568081937925,0.22030703999573356
single,529,0,0.4404232415781899,0.27314814814814814,0.29020612874779544,0.6570972886762361,0.08931419457735247,1.5129826046505601,0.23150980847189562
single,530,0,0.4989545102363888,0.42857142857142855,0.331764962571512,0.5709728867623604,0.0685805422647528,1.3744882419404403,0.20259776980081692
single,531,0,0.3930578801104065,0.37878787878787873,0.365848041105773,0.673015873015873,0.07142857142857142,1.667806832825897,0.24254128175880188
single,532,0,0.43868283801458113,0.3875,0.3654916512059369,0.6476190476190475,0.08095238095238096,1.5964236311377424,0.23131181301075898
single,533,0,0.4807260234544631,0.36000000000000004,0.38366960310694326,0.6299840510366826,0.09728867623604465,1.3187801751342,0.20877836470154132
single,534,0,0.4551115529070739,0.33789954337899547,0.35206133735545503,0.6411483253588517,0.09728867623604465,1.3800695080231709,0.21847796759540347
single,535,0,0.4497659504296993,0.35648148148148145,0.3312136968853387,0.6571428571428571,0.09523809523809523,1.4428646042475146,0.2272804205849943
single,536,0,0.44273658829527224,0.3233830845771144,0.2929943502824859,0.6427432216905901,0.0861244019138756,1.5388110478880812,0.2299746343709388
single,537,0,0.5135895190116178,0.40322580645161293,0.39260679079956184,0.5619967793880837,0.10144927536231885,1.0562556212414869,0.18570350262139476
single,538,0,0.4480847854422055,0.35294117647058826,0.2806031523808558,0.6095238095238096,0.053968253968253964,1.4881764726502933,0.22143092887098806
single,539,0,0.4722244566068403,0.39247311827956993,0.294377990430622,0.610576923076923,0.07852564102564104,1.4101876520113443,0.21639811794158637
single,540,0,0.4415538508734846,0.3742690058479532,0.26130940912682793,0.6553398058252426,0.09870550161812297,1.3958090723562873,0.22977456472531155
single,541,0,0.4643390181655771,0.43859649122807015,0.3066822013042943,0.657051282051282,0.11538461538461538,1.4073333631066294,0.22903839537515633
single,542,0,0.4356890303945988,0.37198067632850246,0.3103535353535353,0.657051282051282,0.08974358974358974,1.570433767655196,0.2378902439441156
single,543,0,0.4566382751178382,0.40375586854460094,0.3534044715447155,0.6238095238095238,0.08730158730158728,1.4683418360476492,0.22339804218136808
single,544,0,0.4638101376806106,0.3952380952380952,0.3641937962162681,0.6363636363636364,0.10207336523125997,1.4521887702373142,0.22094591421273324
single,545,0,0.46599030506607814,0.39784946236559143,0.32723978919631097,0.6140350877192983,0.09888357256778309,1.358067479008292,0.21846021835425913
single,546,0,0.47959450982140134,0.39269406392694056,0.38243348691109885,0.6201923076923076,0.09294871794871795,1.3161386779226456,0.20831297809361823
single,547,0,0.45014387626450353,0.34210526315789475,0.331264367816092,0.6095238095238096,0.06349206349206349,1.4842843002659611,0.21797310217328056
single,548,0,0.4567422174655649,0.35028248587570615,0.23910388716890263,0.6124401913875598,0.05741626794258373,1.5102171527283232,0.2247795225713944
single,549,0,0.4659566274274595,0.40196078431372556,0.35504240504240503,0.6264090177133655,0.09500805152979065,1.3873520345018477,0.22153139691296633
single,550,0,0.46096901937428697,0.2885572139303483,0.27420559739999695,0.6220095693779905,0.07496012759170653,1.4471596309841246,0.2201016272826004
single,551,0,0.43275816234604375,0.28703703703703703,0.2638713927783384,0.6363636363636364,0.05901116427432216,1.6024442124372735,0.23171149952231862
single,552,0,0.42980413516443017,0.3680555555555556,0.21751881465143116,0.6778309409888358,0.11802232854864435,1.5267251283747727,0.2434725253789126
single,553,0,0.4087618402636861,0.38308457711442784,0.2926449656407462,0.6921850079744817,0.10047846889952154,1.5159621548114215,0.24522174084156392
single,554,0,0.4073992633206074,0.4180790960451977,0.28210527005167235,0.7177033492822966,0.1291866028708134,1.5817956394376758,0.25499032916250647
single,555,0,0.4061950627134867,0.3513513513513513,0.2863125638406537,0.6523809523809523,0.060317460317460325,1.631880559459164,0.24234447688185787
single,556,0,0.4608756857014662,0.39436619718309857,0.35194442291628997,0.620414673046252,0.0861244019138756,1.4394577461464493,0.2223305302706909
single,557,0,0.47155304907842405,0.3879781420765027,0.32838480884401744,0.6331738437001595,0.11483253588516747,1.3793552264181355,0.21910320803445038
single,558,0,0.5184306058730039,0.40562248995983935,0.4765037593984962,0.5518341307814992,0.07177033492822966,1.2061479505703065,0.19097407501753424
single,559,0,0.4605425736239028,0.41397849462365593,0.3344467717974034,0.655448717948718,0.11538461538461538,1.4468785791550929,0.23000014245890896
single,560,0,0.4135585541415681,0.3539094650205761,0.36491810076715736,0.6666666666666666,0.09047619047619049,1.5872717437576311,0.23612790460226388
single,561,0,0.46074031547881705,0.390625,0.2951180472188875,0.6140350877192983,0.0733652312599681,1.4868433828050913,0.22414551853619255
single,562,0,0.5098664445721904,0.3459915611814346,0.45641453466814985,0.5507936507936508,0.0746031746031746,1.1837581543568072,0.18299180849726593
single,563,0,0.4050111059468347,0.40625,0.27971014492753626,0.6940418679549114,0.0966183574879227,1.6197949141718258,0.2501234898159443
single,564,0,0.46400248614192335,0.391812865497076,0.28484611626770884,0.6217948717948718,0.09455128205128205,1.360254356712075,0.21523506707225581
single,565,0,0.44390204373602155,0.31981981981981983,0.3211197170011681,0.6523809523809524,0.0857142857142857,1.4598297160460103,0.22777894789972028
single,566,0,0.48604566916938713,0.32857142857142857,0.3070782451379466,0.5682539682539682,0.049206349206349205,1.430015604267691,0.2003691336041805
single,567,0,0.4539546469323901,0.3432835820895523,0.32893936191336315,0.6491228070175439,0.11004784688995216,1.3646901768728412,0.22356454194216
single,568,0,0.4191830748874781,0.3072916666666667,0.2619832409306094,0.6666666666666666,0.09223300970873786,1.4791840413682307,0.2332300672469
single,569,0,0.4378907615369885,0.3105022831050228,0.3253138477542405,0.6682692307692308,0.10096153846153845,1.4641353854407118,0.2297499293875281
single,570,0,0.4943311194753039,0.4305555555555556,0.41673280423280423,0.5917065390749601,0.09409888357256779,1.365739794164271,0.2029645934202924
single,571,0,0.43910255576126894,0.27619047619047615,0.26353410483046297,0.6491228070175439,0.07336523125996809,1.5418097636476513,0.22637004599364066
single,572,0,0.4528332215100146,0.3333333333333333,0.3534820031298904,0.6317460317460317,0.07936507936507936,1.4750366388859402,0.22179821237831032
single,573,0,0.44154946450840277,0.38235294117647056,0.3273672687465791,0.646031746031746,0.09682539682539683,1.4883321034877623,0.22468372886876012
single,574,0,0.4717848468486911,0.4761904761904761,0.3822461351722666,0.6060606060606061,0.0909090909090909,1.4560504173631388,0.22212277695774318
single,575,0,0.531707750378816,0.42962962962962964,0.5520881534541372,0.5358851674641149,0.07177033492822966,1.1531086192021138,0.18068572027030108
single,576,0,0.379612770331687,0.2471264367816092,0.18079918032786887,0.7211538461538461,0.10416666666666667,1.6058675955375872,0.25189649773387635
single,577,0,0.3863974364722976,0.42328042328042326,0.29921212272719705,0.7412698412698413,0.1349206349206349,1.7187761779586477,0.26902889734379754
single,578,0,0.39788431350292625,0.3128205128205128,0.2497332125239102,0.7131410256410255,0.10256410256410257,1.6056018983983742,0.2507249631840147
single,579,0,0.4292869780365037,0.3333333333333333,0.2612858107881681,0.6301587301587301,0.06190476190476191,1.5082117719231103,0.23669959878736904
single,580,0,0.43316829015392666,0.3428571428571429,0.29577161968466315,0.6618819776714514,0.0861244019138756,1.6150628469676906,0.23537918235688995
single,581,0,0.42953059804197374,0.3333333333333333,0.3792095564874825,0.6619047619047619,0.0761904761904762,1.5280962356000363,0.23204118572837107
single,582,0,0.5131015896287768,0.421875,0.3998563218390805,0.6051779935275081,0.11488673139158574,1.137364025352259,0.19474322950362646
single,583,0,0.4525523165147615,0.4074074074074074,0.3421474358974359,0.6190476190476191,0.07619047619047618,1.5055854368784019,0.22494534432250432
single,584,0,0.4679876457367551,0.3666666666666667,0.42989804532761866,0.6395534290271132,0.10526315789473684,1.345879395721928,0.2170614293690155
single,585,0,0.47063392656374536,0.35111111111111115,0.38843830888697156,0.626984126984127,0.09999999999999999,1.4169631104918603,0.21810174018314085
single,586,0,0.4061687116257895,0.31531531531531537,0.300152487413855,0.6777777777777777,0.09047619047619047,1.5490133253445668,0.23628404538643247
single,587,0,0.46274073196546933,0.31746031746031744,0.3859302968836437,0.6238095238095238,0.07301587301587302,1.4355477668627403,0.2120541554184189
single,588,0,0.45252507819258986,0.39351851851851855,0.3438971807628524,0.6330128205128205,0.08333333333333333,1.4465004832922883,0.22556931550361117
single,589,0,0.4649516935550364,0.3439153439153439,0.31591191338265906,0.6092503987240829,0.09569377990430622,1.3594367071588056,0.21078209677936358
single,590,0,0.4747238555456264,0.4063926940639269,0.38431043087412325,0.6172248803827751,0.09409888357256778,1.484630640838733,0.22146722174975142
single,591,0,0.49191136680703645,0.4226190476190476,0.3497671470021701,0.6294498381877022,0.127831715210356,1.2341031265368638,0.20850655293239917
single,592,0,0.45584227160075813,0.39344262295081966,0.2781914308674872,0.6283891547049443,0.07814992025518341,1.4496674185846763,0.22494776170770772
single,593,0,0.46120257118226765,0.39436619718309857,0.3486083572005581,0.6103059581320451,0.07568438003220611,1.3921561940721137,0.20940120659768247
single,594,0,0.42240382968335916,0.3137254901960784,0.2647445004089715,0.638095238095238,0.06825396825396825,1.5945029504921033,0.23090347397813435
single,595,0,0.4360918512886042,0.3879781420765027,0.2810657596371882,0.6365079365079366,0.08730158730158728,1.478477274649351,0.23302398194830712
single,596,0,0.44424540990215283,0.3666666666666667,0.31116551445081003,0.6190476190476191,0.06984126984126984,1.6469269857868774,0.2343348127896359
single,597,0,0.4385415683053096,0.3621399176954732,0.36715069080660473,0.6411483253588517,0.07974481658692184,1.4806989125220094,0.22610474169609165
single,598,0,0.40352196354410325,0.3448275862068966,0.21639186706477695,0.6474358974358975,0.0625,1.5702542804495703,0.23461994663194588
single,599,0,0.4487508408344257,0.4186046511627907,0.42094358792119985,0.6285714285714286,0.07936507936507936,1.530789317594344,0.23087375443759503
single,600,0,0.45986325626625274,0.39007092198581556,0.24103782927312342,0.6490384615384616,0.11698717948717947,1.349919372581753,0.2236704332805758
single,601,0,0.4450371354792528,0.32936507936507936,0.3483691522848149,0.6047619047619048,0.046031746031746035,1.5621044844858043,0.2221871481825046
single,602,0,0.49537393141915476,0.43283582089552236,0.39591149591149594,0.5793650793650794,0.09523809523809523,1.360093126397654,0.2052705077349238
single,603,0,0.47332581370698773,0.38461538461538464,0.30570975416336243,0.5885167464114832,0.06379585326953748,1.4127784354655784,0.21257325678787634
single,604,0,0.44597034517462486,0.3375527426160338,0.39747854484696593,0.6222222222222222,0.09206349206349207,1.4049939525489634,0.21870985244852378
single,605,0,0.44141643595935603,0.366120218579235,0.2834152621722847,0.6603174603174603,0.10317460317460318,1.524202221387295,0.23667542482503712
single,606,0,0.48270205345975187,0.37229437229437234,0.375858250276855,0.5888888888888889,0.06984126984126983,1.376515288225009,0.20772071528024175
single,607,0,0.4836563384184917,0.39999999999999997,0.33569017146998803,0.5769230769230769,0.05608974358974359,1.40900186762919,0.21365118344532288
single,608,0,0.39414316201193295,0.3105022831050228,0.2787179487179487,0.6984126984126985,0.08888888888888889,1.648543707756044,0.24749161502647724
single,609,0,0.49483091140797336,0.3992248062015504,0.4406911928651059,0.5582137161084529,0.054226475279106866,1.285735015937571,0.20052399624702422
single,610,0,0.4759190419636834,0.3627450980392157,0.29701726844583987,0.5793650793650794,0.047619047619047616,1.5070258339163602,0.21712166522371837
single,611,0,0.49159830459940995,0.4115226337448559,0.4512653098297316,0.5841269841269842,0.08412698412698412,1.3129371524941986,0.20061213151408105
single,612,0,0.44499459659357404,0.3908045977011494,0.2707808948895536,0.6523125996810207,0.09569377990430622,1.4764300488283861,0.22844342204622978
single,613,0,0.4976058886316767,0.4301075268817205,0.3856640091934209,0.6044657097288676,0.1164274322169059,1.2992248512179143,0.2089976550870817
single,614,0,0.4496388571887559,0.35897435897435903,0.27981539180745424,0.6266025641025641,0.06891025641025642,1.5104094882980272,0.22554972601685955
single,615,0,0.4637182371215251,0.3275862068965517,0.27310373764745033,0.6411483253588517,0.10685805422647528,1.4341294598850238,0.22269748106771167
single,616,0,0.46299956380565915,0.35555555555555557,0.3610240334378265,0.626984126984127,0.08888888888888889,1.483700853626031,0.2230052243802969
single,617,0,0.4408167792965445,0.357487922705314,0.2988677230012445,0.6317460317460317,0.07301587301587302,1.5963490320311626,0.23327850313107268
single,618,0,0.44251788216281107,0.27363184079601993,0.28812260536398465,0.6586151368760064,0.10305958132045089,1.3331482289448737,0.21713107043275381
single,619,0,0.4812967785315954,0.391812865497076,0.31921597779760136,0.6169871794871794,0.11057692307692307,1.3699395801201304,0.2104955513718807
single,620,0,0.4671551788950377,0.3558052434456929,0.4350271408601565,0.6158730158730159,0.0746031746031746,1.4336748276375284,0.21537601155760033
single,621,0,0.4754309070776233,0.37974683544303794,0.4170917869548007,0.5888888888888889,0.07936507936507936,1.3724284571052774,0.20162529276280938
single,622,0,0.48430189988777367,0.39548022598870053,0.3118724575380874,0.5861513687600645,0.08373590982286634,1.321393392137359,0.20503783979899196
single,623,0,0.4483889299294837,0.38235294117647056,0.29529972111678626,0.6331738437001594,0.07017543859649122,1.5069502335534362,0.22838456113090422
single,624,0,0.4667996569798811,0.3768115942028985,0.3270672421626533,0.6076555023923444,0.07496012759170655,1.447634404604196,0.2204611527695501
single,625,0,0.4151410218633263,0.39613526570048313,0.27354701826172617,0.6444444444444445,0.053968253968253964,1.699554570325,0.24265304483995523
single,626,0,0.4706887437143634,0.3660130718954248,0.22763871506049227,0.6124401913875599,0.07655502392344497,1.4102424131378906,0.2191112675660557
single,627,0,0.4602419038202446,0.4246575342465753,0.3747040758738465,0.6174603174603175,0.08730158730158731,1.427701521175349,0.2193388140209274
single,628,0,0.44616455012346795,0.36704119850187267,0.42909453841222,0.626984126984127,0.07777777777777778,1.5261414768933899,0.21774660041355975
single,629,0,0.45789643766369137,0.3731343283582089,0.29958537915984723,0.6031746031746031,0.06507936507936508,1.380231355720395,0.2185651020138313
single,630,0,0.44546550469584245,0.32786885245901637,0.25548715610275113,0.638095238095238,0.0857142857142857,1.5313221566275106,0.23260042280544424
single,631,0,0.45680453127525517,0.32882882882882886,0.36013366750208853,0.6251993620414673,0.09090909090909093,1.3451332868815282,0.21348622231024986
single,632,0,0.44917555870703,0.38257575757575757,0.404875283446712,0.6015873015873017,0.05555555555555555,1.4309861698931474,0.21364456748954508
single,633,0,0.4540203975210908,0.37142857142857144,0.34736048265460034,0.6428571428571428,0.1015873015873016,1.4683313379859086,0.22359891325717815
single,634,0,0.4830640204420839,0.35000000000000003,0.3038278517621738,0.5977564102564102,0.08974358974358974,1.4251619610961495,0.21447506122485552
single,635,0,0.45451064878921565,0.4518518518518519,0.44445584747308886,0.6174603174603175,0.07301587301587302,1.6317987317395126,0.23233085710900792
single,636,0,0.4544492969621881,0.3333333333333333,0.2749354005167959,0.6412698412698413,0.0857142857142857,1.521756461347208,0.22670789068291486
single,637,0,0.46775149074508854,0.3768115942028985,0.35419591926283456,0.6282051282051282,0.09775641025641026,1.3930887493147812,0.21727438386496634
single,638,0,0.4739821725470004,0.41203703703703703,0.3617530236086937,0.6028708133971291,0.07655502392344497,1.4831865696523838,0.22001396828608735
single,639,0,0.42619782146378077,0.2569444444444445,0.17319321119478479,0.6699029126213593,0.10517799352750808,1.4183335161679584,0.22822378955480763
single,640,0,0.4536937244528179,0.37745098039215685,0.3319147394656002,0.6222222222222222,0.08730158730158731,1.3887420917546958,0.21966801942599354
single,641,0,0.4717425946867073,0.3850574712643679,0.2837049419264099,0.6314102564102565,0.09455128205128205,1.3248392712473367,0.2192005369384226
single,642,0,0.477716635126565,0.3978494623655913,0.3260330132700399,0.6140350877192983,0.09569377990430622,1.4123935988790735,0.21780411008613296
single,643,0,0.4975676644952669,0.4479166666666667,0.345467596390484,0.5629984051036683,0.06858054226475278,1.3587294498283418,0.20747015327300458
single,644,0,0.41001201042876145,0.38888888888888884,0.26953173865782487,0.6523125996810207,0.06539074960127593,1.6623908398735834,0.2488780850061388
single,645,0,0.45394976185888614,0.33928571428571425,0.24656432748538012,0.6012759170653909,0.07336523125996809,1.4607421030084493,0.217361050106346
single,646,0,0.4843707064678447,0.4083333333333334,0.4070505360827941,0.5901116427432217,0.07017543859649122,1.4277988529649113,0.21359156270517246
single,647,0,0.46796484195633775,0.3966244725738397,0.386059670781893,0.5968253968253968,0.06825396825396825,1.4696697015285292,0.21991738764170454
single,648,0,0.40373174055444455,0.2898550724637681,0.26548552794576125,0.6349206349206349,0.06984126984126984,1.5455147365979895,0.2284018987232027
single,649,0,0.4666475132727581,0.4090909090909091,0.32207935249172365,0.6222222222222221,0.0857142857142857,1.413639274596042,0.22462186749351312
single,650,0,0.44386910187237927,0.3703703703703704,0.44019805582579946,0.6222222222222222,0.07619047619047618,1.3932829811313716,0.21762389089355794
single,651,0,0.4948964109725294,0.41203703703703703,0.390104620749782,0.5977564102564102,0.08653846153846155,1.3619863191941393,0.20653798662246545
single,652,0,0.4343655477958565,0.37878787878787873,0.30580525489716465,0.6555555555555556,0.09682539682539681,1.4678501962775343,0.23567528139109428
single,653,0,0.4422031181749461,0.34920634920634913,0.2945675612993639,0.6747181964573269,0.1111111111111111,1.3814802731145255,0.2263974599302939
single,654,0,0.4974734101588371,0.39999999999999997,0.279463459759482,0.605475040257649,0.10144927536231885,1.2518636835172738,0.20663748919881994
single,655,0,0.4623497144684414,0.4343434343434344,0.3386402753872633,0.6140350877192983,0.08452950558213716,1.5516857644123287,0.22503472098321745
single,656,0,0.45457882588093007,0.38888888888888884,0.34963369963369967,0.6124401913875598,0.05901116427432216,1.4881362743173383,0.22106174068822282
single,657,0,0.46421213786981935,0.4051282051282052,0.31109739522936697,0.6047619047619048,0.0761904761904762,1.4894384654613069,0.22488600359018754
single,658,0,0.4967497879435137,0.3880597014925373,0.36943164362519204,0.5587301587301587,0.07777777777777778,1.332948385397075,0.19721255181561
single,659,0,0.47907912982092377,0.35964912280701755,0.4407718643012761,0.6063492063492063,0.10634920634920635,1.146825506573463,0.1969072456850425
single,660,0,0.4736180205547735,0.32275132275132273,0.30927055120969577,0.6215780998389694,0.09822866344605474,1.332517681848026,0.21463052780763178
single,661,0,0.4386324534161444,0.34761904761904755,0.34572004328101885,0.6730462519936203,0.11802232854864432,1.413241275060577,0.2286999412951922
single,662,0,0.4333143278646893,0.3333333333333333,0.29674172317760045,0.6507177033492823,0.07177033492822966,1.564735740109042,0.22964550231599956
single,663,0,0.44920255189820607,0.41891891891891886,0.3836175049730037,0.6031746031746031,0.08253968253968254,1.436072266992251,0.2167006611638551
single,664,0,0.4484780565307794,0.3387096774193548,0.26042826258812896,0.6443381180223285,0.08293460925039874,1.5478516111518676,0.22972860312278942
single,665,0,0.4777185177769691,0.3686868686868687,0.33802308802308806,0.617224880382775,0.09728867623604466,1.3656339974006082,0.21284039551445774
single,666,0,0.4643847743769496,0.39436619718309857,0.3604179224432389,0.6092503987240829,0.08293460925039872,1.4095957752551065,0.213263826116083
single,667,0,0.474972462164933,0.3854166666666667,0.3189924231020121,0.5920634920634921,0.07936507936507937,1.40453606973936,0.2139876527104588
single,668,0,0.4562067996539487,0.4844444444444444,0.4438059877416313,0.646031746031746,0.12380952380952381,1.4634227420236934,0.22691943737101483
single,669,0,0.41980489189438375,0.3385416666666667,0.2495902048975512,0.6602870813397129,0.07655502392344497,1.6381122314366021,0.2461371307208823
single,670,0,0.4649587287734662,0.34848484848484845,0.3652191211174877,0.6650641025641026,0.1330128205128205,1.3791557616757195,0.22464133478373524
single,671,0,0.4713484018216458,0.41818181818181815,0.2845798005652429,0.6283891547049443,0.09728867623604465,1.401389479065062,0.22380662328555279
single,672,0,0.4514723200028967,0.35185185185185186,0.2580347496905166,0.6474358974358975,0.10897435897435898,1.477307357554542,0.23534575636965616
single,673,0,0.4489845134123968,0.36410256410256414,0.30207326118275685,0.6475279106858055,0.09888357256778309,1.4576111365400273,0.23256182543054535
single,674,0,0.44135946206723314,0.38396624472573837,0.44469015007700036,0.6810897435897436,0.13141025641025642,1.4202151524075746,0.22980923300277012
single,675,0,0.39389844263499185,0.3145539906103287,0.254553264604811,0.6857142857142858,0.07301587301587302,1.6351347165904129,0.24450863585212637
single,676,0,0.4264660767256499,0.34761904761904755,0.29523809523809524,0.6650717703349281,0.08452950558213716,1.5216635024007819,0.23674265546715587
single,677,0,0.44741557195358134,0.35555555555555557,0.3639774924054129,0.6315789473684211,0.08931419457735247,1.4703121934361179,0.2181623108792201
single,678,0,0.47101653111533454,0.4055555555555556,0.33666448706771285,0.631578947368421,0.1164274322169059,1.3217053789991344,0.21779226416180456
single,679,0,0.4134310153747321,0.2987012987012987,0.29435736677115987,0.657097288676236,0.06858054226475278,1.654475790532129,0.23783603140284615
single,680,0,0.4390384809577215,0.3924050632911393,0.3614705319878955,0.6317460317460317,0.07301587301587302,1.581192894542502,0.22950259887807012
single,681,0,0.505056653280492,0.3220338983050847,0.2908384043272481,0.5761904761904763,0.08253968253968254,1.3781650693390166,0.20333117577696744
single,682,0,0.48227129379349215,0.4067796610169492,0.32261960417640645,0.6215780998389694,0.10466988727858294,1.3959932218810895,0.216483564507533
single,683,0,0.45147886563805745,0.39153439153439157,0.31094028520499106,0.6267942583732058,0.09250398724082935,1.484966385722658,0.2247498669681224
single,684,0,0.40800550790973583,0.30522088353413657,0.35515200430454663,0.6858054226475279,0.09569377990430622,1.5933429882473902,0.23557511079607688
single,685,0,0.44571230368451414,0.2948717948717949,0.33455855507591864,0.6379585326953748,0.07814992025518341,1.5153786004074963,0.22438202295997345
single,686,0,0.419772851008632,0.2980392156862745,0.3449209021712442,0.6698412698412698,0.07936507936507937,1.563336176926682,0.23257478142816
single,687,0,0.44291781321273477,0.3815261044176707,0.40985933668860497,0.634768740031898,0.08771929824561403,1.5014870137367466,0.22424497102263027
single,688,0,0.46838122592014536,0.37254901960784315,0.30307744102779605,0.5961538461538461,0.05769230769230769,1.4438814978398191,0.21388600080647602
single,689,0,0.4652022741700206,0.34848484848484845,0.29111469149063135,0.6111111111111112,0.0746031746031746,1.4995367379832618,0.21833464588853235
single,690,0,0.4604287005395111,0.365296803652968,0.31060096532129594,0.6012759170653909,0.049441786283891544,1.5904845114065058,0.22151335573909547
single,691,0,0.46662862948144707,0.3615819209039548,0.2998512131305935,0.6073717948717948,0.09615384615384615,1.2763584783181416,0.21135710697540477
single,692,0,0.48237177081125093,0.39269406392694056,0.34858091787439616,0.5917065390749602,0.062200956937799035,1.4450173599773342,0.21070392933673454
single,693,0,0.4345732408986485,0.39655172413793105,0.25282091097308484,0.5936507936507937,0.05396825396825397,1.5787271443717306,0.22355492760579457
single,694,0,0.4522118496871567,0.40845070422535207,0.35287981809351404,0.607936507936508,0.07777777777777778,1.4923586884394169,0.22178165660448812
single,695,0,0.49033292764902986,0.3203463203463203,0.36008230452674894,0.580952380952381,0.06031746031746032,1.331835308278925,0.19616185604064262
single,696,0,0.4623712148299348,0.29559748427672955,0.21966674446086767,0.623397435897436,0.08814102564102565,1.3880016649121314,0.2189440900022264
single,697,0,0.4571666429592213,0.3619047619047619,0.3541301061300149,0.6299840510366826,0.09728867623604466,1.3782770710440786,0.21956258695493547
single,698,0,0.4916093081384055,0.3703703703703704,0.37371137371137375,0.5555555555555556,0.06349206349206349,1.3805437147426316,0.19498621579874828
single,699,0,0.4599731055218382,0.3744855967078189,0.3581543728602552,0.5996810207336524,0.05263157894736842,1.5162581141494975,0.2195780968723515
single,700,0,0.44910814812301103,0.3803921568627451,0.41056446204106356,0.5948963317384369,0.06220095693779904,1.4265034918355262,0.21133666384554958
single,701,0,0.4247599726824911,0.31147540983606564,0.22740976270388036,0.6507936507936508,0.07301587301587302,1.5262777278296131,0.23486695127371637
single,702,0,0.45385832800191045,0.40090090090090086,0.3345659308198861,0.6,0.05555555555555556,1.5758045567283199,0.22302923732804672
single,703,0,0.42732483929425663,0.42105263157894735,0.33841496418816003,0.6507936507936508,0.0746031746031746,1.6424806209120986,0.23922278027589328
single,704,0,0.4379836178033492,0.356060606060606,0.3885250823636334,0.6142857142857143,0.05714285714285714,1.4948428482032083,0.21860153399629742
single,705,0,0.48057401288434987,0.4426229508196722,0.32172777717332174,0.6100323624595468,0.08737864077669903,1.3493511978828405,0.20929613190461005
single,706,0,0.4600789589939827,0.46296296296296297,0.2747393271689947,0.6251993620414673,0.0861244019138756,1.5402725142393832,0.23217923470215887
single,707,0,0.48189622973230084,0.3763440860215053,0.32051899411449974,0.6140350877192983,0.09569377990430622,1.3037919737315127,0.2141204418678074
single,708,0,0.45021563524743585,0.39999999999999997,0.3856782106782107,0.6222222222222222,0.0761904761904762,1.4431248111883914,0.2177697402620833
single,709,0,0.4582417527829293,0.3333333333333333,0.17682213664241905,0.6331738437001595,0.09728867623604465,1.4972478403121665,0.23233329561295255
single,710,0,0.4525361592080366,0.28294573643410853,0.3778231292517007,0.6379585326953748,0.07496012759170655,1.448158894468353,0.21613654406823524
single,711,0,0.49516191154990286,0.4264705882352941,0.40138424377554816,0.6215780998389695,0.11272141706924316,1.1934189894396907,0.20428446390546115
single,712,0,0.48145384529106,0.3333333333333333,0.3201686507936508,0.6063492063492064,0.08412698412698412,1.3352909610356647,0.20846617696886327
single,713,0,0.43736102259809156,0.4694835680751173,0.3472695996967841,0.6555023923444976,0.08931419457735247,1.6379949456745424,0.24416689720394827
single,714,0,0.47144848569928177,0.3879781420765027,0.2936890838206628,0.5873015873015873,0.06825396825396825,1.4622966376273443,0.21838451858172073
single,715,0,0.46270849492505595,0.3254901960784314,0.3668564887265983,0.5920634920634921,0.047619047619047616,1.3787208104125745,0.20577077387311213
single,716,0,0.46358087108498913,0.39655172413793105,0.2850531587583755,0.6185897435897436,0.08974358974358974,1.4610152330923623,0.22509168628169163
single,717,0,0.46498274699446335,0.39269406392694056,0.34170040485829967,0.6092503987240829,0.06698564593301436,1.417630468017438,0.21571912085130304
single,718,0,0.44530037284220997,0.3387096774193548,0.29121144555927164,0.6714743589743589,0.11378205128205128,1.4518743967929415,0.22815422384586703
single,719,0,0.4254360545708871,0.4305555555555555,0.20859698762468204,0.6539074960127591,0.07496012759170655,1.7013789561075778,0.2521788656868778
single,720,0,0.43079383132614835,0.37142857142857144,0.3231703855107023,0.6682769726247987,0.0966183574879227,1.3901103575682596,0.2240266289590195
single,721,0,0.47998237179733366,0.39655172413793105,0.28067455460356316,0.6009615384615384,0.07852564102564102,1.4401129914479291,0.21282820613542328
single,722,0,0.4524685132452823,0.35555555555555557,0.2537729866835764,0.6331738437001594,0.07655502392344497,1.4127536108768364,0.22347954988194366
single,723,0,0.42233743535299334,0.36868686868686873,0.27503121098626715,0.6603174603174603,0.07936507936507936,1.5935472045171604,0.24512157656566466
single,724,0,0.40723947153040246,0.341991341991342,0.28724455474346383,0.6428571428571429,0.047619047619047616,1.6051647637714022,0.23808199968424867
single,725,0,0.4577742550105706,0.4512820512820513,0.32260424014803624,0.6140350877192983,0.07336523125996809,1.5615879693907184,0.2283970682989455
single,726,0,0.4615943629236292,0.4025974025974026,0.39897949486681933,0.639423076923077,0.09775641025641026,1.4471674539038846,0.22786065174858436
single,727,0,0.48377274703549045,0.41935483870967744,0.3159167281370379,0.6028708133971291,0.08293460925039874,1.429482808434338,0.2136527780895396
single,728,0,0.4360178568726864,0.36546184738955817,0.39467040673211784,0.6444444444444445,0.08730158730158731,1.5237500658139365,0.226437766829415
single,729,0,0.41975938371332583,0.31884057971014496,0.2809325989544436,0.6778846153846154,0.09294871794871795,1.4886245601673298,0.23771980855942756
single,730,0,0.5104709076165886,0.3974358974358974,0.4223080524344569,0.5673076923076923,0.07051282051282051,1.2901618744251813,0.19853013544497558
single,731,0,0.45437029061378703,0.3607305936073059,0.37126532887402447,0.6537842190016102,0.10628019323671496,1.370458216564538,0.22049775975364758
single,732,0,0.4449828860652712,0.3686868686868687,0.3221051090616308,0.6618819776714514,0.11004784688995216,1.4389508862534932,0.22798153278684483
single,733,0,0.43551668242587754,0.29559748427672955,0.21531661376807298,0.6507177033492823,0.09888357256778309,1.4104268752871045,0.22599546777502455
single,734,0,0.4540753442375274,0.3978494623655913,0.2887914230019493,0.6296296296296297,0.08051529790660227,1.4213629510119414,0.21954666563567682
single,735,0,0.42575130082634094,0.43076923076923074,0.2959364694620455,0.655448717948718,0.08173076923076923,1.6261284716659936,0.24427133678870608
single,736,0,0.4158324797283644,0.43111111111111117,0.3798001387139238,0.6365079365079366,0.09206349206349207,1.5661747801923298,0.2353159978156203
single,737,0,0.4425459067775727,0.3081761006289308,0.21966107965347503,0.6375404530744336,0.09061488673139158,1.3713873433573713,0.2208640415531343
single,738,0,0.4623046554824987,0.38095238095238093,0.3113436996146804,0.6347687400318979,0.09888357256778309,1.4379646761847298,0.22094140535107232
single,739,0,0.4473711927507864,0.31840796019900497,0.30605722142769903,0.6492063492063492,0.09999999999999999,1.5113046811438835,0.2263669763855548
single,740,0,0.4546543778486862,0.4012345679012346,0.24590235635011756,0.6363636363636364,0.08293460925039872,1.549162446468637,0.23871954485777525
single,741,0,0.4611449980736116,0.32850241545893716,0.30633094736280664,0.6222222222222222,0.07777777777777778,1.4010113206918458,0.21537512544979145
single,742,0,0.4344960761602374,0.3896103896103896,0.335919627878603,0.6333333333333333,0.06507936507936508,1.4787210307851166,0.23020863527289548
single,743,0,0.43709438982334414,0.39111111111111113,0.3287587446003288,0.6396825396825396,0.06984126984126983,1.5315512881053548,0.23573626676920326
single,744,0,0.4761306897649758,0.3684210526315789,0.2863756613756614,0.627831715210356,0.09870550161812297,1.2888161708348675,0.21368742521583237
single,745,0,0.45758787177770777,0.3511904761904762,0.2458894862665483,0.6233974358974359,0.08012820512820513,1.444766466529166,0.2217788119881471
single,746,0,0.4291227935550972,0.3066666666666667,0.2978477586320723,0.6523809523809524,0.07301587301587302,1.5974558426662222,0.23886261819176388
single,747,0,0.45802729071988235,0.359375,0.28855072463768117,0.6220095693779905,0.07974481658692185,1.4225211092163847,0.22277253652757692
single,748,0,0.4639713838289319,0.3389830508474576,0.25699807778121025,0.6124401913875598,0.07496012759170655,1.4238421987694005,0.22034094535726653
single,749,0,0.4773512861857359,0.34959349593495936,0.44697371844912825,0.6156299840510367,0.09569377990430622,1.2637311329148455,0.20423033005643895
single,750,0,0.4471789520883995,0.3333333333333333,0.3587624894667148,0.6587301587301587,0.1015873015873016,1.4487418932960285,0.2281205751424181
single,751,0,0.45230445698953115,0.38364779874213834,0.24311350672684565,0.6359223300970873,0.08576051779935275,1.448016339591403,0.22537733666672863
single,752,0,0.4313216955923829,0.3333333333333333,0.34523486400013165,0.6619047619047619,0.09841269841269841,1.4850963780771573,0.2296450571708969
single,753,0,0.4304521887872152,0.3279569892473118,0.2481196581196581,0.6507936507936507,0.08253968253968254,1.5294205259464873,0.23502160567605393
single,754,0,0.40895121839108417,0.3081761006289308,0.20574205286687755,0.7020933977455717,0.10950080515297907,1.5665044629607054,0.2433642548966244
single,755,0,0.4914266002337096,0.3459915611814346,0.4385016486465762,0.5952380952380952,0.09206349206349207,1.2132393476108618,0.19469682187438345
single,756,0,0.45440651260217946,0.4146341463414634,0.40486875162436115,0.6158730158730159,0.0746031746031746,1.4279940990269406,0.21810496571280255
single,757,0,0.4684921120507887,0.39999999999999997,0.29542985101212516,0.6267942583732057,0.0909090909090909,1.3968713654294476,0.22515794081893445
single,758,0,0.4611920276181917,0.38690476190476186,0.2628399378399378,0.6012759170653907,0.07177033492822966,1.3258242694952422,0.21421801504269447
single,759,0,0.4461262838904329,0.375,0.357291370654542,0.6174603174603175,0.06349206349206349,1.5003047953077877,0.22799171127157045
single,760,0,0.45678585468525035,0.3611111111111111,0.3204296974319858,0.6206349206349207,0.07142857142857144,1.365443203253591,0.21911882747645559
single,761,0,0.4362669543821749,0.3930348258706468,0.32714776632302406,0.6506410256410257,0.10096153846153848,1.3985117496066823,0.2263049292394496
single,762,0,0.4301841011635356,0.3761904761904762,0.3327615264234982,0.6762820512820512,0.10576923076923077,1.615031407130778,0.23830756884795626
single,763,0,0.46494819871272913,0.3273809523809524,0.22893772893772893,0.6121794871794872,0.0689102564102564,1.397376466232411,0.21826812105223334
single,764,0,0.4592457632149567,0.4166666666666667,0.2583115218511394,0.6331738437001595,0.09728867623604465,1.4905623565862294,0.22726058547065764
single,765,0,0.46882497081622754,0.48275862068965525,0.3236853875151748,0.6220095693779905,0.10047846889952154,1.4821459094976406,0.22178676544755072
single,766,0,0.4917857516584176,0.329004329004329,0.38632478632478634,0.6028708133971291,0.08293460925039871,1.36642169355021,0.20755570520108266
single,767,0,0.5012680294303028,0.33816425120772947,0.3383024096336227,0.5714285714285715,0.06825396825396825,1.322573105527869,0.20031703827399552
single,768,0,0.376473416020201,0.3541666666666667,0.2673109054688002,0.7346278317152105,0.11812297734627832,1.6918951095400907,0.2588215522008819
single,769,0,0.44107209811316545,0.3214285714285714,0.23064516129032256,0.655448717948718,0.09294871794871795,1.4526618548148251,0.2278568896820828
single,770,0,0.41731769356276277,0.4238095238095238,0.3243143324587468,0.6793650793650793,0.09682539682539681,1.5970410607314072,0.24547580272517747
single,771,0,0.44498592165940715,0.3428571428571429,0.3178175161297524,0.6492063492063492,0.09523809523809523,1.533432575094331,0.22905161568020457
single,772,0,0.46210732230283286,0.44588744588744583,0.40535658394813323,0.5936507936507937,0.07777777777777778,1.467673336239879,0.2211071788682665
single,773,0,0.41659656205675644,0.3055555555555556,0.32799409705035837,0.6602870813397129,0.06698564593301436,1.5845803538697592,0.23283798226281935
single,774,0,0.4754892881093891,0.4153846153846154,0.368272527846996,0.6328502415458938,0.1111111111111111,1.4117178572306381,0.2189836301101098
single,775,0,0.44092309715910916,0.3333333333333333,0.35230411459225014,0.6238095238095238,0.05714285714285714,1.4998897859740339,0.22442864911220237
single,776,0,0.4610287133499527,0.375,0.3613097420853196,0.6330128205128205,0.09134615384615385,1.3841991972771222,0.22036690879683507
single,777,0,0.4356851686542744,0.3852813852813853,0.3770539297080393,0.6698717948717948,0.10416666666666667,1.4800054647505136,0.22900539997269453
single,778,0,0.46975606857607777,0.391812865497076,0.26218189403420944,0.5980861244019139,0.06858054226475278,1.5033018015942672,0.2203328777821034
single,779,0,0.47395446557405113,0.3958333333333333,0.3226999121735964,0.6124401913875598,0.0861244019138756,1.3446103367465119,0.21109756918055678
single,780,0,0.46463004199368063,0.3755274261603376,0.3736120954405859,0.6172248803827751,0.07336523125996809,1.4264200407961265,0.2168444920067182
single,781,0,0.4609578923967304,0.4234234234234234,0.3826424553680607,0.6396825396825396,0.0984126984126984,1.4353247555415347,0.22555310439506046
single,782,0,0.4591472582650979,0.3541666666666667,0.2987889616835418,0.6410256410256411,0.09455128205128205,1.402536723766407,0.22459433012504484
single,783,0,0.4188266056517622,0.2424242424242424,0.18806044919428908,0.6875,0.10256410256410257,1.5000781328758563,0.2365364145147654
single,784,0,0.49782808258579636,0.3992248062015504,0.44217312108972834,0.5544871794871794,0.05128205128205129,1.3340988201863555,0.19732250217379874
single,785,0,0.44150484236366166,0.3703703703703703,0.25443602368648593,0.6222222222222222,0.05555555555555556,1.5880377772230758,0.23426661849471966
single,786,0,0.4664351358229841,0.3632478632478633,0.34687892752408883,0.6,0.05714285714285714,1.578731974986632,0.220377049683374
single,787,0,0.4586553814107542,0.4476190476190476,0.35985800449005284,0.6411483253588517,0.09728867623604465,1.5172124290587732,0.23097655066082065
single,788,0,0.47808634399443495,0.36231884057971014,0.31289884963368814,0.5888888888888889,0.05714285714285714,1.420167857898954,0.20940549495944324
single,789,0,0.4635862094584509,0.3763440860215053,0.3269107483503768,0.6172248803827751,0.10207336523125997,1.4149026441896808,0.2166341640400042
single,790,0,0.43919502060849475,0.34188034188034183,0.3371058060713233,0.645933014354067,0.07655502392344497,1.5884306954011416,0.22964152362425697
single,791,0,0.4644428972103847,0.38222222222222224,0.3577470133917937,0.6142857142857142,0.07619047619047618,1.4718798147486118,0.21929875304365734
single,792,0,0.44844134577076206,0.33730158730158727,0.38225108225108223,0.6283891547049442,0.07336523125996809,1.468387905937955,0.21613778377026716
single,793,0,0.47134017159704955,0.3864734299516908,0.3644278606965174,0.6124401913875598,0.09569377990430622,1.3866378251793945,0.21622071484319916
single,794,0,0.4297077546545381,0.2679738562091503,0.1767654881911707,0.6523125996810207,0.08452950558213716,1.5329472001821471,0.23282237167460643
single,795,0,0.4696606857121133,0.39487179487179497,0.3304891565761131,0.6280193236714976,0.09500805152979065,1.4122649446113227,0.21690442919356842
single,796,0,0.47512789548154505,0.40375586854460094,0.35512685663288074,0.6140350877192983,0.08133971291866028,1.3828718577159698,0.21614231643816986
single,797,0,0.4491579900212719,0.3684210526315789,0.2676164914246503,0.6523125996810207,0.10366826156299841,1.4321809428766448,0.22957800567166511
single,798,0,0.4327671264291377,0.3282828282828283,0.2739562679004186,0.6394230769230769,0.07532051282051282,1.5669021450736744,0.22930265518967227
single,799,0,0.46205740776469123,0.37662337662337664,0.36598367482925204,0.631578947368421,0.08133971291866028,1.45302246962366,0.2210682325040565
single,800,0,0.42771492350943036,0.3505747126436782,0.24308012432452264,0.6666666666666666,0.09339774557165863,1.4575023980453015,0.23087696578786351
single,801,0,0.41821599375579316,0.2785388127853881,0.27522875816993464,0.6746411483253588,0.08452950558213716,1.6126754011198983,0.23821371504844038
single,802,0,0.4598683587318522,0.3494623655913978,0.30086975914362174,0.6458333333333334,0.10576923076923077,1.4550741951661008,0.22552704418563074
single,803,0,0.4519531263231078,0.32758620689655177,0.2801272487180806,0.6283891547049442,0.1036682615629984,1.4517061019216821,0.21497377523287853
single,804,0,0.47110785174574893,0.36923076923076925,0.3241393379197794,0.6362179487179488,0.10096153846153848,1.339987702410588,0.2124314709909594
single,805,0,0.3915237770346909,0.3333333333333333,0.39423266351457836,0.7079365079365078,0.09841269841269841,1.5988689269871406,0.24422803230354292
single,806,0,0.47704016389339626,0.4166666666666667,0.3874224021592443,0.6044657097288676,0.07974481658692185,1.4541932681608254,0.2186005594198964
single,807,0,0.451502953856755,0.3333333333333333,0.31275821596244135,0.6330128205128206,0.07852564102564102,1.3818831036396702,0.2120596516330355
single,808,0,0.4554633691818329,0.2935323383084577,0.2943204943204943,0.6330128205128205,0.09294871794871795,1.2993502707327815,0.21321549369678147
single,809,0,0.4720330740463628,0.3463203463203463,0.38336964415395797,0.6044657097288676,0.08293460925039872,1.2532182987019407,0.2002510274783337
single,810,0,0.4659685424378854,0.3881278538812785,0.3329997699562917,0.5888888888888889,0.05555555555555555,1.6001762273894062,0.2234478085622522
single,811,0,0.48640294495966024,0.3247863247863248,0.4313060644184643,0.6251993620414673,0.10685805422647528,1.323065662650053,0.21043463624513295
single,812,0,0.44852610789294983,0.360655737704918,0.282512077294686,0.6283891547049442,0.08931419457735247,1.3447106249795533,0.2189399376453273
single,813,0,0.4194206973050994,0.3670886075949367,0.35194805194805195,0.684126984126984,0.09682539682539681,1.5472717294378662,0.2437820142571211
single,814,0,0.46986568462609374,0.3224043715846994,0.26434965372696806,0.6156299840510366,0.07974481658692185,1.3535305423530088,0.21256373592191866
single,815,0,0.43311904486238456,0.3439153439153439,0.2690499739680068,0.6618589743589743,0.09615384615384615,1.4687256746532578,0.23419825162806865
single,816,0,0.4645076812807418,0.39784946236559143,0.33246442255062947,0.6331738437001595,0.11004784688995216,1.2839020079438628,0.21428870497230915
single,817,0,0.39966994189562205,0.37558685446009393,0.28990884863381905,0.634920634920635,0.05714285714285714,1.725599271966507,0.2413176593591837
single,818,0,0.4658335395798549,0.36398467432950193,0.38740290442418096,0.5888888888888889,0.046031746031746035,1.5289592252397222,0.21427748540038213
single,819,0,0.4613506138375705,0.4083333333333334,0.3898898825102168,0.6095238095238095,0.07301587301587302,1.4252030606842767,0.21889351725644754
single,820,0,0.4542750229436478,0.2901960784313726,0.3852234086187962,0.6333333333333334,0.08095238095238096,1.4807418725747603,0.217346019070487
single,821,0,0.4899775763975518,0.3768115942028986,0.3228495731527819,0.5761904761904763,0.05714285714285714,1.4963894621617049,0.21366163869055874
single,822,0,0.46082181689151613,0.3650793650793651,0.429416281291578,0.6092503987240829,0.07974481658692185,1.3770348538351282,0.21061699652775898
single,823,0,0.46102412274103144,0.37948717948717947,0.3281203737410508,0.626984126984127,0.09841269841269841,1.4447265312501754,0.2285293897530921
single,824,0,0.4634618652903952,0.3058823529411765,0.40231829573934835,0.6174603174603175,0.07777777777777778,1.3835271738966428,0.2105589857844716
single,825,0,0.5046523444562709,0.41798941798941797,0.3576829949711306,0.5721153846153846,0.08493589743589743,1.3708935911089872,0.20665068970357328
single,826,0,0.4367747876926209,0.39548022598870053,0.2809974045929102,0.6650717703349281,0.10685805422647528,1.5432819440017471,0.2388738776319177
single,827,0,0.48803766054977205,0.30917874396135264,0.30804626655750783,0.5857142857142857,0.06666666666666667,1.4278963471428099,0.21034932007622506
single,828,0,0.45523193073379814,0.3486590038314176,0.38045634920634913,0.580952380952381,0.03968253968253968,1.5461555927333457,0.21368301025437222
single,829,0,0.49832372386635176,0.3531746031746032,0.4592780728084353,0.5714285714285715,0.0746031746031746,1.2989079936617598,0.19751475630210402
single,830,0,0.4264019104602963,0.37751004016064255,0.35998744325316334,0.6523809523809524,0.07142857142857144,1.5624539805820927,0.23397254632410192
single,831,0,0.4695399175431585,0.3286384976525822,0.30458780350084697,0.5964912280701754,0.05901116427432216,1.4159392097962682,0.21589353068226566
single,832,0,0.4435962115619268,0.3444444444444444,0.3883597883597883,0.6236044657097289,0.05582137161084529,1.6201700040964893,0.22409854038937305
single,833,0,0.44229826699198266,0.37435897435897436,0.3257211742946236,0.673076923076923,0.11698717948717947,1.4616420308732951,0.23144116392229264
single,834,0,0.4491318620204559,0.3423423423423424,0.3734140255879386,0.6618819776714514,0.11323763955342903,1.4135762153072544,0.22512127183268157
single,835,0,0.46017067518503735,0.3904761904761905,0.3298099462656425,0.6267942583732058,0.07974481658692185,1.5740227632819297,0.22428984917479267
single,836,0,0.46047583990846624,0.3757575757575758,0.26880836345764303,0.6362179487179488,0.10096153846153848,1.3653596488774304,0.2194979522109021
single,837,0,0.4370721950162581,0.41558441558441556,0.35442446240994335,0.638095238095238,0.0746031746031746,1.602387592801345,0.23394390757989147
single,838,0,0.40177180775065197,0.3203463203463203,0.31801076528074274,0.6985645933014354,0.09888357256778309,1.6356248148655708,0.24496930267421957
single,839,0,0.4530858679868861,0.3559322033898305,0.29754689754689756,0.620414673046252,0.10207336523125997,1.3450339331776788,0.21375762352026864
single,840,0,0.4650398696109343,0.3287671232876712,0.3407917992223401,0.6285714285714286,0.08730158730158728,1.45372125043243,0.2191716939972618
single,841,0,0.45955167911857364,0.30046948356807507,0.28461042311661505,0.6158730158730159,0.06190476190476191,1.4206128759474765,0.2151823670460795
single,842,0,0.446901493308739,0.324561403508772,0.33953433953433954,0.6492063492063492,0.08888888888888889,1.4797982224198423,0.22684919694160174
single,843,0,0.4645675759318381,0.36274509803921573,0.3173070426672542,0.625,0.08173076923076923,1.4136459412721116,0.21588075822078287
single,844,0,0.42027975707782006,0.35978835978835977,0.2650400193372893,0.6778309409888358,0.09409888357256779,1.5588849941023784,0.23944835452647337
single,845,0,0.448793233410139,0.4098360655737705,0.3419312169312169,0.6570972886762361,0.1291866028708134,1.330010698057914,0.22316818610704983
single,846,0,0.44425029150517226,0.3289473684210526,0.3298123563183804,0.645933014354067,0.08133971291866028,1.5027875052970872,0.2237938172984927
single,847,0,0.44880388882133576,0.29411764705882354,0.3222607204416796,0.6666666666666666,0.11326860841423948,1.3536141492694904,0.2200662016203865
single,848,0,0.48853232093416654,0.38308457711442784,0.32375211407469473,0.5725677830940988,0.059011164274322174,1.357121111078018,0.20930742652278458
single,849,0,0.45451177802676207,0.4506172839506173,0.2599761215961795,0.6267942583732058,0.08133971291866028,1.5183839439764262,0.23615348943526718
single,850,0,0.41222316942583204,0.45454545454545453,0.31684491978609625,0.6793650793650793,0.10317460317460318,1.679046045606598,0.2518066654108392
single,851,0,0.40580796017882775,0.2994350282485876,0.21538790185291082,0.6874003189792663,0.09409888357256779,1.6118615466561514,0.24843445491016936
single,852,0,0.4406176852852479,0.41414141414141414,0.3099866081571923,0.6476190476190475,0.09047619047619049,1.620458522028102,0.24101397121986842
single,853,0,0.4403280899981578,0.3025641025641026,0.28896652334152334,0.6427432216905902,0.09728867623604465,1.4193412886850905,0.22242530221662057
single,854,0,0.4406177977567218,0.35185185185185186,0.2853846153846154,0.7017543859649124,0.15311004784688995,1.4260629347969414,0.2343417310220369
single,855,0,0.4465567061534839,0.40229885057471265,0.2770227780014814,0.657051282051282,0.09935897435897434,1.515843891199798,0.23451874418035623
single,856,0,0.46554041285464803,0.3627450980392157,0.32257449632603347,0.6012759170653907,0.07496012759170655,1.3113457529031918,0.21187527463229924
single,857,0,0.4621658585318254,0.3803921568627451,0.41671969132877545,0.5920634920634921,0.06507936507936508,1.5289990146418282,0.21495467858161177
single,858,0,0.4591772745886757,0.3789954337899543,0.37447300421596624,0.6188197767145135,0.09250398724082935,1.423539904003465,0.2119939887362444
single,859,0,0.4483499276976565,0.3157894736842105,0.23376623376623376,0.6426282051282052,0.08814102564102565,1.4821786649558302,0.23414656092329225
single,860,0,0.48801510296408684,0.4358974358974359,0.40747210377079224,0.5805422647527911,0.06858054226475278,1.365168788524192,0.20374762507972552
single,861,0,0.5029053754469874,0.41441441441441446,0.4628267973856209,0.5984126984126984,0.1126984126984127,1.271245496108744,0.2029540115525373
single,862,0,0.4573940125276328,0.38888888888888884,0.2793615130846063,0.6330128205128206,0.08974358974358976,1.4219333573536073,0.2267234041888595
single,863,0,0.42592695595852587,0.3427230046948357,0.30118055555555556,0.6634768740031899,0.08771929824561404,1.6386056659306918,0.24422581403798682
single,864,0,0.4407110169302419,0.2993197278911564,0.4409140025337208,0.6428571428571429,0.06984126984126984,1.4420302103926563,0.2159136744832051
single,865,0,0.4438818369938177,0.2600732600732601,0.3589375089375089,0.6285714285714286,0.053968253968253964,1.4710324963055064,0.21277364834276757
single,866,0,0.462594957377201,0.3333333333333333,0.2747876081209415,0.6299840510366826,0.09090909090909093,1.4245720247068103,0.2197387350246728
single,867,0,0.4829152850120979,0.38888888888888884,0.4273903584106264,0.5968253968253968,0.07301587301587302,1.4153910605092317,0.20850938619584922
single,868,0,0.49236809526115205,0.4230769230769231,0.2653753238059202,0.5801282051282052,0.07211538461538461,1.307070258848726,0.20665961151790493
single,869,0,0.472006811981742,0.44032921810699593,0.387430165207943,0.5634920634920635,0.04285714285714285,1.4393120948583615,0.214187120701412
single,870,0,0.44325105954285293,0.3010752688172043,0.23607348826027277,0.620414673046252,0.06060606060606061,1.492581423833859,0.22359003560557622
single,871,0,0.45812018135080895,0.4142857142857143,0.35256178420735385,0.6317460317460317,0.09365079365079365,1.4926446738496537,0.22789634985925555
single,872,0,0.44139941309978453,0.3914728682170543,0.4085822664770033,0.611111111111111,0.06666666666666667,1.512289314937636,0.21939618117472495
single,873,0,0.4100664236222012,0.3582089552238806,0.2773935002195872,0.6761904761904761,0.0857142857142857,1.627729784163441,0.24271042029083326
single,874,0,0.44868279639795333,0.3716475095785441,0.4852092352092352,0.6571428571428571,0.11746031746031745,1.439671402129532,0.22693843400352243
single,875,0,0.4435572266635744,0.4021164021164021,0.3004573922592293,0.655448717948718,0.09615384615384615,1.4759907629386106,0.234269476990381
single,876,0,0.4608521444810089,0.319047619047619,0.29907773386034253,0.617224880382775,0.07017543859649122,1.5265049212318968,0.22797802539673384
single,877,0,0.4481761364370617,0.39705882352941174,0.3132194329156089,0.6251993620414672,0.07496012759170655,1.5060184980851268,0.23027863637111343
single,878,0,0.488016617936944,0.43137254901960786,0.34951374916163647,0.5761904761904763,0.06666666666666667,1.502218262303883,0.2137968046835332
single,879,0,0.4531387583925721,0.34848484848484845,0.3281662947664942,0.6682539682539682,0.11904761904761905,1.4629682696213029,0.22855123576107803
single,880,0,0.4556255507183015,0.35000000000000003,0.2874057315233786,0.6474358974358974,0.10576923076923077,1.4314586917446774,0.2272449297582467
single,881,0,0.44031739106966855,0.296875,0.2590727502102607,0.6538461538461539,0.08814102564102565,1.5214516395125985,0.22954530113621596
single,882,0,0.46580511187478163,0.33939393939393936,0.26199566365007537,0.6262135922330098,0.0970873786407767,1.4261308267120372,0.21613831822053733
single,883,0,0.4632328461128143,0.38000000000000006,0.2477481534858584,0.627831715210356,0.10032362459546924,1.3757396610988042,0.2189382439322658
single,884,0,0.4753941024635456,0.46296296296296297,0.38139676477507023,0.5853269537480063,0.0733652312599681,1.4073375888020152,0.21573489911565347
single,885,0,0.46569345616073904,0.3511111111111111,0.3509845463609172,0.6142857142857143,0.0761904761904762,1.4415013505596599,0.2201759908200602
single,886,0,0.4509630262783438,0.39111111111111113,0.38969851812317563,0.6331738437001594,0.09888357256778309,1.373146952584121,0.22027929003369295
single,887,0,0.4553620662957272,0.3246753246753247,0.32804054054054055,0.620414673046252,0.06379585326953748,1.4651014066792054,0.22176947105943587
single,888,0,0.463297308268445,0.41414141414141414,0.3201674314033865,0.5904761904761905,0.06507936507936508,1.4575938406171625,0.21462912263293196
single,889,0,0.4993947289994569,0.3722943722943723,0.36945835289208784,0.5603174603174603,0.049206349206349205,1.4413373279767303,0.20439974833971294
single,890,0,0.4865569773965967,0.37566137566137564,0.31154377243855286,0.5917065390749602,0.07814992025518341,1.3560304823559006,0.21219372522457391
single,891,0,0.4725796368850092,0.4057971014492754,0.33204929066998035,0.5904761904761905,0.06507936507936508,1.4254765307637742,0.21618876402301804
single,892,0,0.4697522195017971,0.481981981981982,0.38798701298701294,0.6060606060606061,0.07974481658692185,1.4907867445576342,0.22041561016832611
single,893,0,0.42756938114037474,0.3953488372093023,0.4019006655407586,0.6555555555555556,0.0857142857142857,1.5100378038151236,0.23472599740467123
single,894,0,0.42563477805174044,0.352112676056338,0.2992602783935047,0.649122807017544,0.07496012759170655,1.5562591356237252,0.23489448697314605
single,895,0,0.4464679768080315,0.34177215189873417,0.3502178649237473,0.6126984126984127,0.06507936507936507,1.4997193423424953,0.21848968873582666
single,896,0,0.4496643255265082,0.4205128205128205,0.31732010069475813,0.6140350877192983,0.07974481658692185,1.465127609109332,0.22881266324786675
single,897,0,0.43022185915859407,0.3536585365853659,0.3475331674958541,0.6396825396825396,0.06666666666666667,1.5212811712298437,0.23019454082233712
single,898,0,0.4674000589562775,0.3287671232876712,0.3487589796532886,0.6298076923076924,0.08974358974358976,1.353899308472359,0.2116964997062072
single,899,0,0.46566229670798553,0.3930348258706468,0.31914054799921154,0.6153846153846154,0.07692307692307693,1.4850093490631326,0.2209858361564202
single,900,0,0.4738232035558358,0.37837837837837834,0.40853101681701753,0.6206349206349205,0.10476190476190476,1.3988534654930322,0.21277541189823088
single,901,0,0.4563257920046479,0.3862433862433862,0.312060714085729,0.6571428571428571,0.10952380952380954,1.5160891162084809,0.234230017172802
single,902,0,0.5036771986310868,0.4514767932489452,0.4075060238084374,0.555023923444976,0.051036682615629984,1.2722898464407082,0.197320227013182
single,903,0,0.4638190499382948,0.27777777777777773,0.31932543200148833,0.6333333333333333,0.09047619047619049,1.4162326052244378,0.215789587727051
single,904,0,0.43720515549322564,0.40686274509803927,0.3258167121059932,0.6428571428571428,0.09047619047619049,1.5696954866650066,0.23589218040770077
single,905,0,0.49995407561623456,0.3698630136986301,0.3682745454908735,0.5757575757575757,0.07017543859649122,1.281816843962414,0.20205250786891868
single,906,0,0.4842979229236368,0.3615023474178403,0.34257285003553656,0.6076555023923446,0.07655502392344497,1.4416114439040573,0.21728993624199977
single,907,0,0.4459478428176709,0.3284313725490196,0.2807377807377807,0.6444444444444445,0.07619047619047618,1.4637949157492633,0.23087223304542906
single,908,0,0.4715795688108065,0.3385416666666667,0.35346947179729415,0.6172248803827751,0.11323763955342903,1.3520630902088069,0.21149669601745166
single,909,0,0.4613151300436724,0.36752136752136755,0.45923106947697107,0.6587301587301587,0.13174603174603175,1.3257104398603936,0.21435599967017005
single,910,0,0.4420663793690711,0.3273809523809524,0.254320987654321,0.6762820512820514,0.1185897435897436,1.4845615667606185,0.23461678422910004
single,911,0,0.4192791962239489,0.4079601990049751,0.28849391987442125,0.6539074960127592,0.07336523125996809,1.5493014379919874,0.23357041647786936
single,912,0,0.4949830218029961,0.3625730994152047,0.3018125071287108,0.5666666666666668,0.08095238095238096,1.318460092844641,0.199307189711963
single,913,0,0.4739512423292344,0.4307692307692308,0.30879657530970483,0.5853269537480063,0.05582137161084529,1.5361963515422836,0.21911349765348556
single,914,0,0.4302487562691821,0.32407407407407407,0.2976021614319487,0.6475279106858055,0.07814992025518341,1.4902750029017462,0.22638750210797823
single,915,0,0.4444666826441169,0.35616438356164376,0.3023771367521368,0.6238095238095238,0.05555555555555556,1.5326544395886625,0.22628398017915544
single,916,0,0.45642539692692785,0.3873873873873874,0.41561609491008483,0.6538461538461537,0.12179487179487179,1.3284178904705268,0.22106381222354007
single,917,0,0.5021407428949751,0.4256410256410256,0.3542087542087542,0.5805422647527911,0.08293460925039874,1.3259745175924122,0.20695397986460348
single,918,0,0.4885487740607061,0.39548022598870053,0.3174248909543027,0.5952380952380952,0.09365079365079365,1.365828475058807,0.21344139269003773
single,919,0,0.4758222258287291,0.4150943396226415,0.2884615384615385,0.6344605475040258,0.11111111111111112,1.3717410085468245,0.2234221765167753
single,920,0,0.441182386135995,0.29411764705882354,0.2916860916860917,0.6315789473684211,0.0861244019138756,1.463973911219644,0.21853519365403007
single,921,0,0.4780186132591548,0.34136546184738953,0.4152177415492068,0.6076555023923446,0.07814992025518341,1.3833286172659711,0.205853104334218
single,922,0,0.4698611147360161,0.40196078431372545,0.35056960797611597,0.6283891547049442,0.09728867623604465,1.4070736422213808,0.22152183520552457
single,923,0,0.4161368201392465,0.3148148148148148,0.31864801864801867,0.6793650793650793,0.10793650793650793,1.4510656527325045,0.23303690353089526
single,924,0,0.4518466985120202,0.35964912280701755,0.3298148148148148,0.6206349206349207,0.06507936507936508,1.4350392700919465,0.21992208918340658
single,925,0,0.48984483402751805,0.3494623655913978,0.3382758620689655,0.6266025641025641,0.11378205128205128,1.3168676637318424,0.21010347986348588
single,926,0,0.44635147329141284,0.38308457711442784,0.32813410017472333,0.6537842190016102,0.10144927536231885,1.4922739009339347,0.22946182468507406
single,927,0,0.43669316495734334,0.3287037037037037,0.3180386194790132,0.657051282051282,0.09134615384615385,1.509048918795535,0.22843462137993933
single,928,0,0.4309229389695986,0.44848484848484843,0.30944272445820437,0.7047619047619048,0.1492063492063492,1.4938566774536308,0.24475579081288923
single,929,0,0.4254280159138424,0.25757575757575757,0.24178973494041986,0.6698564593301435,0.0909090909090909,1.5802703971506775,0.23398972840638957
single,930,0,0.46747952013226807,0.3636363636363636,0.23514629948364887,0.6028708133971291,0.06379585326953748,1.4554882119095502,0.22428986403618745
single,931,0,0.44238909702505586,0.3961352657004831,0.3601732016744959,0.6811594202898551,0.12238325281803543,1.5036353311494868,0.23493423159324903
single,932,0,0.4842517504197,0.38164251207729477,0.42808691043985164,0.6346153846153847,0.12980769230769232,1.2863636856402518,0.2099221364032822
single,933,0,0.4888845662131546,0.37745098039215685,0.33812893748057743,0.5869218500797448,0.07336523125996809,1.3411160501440795,0.2098044294406082
single,934,0,0.4570533929397052,0.3333333333333333,0.3828771348067879,0.6298076923076924,0.07852564102564102,1.3794829552239636,0.2139561890564987
single,935,0,0.4627561669326154,0.3333333333333333,0.3161011649229922,0.6236044657097288,0.09569377990430622,1.308910456816465,0.21328027308770126
single,936,0,0.4299979469607234,0.38235294117647056,0.3635681972035723,0.6762360446570973,0.1291866028708134,1.5265834637104874,0.24055295005779778
single,937,0,0.4278755093576368,0.3497942386831276,0.3873020461074907,0.6174603174603175,0.07777777777777778,1.4347050995392987,0.215363346322517
single,938,0,0.45507458808759216,0.3439153439153439,0.328618482966309,0.6601626016260164,0.11707317073170731,1.3806940364739102,0.22173789957065784
single,939,0,0.504035982798075,0.42105263157894735,0.32561759902000814,0.5964912280701754,0.10047846889952154,1.3050468855598283,0.2001206023790324
single,940,0,0.47093440944578874,0.3466666666666667,0.3581413418622721,0.6121794871794871,0.07692307692307693,1.429932186021856,0.20817156576395734
single,941,0,0.4750418226190729,0.3153153153153153,0.3253305814965583,0.6044657097288676,0.06698564593301436,1.3818382871551027,0.21122015124327986
single,942,0,0.4147625365734478,0.3440860215053763,0.38670494202409095,0.6570972886762361,0.06220095693779904,1.5528741166644888,0.22924729350594455
single,943,0,0.4494065595696686,0.38095238095238093,0.2615157560129097,0.6395534290271132,0.09409888357256778,1.5637566212035843,0.2315428958270677
single,944,0,0.46679757150769013,0.3333333333333333,0.4100296963310662,0.6222222222222222,0.08095238095238096,1.3655624541951055,0.20812346972288454
single,945,0,0.45236528371114515,0.37931034482758624,0.2577890509406045,0.6443381180223285,0.0861244019138756,1.471363822704878,0.23504290099579336
single,946,0,0.4662128536290136,0.35323383084577115,0.34019795657726687,0.6328502415458938,0.10305958132045089,1.3658486220265285,0.21837588210219336
single,947,0,0.46137592055023197,0.40880503144654085,0.26231153758695247,0.6363636363636364,0.09888357256778309,1.4650741042614974,0.2251894536264547
single,948,0,0.439115235861336,0.3958333333333333,0.31969187675070027,0.6889952153110048,0.12280701754385966,1.5132921679085725,0.2418413743497381
single,949,0,0.431921677852442,0.3466666666666667,0.19622402784831006,0.6522435897435898,0.08012820512820512,1.5369522456600333,0.2359864066946138
single,950,0,0.47253675224204755,0.3703703703703704,0.4049973418394471,0.6124401913875598,0.07974481658692185,1.4083018899265314,0.21421945021707522
single,951,0,0.490782373194045,0.40845070422535207,0.3617258794493648,0.5614035087719298,0.06379585326953748,1.3342047551131981,0.2054408953987472
single,952,0,0.46096680865116224,0.4008438818565401,0.3880539424441863,0.6126984126984127,0.0746031746031746,1.503721547457302,0.2202227496213435
single,953,0,0.45672046652063597,0.4425287356321839,0.3106833098921707,0.6618589743589743,0.11698717948717947,1.4566555815655342,0.2304474577600851
single,954,0,0.46997490841044237,0.3988095238095238,0.30514967021816336,0.6395534290271132,0.11483253588516747,1.4074785204908167,0.22434492893095323
single,955,0,0.4273738118812591,0.41358024691358025,0.2565277777777778,0.6842105263157894,0.11004784688995213,1.5450094570485697,0.24546244796691855
single,956,0,0.44491086276549047,0.3661971830985915,0.3323514211886305,0.6349206349206349,0.08730158730158731,1.5368879011823042,0.22529750155159203
single,957,0,0.4416592937464121,0.423728813559322,0.28824792325000265,0.6618589743589743,0.10416666666666667,1.4754587613848915,0.24072120220951546
single,958,0,0.4492275374807728,0.3625,0.3678862993931487,0.6331738437001594,0.07655502392344497,1.3616697439034156,0.215442025084698
single,959,0,0.4816846009871065,0.4055555555555555,0.3327789657084026,0.6283891547049442,0.11164274322169059,1.3269616834624431,0.21344941265058168
single,960,0,0.4714357064895384,0.31840796019900497,0.31135531135531136,0.6220095693779903,0.08931419457735247,1.3915210915112166,0.2217917984182369
single,961,0,0.4134859400214596,0.36065573770491804,0.25074655879822644,0.682615629984051,0.09250398724082935,1.6248091532372886,0.24723191830529476
single,962,0,0.4786948913079396,0.42473118279569894,0.34294816365539527,0.6298076923076923,0.10897435897435898,1.3546920742103534,0.21445598046146971
single,963,0,0.46285606231637105,0.42083333333333334,0.3934934688746789,0.6063492063492063,0.07301587301587302,1.4677859166266032,0.22299620986737786
single,964,0,0.45866614334352124,0.35028248587570615,0.2589869281045752,0.5964912280701754,0.06539074960127593,1.471843816204902,0.2172671157182584
single,965,0,0.49666519190571967,0.37777777777777777,0.3112288705952364,0.5817307692307693,0.08333333333333333,1.2998405070266819,0.20561549239036658
single,966,0,0.40504816976702956,0.28921568627450983,0.24767447343073268,0.6920634920634919,0.08888888888888889,1.6729580792149965,0.24825630146777675
single,967,0,0.42898201547014175,0.3617886178861789,0.35736089947388555,0.6349206349206349,0.06825396825396825,1.5680298291630959,0.23417803110643778
single,968,0,0.5059788120149973,0.4262295081967213,0.3250128998968009,0.5629984051036683,0.0685805422647528,1.3498816384531587,0.20161402940742779
single,969,0,0.4831972562991376,0.4561403508771929,0.3048913043478261,0.5917065390749601,0.08133971291866028,1.4234657599169271,0.21920589979085622
single,970,0,0.44246967909503154,0.40079365079365076,0.4111991239650814,0.6396825396825397,0.08730158730158731,1.503424082237113,0.22458222072641076
single,971,0,0.4800832227902057,0.3766233766233766,0.356998556998557,0.5746031746031747,0.0507936507936508,1.4844759015052669,0.2112791139854994
single,972,0,0.4786376885081178,0.3620689655172414,0.26300037411148525,0.5980861244019139,0.07177033492822966,1.4075243312164625,0.21078253311705833
single,973,0,0.42760324342463174,0.3333333333333333,0.23082413041845093,0.6555023923444976,0.07814992025518341,1.5972839981017513,0.23558472589761137
single,974,0,0.4602569471217001,0.2801932367149758,0.341205285942128,0.6442307692307693,0.11217948717948718,1.317603288434266,0.21309053334659422
single,975,0,0.4481859292465713,0.45273631840796025,0.3346210170176236,0.6188197767145135,0.08133971291866028,1.5417997134619374,0.23272650524511074
single,976,0,0.49242164062883037,0.3105022831050228,0.3740268206369901,0.5865384615384616,0.08173076923076923,1.3066693376005878,0.19817718642397675
single,977,0,0.47549522490389573,0.39351851851851855,0.33458378816065276,0.5888888888888889,0.05714285714285714,1.4438561993263335,0.21483076558515526
single,978,0,0.46598788307781586,0.3125,0.28101096027642647,0.6267942583732058,0.0861244019138756,1.387284322018309,0.21591944433773572
single,979,0,0.4705900308590583,0.367816091954023,0.25911844915834864,0.5917065390749601,0.06379585326953748,1.3963782482169949,0.2159285565906761
single,980,0,0.4690706976551586,0.41919191919191917,0.3374458397591247,0.6394230769230769,0.10256410256410257,1.3684735581777119,0.21905828068303024
single,981,0,0.471956359465882,0.4256410256410256,0.3291774302686819,0.5984126984126984,0.0746031746031746,1.3946163442426258,0.2180428436235278
single,982,0,0.4548990781929616,0.34761904761904766,0.3311772702412294,0.6347687400318979,0.09250398724082935,1.416160946193618,0.22338866800537702
single,983,0,0.45505455719559235,0.3427230046948357,0.3316935002981514,0.646031746031746,0.09841269841269841,1.4977964865240123,0.2315274244416117
single,984,0,0.4705496735359604,0.42857142857142855,0.38527057704559114,0.6283891547049442,0.10526315789473684,1.3669279742194271,0.2184764910621638
single,985,0,0.44120689381600126,0.35585585585585583,0.36763381768504716,0.671451355661882,0.11483253588516747,1.4620072266228608,0.23291829099154357
single,986,0,0.4339396886490221,0.3049645390070922,0.19397759103641457,0.6682692307692308,0.11378205128205128,1.4513486777151385,0.22937494909775893
single,987,0,0.5207081271179353,0.404040404040404,0.3998944670586462,0.5587301587301586,0.09047619047619049,1.2561326671110156,0.1940231831391527
single,988,0,0.47782401846188266,0.3020833333333333,0.28619134356839276,0.5948963317384369,0.07496012759170655,1.390970599076591,0.20297174155796283
single,989,0,0.40660680747284156,0.2990196078431373,0.25074555074555077,0.6889952153110048,0.0861244019138756,1.5938607706541994,0.24426549962931585
single,990,0,0.4097827378958217,0.3872549019607843,0.2883022774327122,0.6858054226475279,0.08931419457735247,1.7068846981229935,0.2519764782242062
single,991,0,0.4554905302603251,0.3064516129032258,0.25831132137459756,0.6299840510366826,0.08133971291866028,1.4309577346031983,0.22068237611393973
single,992,0,0.42236516566795473,0.43452380952380953,0.2744510777436062,0.7003205128205128,0.12179487179487179,1.5922874988689273,0.2476574472094553
single,993,0,0.4732745549617346,0.34358974358974365,0.3103718539654668,0.6299840510366826,0.09409888357256779,1.454458314869331,0.22043478149714166
single,994,0,0.46856157363036743,0.36410256410256414,0.35236750067258543,0.6425120772946861,0.11594202898550725,1.3996714036695546,0.21602467326686647
single,995,0,0.4370607896021778,0.39333333333333337,0.25138397707047594,0.6746411483253588,0.12599681020733652,1.46981430389848,0.23558520281404718
single,996,0,0.4290456612539007,0.35000000000000003,0.3255316321105795,0.6396825396825396,0.06031746031746032,1.5906163722035596,0.23050771275043716
single,997,0,0.42501661339350977,0.2796934865900383,0.35573095864534837,0.6539074960127591,0.07336523125996809,1.5449304456788677,0.22752601455587493
single,998,0,0.4540888510402867,0.3817204301075268,0.27899511983229597,0.6283891547049443,0.07655502392344497,1.507830604347004,0.2306176169018105
single,999,0,0.5044371687928224,0.46060606060606063,0.3519703631330402,0.610576923076923,0.1201923076923077,1.2303479248049836,0.20870886709658862
