task,backbone,seed,fold,best_epoch,selection,inference,dataset_index,sample_id,group,residue_mg_cm2,target,prediction,view_count,view_instability,target_label,prediction_label,baseline_prediction,probability_low,probability_medium,probability_high
bin_classification,dinov3,42,1,3,inner_refit,single,3,600 ppm 5 5,,3.07249289,1,0,1,0.0,medium,low,0,0.8102736473083496,0.06180494651198387,0.12792138755321503
bin_classification,dinov3,42,1,3,inner_refit,single,5,1000 ppm 4 3,,7.189555601,2,0,1,0.0,high,low,0,0.5170279741287231,0.2128789871931076,0.27009302377700806
bin_classification,dinov3,42,1,3,inner_refit,single,6,1000 ppm 3 9,,6.405368276,2,0,1,0.0,high,low,0,0.412186861038208,0.3153325319290161,0.2724805772304535
bin_classification,dinov3,42,1,3,inner_refit,single,7,1000 ppm 3 10,,4.236281385,2,0,1,0.0,high,low,0,0.38532018661499023,0.33636340498924255,0.278316468000412
bin_classification,dinov3,42,1,3,inner_refit,single,8,600 ppm 3 7,,2.508319707,0,0,1,0.0,low,low,0,0.5581387877464294,0.29194512963294983,0.14991605281829834
bin_classification,dinov3,42,1,3,inner_refit,single,9,800 ppm 5 7,,3.900390988,2,0,1,0.0,high,low,0,0.5050815939903259,0.22406324744224548,0.2708551585674286
bin_classification,dinov3,42,1,3,inner_refit,single,11,400 ppm 4 4,,2.489788579,0,0,1,0.0,low,low,0,0.6183011531829834,0.1557094007730484,0.2259894460439682
bin_classification,dinov3,42,1,3,inner_refit,single,12,800 ppm 2 8,,2.765988542,1,0,1,0.0,medium,low,0,0.6007620692253113,0.1952037662267685,0.20403419435024261
bin_classification,dinov3,42,1,3,inner_refit,single,13,400 ppm 3 2,,1.924704767,0,0,1,0.0,low,low,0,0.7133692502975464,0.1468222439289093,0.1398085206747055
bin_classification,dinov3,42,1,3,inner_refit,single,21,800 ppm 3 9,,3.382216957,1,0,1,0.0,medium,low,0,0.5933147668838501,0.22635017335414886,0.18033508956432343
bin_classification,dinov3,42,1,3,inner_refit,single,27,1000 ppm 5 1,,3.059802771,1,1,1,0.0,medium,medium,0,0.38829174637794495,0.41682764887809753,0.19488057494163513
bin_classification,dinov3,42,1,3,inner_refit,single,28,800 ppm 4 5,,2.521832891,0,0,1,0.0,low,low,0,0.5275484323501587,0.25484347343444824,0.21760810911655426
bin_classification,dinov3,42,1,3,inner_refit,single,29,800 ppm 2 1,,4.06487884,2,0,1,0.0,high,low,0,0.5641913414001465,0.27135708928108215,0.16445153951644897
bin_classification,dinov3,42,1,3,inner_refit,single,34,400 ppm 1 5,,2.341339231,0,0,1,0.0,low,low,0,0.5756829380989075,0.17177441716194153,0.252542644739151
bin_classification,dinov3,42,1,3,inner_refit,single,45,400 ppm 4 8,,2.558849953,0,0,1,0.0,low,low,0,0.6127268075942993,0.1694110780954361,0.21786214411258698
bin_classification,dinov3,42,1,3,inner_refit,single,49,800 ppm 3 4,,3.337767404,1,0,1,0.0,medium,low,0,0.5279861092567444,0.27967286109924316,0.19234108924865723
bin_classification,dinov3,42,1,3,inner_refit,single,53,1000 ppm 2 1,,3.63646254,2,0,1,0.0,high,low,0,0.4889858067035675,0.33962246775627136,0.1713918000459671
bin_classification,dinov3,42,1,3,inner_refit,single,54,400 ppm 3 10,,3.10781821,1,0,1,0.0,medium,low,0,0.7186871767044067,0.16723735630512238,0.11407546699047089
bin_classification,dinov3,42,1,3,inner_refit,single,66,1000 ppm 3 3,,3.51299382,1,0,1,0.0,medium,low,0,0.6567225456237793,0.13182076811790466,0.21145665645599365
bin_classification,dinov3,42,1,3,inner_refit,single,67,c 9,,0.057884192,0,0,1,0.0,low,low,0,0.7536203265190125,0.09993316233158112,0.14644648134708405
bin_classification,dinov3,42,1,3,inner_refit,single,70,800 ppm 3 3,,3.888822319,2,2,1,0.0,high,high,0,0.28069868683815,0.2755745053291321,0.4437267482280731
bin_classification,dinov3,42,1,3,inner_refit,single,79,800 ppm 2 9,,4.519795322,2,2,1,0.0,high,high,0,0.3653111755847931,0.20160475373268127,0.43308401107788086
bin_classification,dinov3,42,1,3,inner_refit,single,81,600 ppm 2 9,,3.516388075,1,2,1,0.0,medium,high,0,0.3760756850242615,0.18868388235569,0.4352405071258545
bin_classification,dinov3,42,1,3,inner_refit,single,83,400 ppm 2 10,,2.028021582,0,1,1,0.0,low,medium,0,0.3887433707714081,0.42621952295303345,0.18503707647323608
bin_classification,dinov3,42,1,3,inner_refit,single,94,800 ppm 4 7,,2.433103134,0,0,1,0.0,low,low,0,0.688886821269989,0.1417997181415558,0.1693134903907776
bin_classification,dinov3,42,1,3,inner_refit,single,99,1000 ppm 2 7,,2.945844467,1,1,1,0.0,medium,medium,0,0.401943176984787,0.42730316519737244,0.17075367271900177
bin_classification,dinov3,42,1,3,inner_refit,single,108,800 ppm 5 9,,4.625114916,2,0,1,0.0,high,low,0,0.577497661113739,0.2557699680328369,0.16673240065574646
bin_classification,dinov3,42,1,3,inner_refit,single,109,600 ppm 3 6,,2.589302372,1,0,1,0.0,medium,low,0,0.6048329472541809,0.32868969440460205,0.06647735834121704
bin_classification,dinov3,42,1,3,inner_refit,single,111,1000 ppm 1 5,,5.633915275,2,0,1,0.0,high,low,0,0.6582218408584595,0.21902303397655487,0.12275510281324387
bin_classification,dinov3,42,1,3,inner_refit,single,113,600 ppm 5 10,,2.366026608,0,1,1,0.0,low,medium,0,0.3983781337738037,0.4816141128540039,0.1200077161192894
bin_classification,dinov3,42,1,3,inner_refit,single,114,600 ppm 2 5,,7.364696779,2,2,1,0.0,high,high,0,0.27069202065467834,0.2533857524394989,0.47592222690582275
bin_classification,dinov3,42,1,3,inner_refit,single,115,800 ppm 1 10,,3.305771452,1,0,1,0.0,medium,low,0,0.4420318305492401,0.17349930107593536,0.38446876406669617
bin_classification,dinov3,42,1,3,inner_refit,single,117,1000 ppm 3 8,,3.306848768,1,0,1,0.0,medium,low,0,0.4844973385334015,0.23087595403194427,0.2846267521381378
bin_classification,dinov3,42,1,3,inner_refit,single,121,800 ppm 2 3,,4.083341711,2,0,1,0.0,high,low,0,0.5923990607261658,0.18393810093402863,0.2236628234386444
bin_classification,dinov3,42,1,3,inner_refit,single,126,1000 ppm 5 7,,3.420269793,1,0,1,0.0,medium,low,0,0.6953673362731934,0.12654462456703186,0.17808805406093597
bin_classification,dinov3,42,1,3,inner_refit,single,130,400 ppm 1 3,,2.14727081,0,0,1,0.0,low,low,0,0.5488169193267822,0.15128463506698608,0.2998984456062317
bin_classification,dinov3,42,1,3,inner_refit,single,131,800 ppm 4 6,,2.875276352,1,0,1,0.0,medium,low,0,0.4747535288333893,0.3625856637954712,0.16266082227230072
bin_classification,dinov3,42,1,3,inner_refit,single,132,600 ppm 5 4,,1.814695158,0,0,1,0.0,low,low,0,0.6029119491577148,0.22369055449962616,0.17339752614498138
bin_classification,dinov3,42,1,3,inner_refit,single,138,400 ppm 2 7,,2.096952551,0,1,1,0.0,low,medium,0,0.3113750219345093,0.5153471231460571,0.17327781021595
bin_classification,dinov3,42,1,3,inner_refit,single,143,1000 ppm 5 9,,3.907491301,2,2,1,0.0,high,high,0,0.3263414800167084,0.2852188050746918,0.38843974471092224
bin_classification,dinov3,42,1,3,inner_refit,single,146,400 ppm 5 8,,1.963308029,0,0,1,0.0,low,low,0,0.4554957449436188,0.21559910476207733,0.32890522480010986
bin_classification,dinov3,42,1,3,inner_refit,single,148,c 4,,0.028773772,0,0,1,0.0,low,low,0,0.71363765001297,0.15613152086734772,0.13023079931735992
bin_classification,dinov3,42,1,3,inner_refit,single,156,1000 ppm 1 8,,2.743553968,1,0,1,0.0,medium,low,0,0.541540801525116,0.217203751206398,0.24125544726848602
bin_classification,dinov3,42,1,3,inner_refit,single,157,c 3,,0.03666858,0,0,1,0.0,low,low,0,0.7024365067481995,0.1286899596452713,0.16887348890304565
bin_classification,dinov3,42,1,3,inner_refit,single,166,800 ppm 1 9,,4.20466345,2,1,1,0.0,high,medium,0,0.35528892278671265,0.4528573453426361,0.19185371696949005
bin_classification,dinov3,42,1,3,inner_refit,single,175,1000 ppm 3 2,,5.16842706,2,0,1,0.0,high,low,0,0.5563968420028687,0.21313343942165375,0.2304697334766388
bin_classification,dinov3,42,1,3,inner_refit,single,186,1000 ppm 5 4,,4.896407171,2,0,1,0.0,high,low,0,0.6168478727340698,0.10937715321779251,0.27377504110336304
bin_classification,dinov3,42,1,3,inner_refit,single,189,1000 ppm 3 5,,3.571688657,1,0,1,0.0,medium,low,0,0.6012087464332581,0.2331668883562088,0.16562435030937195
bin_classification,dinov3,42,1,3,inner_refit,single,192,800 ppm 1 4,,3.526156319,1,0,1,0.0,medium,low,0,0.38498979806900024,0.32179078459739685,0.2932194173336029
bin_classification,dinov3,42,1,3,inner_refit,single,193,1000 ppm 1 7,,13.21918184,2,0,1,0.0,high,low,0,0.5040781497955322,0.17956387996673584,0.3163580298423767
bin_classification,dinov3,42,1,3,inner_refit,single,202,1000 ppm 3 4,,3.664180216,2,0,1,0.0,high,low,0,0.7202343344688416,0.13754545152187347,0.14222027361392975
bin_classification,dinov3,42,1,3,inner_refit,single,204,400 ppm 5 1,,2.488451456,0,0,1,0.0,low,low,0,0.616865873336792,0.26907941699028015,0.11405472457408905
bin_classification,dinov3,42,1,3,inner_refit,single,205,1000 ppm 2 4,,2.575755666,1,0,1,0.0,medium,low,0,0.6461241245269775,0.18674643337726593,0.16712944209575653
bin_classification,dinov3,42,1,3,inner_refit,d4_mean,3,600 ppm 5 5,,3.07249289,1,0,8,0.0,medium,low,0,0.8200421929359436,0.07462882995605469,0.10532902181148529
bin_classification,dinov3,42,1,3,inner_refit,d4_mean,5,1000 ppm 4 3,,7.189555601,2,0,8,0.0,high,low,0,0.49891069531440735,0.25588691234588623,0.2452024221420288
bin_classification,dinov3,42,1,3,inner_refit,d4_mean,6,1000 ppm 3 9,,6.405368276,2,0,8,0.0,high,low,0,0.3968143165111542,0.3172208070755005,0.2859649062156677
bin_classification,dinov3,42,1,3,inner_refit,d4_mean,7,1000 ppm 3 10,,4.236281385,2,0,8,0.25,high,low,0,0.3798806071281433,0.3510403335094452,0.2690791189670563
bin_classification,dinov3,42,1,3,inner_refit,d4_mean,8,600 ppm 3 7,,2.508319707,0,0,8,0.0,low,low,0,0.49750956892967224,0.3568902611732483,0.14560021460056305
bin_classification,dinov3,42,1,3,inner_refit,d4_mean,9,800 ppm 5 7,,3.900390988,2,0,8,0.0,high,low,0,0.44444289803504944,0.2739940285682678,0.2815631031990051
bin_classification,dinov3,42,1,3,inner_refit,d4_mean,11,400 ppm 4 4,,2.489788579,0,0,8,0.0,low,low,0,0.6037731766700745,0.20282936096191406,0.19339749217033386
bin_classification,dinov3,42,1,3,inner_refit,d4_mean,12,800 ppm 2 8,,2.765988542,1,0,8,0.0,medium,low,0,0.578881025314331,0.24183368682861328,0.1792852282524109
bin_classification,dinov3,42,1,3,inner_refit,d4_mean,13,400 ppm 3 2,,1.924704767,0,0,8,0.0,low,low,0,0.661590039730072,0.20853906869888306,0.12987089157104492
bin_classification,dinov3,42,1,3,inner_refit,d4_mean,21,800 ppm 3 9,,3.382216957,1,0,8,0.0,medium,low,0,0.5432626008987427,0.2728869318962097,0.18385049700737
bin_classification,dinov3,42,1,3,inner_refit,d4_mean,27,1000 ppm 5 1,,3.059802771,1,1,8,0.375,medium,medium,0,0.375582218170166,0.40920186042785645,0.21521593630313873
bin_classification,dinov3,42,1,3,inner_refit,d4_mean,28,800 ppm 4 5,,2.521832891,0,0,8,0.0,low,low,0,0.5029984712600708,0.2988268733024597,0.1981746405363083
bin_classification,dinov3,42,1,3,inner_refit,d4_mean,29,800 ppm 2 1,,4.06487884,2,0,8,0.0,high,low,0,0.5354292988777161,0.3175826966762543,0.14698798954486847
bin_classification,dinov3,42,1,3,inner_refit,d4_mean,34,400 ppm 1 5,,2.341339231,0,0,8,0.0,low,low,0,0.5561069250106812,0.19345703721046448,0.25043606758117676
bin_classification,dinov3,42,1,3,inner_refit,d4_mean,45,400 ppm 4 8,,2.558849953,0,0,8,0.0,low,low,0,0.6149535179138184,0.20094262063503265,0.18410390615463257
bin_classification,dinov3,42,1,3,inner_refit,d4_mean,49,800 ppm 3 4,,3.337767404,1,0,8,0.0,medium,low,0,0.5414620637893677,0.2916260361671448,0.16691192984580994
bin_classification,dinov3,42,1,3,inner_refit,d4_mean,53,1000 ppm 2 1,,3.63646254,2,0,8,0.125,high,low,0,0.4885674715042114,0.3737298250198364,0.13770270347595215
bin_classification,dinov3,42,1,3,inner_refit,d4_mean,54,400 ppm 3 10,,3.10781821,1,0,8,0.0,medium,low,0,0.6874244809150696,0.20823431015014648,0.10434126108884811
bin_classification,dinov3,42,1,3,inner_refit,d4_mean,66,1000 ppm 3 3,,3.51299382,1,0,8,0.0,medium,low,0,0.586209237575531,0.17442506551742554,0.23936572670936584
bin_classification,dinov3,42,1,3,inner_refit,d4_mean,67,c 9,,0.057884192,0,0,8,0.0,low,low,0,0.7431111335754395,0.12174008041620255,0.13514873385429382
bin_classification,dinov3,42,1,3,inner_refit,d4_mean,70,800 ppm 3 3,,3.888822319,2,2,8,0.125,high,high,0,0.30904603004455566,0.3110862970352173,0.37986767292022705
bin_classification,dinov3,42,1,3,inner_refit,d4_mean,79,800 ppm 2 9,,4.519795322,2,2,8,0.0,high,high,0,0.3728032112121582,0.1723787486553192,0.45481806993484497
bin_classification,dinov3,42,1,3,inner_refit,d4_mean,81,600 ppm 2 9,,3.516388075,1,2,8,0.5,medium,high,0,0.37650078535079956,0.23806267976760864,0.3854365348815918
bin_classification,dinov3,42,1,3,inner_refit,d4_mean,83,400 ppm 2 10,,2.028021582,0,1,8,0.0,low,medium,0,0.33614882826805115,0.4814201891422272,0.1824309527873993
bin_classification,dinov3,42,1,3,inner_refit,d4_mean,94,800 ppm 4 7,,2.433103134,0,0,8,0.0,low,low,0,0.6236766576766968,0.18856126070022583,0.18776212632656097
bin_classification,dinov3,42,1,3,inner_refit,d4_mean,99,1000 ppm 2 7,,2.945844467,1,1,8,0.375,medium,medium,0,0.38107967376708984,0.4294404983520508,0.18947984278202057
bin_classification,dinov3,42,1,3,inner_refit,d4_mean,108,800 ppm 5 9,,4.625114916,2,0,8,0.0,high,low,0,0.574644148349762,0.27049872279167175,0.15485715866088867
bin_classification,dinov3,42,1,3,inner_refit,d4_mean,109,600 ppm 3 6,,2.589302372,1,0,8,0.0,medium,low,0,0.5827166438102722,0.35067030787467957,0.06661304086446762
bin_classification,dinov3,42,1,3,inner_refit,d4_mean,111,1000 ppm 1 5,,5.633915275,2,0,8,0.0,high,low,0,0.6269479990005493,0.23545150458812714,0.13760049641132355
bin_classification,dinov3,42,1,3,inner_refit,d4_mean,113,600 ppm 5 10,,2.366026608,0,1,8,0.25,low,medium,0,0.43107086420059204,0.4552295506000519,0.11369957774877548
bin_classification,dinov3,42,1,3,inner_refit,d4_mean,114,600 ppm 2 5,,7.364696779,2,2,8,0.0,high,high,0,0.25876283645629883,0.2829946279525757,0.4582425355911255
bin_classification,dinov3,42,1,3,inner_refit,d4_mean,115,800 ppm 1 10,,3.305771452,1,0,8,0.25,medium,low,0,0.4102461040019989,0.23034536838531494,0.35940849781036377
bin_classification,dinov3,42,1,3,inner_refit,d4_mean,117,1000 ppm 3 8,,3.306848768,1,0,8,0.0,medium,low,0,0.42641037702560425,0.3041200339794159,0.26946958899497986
bin_classification,dinov3,42,1,3,inner_refit,d4_mean,121,800 ppm 2 3,,4.083341711,2,0,8,0.0,high,low,0,0.5492891669273376,0.21752433478832245,0.23318646848201752
bin_classification,dinov3,42,1,3,inner_refit,d4_mean,126,1000 ppm 5 7,,3.420269793,1,0,8,0.0,medium,low,0,0.6392123103141785,0.17844891548156738,0.18233875930309296
bin_classification,dinov3,42,1,3,inner_refit,d4_mean,130,400 ppm 1 3,,2.14727081,0,0,8,0.0,low,low,0,0.5538833141326904,0.1849331557750702,0.2611835300922394
bin_classification,dinov3,42,1,3,inner_refit,d4_mean,131,800 ppm 4 6,,2.875276352,1,0,8,0.25,medium,low,0,0.4443509578704834,0.3984543979167938,0.15719462931156158
bin_classification,dinov3,42,1,3,inner_refit,d4_mean,132,600 ppm 5 4,,1.814695158,0,0,8,0.0,low,low,0,0.5569918155670166,0.30392205715179443,0.13908609747886658
bin_classification,dinov3,42,1,3,inner_refit,d4_mean,138,400 ppm 2 7,,2.096952551,0,1,8,0.0,low,medium,0,0.32196471095085144,0.48324519395828247,0.1947900950908661
bin_classification,dinov3,42,1,3,inner_refit,d4_mean,143,1000 ppm 5 9,,3.907491301,2,2,8,0.375,high,high,0,0.3058333396911621,0.3166390359401703,0.3775276839733124
bin_classification,dinov3,42,1,3,inner_refit,d4_mean,146,400 ppm 5 8,,1.963308029,0,0,8,0.0,low,low,0,0.4421132802963257,0.251415491104126,0.3064712584018707
bin_classification,dinov3,42,1,3,inner_refit,d4_mean,148,c 4,,0.028773772,0,0,8,0.0,low,low,0,0.6990692019462585,0.1736910343170166,0.12723974883556366
bin_classification,dinov3,42,1,3,inner_refit,d4_mean,156,1000 ppm 1 8,,2.743553968,1,0,8,0.0,medium,low,0,0.49887800216674805,0.2827315330505371,0.21839046478271484
bin_classification,dinov3,42,1,3,inner_refit,d4_mean,157,c 3,,0.03666858,0,0,8,0.0,low,low,0,0.6728212833404541,0.1656932681798935,0.1614854633808136
bin_classification,dinov3,42,1,3,inner_refit,d4_mean,166,800 ppm 1 9,,4.20466345,2,1,8,0.0,high,medium,0,0.33718279004096985,0.46754762530326843,0.19526956975460052
bin_classification,dinov3,42,1,3,inner_refit,d4_mean,175,1000 ppm 3 2,,5.16842706,2,0,8,0.0,high,low,0,0.49858325719833374,0.2847028076648712,0.21671395003795624
bin_classification,dinov3,42,1,3,inner_refit,d4_mean,186,1000 ppm 5 4,,4.896407171,2,0,8,0.0,high,low,0,0.5411577224731445,0.17580458521842957,0.2830377519130707
bin_classification,dinov3,42,1,3,inner_refit,d4_mean,189,1000 ppm 3 5,,3.571688657,1,0,8,0.0,medium,low,0,0.5708039999008179,0.25584569573402405,0.17335031926631927
bin_classification,dinov3,42,1,3,inner_refit,d4_mean,192,800 ppm 1 4,,3.526156319,1,0,8,0.0,medium,low,0,0.40436744689941406,0.3354112505912781,0.26022130250930786
bin_classification,dinov3,42,1,3,inner_refit,d4_mean,193,1000 ppm 1 7,,13.21918184,2,0,8,0.0,high,low,0,0.5110741257667542,0.17256030440330505,0.31636562943458557
bin_classification,dinov3,42,1,3,inner_refit,d4_mean,202,1000 ppm 3 4,,3.664180216,2,0,8,0.0,high,low,0,0.7291022539138794,0.1271144449710846,0.14378327131271362
bin_classification,dinov3,42,1,3,inner_refit,d4_mean,204,400 ppm 5 1,,2.488451456,0,0,8,0.0,low,low,0,0.5436657071113586,0.32970383763313293,0.12663045525550842
bin_classification,dinov3,42,1,3,inner_refit,d4_mean,205,1000 ppm 2 4,,2.575755666,1,0,8,0.0,medium,low,0,0.6145695447921753,0.2084665149450302,0.17696397006511688
bin_classification,dinov3,42,1,3,inner_refit,d4_vote,3,600 ppm 5 5,,3.07249289,1,0,8,0.0,medium,low,0,0.8200421929359436,0.07462882995605469,0.10532902181148529
bin_classification,dinov3,42,1,3,inner_refit,d4_vote,5,1000 ppm 4 3,,7.189555601,2,0,8,0.0,high,low,0,0.49891069531440735,0.25588691234588623,0.2452024221420288
bin_classification,dinov3,42,1,3,inner_refit,d4_vote,6,1000 ppm 3 9,,6.405368276,2,0,8,0.0,high,low,0,0.3968143165111542,0.3172208070755005,0.2859649062156677
bin_classification,dinov3,42,1,3,inner_refit,d4_vote,7,1000 ppm 3 10,,4.236281385,2,0,8,0.25,high,low,0,0.3798806071281433,0.3510403335094452,0.2690791189670563
bin_classification,dinov3,42,1,3,inner_refit,d4_vote,8,600 ppm 3 7,,2.508319707,0,0,8,0.0,low,low,0,0.49750956892967224,0.3568902611732483,0.14560021460056305
bin_classification,dinov3,42,1,3,inner_refit,d4_vote,9,800 ppm 5 7,,3.900390988,2,0,8,0.0,high,low,0,0.44444289803504944,0.2739940285682678,0.2815631031990051
bin_classification,dinov3,42,1,3,inner_refit,d4_vote,11,400 ppm 4 4,,2.489788579,0,0,8,0.0,low,low,0,0.6037731766700745,0.20282936096191406,0.19339749217033386
bin_classification,dinov3,42,1,3,inner_refit,d4_vote,12,800 ppm 2 8,,2.765988542,1,0,8,0.0,medium,low,0,0.578881025314331,0.24183368682861328,0.1792852282524109
bin_classification,dinov3,42,1,3,inner_refit,d4_vote,13,400 ppm 3 2,,1.924704767,0,0,8,0.0,low,low,0,0.661590039730072,0.20853906869888306,0.12987089157104492
bin_classification,dinov3,42,1,3,inner_refit,d4_vote,21,800 ppm 3 9,,3.382216957,1,0,8,0.0,medium,low,0,0.5432626008987427,0.2728869318962097,0.18385049700737
bin_classification,dinov3,42,1,3,inner_refit,d4_vote,27,1000 ppm 5 1,,3.059802771,1,1,8,0.375,medium,medium,0,0.375582218170166,0.40920186042785645,0.21521593630313873
bin_classification,dinov3,42,1,3,inner_refit,d4_vote,28,800 ppm 4 5,,2.521832891,0,0,8,0.0,low,low,0,0.5029984712600708,0.2988268733024597,0.1981746405363083
bin_classification,dinov3,42,1,3,inner_refit,d4_vote,29,800 ppm 2 1,,4.06487884,2,0,8,0.0,high,low,0,0.5354292988777161,0.3175826966762543,0.14698798954486847
bin_classification,dinov3,42,1,3,inner_refit,d4_vote,34,400 ppm 1 5,,2.341339231,0,0,8,0.0,low,low,0,0.5561069250106812,0.19345703721046448,0.25043606758117676
bin_classification,dinov3,42,1,3,inner_refit,d4_vote,45,400 ppm 4 8,,2.558849953,0,0,8,0.0,low,low,0,0.6149535179138184,0.20094262063503265,0.18410390615463257
bin_classification,dinov3,42,1,3,inner_refit,d4_vote,49,800 ppm 3 4,,3.337767404,1,0,8,0.0,medium,low,0,0.5414620637893677,0.2916260361671448,0.16691192984580994
bin_classification,dinov3,42,1,3,inner_refit,d4_vote,53,1000 ppm 2 1,,3.63646254,2,0,8,0.125,high,low,0,0.4885674715042114,0.3737298250198364,0.13770270347595215
bin_classification,dinov3,42,1,3,inner_refit,d4_vote,54,400 ppm 3 10,,3.10781821,1,0,8,0.0,medium,low,0,0.6874244809150696,0.20823431015014648,0.10434126108884811
bin_classification,dinov3,42,1,3,inner_refit,d4_vote,66,1000 ppm 3 3,,3.51299382,1,0,8,0.0,medium,low,0,0.586209237575531,0.17442506551742554,0.23936572670936584
bin_classification,dinov3,42,1,3,inner_refit,d4_vote,67,c 9,,0.057884192,0,0,8,0.0,low,low,0,0.7431111335754395,0.12174008041620255,0.13514873385429382
bin_classification,dinov3,42,1,3,inner_refit,d4_vote,70,800 ppm 3 3,,3.888822319,2,2,8,0.125,high,high,0,0.30904603004455566,0.3110862970352173,0.37986767292022705
bin_classification,dinov3,42,1,3,inner_refit,d4_vote,79,800 ppm 2 9,,4.519795322,2,2,8,0.0,high,high,0,0.3728032112121582,0.1723787486553192,0.45481806993484497
bin_classification,dinov3,42,1,3,inner_refit,d4_vote,81,600 ppm 2 9,,3.516388075,1,2,8,0.5,medium,high,0,0.37650078535079956,0.23806267976760864,0.3854365348815918
bin_classification,dinov3,42,1,3,inner_refit,d4_vote,83,400 ppm 2 10,,2.028021582,0,1,8,0.0,low,medium,0,0.33614882826805115,0.4814201891422272,0.1824309527873993
bin_classification,dinov3,42,1,3,inner_refit,d4_vote,94,800 ppm 4 7,,2.433103134,0,0,8,0.0,low,low,0,0.6236766576766968,0.18856126070022583,0.18776212632656097
bin_classification,dinov3,42,1,3,inner_refit,d4_vote,99,1000 ppm 2 7,,2.945844467,1,1,8,0.375,medium,medium,0,0.38107967376708984,0.4294404983520508,0.18947984278202057
bin_classification,dinov3,42,1,3,inner_refit,d4_vote,108,800 ppm 5 9,,4.625114916,2,0,8,0.0,high,low,0,0.574644148349762,0.27049872279167175,0.15485715866088867
bin_classification,dinov3,42,1,3,inner_refit,d4_vote,109,600 ppm 3 6,,2.589302372,1,0,8,0.0,medium,low,0,0.5827166438102722,0.35067030787467957,0.06661304086446762
bin_classification,dinov3,42,1,3,inner_refit,d4_vote,111,1000 ppm 1 5,,5.633915275,2,0,8,0.0,high,low,0,0.6269479990005493,0.23545150458812714,0.13760049641132355
bin_classification,dinov3,42,1,3,inner_refit,d4_vote,113,600 ppm 5 10,,2.366026608,0,1,8,0.25,low,medium,0,0.43107086420059204,0.4552295506000519,0.11369957774877548
bin_classification,dinov3,42,1,3,inner_refit,d4_vote,114,600 ppm 2 5,,7.364696779,2,2,8,0.0,high,high,0,0.25876283645629883,0.2829946279525757,0.4582425355911255
bin_classification,dinov3,42,1,3,inner_refit,d4_vote,115,800 ppm 1 10,,3.305771452,1,0,8,0.25,medium,low,0,0.4102461040019989,0.23034536838531494,0.35940849781036377
bin_classification,dinov3,42,1,3,inner_refit,d4_vote,117,1000 ppm 3 8,,3.306848768,1,0,8,0.0,medium,low,0,0.42641037702560425,0.3041200339794159,0.26946958899497986
bin_classification,dinov3,42,1,3,inner_refit,d4_vote,121,800 ppm 2 3,,4.083341711,2,0,8,0.0,high,low,0,0.5492891669273376,0.21752433478832245,0.23318646848201752
bin_classification,dinov3,42,1,3,inner_refit,d4_vote,126,1000 ppm 5 7,,3.420269793,1,0,8,0.0,medium,low,0,0.6392123103141785,0.17844891548156738,0.18233875930309296
bin_classification,dinov3,42,1,3,inner_refit,d4_vote,130,400 ppm 1 3,,2.14727081,0,0,8,0.0,low,low,0,0.5538833141326904,0.1849331557750702,0.2611835300922394
bin_classification,dinov3,42,1,3,inner_refit,d4_vote,131,800 ppm 4 6,,2.875276352,1,0,8,0.25,medium,low,0,0.4443509578704834,0.3984543979167938,0.15719462931156158
bin_classification,dinov3,42,1,3,inner_refit,d4_vote,132,600 ppm 5 4,,1.814695158,0,0,8,0.0,low,low,0,0.5569918155670166,0.30392205715179443,0.13908609747886658
bin_classification,dinov3,42,1,3,inner_refit,d4_vote,138,400 ppm 2 7,,2.096952551,0,1,8,0.0,low,medium,0,0.32196471095085144,0.48324519395828247,0.1947900950908661
bin_classification,dinov3,42,1,3,inner_refit,d4_vote,143,1000 ppm 5 9,,3.907491301,2,2,8,0.375,high,high,0,0.3058333396911621,0.3166390359401703,0.3775276839733124
bin_classification,dinov3,42,1,3,inner_refit,d4_vote,146,400 ppm 5 8,,1.963308029,0,0,8,0.0,low,low,0,0.4421132802963257,0.251415491104126,0.3064712584018707
bin_classification,dinov3,42,1,3,inner_refit,d4_vote,148,c 4,,0.028773772,0,0,8,0.0,low,low,0,0.6990692019462585,0.1736910343170166,0.12723974883556366
bin_classification,dinov3,42,1,3,inner_refit,d4_vote,156,1000 ppm 1 8,,2.743553968,1,0,8,0.0,medium,low,0,0.49887800216674805,0.2827315330505371,0.21839046478271484
bin_classification,dinov3,42,1,3,inner_refit,d4_vote,157,c 3,,0.03666858,0,0,8,0.0,low,low,0,0.6728212833404541,0.1656932681798935,0.1614854633808136
bin_classification,dinov3,42,1,3,inner_refit,d4_vote,166,800 ppm 1 9,,4.20466345,2,1,8,0.0,high,medium,0,0.33718279004096985,0.46754762530326843,0.19526956975460052
bin_classification,dinov3,42,1,3,inner_refit,d4_vote,175,1000 ppm 3 2,,5.16842706,2,0,8,0.0,high,low,0,0.49858325719833374,0.2847028076648712,0.21671395003795624
bin_classification,dinov3,42,1,3,inner_refit,d4_vote,186,1000 ppm 5 4,,4.896407171,2,0,8,0.0,high,low,0,0.5411577224731445,0.17580458521842957,0.2830377519130707
bin_classification,dinov3,42,1,3,inner_refit,d4_vote,189,1000 ppm 3 5,,3.571688657,1,0,8,0.0,medium,low,0,0.5708039999008179,0.25584569573402405,0.17335031926631927
bin_classification,dinov3,42,1,3,inner_refit,d4_vote,192,800 ppm 1 4,,3.526156319,1,0,8,0.0,medium,low,0,0.40436744689941406,0.3354112505912781,0.26022130250930786
bin_classification,dinov3,42,1,3,inner_refit,d4_vote,193,1000 ppm 1 7,,13.21918184,2,0,8,0.0,high,low,0,0.5110741257667542,0.17256030440330505,0.31636562943458557
bin_classification,dinov3,42,1,3,inner_refit,d4_vote,202,1000 ppm 3 4,,3.664180216,2,0,8,0.0,high,low,0,0.7291022539138794,0.1271144449710846,0.14378327131271362
bin_classification,dinov3,42,1,3,inner_refit,d4_vote,204,400 ppm 5 1,,2.488451456,0,0,8,0.0,low,low,0,0.5436657071113586,0.32970383763313293,0.12663045525550842
bin_classification,dinov3,42,1,3,inner_refit,d4_vote,205,1000 ppm 2 4,,2.575755666,1,0,8,0.0,medium,low,0,0.6145695447921753,0.2084665149450302,0.17696397006511688
bin_classification,dinov3,42,2,15,inner_refit,single,0,800 ppm 4 4,,2.946573479,1,2,1,0.0,medium,high,2,0.3450583517551422,0.27455419301986694,0.38038742542266846
bin_classification,dinov3,42,2,15,inner_refit,single,1,400 ppm 1 10,,2.439106538,0,0,1,0.0,low,low,2,0.5010306239128113,0.16239018738269806,0.3365791440010071
bin_classification,dinov3,42,2,15,inner_refit,single,2,c 8,,0.026443476,0,0,1,0.0,low,low,2,0.9357647895812988,0.046060238033533096,0.018174991011619568
bin_classification,dinov3,42,2,15,inner_refit,single,14,800 ppm 5 8,,1.813308383,0,1,1,0.0,low,medium,2,0.3615649938583374,0.514118492603302,0.12431648373603821
bin_classification,dinov3,42,2,15,inner_refit,single,20,600 ppm 3 4,,2.760653598,1,0,1,0.0,medium,low,2,0.4540562629699707,0.4299243986606598,0.11601931601762772
bin_classification,dinov3,42,2,15,inner_refit,single,22,1000 ppm 2 10,,3.02169275,1,0,1,0.0,medium,low,2,0.5289443731307983,0.28658366203308105,0.18447190523147583
bin_classification,dinov3,42,2,15,inner_refit,single,30,800 ppm 3 1,,3.635232962,1,0,1,0.0,medium,low,2,0.5661597847938538,0.20379723608493805,0.23004300892353058
bin_classification,dinov3,42,2,15,inner_refit,single,35,400 ppm 4 3,,1.918214246,0,0,1,0.0,low,low,2,0.5724737644195557,0.20120519399642944,0.2263210266828537
bin_classification,dinov3,42,2,15,inner_refit,single,38,600 ppm 1 2,,3.709535965,2,1,1,0.0,high,medium,2,0.20781023800373077,0.5856694579124451,0.20652028918266296
bin_classification,dinov3,42,2,15,inner_refit,single,43,400 ppm 3 7,,0.89575865,0,0,1,0.0,low,low,2,0.836157500743866,0.039982154965400696,0.12386034429073334
bin_classification,dinov3,42,2,15,inner_refit,single,44,600 ppm 2 10,,5.751181016,2,2,1,0.0,high,high,2,0.19666364789009094,0.17122606933116913,0.6321102976799011
bin_classification,dinov3,42,2,15,inner_refit,single,48,800 ppm 5 5,,2.12508079,0,2,1,0.0,low,high,2,0.22963100671768188,0.2641650140285492,0.5062040090560913
bin_classification,dinov3,42,2,15,inner_refit,single,51,400 ppm 5 2,,2.358077692,0,0,1,0.0,low,low,2,0.626024603843689,0.2881736159324646,0.0858018547296524
bin_classification,dinov3,42,2,15,inner_refit,single,57,800 ppm 1 2,,2.433875926,0,2,1,0.0,low,high,2,0.18084688484668732,0.2624540627002716,0.5566990971565247
bin_classification,dinov3,42,2,15,inner_refit,single,58,600 ppm 3 5,,3.400726676,1,0,1,0.0,medium,low,2,0.5151458978652954,0.40703582763671875,0.07781824469566345
bin_classification,dinov3,42,2,15,inner_refit,single,61,800 ppm 2 5,,2.123468918,0,0,1,0.0,low,low,2,0.6549183130264282,0.3045070767402649,0.04057469591498375
bin_classification,dinov3,42,2,15,inner_refit,single,71,1000 ppm 5 3,,3.480640553,1,0,1,0.0,medium,low,2,0.6492558121681213,0.21151189506053925,0.13923226296901703
bin_classification,dinov3,42,2,15,inner_refit,single,73,400 ppm 5 10,,6.150568182,2,2,1,0.0,high,high,2,0.3261256515979767,0.13391657173633575,0.5399577617645264
bin_classification,dinov3,42,2,15,inner_refit,single,76,1000 ppm 2 5,,3.820821694,2,1,1,0.0,high,medium,2,0.30763185024261475,0.3484366834163666,0.3439314663410187
bin_classification,dinov3,42,2,15,inner_refit,single,77,400 ppm 2 4,,2.142971305,0,0,1,0.0,low,low,2,0.5595714449882507,0.1296297162771225,0.31079885363578796
bin_classification,dinov3,42,2,15,inner_refit,single,78,600 ppm 4 6,,2.917928606,1,0,1,0.0,medium,low,2,0.7846454381942749,0.11480867117643356,0.1005459651350975
bin_classification,dinov3,42,2,15,inner_refit,single,80,c 6,,0.063760031,0,0,1,0.0,low,low,2,0.9255428910255432,0.035954128950834274,0.03850306198000908
bin_classification,dinov3,42,2,15,inner_refit,single,89,800 ppm 1 7,,3.238793179,1,1,1,0.0,medium,medium,2,0.12159255892038345,0.6639664173126221,0.21444103121757507
bin_classification,dinov3,42,2,15,inner_refit,single,92,1000 ppm 5 2,,4.757997682,2,0,1,0.0,high,low,2,0.46296426653862,0.33619457483291626,0.20084114372730255
bin_classification,dinov3,42,2,15,inner_refit,single,93,600 ppm 2 1,,4.813990004,2,2,1,0.0,high,high,2,0.14325346052646637,0.16683374345302582,0.6899128556251526
bin_classification,dinov3,42,2,15,inner_refit,single,95,400 ppm 4 1,,3.41261835,1,0,1,0.0,medium,low,2,0.6823838949203491,0.2021930068731308,0.11542312800884247
bin_classification,dinov3,42,2,15,inner_refit,single,105,600 ppm 4 4,,4.722478116,2,2,1,0.0,high,high,2,0.2374660074710846,0.20856481790542603,0.5539692044258118
bin_classification,dinov3,42,2,15,inner_refit,single,107,600 ppm 2 8,,2.425778023,0,1,1,0.0,low,medium,2,0.3860757052898407,0.526969313621521,0.08695503324270248
bin_classification,dinov3,42,2,15,inner_refit,single,118,400 ppm 1 6,,2.131122072,0,0,1,0.0,low,low,2,0.5156689286231995,0.3806835114955902,0.10364754498004913
bin_classification,dinov3,42,2,15,inner_refit,single,120,1000 ppm 4 9,,6.363669718,2,2,1,0.0,high,high,2,0.15474356710910797,0.08875072747468948,0.7565057873725891
bin_classification,dinov3,42,2,15,inner_refit,single,122,400 ppm 3 9,,1.584373627,0,0,1,0.0,low,low,2,0.5679699182510376,0.32340776920318604,0.10862231999635696
bin_classification,dinov3,42,2,15,inner_refit,single,124,600 ppm 2 6,,5.169349346,2,2,1,0.0,high,high,2,0.05410858616232872,0.11361908167600632,0.8322723507881165
bin_classification,dinov3,42,2,15,inner_refit,single,133,600 ppm 4 5,,3.062108267,1,2,1,0.0,medium,high,2,0.22868669033050537,0.3506055772304535,0.42070770263671875
bin_classification,dinov3,42,2,15,inner_refit,single,137,600 ppm 4 9,,6.74653579,2,2,1,0.0,high,high,2,0.409210205078125,0.17464016377925873,0.41614964604377747
bin_classification,dinov3,42,2,15,inner_refit,single,139,400 ppm 2 9,,3.092722153,1,0,1,0.0,medium,low,2,0.6518945693969727,0.2149091362953186,0.13319630920886993
bin_classification,dinov3,42,2,15,inner_refit,single,147,800 ppm 1 1,,3.206888056,1,0,1,0.0,medium,low,2,0.40569451451301575,0.22542062401771545,0.3688848614692688
bin_classification,dinov3,42,2,15,inner_refit,single,149,1000 ppm 4 5,,5.501306043,2,0,1,0.0,high,low,2,0.6010460257530212,0.20378482341766357,0.19516919553279877
bin_classification,dinov3,42,2,15,inner_refit,single,151,1000 ppm 1 1,,5.764585045,2,0,1,0.0,high,low,2,0.4301052689552307,0.17122727632522583,0.39866742491722107
bin_classification,dinov3,42,2,15,inner_refit,single,160,600 ppm 1 8,,3.375017339,1,0,1,0.0,medium,low,2,0.7603362798690796,0.16659116744995117,0.07307251542806625
bin_classification,dinov3,42,2,15,inner_refit,single,164,600 ppm 5 7,,2.199153042,0,0,1,0.0,low,low,2,0.7014731168746948,0.23229897022247314,0.06622784584760666
bin_classification,dinov3,42,2,15,inner_refit,single,177,1000 ppm 2 8,,8.920432073,2,2,1,0.0,high,high,2,0.06121724098920822,0.3537335693836212,0.5850491523742676
bin_classification,dinov3,42,2,15,inner_refit,single,178,600 ppm 1 5,,2.578333626,1,1,1,0.0,medium,medium,2,0.31885337829589844,0.5817950367927551,0.09935157001018524
bin_classification,dinov3,42,2,15,inner_refit,single,179,600 ppm 1 9,,2.309240059,0,1,1,0.0,low,medium,2,0.34715989232063293,0.4368630349636078,0.21597708761692047
bin_classification,dinov3,42,2,15,inner_refit,single,180,600 ppm 2 2,,3.987730061,2,2,1,0.0,high,high,2,0.10224415361881256,0.10050788521766663,0.7972478866577148
bin_classification,dinov3,42,2,15,inner_refit,single,183,600 ppm 5 2,,2.267431961,0,0,1,0.0,low,low,2,0.6521130800247192,0.13130436837673187,0.2165825366973877
bin_classification,dinov3,42,2,15,inner_refit,single,185,800 ppm 4 9,,1.601926465,0,0,1,0.0,low,low,2,0.4212068021297455,0.37500765919685364,0.20378552377223969
bin_classification,dinov3,42,2,15,inner_refit,single,187,600 ppm 2 4,,5.228335334,2,2,1,0.0,high,high,2,0.1684572696685791,0.10140912979841232,0.7301335334777832
bin_classification,dinov3,42,2,15,inner_refit,single,191,600 ppm 4 7,,3.434518809,1,0,1,0.0,medium,low,2,0.5386999845504761,0.14129328727722168,0.32000669836997986
bin_classification,dinov3,42,2,15,inner_refit,single,194,1000 ppm 5 8,,3.570707045,1,2,1,0.0,medium,high,2,0.30461597442626953,0.2796885669231415,0.41569554805755615
bin_classification,dinov3,42,2,15,inner_refit,single,197,600 ppm 5 3,,3.545661039,1,2,1,0.0,medium,high,2,0.25076809525489807,0.2166070193052292,0.5326248407363892
bin_classification,dinov3,42,2,15,inner_refit,single,198,1000 ppm 4 4,,4.912650043,2,2,1,0.0,high,high,2,0.2221941500902176,0.20545366406440735,0.5723522305488586
bin_classification,dinov3,42,2,15,inner_refit,single,208,1000 ppm 4 7,,4.80521563,2,2,1,0.0,high,high,2,0.2201373428106308,0.2287302315235138,0.5511323809623718
bin_classification,dinov3,42,2,15,inner_refit,d4_mean,0,800 ppm 4 4,,2.946573479,1,2,8,0.25,medium,high,2,0.31793951988220215,0.30708813667297363,0.3749723434448242
bin_classification,dinov3,42,2,15,inner_refit,d4_mean,1,400 ppm 1 10,,2.439106538,0,0,8,0.0,low,low,2,0.6222049593925476,0.15362977981567383,0.22416532039642334
bin_classification,dinov3,42,2,15,inner_refit,d4_mean,2,c 8,,0.026443476,0,0,8,0.0,low,low,2,0.9163315296173096,0.062137916684150696,0.021530533209443092
bin_classification,dinov3,42,2,15,inner_refit,d4_mean,14,800 ppm 5 8,,1.813308383,0,1,8,0.0,low,medium,2,0.3057488203048706,0.5442793965339661,0.1499718725681305
bin_classification,dinov3,42,2,15,inner_refit,d4_mean,20,600 ppm 3 4,,2.760653598,1,0,8,0.0,medium,low,2,0.5097683668136597,0.361134797334671,0.12909682095050812
bin_classification,dinov3,42,2,15,inner_refit,d4_mean,22,1000 ppm 2 10,,3.02169275,1,0,8,0.0,medium,low,2,0.48959070444107056,0.25699540972709656,0.2534138560295105
bin_classification,dinov3,42,2,15,inner_refit,d4_mean,30,800 ppm 3 1,,3.635232962,1,0,8,0.0,medium,low,2,0.5137061476707458,0.19927042722702026,0.28702348470687866
bin_classification,dinov3,42,2,15,inner_refit,d4_mean,35,400 ppm 4 3,,1.918214246,0,0,8,0.0,low,low,2,0.5579972267150879,0.24846559762954712,0.1935371607542038
bin_classification,dinov3,42,2,15,inner_refit,d4_mean,38,600 ppm 1 2,,3.709535965,2,1,8,0.0,high,medium,2,0.21102263033390045,0.5666247606277466,0.22235262393951416
bin_classification,dinov3,42,2,15,inner_refit,d4_mean,43,400 ppm 3 7,,0.89575865,0,0,8,0.0,low,low,2,0.8411387801170349,0.05096374824643135,0.10789743065834045
bin_classification,dinov3,42,2,15,inner_refit,d4_mean,44,600 ppm 2 10,,5.751181016,2,2,8,0.0,high,high,2,0.2317323386669159,0.12328515946865082,0.6449825167655945
bin_classification,dinov3,42,2,15,inner_refit,d4_mean,48,800 ppm 5 5,,2.12508079,0,2,8,0.0,low,high,2,0.18371954560279846,0.2609446048736572,0.5553358793258667
bin_classification,dinov3,42,2,15,inner_refit,d4_mean,51,400 ppm 5 2,,2.358077692,0,0,8,0.0,low,low,2,0.5673356056213379,0.3361094295978546,0.09655491262674332
bin_classification,dinov3,42,2,15,inner_refit,d4_mean,57,800 ppm 1 2,,2.433875926,0,2,8,0.0,low,high,2,0.19953186810016632,0.2487681359052658,0.5516999959945679
bin_classification,dinov3,42,2,15,inner_refit,d4_mean,58,600 ppm 3 5,,3.400726676,1,0,8,0.0,medium,low,2,0.5915183424949646,0.3311936557292938,0.07728802412748337
bin_classification,dinov3,42,2,15,inner_refit,d4_mean,61,800 ppm 2 5,,2.123468918,0,0,8,0.0,low,low,2,0.6506326198577881,0.31223809719085693,0.03712928667664528
bin_classification,dinov3,42,2,15,inner_refit,d4_mean,71,1000 ppm 5 3,,3.480640553,1,0,8,0.0,medium,low,2,0.6623600125312805,0.24629071354866028,0.09134919941425323
bin_classification,dinov3,42,2,15,inner_refit,d4_mean,73,400 ppm 5 10,,6.150568182,2,2,8,0.0,high,high,2,0.18115288019180298,0.08893106132745743,0.7299160957336426
bin_classification,dinov3,42,2,15,inner_refit,d4_mean,76,1000 ppm 2 5,,3.820821694,2,1,8,0.125,high,medium,2,0.30141088366508484,0.45452117919921875,0.2440679520368576
bin_classification,dinov3,42,2,15,inner_refit,d4_mean,77,400 ppm 2 4,,2.142971305,0,0,8,0.0,low,low,2,0.6185537576675415,0.13203710317611694,0.24940916895866394
bin_classification,dinov3,42,2,15,inner_refit,d4_mean,78,600 ppm 4 6,,2.917928606,1,0,8,0.0,medium,low,2,0.7297980785369873,0.15031644701957703,0.11988545209169388
bin_classification,dinov3,42,2,15,inner_refit,d4_mean,80,c 6,,0.063760031,0,0,8,0.0,low,low,2,0.8852735757827759,0.06895826011896133,0.04576822370290756
bin_classification,dinov3,42,2,15,inner_refit,d4_mean,89,800 ppm 1 7,,3.238793179,1,1,8,0.0,medium,medium,2,0.12032872438430786,0.592259407043457,0.2874118387699127
bin_classification,dinov3,42,2,15,inner_refit,d4_mean,92,1000 ppm 5 2,,4.757997682,2,0,8,0.25,high,low,2,0.4635970890522003,0.39140307903289795,0.14499984681606293
bin_classification,dinov3,42,2,15,inner_refit,d4_mean,93,600 ppm 2 1,,4.813990004,2,2,8,0.0,high,high,2,0.16178269684314728,0.1905113011598587,0.6477060317993164
bin_classification,dinov3,42,2,15,inner_refit,d4_mean,95,400 ppm 4 1,,3.41261835,1,0,8,0.0,medium,low,2,0.616943359375,0.2392674684524536,0.14378918707370758
bin_classification,dinov3,42,2,15,inner_refit,d4_mean,105,600 ppm 4 4,,4.722478116,2,2,8,0.0,high,high,2,0.300317645072937,0.23276862502098083,0.46691375970840454
bin_classification,dinov3,42,2,15,inner_refit,d4_mean,107,600 ppm 2 8,,2.425778023,0,0,8,0.5,low,low,2,0.47930285334587097,0.4404989778995514,0.08019815385341644
bin_classification,dinov3,42,2,15,inner_refit,d4_mean,118,400 ppm 1 6,,2.131122072,0,0,8,0.25,low,low,2,0.4618098735809326,0.38825735449790955,0.14993278682231903
bin_classification,dinov3,42,2,15,inner_refit,d4_mean,120,1000 ppm 4 9,,6.363669718,2,2,8,0.0,high,high,2,0.13707822561264038,0.12969446182250977,0.7332272529602051
bin_classification,dinov3,42,2,15,inner_refit,d4_mean,122,400 ppm 3 9,,1.584373627,0,0,8,0.0,low,low,2,0.6103716492652893,0.2803468406200409,0.10928153246641159
bin_classification,dinov3,42,2,15,inner_refit,d4_mean,124,600 ppm 2 6,,5.169349346,2,2,8,0.0,high,high,2,0.10582728683948517,0.10572052001953125,0.7884522080421448
bin_classification,dinov3,42,2,15,inner_refit,d4_mean,133,600 ppm 4 5,,3.062108267,1,1,8,0.5,medium,medium,2,0.16880865395069122,0.43087881803512573,0.400312602519989
bin_classification,dinov3,42,2,15,inner_refit,d4_mean,137,600 ppm 4 9,,6.74653579,2,0,8,0.5,high,low,2,0.4045329689979553,0.2523196041584015,0.3431473970413208
bin_classification,dinov3,42,2,15,inner_refit,d4_mean,139,400 ppm 2 9,,3.092722153,1,0,8,0.0,medium,low,2,0.6400352120399475,0.2216040939092636,0.1383606642484665
bin_classification,dinov3,42,2,15,inner_refit,d4_mean,147,800 ppm 1 1,,3.206888056,1,0,8,0.125,medium,low,2,0.4173559546470642,0.30730563402175903,0.27533841133117676
bin_classification,dinov3,42,2,15,inner_refit,d4_mean,149,1000 ppm 4 5,,5.501306043,2,0,8,0.0,high,low,2,0.5247957706451416,0.2644996643066406,0.21070460975170135
bin_classification,dinov3,42,2,15,inner_refit,d4_mean,151,1000 ppm 1 1,,5.764585045,2,2,8,0.5,high,high,2,0.3842114806175232,0.22072353959083557,0.395065039396286
bin_classification,dinov3,42,2,15,inner_refit,d4_mean,160,600 ppm 1 8,,3.375017339,1,0,8,0.0,medium,low,2,0.687242329120636,0.2326107621192932,0.080146923661232
bin_classification,dinov3,42,2,15,inner_refit,d4_mean,164,600 ppm 5 7,,2.199153042,0,0,8,0.0,low,low,2,0.7191289663314819,0.2232409119606018,0.05763009935617447
bin_classification,dinov3,42,2,15,inner_refit,d4_mean,177,1000 ppm 2 8,,8.920432073,2,2,8,0.125,high,high,2,0.07155529409646988,0.3536737859249115,0.5747709274291992
bin_classification,dinov3,42,2,15,inner_refit,d4_mean,178,600 ppm 1 5,,2.578333626,1,0,8,0.375,medium,low,2,0.46216753125190735,0.45634162425994873,0.0814908817410469
bin_classification,dinov3,42,2,15,inner_refit,d4_mean,179,600 ppm 1 9,,2.309240059,0,1,8,0.0,low,medium,2,0.3169163465499878,0.48482704162597656,0.19825667142868042
bin_classification,dinov3,42,2,15,inner_refit,d4_mean,180,600 ppm 2 2,,3.987730061,2,2,8,0.0,high,high,2,0.17783477902412415,0.1658353954553604,0.6563298106193542
bin_classification,dinov3,42,2,15,inner_refit,d4_mean,183,600 ppm 5 2,,2.267431961,0,0,8,0.25,low,low,2,0.5072852373123169,0.17379333078861237,0.31892144680023193
bin_classification,dinov3,42,2,15,inner_refit,d4_mean,185,800 ppm 4 9,,1.601926465,0,0,8,0.25,low,low,2,0.4267314076423645,0.39943450689315796,0.17383404076099396
bin_classification,dinov3,42,2,15,inner_refit,d4_mean,187,600 ppm 2 4,,5.228335334,2,2,8,0.0,high,high,2,0.15449731051921844,0.10900004208087921,0.7365025877952576
bin_classification,dinov3,42,2,15,inner_refit,d4_mean,191,600 ppm 4 7,,3.434518809,1,2,8,0.375,medium,high,2,0.3719167113304138,0.16400422155857086,0.4640791118144989
bin_classification,dinov3,42,2,15,inner_refit,d4_mean,194,1000 ppm 5 8,,3.570707045,1,2,8,0.0,medium,high,2,0.18938742578029633,0.274014949798584,0.5365976095199585
bin_classification,dinov3,42,2,15,inner_refit,d4_mean,197,600 ppm 5 3,,3.545661039,1,2,8,0.125,medium,high,2,0.2956992983818054,0.2345401793718338,0.469760537147522
bin_classification,dinov3,42,2,15,inner_refit,d4_mean,198,1000 ppm 4 4,,4.912650043,2,2,8,0.0,high,high,2,0.24777568876743317,0.16945719718933105,0.5827670693397522
bin_classification,dinov3,42,2,15,inner_refit,d4_mean,208,1000 ppm 4 7,,4.80521563,2,2,8,0.0,high,high,2,0.21272526681423187,0.2536170184612274,0.5336577296257019
bin_classification,dinov3,42,2,15,inner_refit,d4_vote,0,800 ppm 4 4,,2.946573479,1,2,8,0.25,medium,high,2,0.31793951988220215,0.30708813667297363,0.3749723434448242
bin_classification,dinov3,42,2,15,inner_refit,d4_vote,1,400 ppm 1 10,,2.439106538,0,0,8,0.0,low,low,2,0.6222049593925476,0.15362977981567383,0.22416532039642334
bin_classification,dinov3,42,2,15,inner_refit,d4_vote,2,c 8,,0.026443476,0,0,8,0.0,low,low,2,0.9163315296173096,0.062137916684150696,0.021530533209443092
bin_classification,dinov3,42,2,15,inner_refit,d4_vote,14,800 ppm 5 8,,1.813308383,0,1,8,0.0,low,medium,2,0.3057488203048706,0.5442793965339661,0.1499718725681305
bin_classification,dinov3,42,2,15,inner_refit,d4_vote,20,600 ppm 3 4,,2.760653598,1,0,8,0.0,medium,low,2,0.5097683668136597,0.361134797334671,0.12909682095050812
bin_classification,dinov3,42,2,15,inner_refit,d4_vote,22,1000 ppm 2 10,,3.02169275,1,0,8,0.0,medium,low,2,0.48959070444107056,0.25699540972709656,0.2534138560295105
bin_classification,dinov3,42,2,15,inner_refit,d4_vote,30,800 ppm 3 1,,3.635232962,1,0,8,0.0,medium,low,2,0.5137061476707458,0.19927042722702026,0.28702348470687866
bin_classification,dinov3,42,2,15,inner_refit,d4_vote,35,400 ppm 4 3,,1.918214246,0,0,8,0.0,low,low,2,0.5579972267150879,0.24846559762954712,0.1935371607542038
bin_classification,dinov3,42,2,15,inner_refit,d4_vote,38,600 ppm 1 2,,3.709535965,2,1,8,0.0,high,medium,2,0.21102263033390045,0.5666247606277466,0.22235262393951416
bin_classification,dinov3,42,2,15,inner_refit,d4_vote,43,400 ppm 3 7,,0.89575865,0,0,8,0.0,low,low,2,0.8411387801170349,0.05096374824643135,0.10789743065834045
bin_classification,dinov3,42,2,15,inner_refit,d4_vote,44,600 ppm 2 10,,5.751181016,2,2,8,0.0,high,high,2,0.2317323386669159,0.12328515946865082,0.6449825167655945
bin_classification,dinov3,42,2,15,inner_refit,d4_vote,48,800 ppm 5 5,,2.12508079,0,2,8,0.0,low,high,2,0.18371954560279846,0.2609446048736572,0.5553358793258667
bin_classification,dinov3,42,2,15,inner_refit,d4_vote,51,400 ppm 5 2,,2.358077692,0,0,8,0.0,low,low,2,0.5673356056213379,0.3361094295978546,0.09655491262674332
bin_classification,dinov3,42,2,15,inner_refit,d4_vote,57,800 ppm 1 2,,2.433875926,0,2,8,0.0,low,high,2,0.19953186810016632,0.2487681359052658,0.5516999959945679
bin_classification,dinov3,42,2,15,inner_refit,d4_vote,58,600 ppm 3 5,,3.400726676,1,0,8,0.0,medium,low,2,0.5915183424949646,0.3311936557292938,0.07728802412748337
bin_classification,dinov3,42,2,15,inner_refit,d4_vote,61,800 ppm 2 5,,2.123468918,0,0,8,0.0,low,low,2,0.6506326198577881,0.31223809719085693,0.03712928667664528
bin_classification,dinov3,42,2,15,inner_refit,d4_vote,71,1000 ppm 5 3,,3.480640553,1,0,8,0.0,medium,low,2,0.6623600125312805,0.24629071354866028,0.09134919941425323
bin_classification,dinov3,42,2,15,inner_refit,d4_vote,73,400 ppm 5 10,,6.150568182,2,2,8,0.0,high,high,2,0.18115288019180298,0.08893106132745743,0.7299160957336426
bin_classification,dinov3,42,2,15,inner_refit,d4_vote,76,1000 ppm 2 5,,3.820821694,2,1,8,0.125,high,medium,2,0.30141088366508484,0.45452117919921875,0.2440679520368576
bin_classification,dinov3,42,2,15,inner_refit,d4_vote,77,400 ppm 2 4,,2.142971305,0,0,8,0.0,low,low,2,0.6185537576675415,0.13203710317611694,0.24940916895866394
bin_classification,dinov3,42,2,15,inner_refit,d4_vote,78,600 ppm 4 6,,2.917928606,1,0,8,0.0,medium,low,2,0.7297980785369873,0.15031644701957703,0.11988545209169388
bin_classification,dinov3,42,2,15,inner_refit,d4_vote,80,c 6,,0.063760031,0,0,8,0.0,low,low,2,0.8852735757827759,0.06895826011896133,0.04576822370290756
bin_classification,dinov3,42,2,15,inner_refit,d4_vote,89,800 ppm 1 7,,3.238793179,1,1,8,0.0,medium,medium,2,0.12032872438430786,0.592259407043457,0.2874118387699127
bin_classification,dinov3,42,2,15,inner_refit,d4_vote,92,1000 ppm 5 2,,4.757997682,2,0,8,0.25,high,low,2,0.4635970890522003,0.39140307903289795,0.14499984681606293
bin_classification,dinov3,42,2,15,inner_refit,d4_vote,93,600 ppm 2 1,,4.813990004,2,2,8,0.0,high,high,2,0.16178269684314728,0.1905113011598587,0.6477060317993164
bin_classification,dinov3,42,2,15,inner_refit,d4_vote,95,400 ppm 4 1,,3.41261835,1,0,8,0.0,medium,low,2,0.616943359375,0.2392674684524536,0.14378918707370758
bin_classification,dinov3,42,2,15,inner_refit,d4_vote,105,600 ppm 4 4,,4.722478116,2,2,8,0.0,high,high,2,0.300317645072937,0.23276862502098083,0.46691375970840454
bin_classification,dinov3,42,2,15,inner_refit,d4_vote,107,600 ppm 2 8,,2.425778023,0,0,8,0.5,low,low,2,0.47930285334587097,0.4404989778995514,0.08019815385341644
bin_classification,dinov3,42,2,15,inner_refit,d4_vote,118,400 ppm 1 6,,2.131122072,0,0,8,0.25,low,low,2,0.4618098735809326,0.38825735449790955,0.14993278682231903
bin_classification,dinov3,42,2,15,inner_refit,d4_vote,120,1000 ppm 4 9,,6.363669718,2,2,8,0.0,high,high,2,0.13707822561264038,0.12969446182250977,0.7332272529602051
bin_classification,dinov3,42,2,15,inner_refit,d4_vote,122,400 ppm 3 9,,1.584373627,0,0,8,0.0,low,low,2,0.6103716492652893,0.2803468406200409,0.10928153246641159
bin_classification,dinov3,42,2,15,inner_refit,d4_vote,124,600 ppm 2 6,,5.169349346,2,2,8,0.0,high,high,2,0.10582728683948517,0.10572052001953125,0.7884522080421448
bin_classification,dinov3,42,2,15,inner_refit,d4_vote,133,600 ppm 4 5,,3.062108267,1,1,8,0.5,medium,medium,2,0.16880865395069122,0.43087881803512573,0.400312602519989
bin_classification,dinov3,42,2,15,inner_refit,d4_vote,137,600 ppm 4 9,,6.74653579,2,0,8,0.5,high,low,2,0.4045329689979553,0.2523196041584015,0.3431473970413208
bin_classification,dinov3,42,2,15,inner_refit,d4_vote,139,400 ppm 2 9,,3.092722153,1,0,8,0.0,medium,low,2,0.6400352120399475,0.2216040939092636,0.1383606642484665
bin_classification,dinov3,42,2,15,inner_refit,d4_vote,147,800 ppm 1 1,,3.206888056,1,0,8,0.125,medium,low,2,0.4173559546470642,0.30730563402175903,0.27533841133117676
bin_classification,dinov3,42,2,15,inner_refit,d4_vote,149,1000 ppm 4 5,,5.501306043,2,0,8,0.0,high,low,2,0.5247957706451416,0.2644996643066406,0.21070460975170135
bin_classification,dinov3,42,2,15,inner_refit,d4_vote,151,1000 ppm 1 1,,5.764585045,2,2,8,0.5,high,high,2,0.3842114806175232,0.22072353959083557,0.395065039396286
bin_classification,dinov3,42,2,15,inner_refit,d4_vote,160,600 ppm 1 8,,3.375017339,1,0,8,0.0,medium,low,2,0.687242329120636,0.2326107621192932,0.080146923661232
bin_classification,dinov3,42,2,15,inner_refit,d4_vote,164,600 ppm 5 7,,2.199153042,0,0,8,0.0,low,low,2,0.7191289663314819,0.2232409119606018,0.05763009935617447
bin_classification,dinov3,42,2,15,inner_refit,d4_vote,177,1000 ppm 2 8,,8.920432073,2,2,8,0.125,high,high,2,0.07155529409646988,0.3536737859249115,0.5747709274291992
bin_classification,dinov3,42,2,15,inner_refit,d4_vote,178,600 ppm 1 5,,2.578333626,1,0,8,0.375,medium,low,2,0.46216753125190735,0.45634162425994873,0.0814908817410469
bin_classification,dinov3,42,2,15,inner_refit,d4_vote,179,600 ppm 1 9,,2.309240059,0,1,8,0.0,low,medium,2,0.3169163465499878,0.48482704162597656,0.19825667142868042
bin_classification,dinov3,42,2,15,inner_refit,d4_vote,180,600 ppm 2 2,,3.987730061,2,2,8,0.0,high,high,2,0.17783477902412415,0.1658353954553604,0.6563298106193542
bin_classification,dinov3,42,2,15,inner_refit,d4_vote,183,600 ppm 5 2,,2.267431961,0,0,8,0.25,low,low,2,0.5072852373123169,0.17379333078861237,0.31892144680023193
bin_classification,dinov3,42,2,15,inner_refit,d4_vote,185,800 ppm 4 9,,1.601926465,0,0,8,0.25,low,low,2,0.4267314076423645,0.39943450689315796,0.17383404076099396
bin_classification,dinov3,42,2,15,inner_refit,d4_vote,187,600 ppm 2 4,,5.228335334,2,2,8,0.0,high,high,2,0.15449731051921844,0.10900004208087921,0.7365025877952576
bin_classification,dinov3,42,2,15,inner_refit,d4_vote,191,600 ppm 4 7,,3.434518809,1,2,8,0.375,medium,high,2,0.3719167113304138,0.16400422155857086,0.4640791118144989
bin_classification,dinov3,42,2,15,inner_refit,d4_vote,194,1000 ppm 5 8,,3.570707045,1,2,8,0.0,medium,high,2,0.18938742578029633,0.274014949798584,0.5365976095199585
bin_classification,dinov3,42,2,15,inner_refit,d4_vote,197,600 ppm 5 3,,3.545661039,1,2,8,0.125,medium,high,2,0.2956992983818054,0.2345401793718338,0.469760537147522
bin_classification,dinov3,42,2,15,inner_refit,d4_vote,198,1000 ppm 4 4,,4.912650043,2,2,8,0.0,high,high,2,0.24777568876743317,0.16945719718933105,0.5827670693397522
bin_classification,dinov3,42,2,15,inner_refit,d4_vote,208,1000 ppm 4 7,,4.80521563,2,2,8,0.0,high,high,2,0.21272526681423187,0.2536170184612274,0.5336577296257019
bin_classification,dinov3,42,3,27,inner_refit,single,4,400 ppm 5 6,,3.179550105,1,0,1,0.0,medium,low,2,0.7660481333732605,0.21719692647457123,0.01675490289926529
bin_classification,dinov3,42,3,27,inner_refit,single,15,800 ppm 5 6,,4.035336418,2,2,1,0.0,high,high,2,0.03738006576895714,0.2709387540817261,0.6916811466217041
bin_classification,dinov3,42,3,27,inner_refit,single,17,800 ppm 1 8,,3.829685929,2,0,1,0.0,high,low,2,0.5016815662384033,0.25858384370803833,0.23973461985588074
bin_classification,dinov3,42,3,27,inner_refit,single,24,400 ppm 1 7,,1.282576096,0,0,1,0.0,low,low,2,0.6192362904548645,0.21628914773464203,0.16447463631629944
bin_classification,dinov3,42,3,27,inner_refit,single,26,400 ppm 3 8,,2.699524299,1,0,1,0.0,medium,low,2,0.8011904358863831,0.17921169102191925,0.019597835838794708
bin_classification,dinov3,42,3,27,inner_refit,single,31,1000 ppm 4 10,,4.658685892,2,1,1,0.0,high,medium,2,0.20004403591156006,0.5537815093994141,0.24617449939250946
bin_classification,dinov3,42,3,27,inner_refit,single,32,600 ppm 4 1,,2.305830077,0,0,1,0.0,low,low,2,0.8203979134559631,0.09811992198228836,0.08148220181465149
bin_classification,dinov3,42,3,27,inner_refit,single,33,400 ppm 4 2,,3.766442861,2,2,1,0.0,high,high,2,0.304322212934494,0.18531472980976105,0.5103631019592285
bin_classification,dinov3,42,3,27,inner_refit,single,40,1000 ppm 3 7,,4.455573905,2,1,1,0.0,high,medium,2,0.2892872095108032,0.6256778240203857,0.08503497391939163
bin_classification,dinov3,42,3,27,inner_refit,single,42,800 ppm 4 1,,3.914368577,2,2,1,0.0,high,high,2,0.17599789798259735,0.048261649906635284,0.7757404446601868
bin_classification,dinov3,42,3,27,inner_refit,single,47,600 ppm 1 10,,2.380352998,0,2,1,0.0,low,high,2,0.1770850270986557,0.23899517953395844,0.5839197635650635
bin_classification,dinov3,42,3,27,inner_refit,single,50,400 ppm 5 4,,2.308031034,0,1,1,0.0,low,medium,2,0.48598238825798035,0.4905809164047241,0.023436643183231354
bin_classification,dinov3,42,3,27,inner_refit,single,60,1000 ppm 1 10,,6.849854778,2,2,1,0.0,high,high,2,0.04288341850042343,0.07686270773410797,0.8802538514137268
bin_classification,dinov3,42,3,27,inner_refit,single,63,800 ppm 5 1,,3.318129085,1,0,1,0.0,medium,low,2,0.6997665762901306,0.2129371017217636,0.08729627728462219
bin_classification,dinov3,42,3,27,inner_refit,single,65,1000 ppm 1 2,,2.839588237,1,1,1,0.0,medium,medium,2,0.35682031512260437,0.5538365840911865,0.08934308588504791
bin_classification,dinov3,42,3,27,inner_refit,single,72,800 ppm 4 10,,1.790224933,0,0,1,0.0,low,low,2,0.6111445426940918,0.3114880621433258,0.07736741751432419
bin_classification,dinov3,42,3,27,inner_refit,single,74,800 ppm 3 10,,2.565247064,0,0,1,0.0,low,low,2,0.7110439538955688,0.24449533224105835,0.04446070268750191
bin_classification,dinov3,42,3,27,inner_refit,single,75,600 ppm 4 2,,2.807822686,1,1,1,0.0,medium,medium,2,0.2924869656562805,0.4557148814201355,0.2517981231212616
bin_classification,dinov3,42,3,27,inner_refit,single,85,600 ppm 5 9,,3.487434095,1,2,1,0.0,medium,high,2,0.29797008633613586,0.23807595670223236,0.46395403146743774
bin_classification,dinov3,42,3,27,inner_refit,single,86,600 ppm 4 3,,2.880647975,1,0,1,0.0,medium,low,2,0.5741106271743774,0.1524459421634674,0.2734433710575104
bin_classification,dinov3,42,3,27,inner_refit,single,87,600 ppm 2 3,,4.461830388,2,2,1,0.0,high,high,2,0.21756315231323242,0.23596657812595367,0.5464703440666199
bin_classification,dinov3,42,3,27,inner_refit,single,88,400 ppm 1 8,,2.661895437,1,2,1,0.0,medium,high,2,0.23971891403198242,0.2852749824523926,0.475006103515625
bin_classification,dinov3,42,3,27,inner_refit,single,91,800 ppm 2 6,,2.574977352,1,1,1,0.0,medium,medium,2,0.3392275869846344,0.36924874782562256,0.29152366518974304
bin_classification,dinov3,42,3,27,inner_refit,single,96,400 ppm 3 3,,0.612212928,0,0,1,0.0,low,low,2,0.9468315839767456,0.03884124755859375,0.014327160082757473
bin_classification,dinov3,42,3,27,inner_refit,single,98,400 ppm 4 7,,2.772824063,1,0,1,0.0,medium,low,2,0.4989675283432007,0.41089513897895813,0.09013734757900238
bin_classification,dinov3,42,3,27,inner_refit,single,101,400 ppm 1 1,,1.156692243,0,0,1,0.0,low,low,2,0.8833346962928772,0.015439331531524658,0.10122599452733994
bin_classification,dinov3,42,3,27,inner_refit,single,103,600 ppm 3 2,,1.913489171,0,0,1,0.0,low,low,2,0.5690011382102966,0.34680643677711487,0.08419245481491089
bin_classification,dinov3,42,3,27,inner_refit,single,104,400 ppm 2 5,,2.693185629,1,0,1,0.0,medium,low,2,0.792957603931427,0.15855053067207336,0.04849189519882202
bin_classification,dinov3,42,3,27,inner_refit,single,110,800 ppm 2 10,,3.839907089,2,2,1,0.0,high,high,2,0.10349292308092117,0.06460660696029663,0.8319004774093628
bin_classification,dinov3,42,3,27,inner_refit,single,119,400 ppm 2 6,,1.94595721,0,0,1,0.0,low,low,2,0.46312662959098816,0.32939332723617554,0.2074800282716751
bin_classification,dinov3,42,3,27,inner_refit,single,125,400 ppm 2 2,,2.217441217,0,0,1,0.0,low,low,2,0.8775365352630615,0.08293057233095169,0.0395328588783741
bin_classification,dinov3,42,3,27,inner_refit,single,127,800 ppm 1 3,,3.460604121,1,1,1,0.0,medium,medium,2,0.16635985672473907,0.6681143641471863,0.16552576422691345
bin_classification,dinov3,42,3,27,inner_refit,single,134,400 ppm 5 7,,2.419099743,0,0,1,0.0,low,low,2,0.4014812111854553,0.2664741575717926,0.33204466104507446
bin_classification,dinov3,42,3,27,inner_refit,single,135,1000 ppm 3 1,,3.435150907,1,1,1,0.0,medium,medium,2,0.38894766569137573,0.4556865990161896,0.1553657203912735
bin_classification,dinov3,42,3,27,inner_refit,single,136,1000 ppm 2 9,,4.12892976,2,1,1,0.0,high,medium,2,0.1218368262052536,0.5045730471611023,0.3735901117324829
bin_classification,dinov3,42,3,27,inner_refit,single,140,1000 ppm 2 6,,3.276631573,1,2,1,0.0,medium,high,2,0.1786275953054428,0.1853276938199997,0.6360447406768799
bin_classification,dinov3,42,3,27,inner_refit,single,141,400 ppm 2 1,,2.012764258,0,0,1,0.0,low,low,2,0.6239510774612427,0.3176908493041992,0.05835806578397751
bin_classification,dinov3,42,3,27,inner_refit,single,142,800 ppm 4 2,,7.228369165,2,2,1,0.0,high,high,2,0.07497027516365051,0.04713237285614014,0.8778973817825317
bin_classification,dinov3,42,3,27,inner_refit,single,153,800 ppm 1 6,,3.837716068,2,1,1,0.0,high,medium,2,0.205961212515831,0.5813032984733582,0.21273545920848846
bin_classification,dinov3,42,3,27,inner_refit,single,168,800 ppm 4 3,,2.561965594,0,1,1,0.0,low,medium,2,0.2749745845794678,0.6429991722106934,0.08202626556158066
bin_classification,dinov3,42,3,27,inner_refit,single,169,1000 ppm 5 5,,4.025481166,2,1,1,0.0,high,medium,2,0.08898336440324783,0.6194434762001038,0.291573166847229
bin_classification,dinov3,42,3,27,inner_refit,single,170,600 ppm 5 6,,1.95587148,0,0,1,0.0,low,low,2,0.676209032535553,0.2387869954109192,0.08500396460294724
bin_classification,dinov3,42,3,27,inner_refit,single,174,400 ppm 5 3,,4.283341707,2,0,1,0.0,high,low,2,0.4517854154109955,0.3755975365638733,0.17261700332164764
bin_classification,dinov3,42,3,27,inner_refit,single,176,600 ppm 1 6,,3.100781702,1,2,1,0.0,medium,high,2,0.2982681393623352,0.2833061218261719,0.41842570900917053
bin_classification,dinov3,42,3,27,inner_refit,single,181,1000 ppm 1 6,,4.975119308,2,2,1,0.0,high,high,2,0.2555745244026184,0.2740202248096466,0.470405250787735
bin_classification,dinov3,42,3,27,inner_refit,single,182,800 ppm 5 2,,3.095231637,1,1,1,0.0,medium,medium,2,0.10587143898010254,0.48421934247016907,0.4099091589450836
bin_classification,dinov3,42,3,27,inner_refit,single,195,c 2,,0.515980941,0,0,1,0.0,low,low,2,0.909853994846344,0.05684328079223633,0.03330273926258087
bin_classification,dinov3,42,3,27,inner_refit,single,196,800 ppm 2 2,,4.193172849,2,0,1,0.0,high,low,2,0.42567262053489685,0.25287702679634094,0.3214503228664398
bin_classification,dinov3,42,3,27,inner_refit,single,199,400 ppm 5 9,,4.94470606,2,1,1,0.0,high,medium,2,0.03743347153067589,0.5794681310653687,0.38309842348098755
bin_classification,dinov3,42,3,27,inner_refit,single,200,400 ppm 2 8,,1.868843053,0,0,1,0.0,low,low,2,0.43930646777153015,0.3926927149295807,0.1680007427930832
bin_classification,dinov3,42,3,27,inner_refit,single,206,400 ppm 1 4,,2.032189725,0,2,1,0.0,low,high,2,0.27407464385032654,0.24068188667297363,0.4852434992790222
bin_classification,dinov3,42,3,27,inner_refit,single,207,1000 ppm 2 2,,2.770922415,1,0,1,0.0,medium,low,2,0.6419548392295837,0.16500692069530487,0.193038210272789
bin_classification,dinov3,42,3,27,inner_refit,d4_mean,4,400 ppm 5 6,,3.179550105,1,0,8,0.0,medium,low,2,0.6481685638427734,0.3320971429347992,0.01973431184887886
bin_classification,dinov3,42,3,27,inner_refit,d4_mean,15,800 ppm 5 6,,4.035336418,2,2,8,0.0,high,high,2,0.026406604796648026,0.20862677693367004,0.7649665474891663
bin_classification,dinov3,42,3,27,inner_refit,d4_mean,17,800 ppm 1 8,,3.829685929,2,0,8,0.125,high,low,2,0.44489458203315735,0.31427279114723206,0.2408326417207718
bin_classification,dinov3,42,3,27,inner_refit,d4_mean,24,400 ppm 1 7,,1.282576096,0,0,8,0.125,low,low,2,0.5452956557273865,0.2780382037162781,0.17666615545749664
bin_classification,dinov3,42,3,27,inner_refit,d4_mean,26,400 ppm 3 8,,2.699524299,1,0,8,0.0,medium,low,2,0.7450411915779114,0.21877063810825348,0.036188192665576935
bin_classification,dinov3,42,3,27,inner_refit,d4_mean,31,1000 ppm 4 10,,4.658685892,2,1,8,0.0,high,medium,2,0.1610320657491684,0.5746029615402222,0.26436498761177063
bin_classification,dinov3,42,3,27,inner_refit,d4_mean,32,600 ppm 4 1,,2.305830077,0,0,8,0.0,low,low,2,0.7453379034996033,0.1617131531238556,0.09294894337654114
bin_classification,dinov3,42,3,27,inner_refit,d4_mean,33,400 ppm 4 2,,3.766442861,2,0,8,0.25,high,low,2,0.4173416495323181,0.2167012095451355,0.365957111120224
bin_classification,dinov3,42,3,27,inner_refit,d4_mean,40,1000 ppm 3 7,,4.455573905,2,1,8,0.0,high,medium,2,0.22732698917388916,0.7138813138008118,0.05879173055291176
bin_classification,dinov3,42,3,27,inner_refit,d4_mean,42,800 ppm 4 1,,3.914368577,2,2,8,0.0,high,high,2,0.116219162940979,0.03365599736571312,0.8501248955726624
bin_classification,dinov3,42,3,27,inner_refit,d4_mean,47,600 ppm 1 10,,2.380352998,0,2,8,0.0,low,high,2,0.1972287893295288,0.2104615718126297,0.5923096537590027
bin_classification,dinov3,42,3,27,inner_refit,d4_mean,50,400 ppm 5 4,,2.308031034,0,0,8,0.125,low,low,2,0.5812740325927734,0.3775235414505005,0.04120241478085518
bin_classification,dinov3,42,3,27,inner_refit,d4_mean,60,1000 ppm 1 10,,6.849854778,2,2,8,0.0,high,high,2,0.016548264771699905,0.04941519349813461,0.9340364933013916
bin_classification,dinov3,42,3,27,inner_refit,d4_mean,63,800 ppm 5 1,,3.318129085,1,0,8,0.0,medium,low,2,0.567142128944397,0.29786553978919983,0.1349923312664032
bin_classification,dinov3,42,3,27,inner_refit,d4_mean,65,1000 ppm 1 2,,2.839588237,1,1,8,0.0,medium,medium,2,0.260926753282547,0.6134406328201294,0.12563258409500122
bin_classification,dinov3,42,3,27,inner_refit,d4_mean,72,800 ppm 4 10,,1.790224933,0,0,8,0.0,low,low,2,0.6557040810585022,0.27871403098106384,0.06558187305927277
bin_classification,dinov3,42,3,27,inner_refit,d4_mean,74,800 ppm 3 10,,2.565247064,0,0,8,0.25,low,low,2,0.5518492460250854,0.3951205909252167,0.05303012952208519
bin_classification,dinov3,42,3,27,inner_refit,d4_mean,75,600 ppm 4 2,,2.807822686,1,1,8,0.125,medium,medium,2,0.2733929753303528,0.4457361400127411,0.2808709144592285
bin_classification,dinov3,42,3,27,inner_refit,d4_mean,85,600 ppm 5 9,,3.487434095,1,2,8,0.0,medium,high,2,0.2028532773256302,0.1682315319776535,0.6289151906967163
bin_classification,dinov3,42,3,27,inner_refit,d4_mean,86,600 ppm 4 3,,2.880647975,1,0,8,0.0,medium,low,2,0.6715154051780701,0.12118124216794968,0.20730331540107727
bin_classification,dinov3,42,3,27,inner_refit,d4_mean,87,600 ppm 2 3,,4.461830388,2,2,8,0.0,high,high,2,0.18901722133159637,0.24266892671585083,0.5683138370513916
bin_classification,dinov3,42,3,27,inner_refit,d4_mean,88,400 ppm 1 8,,2.661895437,1,2,8,0.25,medium,high,2,0.3400361239910126,0.18866956233978271,0.4712943434715271
bin_classification,dinov3,42,3,27,inner_refit,d4_mean,91,800 ppm 2 6,,2.574977352,1,2,8,0.375,medium,high,2,0.27517470717430115,0.34270429611206055,0.3821210265159607
bin_classification,dinov3,42,3,27,inner_refit,d4_mean,96,400 ppm 3 3,,0.612212928,0,0,8,0.0,low,low,2,0.9186900854110718,0.06515127420425415,0.016158638522028923
bin_classification,dinov3,42,3,27,inner_refit,d4_mean,98,400 ppm 4 7,,2.772824063,1,0,8,0.125,medium,low,2,0.5619866847991943,0.37637948989868164,0.061633821576833725
bin_classification,dinov3,42,3,27,inner_refit,d4_mean,101,400 ppm 1 1,,1.156692243,0,0,8,0.0,low,low,2,0.8938983678817749,0.01770678721368313,0.08839482814073563
bin_classification,dinov3,42,3,27,inner_refit,d4_mean,103,600 ppm 3 2,,1.913489171,0,0,8,0.375,low,low,2,0.47513705492019653,0.4332071542739868,0.09165576100349426
bin_classification,dinov3,42,3,27,inner_refit,d4_mean,104,400 ppm 2 5,,2.693185629,1,0,8,0.0,medium,low,2,0.7081907987594604,0.22619184851646423,0.0656173899769783
bin_classification,dinov3,42,3,27,inner_refit,d4_mean,110,800 ppm 2 10,,3.839907089,2,2,8,0.0,high,high,2,0.10709241777658463,0.09091301262378693,0.8019945621490479
bin_classification,dinov3,42,3,27,inner_refit,d4_mean,119,400 ppm 2 6,,1.94595721,0,0,8,0.0,low,low,2,0.5301642417907715,0.30089855194091797,0.16893723607063293
bin_classification,dinov3,42,3,27,inner_refit,d4_mean,125,400 ppm 2 2,,2.217441217,0,0,8,0.0,low,low,2,0.8693655729293823,0.09459532797336578,0.036039069294929504
bin_classification,dinov3,42,3,27,inner_refit,d4_mean,127,800 ppm 1 3,,3.460604121,1,1,8,0.0,medium,medium,2,0.17129173874855042,0.6740843653678894,0.15462392568588257
bin_classification,dinov3,42,3,27,inner_refit,d4_mean,134,400 ppm 5 7,,2.419099743,0,0,8,0.625,low,low,2,0.36150509119033813,0.3227701187133789,0.31572481989860535
bin_classification,dinov3,42,3,27,inner_refit,d4_mean,135,1000 ppm 3 1,,3.435150907,1,1,8,0.25,medium,medium,2,0.3711792528629303,0.4960606098175049,0.13276013731956482
bin_classification,dinov3,42,3,27,inner_refit,d4_mean,136,1000 ppm 2 9,,4.12892976,2,1,8,0.0,high,medium,2,0.12557850778102875,0.5861831903457642,0.2882382571697235
bin_classification,dinov3,42,3,27,inner_refit,d4_mean,140,1000 ppm 2 6,,3.276631573,1,2,8,0.0,medium,high,2,0.13257907330989838,0.1513848900794983,0.7160360217094421
bin_classification,dinov3,42,3,27,inner_refit,d4_mean,141,400 ppm 2 1,,2.012764258,0,0,8,0.5,low,low,2,0.5025257468223572,0.4622103273868561,0.035263970494270325
bin_classification,dinov3,42,3,27,inner_refit,d4_mean,142,800 ppm 4 2,,7.228369165,2,2,8,0.0,high,high,2,0.07932181656360626,0.07677454501390457,0.843903660774231
bin_classification,dinov3,42,3,27,inner_refit,d4_mean,153,800 ppm 1 6,,3.837716068,2,1,8,0.125,high,medium,2,0.28765642642974854,0.47744572162628174,0.23489782214164734
bin_classification,dinov3,42,3,27,inner_refit,d4_mean,168,800 ppm 4 3,,2.561965594,0,1,8,0.25,low,medium,2,0.32969120144844055,0.5658214092254639,0.10448739677667618
bin_classification,dinov3,42,3,27,inner_refit,d4_mean,169,1000 ppm 5 5,,4.025481166,2,1,8,0.0,high,medium,2,0.11124704033136368,0.6074344515800476,0.2813184857368469
bin_classification,dinov3,42,3,27,inner_refit,d4_mean,170,600 ppm 5 6,,1.95587148,0,0,8,0.125,low,low,2,0.48086756467819214,0.3243393898010254,0.19479301571846008
bin_classification,dinov3,42,3,27,inner_refit,d4_mean,174,400 ppm 5 3,,4.283341707,2,0,8,0.125,high,low,2,0.5609793066978455,0.31456002593040466,0.12446064502000809
bin_classification,dinov3,42,3,27,inner_refit,d4_mean,176,600 ppm 1 6,,3.100781702,1,2,8,0.125,medium,high,2,0.14709675312042236,0.31179168820381165,0.5411115288734436
bin_classification,dinov3,42,3,27,inner_refit,d4_mean,181,1000 ppm 1 6,,4.975119308,2,2,8,0.25,high,high,2,0.277315616607666,0.315244197845459,0.4074402153491974
bin_classification,dinov3,42,3,27,inner_refit,d4_mean,182,800 ppm 5 2,,3.095231637,1,1,8,0.375,medium,medium,2,0.09417586028575897,0.48227521777153015,0.4235488474369049
bin_classification,dinov3,42,3,27,inner_refit,d4_mean,195,c 2,,0.515980941,0,0,8,0.0,low,low,2,0.8814631700515747,0.07678249478340149,0.04175439104437828
bin_classification,dinov3,42,3,27,inner_refit,d4_mean,196,800 ppm 2 2,,4.193172849,2,0,8,0.125,high,low,2,0.5685888528823853,0.19252319633960724,0.2388879805803299
bin_classification,dinov3,42,3,27,inner_refit,d4_mean,199,400 ppm 5 9,,4.94470606,2,2,8,0.25,high,high,2,0.027791859582066536,0.4679887592792511,0.5042193531990051
bin_classification,dinov3,42,3,27,inner_refit,d4_mean,200,400 ppm 2 8,,1.868843053,0,0,8,0.125,low,low,2,0.47346368432044983,0.36413413286209106,0.16240210831165314
bin_classification,dinov3,42,3,27,inner_refit,d4_mean,206,400 ppm 1 4,,2.032189725,0,2,8,0.375,low,high,2,0.2555016875267029,0.3099629282951355,0.434535413980484
bin_classification,dinov3,42,3,27,inner_refit,d4_mean,207,1000 ppm 2 2,,2.770922415,1,0,8,0.0,medium,low,2,0.6759511828422546,0.19454139471054077,0.12950745224952698
bin_classification,dinov3,42,3,27,inner_refit,d4_vote,4,400 ppm 5 6,,3.179550105,1,0,8,0.0,medium,low,2,0.6481685638427734,0.3320971429347992,0.01973431184887886
bin_classification,dinov3,42,3,27,inner_refit,d4_vote,15,800 ppm 5 6,,4.035336418,2,2,8,0.0,high,high,2,0.026406604796648026,0.20862677693367004,0.7649665474891663
bin_classification,dinov3,42,3,27,inner_refit,d4_vote,17,800 ppm 1 8,,3.829685929,2,0,8,0.125,high,low,2,0.44489458203315735,0.31427279114723206,0.2408326417207718
bin_classification,dinov3,42,3,27,inner_refit,d4_vote,24,400 ppm 1 7,,1.282576096,0,0,8,0.125,low,low,2,0.5452956557273865,0.2780382037162781,0.17666615545749664
bin_classification,dinov3,42,3,27,inner_refit,d4_vote,26,400 ppm 3 8,,2.699524299,1,0,8,0.0,medium,low,2,0.7450411915779114,0.21877063810825348,0.036188192665576935
bin_classification,dinov3,42,3,27,inner_refit,d4_vote,31,1000 ppm 4 10,,4.658685892,2,1,8,0.0,high,medium,2,0.1610320657491684,0.5746029615402222,0.26436498761177063
bin_classification,dinov3,42,3,27,inner_refit,d4_vote,32,600 ppm 4 1,,2.305830077,0,0,8,0.0,low,low,2,0.7453379034996033,0.1617131531238556,0.09294894337654114
bin_classification,dinov3,42,3,27,inner_refit,d4_vote,33,400 ppm 4 2,,3.766442861,2,0,8,0.25,high,low,2,0.4173416495323181,0.2167012095451355,0.365957111120224
bin_classification,dinov3,42,3,27,inner_refit,d4_vote,40,1000 ppm 3 7,,4.455573905,2,1,8,0.0,high,medium,2,0.22732698917388916,0.7138813138008118,0.05879173055291176
bin_classification,dinov3,42,3,27,inner_refit,d4_vote,42,800 ppm 4 1,,3.914368577,2,2,8,0.0,high,high,2,0.116219162940979,0.03365599736571312,0.8501248955726624
bin_classification,dinov3,42,3,27,inner_refit,d4_vote,47,600 ppm 1 10,,2.380352998,0,2,8,0.0,low,high,2,0.1972287893295288,0.2104615718126297,0.5923096537590027
bin_classification,dinov3,42,3,27,inner_refit,d4_vote,50,400 ppm 5 4,,2.308031034,0,0,8,0.125,low,low,2,0.5812740325927734,0.3775235414505005,0.04120241478085518
bin_classification,dinov3,42,3,27,inner_refit,d4_vote,60,1000 ppm 1 10,,6.849854778,2,2,8,0.0,high,high,2,0.016548264771699905,0.04941519349813461,0.9340364933013916
bin_classification,dinov3,42,3,27,inner_refit,d4_vote,63,800 ppm 5 1,,3.318129085,1,0,8,0.0,medium,low,2,0.567142128944397,0.29786553978919983,0.1349923312664032
bin_classification,dinov3,42,3,27,inner_refit,d4_vote,65,1000 ppm 1 2,,2.839588237,1,1,8,0.0,medium,medium,2,0.260926753282547,0.6134406328201294,0.12563258409500122
bin_classification,dinov3,42,3,27,inner_refit,d4_vote,72,800 ppm 4 10,,1.790224933,0,0,8,0.0,low,low,2,0.6557040810585022,0.27871403098106384,0.06558187305927277
bin_classification,dinov3,42,3,27,inner_refit,d4_vote,74,800 ppm 3 10,,2.565247064,0,0,8,0.25,low,low,2,0.5518492460250854,0.3951205909252167,0.05303012952208519
bin_classification,dinov3,42,3,27,inner_refit,d4_vote,75,600 ppm 4 2,,2.807822686,1,1,8,0.125,medium,medium,2,0.2733929753303528,0.4457361400127411,0.2808709144592285
bin_classification,dinov3,42,3,27,inner_refit,d4_vote,85,600 ppm 5 9,,3.487434095,1,2,8,0.0,medium,high,2,0.2028532773256302,0.1682315319776535,0.6289151906967163
bin_classification,dinov3,42,3,27,inner_refit,d4_vote,86,600 ppm 4 3,,2.880647975,1,0,8,0.0,medium,low,2,0.6715154051780701,0.12118124216794968,0.20730331540107727
bin_classification,dinov3,42,3,27,inner_refit,d4_vote,87,600 ppm 2 3,,4.461830388,2,2,8,0.0,high,high,2,0.18901722133159637,0.24266892671585083,0.5683138370513916
bin_classification,dinov3,42,3,27,inner_refit,d4_vote,88,400 ppm 1 8,,2.661895437,1,2,8,0.25,medium,high,2,0.3400361239910126,0.18866956233978271,0.4712943434715271
bin_classification,dinov3,42,3,27,inner_refit,d4_vote,91,800 ppm 2 6,,2.574977352,1,2,8,0.375,medium,high,2,0.27517470717430115,0.34270429611206055,0.3821210265159607
bin_classification,dinov3,42,3,27,inner_refit,d4_vote,96,400 ppm 3 3,,0.612212928,0,0,8,0.0,low,low,2,0.9186900854110718,0.06515127420425415,0.016158638522028923
bin_classification,dinov3,42,3,27,inner_refit,d4_vote,98,400 ppm 4 7,,2.772824063,1,0,8,0.125,medium,low,2,0.5619866847991943,0.37637948989868164,0.061633821576833725
bin_classification,dinov3,42,3,27,inner_refit,d4_vote,101,400 ppm 1 1,,1.156692243,0,0,8,0.0,low,low,2,0.8938983678817749,0.01770678721368313,0.08839482814073563
bin_classification,dinov3,42,3,27,inner_refit,d4_vote,103,600 ppm 3 2,,1.913489171,0,0,8,0.375,low,low,2,0.47513705492019653,0.4332071542739868,0.09165576100349426
bin_classification,dinov3,42,3,27,inner_refit,d4_vote,104,400 ppm 2 5,,2.693185629,1,0,8,0.0,medium,low,2,0.7081907987594604,0.22619184851646423,0.0656173899769783
bin_classification,dinov3,42,3,27,inner_refit,d4_vote,110,800 ppm 2 10,,3.839907089,2,2,8,0.0,high,high,2,0.10709241777658463,0.09091301262378693,0.8019945621490479
bin_classification,dinov3,42,3,27,inner_refit,d4_vote,119,400 ppm 2 6,,1.94595721,0,0,8,0.0,low,low,2,0.5301642417907715,0.30089855194091797,0.16893723607063293
bin_classification,dinov3,42,3,27,inner_refit,d4_vote,125,400 ppm 2 2,,2.217441217,0,0,8,0.0,low,low,2,0.8693655729293823,0.09459532797336578,0.036039069294929504
bin_classification,dinov3,42,3,27,inner_refit,d4_vote,127,800 ppm 1 3,,3.460604121,1,1,8,0.0,medium,medium,2,0.17129173874855042,0.6740843653678894,0.15462392568588257
bin_classification,dinov3,42,3,27,inner_refit,d4_vote,134,400 ppm 5 7,,2.419099743,0,0,8,0.625,low,low,2,0.36150509119033813,0.3227701187133789,0.31572481989860535
bin_classification,dinov3,42,3,27,inner_refit,d4_vote,135,1000 ppm 3 1,,3.435150907,1,1,8,0.25,medium,medium,2,0.3711792528629303,0.4960606098175049,0.13276013731956482
bin_classification,dinov3,42,3,27,inner_refit,d4_vote,136,1000 ppm 2 9,,4.12892976,2,1,8,0.0,high,medium,2,0.12557850778102875,0.5861831903457642,0.2882382571697235
bin_classification,dinov3,42,3,27,inner_refit,d4_vote,140,1000 ppm 2 6,,3.276631573,1,2,8,0.0,medium,high,2,0.13257907330989838,0.1513848900794983,0.7160360217094421
bin_classification,dinov3,42,3,27,inner_refit,d4_vote,141,400 ppm 2 1,,2.012764258,0,0,8,0.5,low,low,2,0.5025257468223572,0.4622103273868561,0.035263970494270325
bin_classification,dinov3,42,3,27,inner_refit,d4_vote,142,800 ppm 4 2,,7.228369165,2,2,8,0.0,high,high,2,0.07932181656360626,0.07677454501390457,0.843903660774231
bin_classification,dinov3,42,3,27,inner_refit,d4_vote,153,800 ppm 1 6,,3.837716068,2,1,8,0.125,high,medium,2,0.28765642642974854,0.47744572162628174,0.23489782214164734
bin_classification,dinov3,42,3,27,inner_refit,d4_vote,168,800 ppm 4 3,,2.561965594,0,1,8,0.25,low,medium,2,0.32969120144844055,0.5658214092254639,0.10448739677667618
bin_classification,dinov3,42,3,27,inner_refit,d4_vote,169,1000 ppm 5 5,,4.025481166,2,1,8,0.0,high,medium,2,0.11124704033136368,0.6074344515800476,0.2813184857368469
bin_classification,dinov3,42,3,27,inner_refit,d4_vote,170,600 ppm 5 6,,1.95587148,0,0,8,0.125,low,low,2,0.48086756467819214,0.3243393898010254,0.19479301571846008
bin_classification,dinov3,42,3,27,inner_refit,d4_vote,174,400 ppm 5 3,,4.283341707,2,0,8,0.125,high,low,2,0.5609793066978455,0.31456002593040466,0.12446064502000809
bin_classification,dinov3,42,3,27,inner_refit,d4_vote,176,600 ppm 1 6,,3.100781702,1,2,8,0.125,medium,high,2,0.14709675312042236,0.31179168820381165,0.5411115288734436
bin_classification,dinov3,42,3,27,inner_refit,d4_vote,181,1000 ppm 1 6,,4.975119308,2,2,8,0.25,high,high,2,0.277315616607666,0.315244197845459,0.4074402153491974
bin_classification,dinov3,42,3,27,inner_refit,d4_vote,182,800 ppm 5 2,,3.095231637,1,1,8,0.375,medium,medium,2,0.09417586028575897,0.48227521777153015,0.4235488474369049
bin_classification,dinov3,42,3,27,inner_refit,d4_vote,195,c 2,,0.515980941,0,0,8,0.0,low,low,2,0.8814631700515747,0.07678249478340149,0.04175439104437828
bin_classification,dinov3,42,3,27,inner_refit,d4_vote,196,800 ppm 2 2,,4.193172849,2,0,8,0.125,high,low,2,0.5685888528823853,0.19252319633960724,0.2388879805803299
bin_classification,dinov3,42,3,27,inner_refit,d4_vote,199,400 ppm 5 9,,4.94470606,2,2,8,0.25,high,high,2,0.027791859582066536,0.4679887592792511,0.5042193531990051
bin_classification,dinov3,42,3,27,inner_refit,d4_vote,200,400 ppm 2 8,,1.868843053,0,0,8,0.125,low,low,2,0.47346368432044983,0.36413413286209106,0.16240210831165314
bin_classification,dinov3,42,3,27,inner_refit,d4_vote,206,400 ppm 1 4,,2.032189725,0,2,8,0.375,low,high,2,0.2555016875267029,0.3099629282951355,0.434535413980484
bin_classification,dinov3,42,3,27,inner_refit,d4_vote,207,1000 ppm 2 2,,2.770922415,1,0,8,0.0,medium,low,2,0.6759511828422546,0.19454139471054077,0.12950745224952698
bin_classification,dinov3,42,4,25,inner_refit,single,10,1000 ppm 1 3,,5.010887657,2,2,1,0.0,high,high,0,0.09501625597476959,0.29718726873397827,0.6077964901924133
bin_classification,dinov3,42,4,25,inner_refit,single,16,400 ppm 4 6,,2.232310918,0,1,1,0.0,low,medium,0,0.3160824477672577,0.5387593507766724,0.14515821635723114
bin_classification,dinov3,42,4,25,inner_refit,single,18,600 ppm 3 1,,3.464453659,1,1,1,0.0,medium,medium,0,0.24402518570423126,0.388515442609787,0.36745935678482056
bin_classification,dinov3,42,4,25,inner_refit,single,19,400 ppm 3 5,,1.728051929,0,0,1,0.0,low,low,0,0.4286666214466095,0.4055025279521942,0.16583091020584106
bin_classification,dinov3,42,4,25,inner_refit,single,23,c 10,,0.034792218,0,0,1,0.0,low,low,0,0.7934980988502502,0.14911863207817078,0.05738331750035286
bin_classification,dinov3,42,4,25,inner_refit,single,25,400 ppm 1 2,,2.105801382,0,1,1,0.0,low,medium,0,0.165719673037529,0.48154088854789734,0.35273945331573486
bin_classification,dinov3,42,4,25,inner_refit,single,36,800 ppm 2 4,,0.010515853,0,1,1,0.0,low,medium,0,0.10483712702989578,0.8630375266075134,0.03212537243962288
bin_classification,dinov3,42,4,25,inner_refit,single,37,800 ppm 5 4,,4.51159952,2,1,1,0.0,high,medium,0,0.21719610691070557,0.409371554851532,0.37343230843544006
bin_classification,dinov3,42,4,25,inner_refit,single,39,1000 ppm 1 4,,5.546186906,2,2,1,0.0,high,high,0,0.06358003616333008,0.4481368958950043,0.4882829785346985
bin_classification,dinov3,42,4,25,inner_refit,single,41,1000 ppm 4 2,,4.700168169,2,2,1,0.0,high,high,0,0.350583016872406,0.19266466796398163,0.45675235986709595
bin_classification,dinov3,42,4,25,inner_refit,single,46,400 ppm 2 3,,1.537357234,0,1,1,0.0,low,medium,0,0.2398030310869217,0.7223002314567566,0.037896715104579926
bin_classification,dinov3,42,4,25,inner_refit,single,52,600 ppm 1 3,,2.7476069,1,1,1,0.0,medium,medium,0,0.15096202492713928,0.7358489632606506,0.11318902671337128
bin_classification,dinov3,42,4,25,inner_refit,single,55,400 ppm 5 5,,3.964413323,2,2,1,0.0,high,high,0,0.2304026186466217,0.12583164870738983,0.6437657475471497
bin_classification,dinov3,42,4,25,inner_refit,single,56,800 ppm 3 7,,3.154045927,1,2,1,0.0,medium,high,0,0.1586284041404724,0.37904030084609985,0.46233123540878296
bin_classification,dinov3,42,4,25,inner_refit,single,59,400 ppm 1 9,,1.257349885,0,1,1,0.0,low,medium,0,0.3685747981071472,0.3733389973640442,0.2580861747264862
bin_classification,dinov3,42,4,25,inner_refit,single,62,800 ppm 5 3,,3.435802073,1,1,1,0.0,medium,medium,0,0.04349469766020775,0.5597192049026489,0.396786093711853
bin_classification,dinov3,42,4,25,inner_refit,single,64,800 ppm 3 6,,2.688094559,1,1,1,0.0,medium,medium,0,0.3666876256465912,0.46218377351760864,0.17112863063812256
bin_classification,dinov3,42,4,25,inner_refit,single,68,1000 ppm 4 8,,5.826586722,2,2,1,0.0,high,high,0,0.015504117123782635,0.12709113955497742,0.8574047684669495
bin_classification,dinov3,42,4,25,inner_refit,single,69,800 ppm 4 8,,4.813344078,2,0,1,0.0,high,low,0,0.42660096287727356,0.388759046792984,0.18463996052742004
bin_classification,dinov3,42,4,25,inner_refit,single,82,400 ppm 4 9,,2.624535347,1,2,1,0.0,medium,high,0,0.11086410284042358,0.41861119866371155,0.4705246686935425
bin_classification,dinov3,42,4,25,inner_refit,single,84,c 7,,0.024246817,0,0,1,0.0,low,low,0,0.7485736608505249,0.18688836693763733,0.06453797966241837
bin_classification,dinov3,42,4,25,inner_refit,single,90,800 ppm 1 5,,3.533211084,1,2,1,0.0,medium,high,0,0.07429073005914688,0.45719850063323975,0.46851080656051636
bin_classification,dinov3,42,4,25,inner_refit,single,97,600 ppm 2 7,,5.389042573,2,2,1,0.0,high,high,0,0.16596147418022156,0.1363985240459442,0.697640061378479
bin_classification,dinov3,42,4,25,inner_refit,single,100,600 ppm 1 7,,4.294644495,2,1,1,0.0,high,medium,0,0.444406658411026,0.46149981021881104,0.09409359842538834
bin_classification,dinov3,42,4,25,inner_refit,single,102,1000 ppm 3 6,,3.90202355,2,2,1,0.0,high,high,0,0.14399968087673187,0.26036566495895386,0.5956346988677979
bin_classification,dinov3,42,4,25,inner_refit,single,106,1000 ppm 1 9,,5.438409112,2,2,1,0.0,high,high,0,0.05418408289551735,0.11208710819482803,0.8337287902832031
bin_classification,dinov3,42,4,25,inner_refit,single,112,800 ppm 2 7,,3.993865756,2,2,1,0.0,high,high,0,0.007086186204105616,0.1552221029996872,0.8376917243003845
bin_classification,dinov3,42,4,25,inner_refit,single,116,800 ppm 3 2,,4.960180046,2,1,1,0.0,high,medium,0,0.25130826234817505,0.5705643892288208,0.17812737822532654
bin_classification,dinov3,42,4,25,inner_refit,single,123,1000 ppm 4 6,,3.570549353,1,2,1,0.0,medium,high,0,0.11933449655771255,0.14299704134464264,0.7376684546470642
bin_classification,dinov3,42,4,25,inner_refit,single,128,600 ppm 1 4,,3.074620336,1,1,1,0.0,medium,medium,0,0.1351509392261505,0.8255248665809631,0.039324164390563965
bin_classification,dinov3,42,4,25,inner_refit,single,129,600 ppm 3 10,,3.257108041,1,1,1,0.0,medium,medium,0,0.3765392005443573,0.5652341842651367,0.05822663754224777
bin_classification,dinov3,42,4,25,inner_refit,single,144,600 ppm 5 8,,1.745539039,0,1,1,0.0,low,medium,0,0.2608479857444763,0.725066602230072,0.014085420407354832
bin_classification,dinov3,42,4,25,inner_refit,single,145,c 5,,0.262646502,0,0,1,0.0,low,low,0,0.43784645199775696,0.42443329095840454,0.1377202272415161
bin_classification,dinov3,42,4,25,inner_refit,single,150,600 ppm 3 9,,2.924303323,1,0,1,0.0,medium,low,0,0.7276321649551392,0.2437461018562317,0.02862178161740303
bin_classification,dinov3,42,4,25,inner_refit,single,152,1000 ppm 5 10,,4.866749998,2,2,1,0.0,high,high,0,0.04072074219584465,0.35583001375198364,0.6034492254257202
bin_classification,dinov3,42,4,25,inner_refit,single,154,600 ppm 5 1,,1.92902126,0,0,1,0.0,low,low,0,0.763504147529602,0.2027100920677185,0.03378577530384064
bin_classification,dinov3,42,4,25,inner_refit,single,155,600 ppm 1 1,,3.201626017,1,1,1,0.0,medium,medium,0,0.44138845801353455,0.46328598260879517,0.09532550722360611
bin_classification,dinov3,42,4,25,inner_refit,single,158,800 ppm 5 10,,0.75996872,0,0,1,0.0,low,low,0,0.6276786923408508,0.2873706519603729,0.08495066314935684
bin_classification,dinov3,42,4,25,inner_refit,single,159,400 ppm 4 5,,2.49284019,0,1,1,0.0,low,medium,0,0.3827650547027588,0.5576042532920837,0.05963069945573807
bin_classification,dinov3,42,4,25,inner_refit,single,161,600 ppm 3 8,,3.047380635,1,1,1,0.0,medium,medium,0,0.20764386653900146,0.5866652131080627,0.20569093525409698
bin_classification,dinov3,42,4,25,inner_refit,single,162,800 ppm 3 8,,4.614610915,2,0,1,0.0,high,low,0,0.5235927700996399,0.4521056115627289,0.024301627650856972
bin_classification,dinov3,42,4,25,inner_refit,single,163,1000 ppm 5 6,,3.12203341,1,2,1,0.0,medium,high,0,0.11449752002954483,0.421832412481308,0.4636700451374054
bin_classification,dinov3,42,4,25,inner_refit,single,165,600 ppm 4 8,,5.563645491,2,1,1,0.0,high,medium,0,0.09677228331565857,0.5330070853233337,0.3702206611633301
bin_classification,dinov3,42,4,25,inner_refit,single,167,800 ppm 3 5,,4.458889794,2,0,1,0.0,high,low,0,0.6185914278030396,0.3267044126987457,0.05470413714647293
bin_classification,dinov3,42,4,25,inner_refit,single,171,400 ppm 3 1,,1.246955081,0,0,1,0.0,low,low,0,0.7666532397270203,0.22098471224308014,0.012362033128738403
bin_classification,dinov3,42,4,25,inner_refit,single,172,400 ppm 3 6,,1.25800729,0,0,1,0.0,low,low,0,0.7244134545326233,0.2274438440799713,0.048142753541469574
bin_classification,dinov3,42,4,25,inner_refit,single,173,600 ppm 4 10,,1.599538611,0,1,1,0.0,low,medium,0,0.43706488609313965,0.4371757209300995,0.12575936317443848
bin_classification,dinov3,42,4,25,inner_refit,single,184,1000 ppm 4 1,,4.003606934,2,2,1,0.0,high,high,0,0.0577189177274704,0.24427463114261627,0.6980064511299133
bin_classification,dinov3,42,4,25,inner_refit,single,188,400 ppm 4 10,,2.606928263,1,1,1,0.0,medium,medium,0,0.14772796630859375,0.7017226219177246,0.15054939687252045
bin_classification,dinov3,42,4,25,inner_refit,single,190,600 ppm 3 3,,3.293084865,1,1,1,0.0,medium,medium,0,0.17081770300865173,0.4394635260105133,0.38971883058547974
bin_classification,dinov3,42,4,25,inner_refit,single,201,400 ppm 3 4,,2.103673748,0,1,1,0.0,low,medium,0,0.2226981669664383,0.5382114052772522,0.2390904575586319
bin_classification,dinov3,42,4,25,inner_refit,single,203,1000 ppm 2 3,,3.096861561,1,1,1,0.0,medium,medium,0,0.34955033659935,0.5787466168403625,0.07170300930738449
bin_classification,dinov3,42,4,25,inner_refit,d4_mean,10,1000 ppm 1 3,,5.010887657,2,2,8,0.0,high,high,0,0.07039249688386917,0.24439752101898193,0.6852099895477295
bin_classification,dinov3,42,4,25,inner_refit,d4_mean,16,400 ppm 4 6,,2.232310918,0,1,8,0.0,low,medium,0,0.2859456539154053,0.5759464502334595,0.13810792565345764
bin_classification,dinov3,42,4,25,inner_refit,d4_mean,18,600 ppm 3 1,,3.464453659,1,2,8,0.5,medium,high,0,0.16063174605369568,0.36267587542533875,0.4766923785209656
bin_classification,dinov3,42,4,25,inner_refit,d4_mean,19,400 ppm 3 5,,1.728051929,0,0,8,0.125,low,low,0,0.5043237209320068,0.36722296476364136,0.128453329205513
bin_classification,dinov3,42,4,25,inner_refit,d4_mean,23,c 10,,0.034792218,0,0,8,0.0,low,low,0,0.8121883273124695,0.12799499928951263,0.0598166324198246
bin_classification,dinov3,42,4,25,inner_refit,d4_mean,25,400 ppm 1 2,,2.105801382,0,1,8,0.0,low,medium,0,0.13043802976608276,0.5375851988792419,0.3319767415523529
bin_classification,dinov3,42,4,25,inner_refit,d4_mean,36,800 ppm 2 4,,0.010515853,0,1,8,0.0,low,medium,0,0.06329947710037231,0.8902881741523743,0.04641227424144745
bin_classification,dinov3,42,4,25,inner_refit,d4_mean,37,800 ppm 5 4,,4.51159952,2,1,8,0.0,high,medium,0,0.22489771246910095,0.4700942039489746,0.3050081133842468
bin_classification,dinov3,42,4,25,inner_refit,d4_mean,39,1000 ppm 1 4,,5.546186906,2,1,8,0.25,high,medium,0,0.04115419089794159,0.5438560843467712,0.4149896800518036
bin_classification,dinov3,42,4,25,inner_refit,d4_mean,41,1000 ppm 4 2,,4.700168169,2,2,8,0.25,high,high,0,0.2859947383403778,0.24047064781188965,0.47353458404541016
bin_classification,dinov3,42,4,25,inner_refit,d4_mean,46,400 ppm 2 3,,1.537357234,0,1,8,0.0,low,medium,0,0.15480312705039978,0.7921731472015381,0.053023695945739746
bin_classification,dinov3,42,4,25,inner_refit,d4_mean,52,600 ppm 1 3,,2.7476069,1,1,8,0.0,medium,medium,0,0.12145810574293137,0.7671545743942261,0.111387237906456
bin_classification,dinov3,42,4,25,inner_refit,d4_mean,55,400 ppm 5 5,,3.964413323,2,2,8,0.125,high,high,0,0.3215942978858948,0.13278642296791077,0.5456193089485168
bin_classification,dinov3,42,4,25,inner_refit,d4_mean,56,800 ppm 3 7,,3.154045927,1,1,8,0.5,medium,medium,0,0.211065873503685,0.43688857555389404,0.35204553604125977
bin_classification,dinov3,42,4,25,inner_refit,d4_mean,59,400 ppm 1 9,,1.257349885,0,1,8,0.375,low,medium,0,0.281955361366272,0.36884984374046326,0.3491947650909424
bin_classification,dinov3,42,4,25,inner_refit,d4_mean,62,800 ppm 5 3,,3.435802073,1,1,8,0.5,medium,medium,0,0.032173287123441696,0.49074944853782654,0.4770772457122803
bin_classification,dinov3,42,4,25,inner_refit,d4_mean,64,800 ppm 3 6,,2.688094559,1,1,8,0.0,medium,medium,0,0.32519087195396423,0.4684608578681946,0.20634828507900238
bin_classification,dinov3,42,4,25,inner_refit,d4_mean,68,1000 ppm 4 8,,5.826586722,2,2,8,0.0,high,high,0,0.02595612406730652,0.19102826714515686,0.7830156087875366
bin_classification,dinov3,42,4,25,inner_refit,d4_mean,69,800 ppm 4 8,,4.813344078,2,0,8,0.375,high,low,0,0.4062531590461731,0.31905287504196167,0.27469396591186523
bin_classification,dinov3,42,4,25,inner_refit,d4_mean,82,400 ppm 4 9,,2.624535347,1,1,8,0.5,medium,medium,0,0.09776657819747925,0.457405686378479,0.44482776522636414
bin_classification,dinov3,42,4,25,inner_refit,d4_mean,84,c 7,,0.024246817,0,0,8,0.0,low,low,0,0.7586418986320496,0.1574649214744568,0.08389323204755783
bin_classification,dinov3,42,4,25,inner_refit,d4_mean,90,800 ppm 1 5,,3.533211084,1,2,8,0.375,medium,high,0,0.07577574998140335,0.4570608139038086,0.46716344356536865
bin_classification,dinov3,42,4,25,inner_refit,d4_mean,97,600 ppm 2 7,,5.389042573,2,2,8,0.0,high,high,0,0.1048489511013031,0.11946455389261246,0.775686502456665
bin_classification,dinov3,42,4,25,inner_refit,d4_mean,100,600 ppm 1 7,,4.294644495,2,1,8,0.0,high,medium,0,0.2978576123714447,0.5973451137542725,0.10479726642370224
bin_classification,dinov3,42,4,25,inner_refit,d4_mean,102,1000 ppm 3 6,,3.90202355,2,2,8,0.0,high,high,0,0.1588156372308731,0.3240714371204376,0.5171129107475281
bin_classification,dinov3,42,4,25,inner_refit,d4_mean,106,1000 ppm 1 9,,5.438409112,2,2,8,0.0,high,high,0,0.039309196174144745,0.10861475765705109,0.8520760536193848
bin_classification,dinov3,42,4,25,inner_refit,d4_mean,112,800 ppm 2 7,,3.993865756,2,2,8,0.0,high,high,0,0.00781062850728631,0.15660755336284637,0.8355817198753357
bin_classification,dinov3,42,4,25,inner_refit,d4_mean,116,800 ppm 3 2,,4.960180046,2,1,8,0.0,high,medium,0,0.2585048973560333,0.5305919647216797,0.210903137922287
bin_classification,dinov3,42,4,25,inner_refit,d4_mean,123,1000 ppm 4 6,,3.570549353,1,2,8,0.0,medium,high,0,0.11256536841392517,0.2074207216501236,0.68001389503479
bin_classification,dinov3,42,4,25,inner_refit,d4_mean,128,600 ppm 1 4,,3.074620336,1,1,8,0.0,medium,medium,0,0.1874098926782608,0.7733815908432007,0.03920850530266762
bin_classification,dinov3,42,4,25,inner_refit,d4_mean,129,600 ppm 3 10,,3.257108041,1,1,8,0.0,medium,medium,0,0.37776488065719604,0.5709748864173889,0.05126022920012474
bin_classification,dinov3,42,4,25,inner_refit,d4_mean,144,600 ppm 5 8,,1.745539039,0,1,8,0.0,low,medium,0,0.23038604855537415,0.7572890520095825,0.012324908748269081
bin_classification,dinov3,42,4,25,inner_refit,d4_mean,145,c 5,,0.262646502,0,1,8,0.125,low,medium,0,0.3194439709186554,0.4721088111400604,0.20844721794128418
bin_classification,dinov3,42,4,25,inner_refit,d4_mean,150,600 ppm 3 9,,2.924303323,1,0,8,0.0,medium,low,0,0.6701065897941589,0.2889103293418884,0.04098307713866234
bin_classification,dinov3,42,4,25,inner_refit,d4_mean,152,1000 ppm 5 10,,4.866749998,2,2,8,0.125,high,high,0,0.05222074314951897,0.35332000255584717,0.5944593548774719
bin_classification,dinov3,42,4,25,inner_refit,d4_mean,154,600 ppm 5 1,,1.92902126,0,0,8,0.0,low,low,0,0.7939859628677368,0.17797589302062988,0.028038188815116882
bin_classification,dinov3,42,4,25,inner_refit,d4_mean,155,600 ppm 1 1,,3.201626017,1,1,8,0.125,medium,medium,0,0.3679841458797455,0.5324172377586365,0.09959855675697327
bin_classification,dinov3,42,4,25,inner_refit,d4_mean,158,800 ppm 5 10,,0.75996872,0,0,8,0.0,low,low,0,0.6539920568466187,0.23575331270694733,0.11025465279817581
bin_classification,dinov3,42,4,25,inner_refit,d4_mean,159,400 ppm 4 5,,2.49284019,0,1,8,0.0,low,medium,0,0.2927592992782593,0.6467459797859192,0.06049470230937004
bin_classification,dinov3,42,4,25,inner_refit,d4_mean,161,600 ppm 3 8,,3.047380635,1,1,8,0.0,medium,medium,0,0.1829349398612976,0.5967244505882263,0.22034060955047607
bin_classification,dinov3,42,4,25,inner_refit,d4_mean,162,800 ppm 3 8,,4.614610915,2,0,8,0.125,high,low,0,0.5222511291503906,0.4512389898300171,0.02650986984372139
bin_classification,dinov3,42,4,25,inner_refit,d4_mean,163,1000 ppm 5 6,,3.12203341,1,2,8,0.0,medium,high,0,0.06726211309432983,0.31774482131004333,0.6149930357933044
bin_classification,dinov3,42,4,25,inner_refit,d4_mean,165,600 ppm 4 8,,5.563645491,2,1,8,0.375,high,medium,0,0.08639813959598541,0.4936774969100952,0.4199243485927582
bin_classification,dinov3,42,4,25,inner_refit,d4_mean,167,800 ppm 3 5,,4.458889794,2,0,8,0.125,high,low,0,0.5115125775337219,0.4148171544075012,0.07367023825645447
bin_classification,dinov3,42,4,25,inner_refit,d4_mean,171,400 ppm 3 1,,1.246955081,0,0,8,0.0,low,low,0,0.8240663409233093,0.1618562638759613,0.014077356085181236
bin_classification,dinov3,42,4,25,inner_refit,d4_mean,172,400 ppm 3 6,,1.25800729,0,0,8,0.0,low,low,0,0.7281266450881958,0.20974063873291016,0.062132734805345535
bin_classification,dinov3,42,4,25,inner_refit,d4_mean,173,600 ppm 4 10,,1.599538611,0,1,8,0.5,low,medium,0,0.4034650921821594,0.41084712743759155,0.1856878101825714
bin_classification,dinov3,42,4,25,inner_refit,d4_mean,184,1000 ppm 4 1,,4.003606934,2,2,8,0.0,high,high,0,0.07290448993444443,0.24579234421253204,0.6813032031059265
bin_classification,dinov3,42,4,25,inner_refit,d4_mean,188,400 ppm 4 10,,2.606928263,1,1,8,0.0,medium,medium,0,0.1540892869234085,0.5764361023902893,0.26947465538978577
bin_classification,dinov3,42,4,25,inner_refit,d4_mean,190,600 ppm 3 3,,3.293084865,1,1,8,0.0,medium,medium,0,0.25746864080429077,0.46511220932006836,0.27741914987564087
bin_classification,dinov3,42,4,25,inner_refit,d4_mean,201,400 ppm 3 4,,2.103673748,0,1,8,0.0,low,medium,0,0.2680690884590149,0.5165444612503052,0.21538642048835754
bin_classification,dinov3,42,4,25,inner_refit,d4_mean,203,1000 ppm 2 3,,3.096861561,1,1,8,0.0,medium,medium,0,0.33478084206581116,0.6062778234481812,0.058941297233104706
bin_classification,dinov3,42,4,25,inner_refit,d4_vote,10,1000 ppm 1 3,,5.010887657,2,2,8,0.0,high,high,0,0.07039249688386917,0.24439752101898193,0.6852099895477295
bin_classification,dinov3,42,4,25,inner_refit,d4_vote,16,400 ppm 4 6,,2.232310918,0,1,8,0.0,low,medium,0,0.2859456539154053,0.5759464502334595,0.13810792565345764
bin_classification,dinov3,42,4,25,inner_refit,d4_vote,18,600 ppm 3 1,,3.464453659,1,2,8,0.5,medium,high,0,0.16063174605369568,0.36267587542533875,0.4766923785209656
bin_classification,dinov3,42,4,25,inner_refit,d4_vote,19,400 ppm 3 5,,1.728051929,0,0,8,0.125,low,low,0,0.5043237209320068,0.36722296476364136,0.128453329205513
bin_classification,dinov3,42,4,25,inner_refit,d4_vote,23,c 10,,0.034792218,0,0,8,0.0,low,low,0,0.8121883273124695,0.12799499928951263,0.0598166324198246
bin_classification,dinov3,42,4,25,inner_refit,d4_vote,25,400 ppm 1 2,,2.105801382,0,1,8,0.0,low,medium,0,0.13043802976608276,0.5375851988792419,0.3319767415523529
bin_classification,dinov3,42,4,25,inner_refit,d4_vote,36,800 ppm 2 4,,0.010515853,0,1,8,0.0,low,medium,0,0.06329947710037231,0.8902881741523743,0.04641227424144745
bin_classification,dinov3,42,4,25,inner_refit,d4_vote,37,800 ppm 5 4,,4.51159952,2,1,8,0.0,high,medium,0,0.22489771246910095,0.4700942039489746,0.3050081133842468
bin_classification,dinov3,42,4,25,inner_refit,d4_vote,39,1000 ppm 1 4,,5.546186906,2,1,8,0.25,high,medium,0,0.04115419089794159,0.5438560843467712,0.4149896800518036
bin_classification,dinov3,42,4,25,inner_refit,d4_vote,41,1000 ppm 4 2,,4.700168169,2,2,8,0.25,high,high,0,0.2859947383403778,0.24047064781188965,0.47353458404541016
bin_classification,dinov3,42,4,25,inner_refit,d4_vote,46,400 ppm 2 3,,1.537357234,0,1,8,0.0,low,medium,0,0.15480312705039978,0.7921731472015381,0.053023695945739746
bin_classification,dinov3,42,4,25,inner_refit,d4_vote,52,600 ppm 1 3,,2.7476069,1,1,8,0.0,medium,medium,0,0.12145810574293137,0.7671545743942261,0.111387237906456
bin_classification,dinov3,42,4,25,inner_refit,d4_vote,55,400 ppm 5 5,,3.964413323,2,2,8,0.125,high,high,0,0.3215942978858948,0.13278642296791077,0.5456193089485168
bin_classification,dinov3,42,4,25,inner_refit,d4_vote,56,800 ppm 3 7,,3.154045927,1,1,8,0.5,medium,medium,0,0.211065873503685,0.43688857555389404,0.35204553604125977
bin_classification,dinov3,42,4,25,inner_refit,d4_vote,59,400 ppm 1 9,,1.257349885,0,1,8,0.375,low,medium,0,0.281955361366272,0.36884984374046326,0.3491947650909424
bin_classification,dinov3,42,4,25,inner_refit,d4_vote,62,800 ppm 5 3,,3.435802073,1,1,8,0.5,medium,medium,0,0.032173287123441696,0.49074944853782654,0.4770772457122803
bin_classification,dinov3,42,4,25,inner_refit,d4_vote,64,800 ppm 3 6,,2.688094559,1,1,8,0.0,medium,medium,0,0.32519087195396423,0.4684608578681946,0.20634828507900238
bin_classification,dinov3,42,4,25,inner_refit,d4_vote,68,1000 ppm 4 8,,5.826586722,2,2,8,0.0,high,high,0,0.02595612406730652,0.19102826714515686,0.7830156087875366
bin_classification,dinov3,42,4,25,inner_refit,d4_vote,69,800 ppm 4 8,,4.813344078,2,0,8,0.375,high,low,0,0.4062531590461731,0.31905287504196167,0.27469396591186523
bin_classification,dinov3,42,4,25,inner_refit,d4_vote,82,400 ppm 4 9,,2.624535347,1,1,8,0.5,medium,medium,0,0.09776657819747925,0.457405686378479,0.44482776522636414
bin_classification,dinov3,42,4,25,inner_refit,d4_vote,84,c 7,,0.024246817,0,0,8,0.0,low,low,0,0.7586418986320496,0.1574649214744568,0.08389323204755783
bin_classification,dinov3,42,4,25,inner_refit,d4_vote,90,800 ppm 1 5,,3.533211084,1,2,8,0.375,medium,high,0,0.07577574998140335,0.4570608139038086,0.46716344356536865
bin_classification,dinov3,42,4,25,inner_refit,d4_vote,97,600 ppm 2 7,,5.389042573,2,2,8,0.0,high,high,0,0.1048489511013031,0.11946455389261246,0.775686502456665
bin_classification,dinov3,42,4,25,inner_refit,d4_vote,100,600 ppm 1 7,,4.294644495,2,1,8,0.0,high,medium,0,0.2978576123714447,0.5973451137542725,0.10479726642370224
bin_classification,dinov3,42,4,25,inner_refit,d4_vote,102,1000 ppm 3 6,,3.90202355,2,2,8,0.0,high,high,0,0.1588156372308731,0.3240714371204376,0.5171129107475281
bin_classification,dinov3,42,4,25,inner_refit,d4_vote,106,1000 ppm 1 9,,5.438409112,2,2,8,0.0,high,high,0,0.039309196174144745,0.10861475765705109,0.8520760536193848
bin_classification,dinov3,42,4,25,inner_refit,d4_vote,112,800 ppm 2 7,,3.993865756,2,2,8,0.0,high,high,0,0.00781062850728631,0.15660755336284637,0.8355817198753357
bin_classification,dinov3,42,4,25,inner_refit,d4_vote,116,800 ppm 3 2,,4.960180046,2,1,8,0.0,high,medium,0,0.2585048973560333,0.5305919647216797,0.210903137922287
bin_classification,dinov3,42,4,25,inner_refit,d4_vote,123,1000 ppm 4 6,,3.570549353,1,2,8,0.0,medium,high,0,0.11256536841392517,0.2074207216501236,0.68001389503479
bin_classification,dinov3,42,4,25,inner_refit,d4_vote,128,600 ppm 1 4,,3.074620336,1,1,8,0.0,medium,medium,0,0.1874098926782608,0.7733815908432007,0.03920850530266762
bin_classification,dinov3,42,4,25,inner_refit,d4_vote,129,600 ppm 3 10,,3.257108041,1,1,8,0.0,medium,medium,0,0.37776488065719604,0.5709748864173889,0.05126022920012474
bin_classification,dinov3,42,4,25,inner_refit,d4_vote,144,600 ppm 5 8,,1.745539039,0,1,8,0.0,low,medium,0,0.23038604855537415,0.7572890520095825,0.012324908748269081
bin_classification,dinov3,42,4,25,inner_refit,d4_vote,145,c 5,,0.262646502,0,1,8,0.125,low,medium,0,0.3194439709186554,0.4721088111400604,0.20844721794128418
bin_classification,dinov3,42,4,25,inner_refit,d4_vote,150,600 ppm 3 9,,2.924303323,1,0,8,0.0,medium,low,0,0.6701065897941589,0.2889103293418884,0.04098307713866234
bin_classification,dinov3,42,4,25,inner_refit,d4_vote,152,1000 ppm 5 10,,4.866749998,2,2,8,0.125,high,high,0,0.05222074314951897,0.35332000255584717,0.5944593548774719
bin_classification,dinov3,42,4,25,inner_refit,d4_vote,154,600 ppm 5 1,,1.92902126,0,0,8,0.0,low,low,0,0.7939859628677368,0.17797589302062988,0.028038188815116882
bin_classification,dinov3,42,4,25,inner_refit,d4_vote,155,600 ppm 1 1,,3.201626017,1,1,8,0.125,medium,medium,0,0.3679841458797455,0.5324172377586365,0.09959855675697327
bin_classification,dinov3,42,4,25,inner_refit,d4_vote,158,800 ppm 5 10,,0.75996872,0,0,8,0.0,low,low,0,0.6539920568466187,0.23575331270694733,0.11025465279817581
bin_classification,dinov3,42,4,25,inner_refit,d4_vote,159,400 ppm 4 5,,2.49284019,0,1,8,0.0,low,medium,0,0.2927592992782593,0.6467459797859192,0.06049470230937004
bin_classification,dinov3,42,4,25,inner_refit,d4_vote,161,600 ppm 3 8,,3.047380635,1,1,8,0.0,medium,medium,0,0.1829349398612976,0.5967244505882263,0.22034060955047607
bin_classification,dinov3,42,4,25,inner_refit,d4_vote,162,800 ppm 3 8,,4.614610915,2,0,8,0.125,high,low,0,0.5222511291503906,0.4512389898300171,0.02650986984372139
bin_classification,dinov3,42,4,25,inner_refit,d4_vote,163,1000 ppm 5 6,,3.12203341,1,2,8,0.0,medium,high,0,0.06726211309432983,0.31774482131004333,0.6149930357933044
bin_classification,dinov3,42,4,25,inner_refit,d4_vote,165,600 ppm 4 8,,5.563645491,2,1,8,0.375,high,medium,0,0.08639813959598541,0.4936774969100952,0.4199243485927582
bin_classification,dinov3,42,4,25,inner_refit,d4_vote,167,800 ppm 3 5,,4.458889794,2,0,8,0.125,high,low,0,0.5115125775337219,0.4148171544075012,0.07367023825645447
bin_classification,dinov3,42,4,25,inner_refit,d4_vote,171,400 ppm 3 1,,1.246955081,0,0,8,0.0,low,low,0,0.8240663409233093,0.1618562638759613,0.014077356085181236
bin_classification,dinov3,42,4,25,inner_refit,d4_vote,172,400 ppm 3 6,,1.25800729,0,0,8,0.0,low,low,0,0.7281266450881958,0.20974063873291016,0.062132734805345535
bin_classification,dinov3,42,4,25,inner_refit,d4_vote,173,600 ppm 4 10,,1.599538611,0,1,8,0.5,low,medium,0,0.4034650921821594,0.41084712743759155,0.1856878101825714
bin_classification,dinov3,42,4,25,inner_refit,d4_vote,184,1000 ppm 4 1,,4.003606934,2,2,8,0.0,high,high,0,0.07290448993444443,0.24579234421253204,0.6813032031059265
bin_classification,dinov3,42,4,25,inner_refit,d4_vote,188,400 ppm 4 10,,2.606928263,1,1,8,0.0,medium,medium,0,0.1540892869234085,0.5764361023902893,0.26947465538978577
bin_classification,dinov3,42,4,25,inner_refit,d4_vote,190,600 ppm 3 3,,3.293084865,1,1,8,0.0,medium,medium,0,0.25746864080429077,0.46511220932006836,0.27741914987564087
bin_classification,dinov3,42,4,25,inner_refit,d4_vote,201,400 ppm 3 4,,2.103673748,0,1,8,0.0,low,medium,0,0.2680690884590149,0.5165444612503052,0.21538642048835754
bin_classification,dinov3,42,4,25,inner_refit,d4_vote,203,1000 ppm 2 3,,3.096861561,1,1,8,0.0,medium,medium,0,0.33478084206581116,0.6062778234481812,0.058941297233104706
