seed,fold,sample_id,mode,view,probability_low,probability_medium,probability_high
42,1,600 ppm 5 5,single,scale_1.0_rot_0_flip_0,0.8102736473083496,0.06180494651198387,0.12792138755321503
42,1,1000 ppm 4 3,single,scale_1.0_rot_0_flip_0,0.5170279741287231,0.2128789871931076,0.27009302377700806
42,1,1000 ppm 3 9,single,scale_1.0_rot_0_flip_0,0.412186861038208,0.3153325319290161,0.2724805772304535
42,1,1000 ppm 3 10,single,scale_1.0_rot_0_flip_0,0.38532018661499023,0.33636340498924255,0.278316468000412
42,1,600 ppm 3 7,single,scale_1.0_rot_0_flip_0,0.5581387877464294,0.29194512963294983,0.14991605281829834
42,1,800 ppm 5 7,single,scale_1.0_rot_0_flip_0,0.5050815939903259,0.22406324744224548,0.2708551585674286
42,1,400 ppm 4 4,single,scale_1.0_rot_0_flip_0,0.6183011531829834,0.1557094007730484,0.2259894460439682
42,1,800 ppm 2 8,single,scale_1.0_rot_0_flip_0,0.6007620692253113,0.1952037662267685,0.20403419435024261
42,1,400 ppm 3 2,single,scale_1.0_rot_0_flip_0,0.7133692502975464,0.1468222439289093,0.1398085206747055
42,1,800 ppm 3 9,single,scale_1.0_rot_0_flip_0,0.5933147668838501,0.22635017335414886,0.18033508956432343
42,1,1000 ppm 5 1,single,scale_1.0_rot_0_flip_0,0.38829174637794495,0.41682764887809753,0.19488057494163513
42,1,800 ppm 4 5,single,scale_1.0_rot_0_flip_0,0.5275484323501587,0.25484347343444824,0.21760810911655426
42,1,800 ppm 2 1,single,scale_1.0_rot_0_flip_0,0.5641913414001465,0.27135708928108215,0.16445153951644897
42,1,400 ppm 1 5,single,scale_1.0_rot_0_flip_0,0.5756829380989075,0.17177441716194153,0.252542644739151
42,1,400 ppm 4 8,single,scale_1.0_rot_0_flip_0,0.6127268075942993,0.1694110780954361,0.21786214411258698
42,1,800 ppm 3 4,single,scale_1.0_rot_0_flip_0,0.5279861092567444,0.27967286109924316,0.19234108924865723
42,1,1000 ppm 2 1,single,scale_1.0_rot_0_flip_0,0.4889858067035675,0.33962246775627136,0.1713918000459671
42,1,400 ppm 3 10,single,scale_1.0_rot_0_flip_0,0.7186871767044067,0.16723735630512238,0.11407546699047089
42,1,1000 ppm 3 3,single,scale_1.0_rot_0_flip_0,0.6567225456237793,0.13182076811790466,0.21145665645599365
42,1,c 9,single,scale_1.0_rot_0_flip_0,0.7536203265190125,0.09993316233158112,0.14644648134708405
42,1,800 ppm 3 3,single,scale_1.0_rot_0_flip_0,0.28069868683815,0.2755745053291321,0.4437267482280731
42,1,800 ppm 2 9,single,scale_1.0_rot_0_flip_0,0.3653111755847931,0.20160475373268127,0.43308401107788086
42,1,600 ppm 2 9,single,scale_1.0_rot_0_flip_0,0.3760756850242615,0.18868388235569,0.4352405071258545
42,1,400 ppm 2 10,single,scale_1.0_rot_0_flip_0,0.3887433707714081,0.42621952295303345,0.18503707647323608
42,1,800 ppm 4 7,single,scale_1.0_rot_0_flip_0,0.688886821269989,0.1417997181415558,0.1693134903907776
42,1,1000 ppm 2 7,single,scale_1.0_rot_0_flip_0,0.401943176984787,0.42730316519737244,0.17075367271900177
42,1,800 ppm 5 9,single,scale_1.0_rot_0_flip_0,0.577497661113739,0.2557699680328369,0.16673240065574646
42,1,600 ppm 3 6,single,scale_1.0_rot_0_flip_0,0.6048329472541809,0.32868969440460205,0.06647735834121704
42,1,1000 ppm 1 5,single,scale_1.0_rot_0_flip_0,0.6582218408584595,0.21902303397655487,0.12275510281324387
42,1,600 ppm 5 10,single,scale_1.0_rot_0_flip_0,0.3983781337738037,0.4816141128540039,0.1200077161192894
42,1,600 ppm 2 5,single,scale_1.0_rot_0_flip_0,0.27069202065467834,0.2533857524394989,0.47592222690582275
42,1,800 ppm 1 10,single,scale_1.0_rot_0_flip_0,0.4420318305492401,0.17349930107593536,0.38446876406669617
42,1,1000 ppm 3 8,single,scale_1.0_rot_0_flip_0,0.4844973385334015,0.23087595403194427,0.2846267521381378
42,1,800 ppm 2 3,single,scale_1.0_rot_0_flip_0,0.5923990607261658,0.18393810093402863,0.2236628234386444
42,1,1000 ppm 5 7,single,scale_1.0_rot_0_flip_0,0.6953673362731934,0.12654462456703186,0.17808805406093597
42,1,400 ppm 1 3,single,scale_1.0_rot_0_flip_0,0.5488169193267822,0.15128463506698608,0.2998984456062317
42,1,800 ppm 4 6,single,scale_1.0_rot_0_flip_0,0.4747535288333893,0.3625856637954712,0.16266082227230072
42,1,600 ppm 5 4,single,scale_1.0_rot_0_flip_0,0.6029119491577148,0.22369055449962616,0.17339752614498138
42,1,400 ppm 2 7,single,scale_1.0_rot_0_flip_0,0.3113750219345093,0.5153471231460571,0.17327781021595
42,1,1000 ppm 5 9,single,scale_1.0_rot_0_flip_0,0.3263414800167084,0.2852188050746918,0.38843974471092224
42,1,400 ppm 5 8,single,scale_1.0_rot_0_flip_0,0.4554957449436188,0.21559910476207733,0.32890522480010986
42,1,c 4,single,scale_1.0_rot_0_flip_0,0.71363765001297,0.15613152086734772,0.13023079931735992
42,1,1000 ppm 1 8,single,scale_1.0_rot_0_flip_0,0.541540801525116,0.217203751206398,0.24125544726848602
42,1,c 3,single,scale_1.0_rot_0_flip_0,0.7024365067481995,0.1286899596452713,0.16887348890304565
42,1,800 ppm 1 9,single,scale_1.0_rot_0_flip_0,0.35528892278671265,0.4528573453426361,0.19185371696949005
42,1,1000 ppm 3 2,single,scale_1.0_rot_0_flip_0,0.5563968420028687,0.21313343942165375,0.2304697334766388
42,1,1000 ppm 5 4,single,scale_1.0_rot_0_flip_0,0.6168478727340698,0.10937715321779251,0.27377504110336304
42,1,1000 ppm 3 5,single,scale_1.0_rot_0_flip_0,0.6012087464332581,0.2331668883562088,0.16562435030937195
42,1,800 ppm 1 4,single,scale_1.0_rot_0_flip_0,0.38498979806900024,0.32179078459739685,0.2932194173336029
42,1,1000 ppm 1 7,single,scale_1.0_rot_0_flip_0,0.5040781497955322,0.17956387996673584,0.3163580298423767
42,1,1000 ppm 3 4,single,scale_1.0_rot_0_flip_0,0.7202343344688416,0.13754545152187347,0.14222027361392975
42,1,400 ppm 5 1,single,scale_1.0_rot_0_flip_0,0.616865873336792,0.26907941699028015,0.11405472457408905
42,1,1000 ppm 2 4,single,scale_1.0_rot_0_flip_0,0.6461241245269775,0.18674643337726593,0.16712944209575653
42,1,600 ppm 5 5,d4,scale_1.0_rot_0_flip_0,0.8102736473083496,0.06180494651198387,0.12792138755321503
42,1,1000 ppm 4 3,d4,scale_1.0_rot_0_flip_0,0.5170279741287231,0.2128789871931076,0.27009302377700806
42,1,1000 ppm 3 9,d4,scale_1.0_rot_0_flip_0,0.412186861038208,0.3153325319290161,0.2724805772304535
42,1,1000 ppm 3 10,d4,scale_1.0_rot_0_flip_0,0.38532018661499023,0.33636340498924255,0.278316468000412
42,1,600 ppm 3 7,d4,scale_1.0_rot_0_flip_0,0.5581387877464294,0.29194512963294983,0.14991605281829834
42,1,800 ppm 5 7,d4,scale_1.0_rot_0_flip_0,0.5050815939903259,0.22406324744224548,0.2708551585674286
42,1,400 ppm 4 4,d4,scale_1.0_rot_0_flip_0,0.6183011531829834,0.1557094007730484,0.2259894460439682
42,1,800 ppm 2 8,d4,scale_1.0_rot_0_flip_0,0.6007620692253113,0.1952037662267685,0.20403419435024261
42,1,400 ppm 3 2,d4,scale_1.0_rot_0_flip_0,0.7133692502975464,0.1468222439289093,0.1398085206747055
42,1,800 ppm 3 9,d4,scale_1.0_rot_0_flip_0,0.5933147668838501,0.22635017335414886,0.18033508956432343
42,1,1000 ppm 5 1,d4,scale_1.0_rot_0_flip_0,0.38829174637794495,0.41682764887809753,0.19488057494163513
42,1,800 ppm 4 5,d4,scale_1.0_rot_0_flip_0,0.5275484323501587,0.25484347343444824,0.21760810911655426
42,1,800 ppm 2 1,d4,scale_1.0_rot_0_flip_0,0.5641913414001465,0.27135708928108215,0.16445153951644897
42,1,400 ppm 1 5,d4,scale_1.0_rot_0_flip_0,0.5756829380989075,0.17177441716194153,0.252542644739151
42,1,400 ppm 4 8,d4,scale_1.0_rot_0_flip_0,0.6127268075942993,0.1694110780954361,0.21786214411258698
42,1,800 ppm 3 4,d4,scale_1.0_rot_0_flip_0,0.5279861092567444,0.27967286109924316,0.19234108924865723
42,1,1000 ppm 2 1,d4,scale_1.0_rot_0_flip_0,0.4889858067035675,0.33962246775627136,0.1713918000459671
42,1,400 ppm 3 10,d4,scale_1.0_rot_0_flip_0,0.7186871767044067,0.16723735630512238,0.11407546699047089
42,1,1000 ppm 3 3,d4,scale_1.0_rot_0_flip_0,0.6567225456237793,0.13182076811790466,0.21145665645599365
42,1,c 9,d4,scale_1.0_rot_0_flip_0,0.7536203265190125,0.09993316233158112,0.14644648134708405
42,1,800 ppm 3 3,d4,scale_1.0_rot_0_flip_0,0.28069868683815,0.2755745053291321,0.4437267482280731
42,1,800 ppm 2 9,d4,scale_1.0_rot_0_flip_0,0.3653111755847931,0.20160475373268127,0.43308401107788086
42,1,600 ppm 2 9,d4,scale_1.0_rot_0_flip_0,0.3760756850242615,0.18868388235569,0.4352405071258545
42,1,400 ppm 2 10,d4,scale_1.0_rot_0_flip_0,0.3887433707714081,0.42621952295303345,0.18503707647323608
42,1,800 ppm 4 7,d4,scale_1.0_rot_0_flip_0,0.688886821269989,0.1417997181415558,0.1693134903907776
42,1,1000 ppm 2 7,d4,scale_1.0_rot_0_flip_0,0.401943176984787,0.42730316519737244,0.17075367271900177
42,1,800 ppm 5 9,d4,scale_1.0_rot_0_flip_0,0.577497661113739,0.2557699680328369,0.16673240065574646
42,1,600 ppm 3 6,d4,scale_1.0_rot_0_flip_0,0.6048329472541809,0.32868969440460205,0.06647735834121704
42,1,1000 ppm 1 5,d4,scale_1.0_rot_0_flip_0,0.6582218408584595,0.21902303397655487,0.12275510281324387
42,1,600 ppm 5 10,d4,scale_1.0_rot_0_flip_0,0.3983781337738037,0.4816141128540039,0.1200077161192894
42,1,600 ppm 2 5,d4,scale_1.0_rot_0_flip_0,0.27069202065467834,0.2533857524394989,0.47592222690582275
42,1,800 ppm 1 10,d4,scale_1.0_rot_0_flip_0,0.4420318305492401,0.17349930107593536,0.38446876406669617
42,1,1000 ppm 3 8,d4,scale_1.0_rot_0_flip_0,0.4844973385334015,0.23087595403194427,0.2846267521381378
42,1,800 ppm 2 3,d4,scale_1.0_rot_0_flip_0,0.5923990607261658,0.18393810093402863,0.2236628234386444
42,1,1000 ppm 5 7,d4,scale_1.0_rot_0_flip_0,0.6953673362731934,0.12654462456703186,0.17808805406093597
42,1,400 ppm 1 3,d4,scale_1.0_rot_0_flip_0,0.5488169193267822,0.15128463506698608,0.2998984456062317
42,1,800 ppm 4 6,d4,scale_1.0_rot_0_flip_0,0.4747535288333893,0.3625856637954712,0.16266082227230072
42,1,600 ppm 5 4,d4,scale_1.0_rot_0_flip_0,0.6029119491577148,0.22369055449962616,0.17339752614498138
42,1,400 ppm 2 7,d4,scale_1.0_rot_0_flip_0,0.3113750219345093,0.5153471231460571,0.17327781021595
42,1,1000 ppm 5 9,d4,scale_1.0_rot_0_flip_0,0.3263414800167084,0.2852188050746918,0.38843974471092224
42,1,400 ppm 5 8,d4,scale_1.0_rot_0_flip_0,0.4554957449436188,0.21559910476207733,0.32890522480010986
42,1,c 4,d4,scale_1.0_rot_0_flip_0,0.71363765001297,0.15613152086734772,0.13023079931735992
42,1,1000 ppm 1 8,d4,scale_1.0_rot_0_flip_0,0.541540801525116,0.217203751206398,0.24125544726848602
42,1,c 3,d4,scale_1.0_rot_0_flip_0,0.7024365067481995,0.1286899596452713,0.16887348890304565
42,1,800 ppm 1 9,d4,scale_1.0_rot_0_flip_0,0.35528892278671265,0.4528573453426361,0.19185371696949005
42,1,1000 ppm 3 2,d4,scale_1.0_rot_0_flip_0,0.5563968420028687,0.21313343942165375,0.2304697334766388
42,1,1000 ppm 5 4,d4,scale_1.0_rot_0_flip_0,0.6168478727340698,0.10937715321779251,0.27377504110336304
42,1,1000 ppm 3 5,d4,scale_1.0_rot_0_flip_0,0.6012087464332581,0.2331668883562088,0.16562435030937195
42,1,800 ppm 1 4,d4,scale_1.0_rot_0_flip_0,0.38498979806900024,0.32179078459739685,0.2932194173336029
42,1,1000 ppm 1 7,d4,scale_1.0_rot_0_flip_0,0.5040781497955322,0.17956387996673584,0.3163580298423767
42,1,1000 ppm 3 4,d4,scale_1.0_rot_0_flip_0,0.7202343344688416,0.13754545152187347,0.14222027361392975
42,1,400 ppm 5 1,d4,scale_1.0_rot_0_flip_0,0.616865873336792,0.26907941699028015,0.11405472457408905
42,1,1000 ppm 2 4,d4,scale_1.0_rot_0_flip_0,0.6461241245269775,0.18674643337726593,0.16712944209575653
42,1,600 ppm 5 5,d4,scale_1.0_rot_0_flip_1,0.8215718865394592,0.058884721249341965,0.1195434108376503
42,1,1000 ppm 4 3,d4,scale_1.0_rot_0_flip_1,0.5004745721817017,0.22673213481903076,0.2727932631969452
42,1,1000 ppm 3 9,d4,scale_1.0_rot_0_flip_1,0.3988650441169739,0.31193655729293823,0.2891983985900879
42,1,1000 ppm 3 10,d4,scale_1.0_rot_0_flip_1,0.37758126854896545,0.33610987663269043,0.28630879521369934
42,1,600 ppm 3 7,d4,scale_1.0_rot_0_flip_1,0.5084741711616516,0.33482691645622253,0.15669891238212585
42,1,800 ppm 5 7,d4,scale_1.0_rot_0_flip_1,0.5171451568603516,0.20385269820690155,0.27900218963623047
42,1,400 ppm 4 4,d4,scale_1.0_rot_0_flip_1,0.6260498762130737,0.16909517347812653,0.20485500991344452
42,1,800 ppm 2 8,d4,scale_1.0_rot_0_flip_1,0.5780668258666992,0.1977565884590149,0.2241765856742859
42,1,400 ppm 3 2,d4,scale_1.0_rot_0_flip_1,0.7126444578170776,0.14667411148548126,0.1406814157962799
42,1,800 ppm 3 9,d4,scale_1.0_rot_0_flip_1,0.6026483774185181,0.2313563972711563,0.1659952700138092
42,1,1000 ppm 5 1,d4,scale_1.0_rot_0_flip_1,0.43381842970848083,0.3851729929447174,0.18100854754447937
42,1,800 ppm 4 5,d4,scale_1.0_rot_0_flip_1,0.5620460510253906,0.25707948207855225,0.18087449669837952
42,1,800 ppm 2 1,d4,scale_1.0_rot_0_flip_1,0.6111856698989868,0.24162401258945465,0.14719036221504211
42,1,400 ppm 1 5,d4,scale_1.0_rot_0_flip_1,0.5586848855018616,0.1751457154750824,0.2661694288253784
42,1,400 ppm 4 8,d4,scale_1.0_rot_0_flip_1,0.6289212107658386,0.15539202094078064,0.2156868278980255
42,1,800 ppm 3 4,d4,scale_1.0_rot_0_flip_1,0.5587920546531677,0.27083197236061096,0.1703759729862213
42,1,1000 ppm 2 1,d4,scale_1.0_rot_0_flip_1,0.4733601212501526,0.37294262647628784,0.1536971926689148
42,1,400 ppm 3 10,d4,scale_1.0_rot_0_flip_1,0.7381628751754761,0.16362223029136658,0.09821483492851257
42,1,1000 ppm 3 3,d4,scale_1.0_rot_0_flip_1,0.6236981153488159,0.13198444247245789,0.2443174421787262
42,1,c 9,d4,scale_1.0_rot_0_flip_1,0.7190533876419067,0.1199459657073021,0.16100053489208221
42,1,800 ppm 3 3,d4,scale_1.0_rot_0_flip_1,0.3300475478172302,0.27250903844833374,0.3974434435367584
42,1,800 ppm 2 9,d4,scale_1.0_rot_0_flip_1,0.32281264662742615,0.1841646432876587,0.49302271008491516
42,1,600 ppm 2 9,d4,scale_1.0_rot_0_flip_1,0.37771281599998474,0.19745445251464844,0.4248327314853668
42,1,400 ppm 2 10,d4,scale_1.0_rot_0_flip_1,0.35875555872917175,0.45941925048828125,0.1818252056837082
42,1,800 ppm 4 7,d4,scale_1.0_rot_0_flip_1,0.6985659003257751,0.1522635817527771,0.14917050302028656
42,1,1000 ppm 2 7,d4,scale_1.0_rot_0_flip_1,0.4162020981311798,0.41334596276283264,0.17045199871063232
42,1,800 ppm 5 9,d4,scale_1.0_rot_0_flip_1,0.5597752928733826,0.28508180379867554,0.1551429033279419
42,1,600 ppm 3 6,d4,scale_1.0_rot_0_flip_1,0.6145499348640442,0.323100209236145,0.0623498409986496
42,1,1000 ppm 1 5,d4,scale_1.0_rot_0_flip_1,0.6249459385871887,0.2512664794921875,0.12378758937120438
42,1,600 ppm 5 10,d4,scale_1.0_rot_0_flip_1,0.41795408725738525,0.4640366733074188,0.11800918728113174
42,1,600 ppm 2 5,d4,scale_1.0_rot_0_flip_1,0.3168533146381378,0.22785475850105286,0.4552919864654541
42,1,800 ppm 1 10,d4,scale_1.0_rot_0_flip_1,0.43036556243896484,0.18223261833190918,0.387401819229126
42,1,1000 ppm 3 8,d4,scale_1.0_rot_0_flip_1,0.43549856543540955,0.26366958022117615,0.3008318543434143
42,1,800 ppm 2 3,d4,scale_1.0_rot_0_flip_1,0.5785226821899414,0.17956016957759857,0.24191705882549286
42,1,1000 ppm 5 7,d4,scale_1.0_rot_0_flip_1,0.6394670605659485,0.1349257230758667,0.2256072759628296
42,1,400 ppm 1 3,d4,scale_1.0_rot_0_flip_1,0.5045803189277649,0.13672034442424774,0.3586992919445038
42,1,800 ppm 4 6,d4,scale_1.0_rot_0_flip_1,0.5012149810791016,0.35577094554901123,0.143014058470726
42,1,600 ppm 5 4,d4,scale_1.0_rot_0_flip_1,0.6022250056266785,0.2405809760093689,0.15719401836395264
42,1,400 ppm 2 7,d4,scale_1.0_rot_0_flip_1,0.27174893021583557,0.5374758243560791,0.19077524542808533
42,1,1000 ppm 5 9,d4,scale_1.0_rot_0_flip_1,0.3683282732963562,0.27345117926597595,0.35822054743766785
42,1,400 ppm 5 8,d4,scale_1.0_rot_0_flip_1,0.48587796092033386,0.202638179063797,0.31148386001586914
42,1,c 4,d4,scale_1.0_rot_0_flip_1,0.7127048373222351,0.16307273507118225,0.12422233819961548
42,1,1000 ppm 1 8,d4,scale_1.0_rot_0_flip_1,0.5673767924308777,0.2087765336036682,0.2238466739654541
42,1,c 3,d4,scale_1.0_rot_0_flip_1,0.6891030073165894,0.12429813295602798,0.18659882247447968
42,1,800 ppm 1 9,d4,scale_1.0_rot_0_flip_1,0.34990736842155457,0.44155168533325195,0.2085409164428711
42,1,1000 ppm 3 2,d4,scale_1.0_rot_0_flip_1,0.5332801938056946,0.21061229705810547,0.2561075687408447
42,1,1000 ppm 5 4,d4,scale_1.0_rot_0_flip_1,0.6311583518981934,0.1251077950000763,0.24373385310173035
42,1,1000 ppm 3 5,d4,scale_1.0_rot_0_flip_1,0.630514919757843,0.2075882852077484,0.16189678013324738
42,1,800 ppm 1 4,d4,scale_1.0_rot_0_flip_1,0.4373857378959656,0.2907288372516632,0.27188539505004883
42,1,1000 ppm 1 7,d4,scale_1.0_rot_0_flip_1,0.5512786507606506,0.1580359786748886,0.29068538546562195
42,1,1000 ppm 3 4,d4,scale_1.0_rot_0_flip_1,0.762390673160553,0.12053633481264114,0.11707299202680588
42,1,400 ppm 5 1,d4,scale_1.0_rot_0_flip_1,0.5520846843719482,0.3115546405315399,0.13636063039302826
42,1,1000 ppm 2 4,d4,scale_1.0_rot_0_flip_1,0.6501187086105347,0.1672147661447525,0.18266646564006805
42,1,600 ppm 5 5,d4,scale_1.0_rot_90_flip_0,0.7919277548789978,0.09556888788938522,0.11250337958335876
42,1,1000 ppm 4 3,d4,scale_1.0_rot_90_flip_0,0.5063809752464294,0.24836917221546173,0.24524986743927002
42,1,1000 ppm 3 9,d4,scale_1.0_rot_90_flip_0,0.36541879177093506,0.3065135180950165,0.32806771993637085
42,1,1000 ppm 3 10,d4,scale_1.0_rot_90_flip_0,0.32076746225357056,0.40246331691741943,0.27676922082901
42,1,600 ppm 3 7,d4,scale_1.0_rot_90_flip_0,0.4582194685935974,0.38615936040878296,0.15562118589878082
42,1,800 ppm 5 7,d4,scale_1.0_rot_90_flip_0,0.4169180989265442,0.2752825617790222,0.307799369096756
42,1,400 ppm 4 4,d4,scale_1.0_rot_90_flip_0,0.6195947527885437,0.18327903747558594,0.19712620973587036
42,1,800 ppm 2 8,d4,scale_1.0_rot_90_flip_0,0.6466262936592102,0.21486610174179077,0.13850760459899902
42,1,400 ppm 3 2,d4,scale_1.0_rot_90_flip_0,0.6619585156440735,0.23245149850845337,0.10558996349573135
42,1,800 ppm 3 9,d4,scale_1.0_rot_90_flip_0,0.514537513256073,0.2578713297843933,0.22759117186069489
42,1,1000 ppm 5 1,d4,scale_1.0_rot_90_flip_0,0.36541318893432617,0.3760710656642914,0.2585158050060272
42,1,800 ppm 4 5,d4,scale_1.0_rot_90_flip_0,0.46660831570625305,0.33479684591293335,0.19859479367733002
42,1,800 ppm 2 1,d4,scale_1.0_rot_90_flip_0,0.443635493516922,0.3822975754737854,0.17406687140464783
42,1,400 ppm 1 5,d4,scale_1.0_rot_90_flip_0,0.5808587074279785,0.1843680739402771,0.23477323353290558
42,1,400 ppm 4 8,d4,scale_1.0_rot_90_flip_0,0.6321957111358643,0.20931971073150635,0.15848462283611298
42,1,800 ppm 3 4,d4,scale_1.0_rot_90_flip_0,0.5803622007369995,0.2763982117176056,0.1432395577430725
42,1,1000 ppm 2 1,d4,scale_1.0_rot_90_flip_0,0.526919424533844,0.35530444979667664,0.11777609586715698
42,1,400 ppm 3 10,d4,scale_1.0_rot_90_flip_0,0.6582396030426025,0.2300902009010315,0.11167013645172119
42,1,1000 ppm 3 3,d4,scale_1.0_rot_90_flip_0,0.5530773401260376,0.200142040848732,0.2467806190252304
42,1,c 9,d4,scale_1.0_rot_90_flip_0,0.7962770462036133,0.10277842730283737,0.10094451904296875
42,1,800 ppm 3 3,d4,scale_1.0_rot_90_flip_0,0.36112627387046814,0.3049502968788147,0.33392342925071716
42,1,800 ppm 2 9,d4,scale_1.0_rot_90_flip_0,0.3779524564743042,0.1942882239818573,0.4277592897415161
42,1,600 ppm 2 9,d4,scale_1.0_rot_90_flip_0,0.37140390276908875,0.22878152132034302,0.39981457591056824
42,1,400 ppm 2 10,d4,scale_1.0_rot_90_flip_0,0.3200357258319855,0.5097911357879639,0.17017310857772827
42,1,800 ppm 4 7,d4,scale_1.0_rot_90_flip_0,0.6140375733375549,0.19055812060832977,0.19540433585643768
42,1,1000 ppm 2 7,d4,scale_1.0_rot_90_flip_0,0.38042476773262024,0.4655660390853882,0.15400925278663635
42,1,800 ppm 5 9,d4,scale_1.0_rot_90_flip_0,0.5818876624107361,0.23374004662036896,0.18437230587005615
42,1,600 ppm 3 6,d4,scale_1.0_rot_90_flip_0,0.580071747303009,0.34950417280197144,0.07042410969734192
42,1,1000 ppm 1 5,d4,scale_1.0_rot_90_flip_0,0.6501231789588928,0.20282964408397675,0.14704717695713043
42,1,600 ppm 5 10,d4,scale_1.0_rot_90_flip_0,0.4295777380466461,0.44560325145721436,0.12481896579265594
42,1,600 ppm 2 5,d4,scale_1.0_rot_90_flip_0,0.21828079223632812,0.31315839290618896,0.4685607850551605
42,1,800 ppm 1 10,d4,scale_1.0_rot_90_flip_0,0.48365679383277893,0.22010111808776855,0.29624202847480774
42,1,1000 ppm 3 8,d4,scale_1.0_rot_90_flip_0,0.4005970358848572,0.3236411511898041,0.2757617235183716
42,1,800 ppm 2 3,d4,scale_1.0_rot_90_flip_0,0.5780692100524902,0.2157973349094391,0.2061334103345871
42,1,1000 ppm 5 7,d4,scale_1.0_rot_90_flip_0,0.5926065444946289,0.21652668714523315,0.19086675345897675
42,1,400 ppm 1 3,d4,scale_1.0_rot_90_flip_0,0.5768754482269287,0.19476941227912903,0.22835515439510345
42,1,800 ppm 4 6,d4,scale_1.0_rot_90_flip_0,0.42699018120765686,0.4078361690044403,0.16517367959022522
42,1,600 ppm 5 4,d4,scale_1.0_rot_90_flip_0,0.5916894674301147,0.30348220467567444,0.10482831299304962
42,1,400 ppm 2 7,d4,scale_1.0_rot_90_flip_0,0.27759796380996704,0.51679927110672,0.2056027501821518
42,1,1000 ppm 5 9,d4,scale_1.0_rot_90_flip_0,0.27860668301582336,0.30850040912628174,0.4128929376602173
42,1,400 ppm 5 8,d4,scale_1.0_rot_90_flip_0,0.4885620176792145,0.21344956755638123,0.2979883551597595
42,1,c 4,d4,scale_1.0_rot_90_flip_0,0.6615895628929138,0.20052897930145264,0.13788151741027832
42,1,1000 ppm 1 8,d4,scale_1.0_rot_90_flip_0,0.43947145342826843,0.33310362696647644,0.2274249941110611
42,1,c 3,d4,scale_1.0_rot_90_flip_0,0.6431825757026672,0.20448589324951172,0.15233150124549866
42,1,800 ppm 1 9,d4,scale_1.0_rot_90_flip_0,0.3211827874183655,0.4955657422542572,0.18325138092041016
42,1,1000 ppm 3 2,d4,scale_1.0_rot_90_flip_0,0.5350525975227356,0.2627700865268707,0.20217730104923248
42,1,1000 ppm 5 4,d4,scale_1.0_rot_90_flip_0,0.5011239647865295,0.20347680151462555,0.2953992486000061
42,1,1000 ppm 3 5,d4,scale_1.0_rot_90_flip_0,0.5668066740036011,0.2587762475013733,0.17441707849502563
42,1,800 ppm 1 4,d4,scale_1.0_rot_90_flip_0,0.40066957473754883,0.3647295832633972,0.23460084199905396
42,1,1000 ppm 1 7,d4,scale_1.0_rot_90_flip_0,0.5350896716117859,0.15868401527404785,0.30622631311416626
42,1,1000 ppm 3 4,d4,scale_1.0_rot_90_flip_0,0.7526177763938904,0.11635535955429077,0.13102681934833527
42,1,400 ppm 5 1,d4,scale_1.0_rot_90_flip_0,0.5067363381385803,0.3623901307582855,0.13087354600429535
42,1,1000 ppm 2 4,d4,scale_1.0_rot_90_flip_0,0.6210379600524902,0.21165823936462402,0.1673038899898529
42,1,600 ppm 5 5,d4,scale_1.0_rot_90_flip_1,0.8253635764122009,0.0859336405992508,0.08870287239551544
42,1,1000 ppm 4 3,d4,scale_1.0_rot_90_flip_1,0.4989897310733795,0.24760164320468903,0.2534087002277374
42,1,1000 ppm 3 9,d4,scale_1.0_rot_90_flip_1,0.36257168650627136,0.32529768347740173,0.3121306896209717
42,1,1000 ppm 3 10,d4,scale_1.0_rot_90_flip_1,0.3218037188053131,0.4106115996837616,0.2675846815109253
42,1,600 ppm 3 7,d4,scale_1.0_rot_90_flip_1,0.4910869002342224,0.3573099970817566,0.1516030877828598
42,1,800 ppm 5 7,d4,scale_1.0_rot_90_flip_1,0.4187852144241333,0.27485528588294983,0.30635949969291687
42,1,400 ppm 4 4,d4,scale_1.0_rot_90_flip_1,0.5882656574249268,0.2090502828359604,0.20268402993679047
42,1,800 ppm 2 8,d4,scale_1.0_rot_90_flip_1,0.577983558177948,0.22932063043117523,0.19269579648971558
42,1,400 ppm 3 2,d4,scale_1.0_rot_90_flip_1,0.6363636255264282,0.2292129099369049,0.13442349433898926
42,1,800 ppm 3 9,d4,scale_1.0_rot_90_flip_1,0.5532040596008301,0.25209715962409973,0.19469882547855377
42,1,1000 ppm 5 1,d4,scale_1.0_rot_90_flip_1,0.388140469789505,0.3860568404197693,0.22580276429653168
42,1,800 ppm 4 5,d4,scale_1.0_rot_90_flip_1,0.4721282124519348,0.3111395835876465,0.2167322188615799
42,1,800 ppm 2 1,d4,scale_1.0_rot_90_flip_1,0.45075565576553345,0.3861061930656433,0.16313804686069489
42,1,400 ppm 1 5,d4,scale_1.0_rot_90_flip_1,0.5777150392532349,0.1768721342086792,0.24541282653808594
42,1,400 ppm 4 8,d4,scale_1.0_rot_90_flip_1,0.6417291760444641,0.18194380402565002,0.17632706463336945
42,1,800 ppm 3 4,d4,scale_1.0_rot_90_flip_1,0.5568926334381104,0.2899927794933319,0.15311458706855774
42,1,1000 ppm 2 1,d4,scale_1.0_rot_90_flip_1,0.5064992904663086,0.3518090546131134,0.14169161021709442
42,1,400 ppm 3 10,d4,scale_1.0_rot_90_flip_1,0.6712841987609863,0.23071181774139404,0.09800395369529724
42,1,1000 ppm 3 3,d4,scale_1.0_rot_90_flip_1,0.5255835056304932,0.19060340523719788,0.28381311893463135
42,1,c 9,d4,scale_1.0_rot_90_flip_1,0.7424672245979309,0.13146783411502838,0.12606492638587952
42,1,800 ppm 3 3,d4,scale_1.0_rot_90_flip_1,0.3107004761695862,0.29112884402275085,0.3981706500053406
42,1,800 ppm 2 9,d4,scale_1.0_rot_90_flip_1,0.3848194479942322,0.18151143193244934,0.43366914987564087
42,1,600 ppm 2 9,d4,scale_1.0_rot_90_flip_1,0.3592568039894104,0.21943140029907227,0.42131173610687256
42,1,400 ppm 2 10,d4,scale_1.0_rot_90_flip_1,0.3191515803337097,0.49756336212158203,0.18328498303890228
42,1,800 ppm 4 7,d4,scale_1.0_rot_90_flip_1,0.5865280032157898,0.19526486098766327,0.21820712089538574
42,1,1000 ppm 2 7,d4,scale_1.0_rot_90_flip_1,0.3622623383998871,0.46661922335624695,0.17111845314502716
42,1,800 ppm 5 9,d4,scale_1.0_rot_90_flip_1,0.6261445879936218,0.21449705958366394,0.159358412027359
42,1,600 ppm 3 6,d4,scale_1.0_rot_90_flip_1,0.5428253412246704,0.38576823472976685,0.07140642404556274
42,1,1000 ppm 1 5,d4,scale_1.0_rot_90_flip_1,0.6321976780891418,0.2083507478237152,0.15945163369178772
42,1,600 ppm 5 10,d4,scale_1.0_rot_90_flip_1,0.4378431737422943,0.4559725821018219,0.10618416219949722
42,1,600 ppm 2 5,d4,scale_1.0_rot_90_flip_1,0.2309996336698532,0.27177172899246216,0.4972286820411682
42,1,800 ppm 1 10,d4,scale_1.0_rot_90_flip_1,0.4543153643608093,0.2145950198173523,0.3310896158218384
42,1,1000 ppm 3 8,d4,scale_1.0_rot_90_flip_1,0.40226876735687256,0.3236493766307831,0.27408185601234436
42,1,800 ppm 2 3,d4,scale_1.0_rot_90_flip_1,0.5073981881141663,0.24392841756343842,0.2486734241247177
42,1,1000 ppm 5 7,d4,scale_1.0_rot_90_flip_1,0.6347739100456238,0.185560405254364,0.17966574430465698
42,1,400 ppm 1 3,d4,scale_1.0_rot_90_flip_1,0.5327220559120178,0.21931330859661102,0.24796466529369354
42,1,800 ppm 4 6,d4,scale_1.0_rot_90_flip_1,0.4487535357475281,0.37808096408843994,0.17316554486751556
42,1,600 ppm 5 4,d4,scale_1.0_rot_90_flip_1,0.5412328243255615,0.32518526911735535,0.13358187675476074
42,1,400 ppm 2 7,d4,scale_1.0_rot_90_flip_1,0.3028522729873657,0.4854603409767151,0.211687371134758
42,1,1000 ppm 5 9,d4,scale_1.0_rot_90_flip_1,0.2496679723262787,0.3348681330680847,0.4154638946056366
42,1,400 ppm 5 8,d4,scale_1.0_rot_90_flip_1,0.4365634322166443,0.2411610335111618,0.3222755789756775
42,1,c 4,d4,scale_1.0_rot_90_flip_1,0.6885425448417664,0.17904943227767944,0.1324080377817154
42,1,1000 ppm 1 8,d4,scale_1.0_rot_90_flip_1,0.4213723838329315,0.34463223814964294,0.23399536311626434
42,1,c 3,d4,scale_1.0_rot_90_flip_1,0.633113443851471,0.19830508530139923,0.1685815155506134
42,1,800 ppm 1 9,d4,scale_1.0_rot_90_flip_1,0.33277663588523865,0.4726257622241974,0.19459758698940277
42,1,1000 ppm 3 2,d4,scale_1.0_rot_90_flip_1,0.5272388458251953,0.2806447148323059,0.19211642444133759
42,1,1000 ppm 5 4,d4,scale_1.0_rot_90_flip_1,0.5180400609970093,0.1866740584373474,0.2952858805656433
42,1,1000 ppm 3 5,d4,scale_1.0_rot_90_flip_1,0.5651876926422119,0.24937687814235687,0.18543550372123718
42,1,800 ppm 1 4,d4,scale_1.0_rot_90_flip_1,0.38732796907424927,0.37066033482551575,0.24201175570487976
42,1,1000 ppm 1 7,d4,scale_1.0_rot_90_flip_1,0.5310075283050537,0.15403339266777039,0.3149591386318207
42,1,1000 ppm 3 4,d4,scale_1.0_rot_90_flip_1,0.7284095883369446,0.11339374631643295,0.15819670259952545
42,1,400 ppm 5 1,d4,scale_1.0_rot_90_flip_1,0.5350695252418518,0.3302415609359741,0.13468889892101288
42,1,1000 ppm 2 4,d4,scale_1.0_rot_90_flip_1,0.6650403738021851,0.18249663710594177,0.15246297419071198
42,1,600 ppm 5 5,d4,scale_1.0_rot_180_flip_0,0.8416182994842529,0.06983887404203415,0.08854276686906815
42,1,1000 ppm 4 3,d4,scale_1.0_rot_180_flip_0,0.5061711072921753,0.27764227986335754,0.21618659794330597
42,1,1000 ppm 3 9,d4,scale_1.0_rot_180_flip_0,0.4046371579170227,0.30673882365226746,0.2886240482330322
42,1,1000 ppm 3 10,d4,scale_1.0_rot_180_flip_0,0.3643105924129486,0.3578890562057495,0.2778003215789795
42,1,600 ppm 3 7,d4,scale_1.0_rot_180_flip_0,0.47542375326156616,0.36901530623435974,0.1555609405040741
42,1,800 ppm 5 7,d4,scale_1.0_rot_180_flip_0,0.4332079291343689,0.3315057158470154,0.23528632521629333
42,1,400 ppm 4 4,d4,scale_1.0_rot_180_flip_0,0.6225902438163757,0.1922616809606552,0.18514806032180786
42,1,800 ppm 2 8,d4,scale_1.0_rot_180_flip_0,0.524143636226654,0.32929959893226624,0.14655674993991852
42,1,400 ppm 3 2,d4,scale_1.0_rot_180_flip_0,0.632205605506897,0.23910939693450928,0.12868501245975494
42,1,800 ppm 3 9,d4,scale_1.0_rot_180_flip_0,0.5447528958320618,0.29199671745300293,0.16325034201145172
42,1,1000 ppm 5 1,d4,scale_1.0_rot_180_flip_0,0.4155021607875824,0.4112944006919861,0.17320342361927032
42,1,800 ppm 4 5,d4,scale_1.0_rot_180_flip_0,0.5470725893974304,0.3018840253353119,0.15104329586029053
42,1,800 ppm 2 1,d4,scale_1.0_rot_180_flip_0,0.4971732199192047,0.3523140251636505,0.15051274001598358
42,1,400 ppm 1 5,d4,scale_1.0_rot_180_flip_0,0.5474845767021179,0.23952168226242065,0.21299374103546143
42,1,400 ppm 4 8,d4,scale_1.0_rot_180_flip_0,0.6117631196975708,0.20794276893138885,0.18029414117336273
42,1,800 ppm 3 4,d4,scale_1.0_rot_180_flip_0,0.4773729741573334,0.3362092971801758,0.18641775846481323
42,1,1000 ppm 2 1,d4,scale_1.0_rot_180_flip_0,0.5527187585830688,0.33095186948776245,0.11632934957742691
42,1,400 ppm 3 10,d4,scale_1.0_rot_180_flip_0,0.6580504775047302,0.22842617332935333,0.11352336406707764
42,1,1000 ppm 3 3,d4,scale_1.0_rot_180_flip_0,0.566541850566864,0.205373153090477,0.22808505594730377
42,1,c 9,d4,scale_1.0_rot_180_flip_0,0.7607843279838562,0.11701060831546783,0.12220502644777298
42,1,800 ppm 3 3,d4,scale_1.0_rot_180_flip_0,0.31154465675354004,0.3189793825149536,0.36947599053382874
42,1,800 ppm 2 9,d4,scale_1.0_rot_180_flip_0,0.3847258985042572,0.17440225183963776,0.4408718943595886
42,1,600 ppm 2 9,d4,scale_1.0_rot_180_flip_0,0.4057741165161133,0.23472101986408234,0.3595048487186432
42,1,400 ppm 2 10,d4,scale_1.0_rot_180_flip_0,0.35094285011291504,0.46701738238334656,0.1820397824048996
42,1,800 ppm 4 7,d4,scale_1.0_rot_180_flip_0,0.622145414352417,0.21306468546390533,0.16478991508483887
42,1,1000 ppm 2 7,d4,scale_1.0_rot_180_flip_0,0.40598535537719727,0.34368032217025757,0.25033435225486755
42,1,800 ppm 5 9,d4,scale_1.0_rot_180_flip_0,0.5516209602355957,0.30566322803497314,0.14271587133407593
42,1,600 ppm 3 6,d4,scale_1.0_rot_180_flip_0,0.5757961869239807,0.35781604051589966,0.06638775765895844
42,1,1000 ppm 1 5,d4,scale_1.0_rot_180_flip_0,0.6088164448738098,0.25305455923080444,0.13812898099422455
42,1,600 ppm 5 10,d4,scale_1.0_rot_180_flip_0,0.4452333152294159,0.4359128177165985,0.11885387450456619
42,1,600 ppm 2 5,d4,scale_1.0_rot_180_flip_0,0.2587287127971649,0.2497824877500534,0.4914887547492981
42,1,800 ppm 1 10,d4,scale_1.0_rot_180_flip_0,0.39504918456077576,0.242997407913208,0.36195340752601624
42,1,1000 ppm 3 8,d4,scale_1.0_rot_180_flip_0,0.4316776990890503,0.3271026015281677,0.2412196695804596
42,1,800 ppm 2 3,d4,scale_1.0_rot_180_flip_0,0.5082026720046997,0.24523058533668518,0.24656668305397034
42,1,1000 ppm 5 7,d4,scale_1.0_rot_180_flip_0,0.6334426999092102,0.18422386050224304,0.18233346939086914
42,1,400 ppm 1 3,d4,scale_1.0_rot_180_flip_0,0.5752336978912354,0.17953957617282867,0.24522672593593597
42,1,800 ppm 4 6,d4,scale_1.0_rot_180_flip_0,0.4611658751964569,0.39034026861190796,0.14849385619163513
42,1,600 ppm 5 4,d4,scale_1.0_rot_180_flip_0,0.49566009640693665,0.3338882327079773,0.17045168578624725
42,1,400 ppm 2 7,d4,scale_1.0_rot_180_flip_0,0.38131678104400635,0.42475801706314087,0.19392523169517517
42,1,1000 ppm 5 9,d4,scale_1.0_rot_180_flip_0,0.35123956203460693,0.3264729678630829,0.3222874402999878
42,1,400 ppm 5 8,d4,scale_1.0_rot_180_flip_0,0.42854180932044983,0.29760101437568665,0.2738571763038635
42,1,c 4,d4,scale_1.0_rot_180_flip_0,0.7345436811447144,0.169065460562706,0.09639083594083786
42,1,1000 ppm 1 8,d4,scale_1.0_rot_180_flip_0,0.5271908640861511,0.273733913898468,0.19907520711421967
42,1,c 3,d4,scale_1.0_rot_180_flip_0,0.6905441880226135,0.16512763500213623,0.14432816207408905
42,1,800 ppm 1 9,d4,scale_1.0_rot_180_flip_0,0.3422683775424957,0.44996899366378784,0.20776258409023285
42,1,1000 ppm 3 2,d4,scale_1.0_rot_180_flip_0,0.5031821727752686,0.3016013205051422,0.19521649181842804
42,1,1000 ppm 5 4,d4,scale_1.0_rot_180_flip_0,0.5169656872749329,0.2094641476869583,0.27357015013694763
42,1,1000 ppm 3 5,d4,scale_1.0_rot_180_flip_0,0.5449042320251465,0.2606338858604431,0.19446182250976562
42,1,800 ppm 1 4,d4,scale_1.0_rot_180_flip_0,0.4345058798789978,0.3264305293560028,0.2390635758638382
42,1,1000 ppm 1 7,d4,scale_1.0_rot_180_flip_0,0.5053430795669556,0.1783159375190735,0.31634095311164856
42,1,1000 ppm 3 4,d4,scale_1.0_rot_180_flip_0,0.7115141153335571,0.14091794192790985,0.14756792783737183
42,1,400 ppm 5 1,d4,scale_1.0_rot_180_flip_0,0.531943678855896,0.35822588205337524,0.10983042418956757
42,1,1000 ppm 2 4,d4,scale_1.0_rot_180_flip_0,0.6315189003944397,0.19921693205833435,0.16926422715187073
42,1,600 ppm 5 5,d4,scale_1.0_rot_180_flip_1,0.8350275158882141,0.07500870525836945,0.08996380865573883
42,1,1000 ppm 4 3,d4,scale_1.0_rot_180_flip_1,0.5065391659736633,0.27131447196006775,0.22214637696743011
42,1,1000 ppm 3 9,d4,scale_1.0_rot_180_flip_1,0.3986084461212158,0.29642459750175476,0.3049669563770294
42,1,1000 ppm 3 10,d4,scale_1.0_rot_180_flip_1,0.39667144417762756,0.3379029631614685,0.26542559266090393
42,1,600 ppm 3 7,d4,scale_1.0_rot_180_flip_1,0.5185544490814209,0.34047603607177734,0.1409694254398346
42,1,800 ppm 5 7,d4,scale_1.0_rot_180_flip_1,0.42704570293426514,0.3166595697402954,0.25629478693008423
42,1,400 ppm 4 4,d4,scale_1.0_rot_180_flip_1,0.5570305585861206,0.20667299628257751,0.23629646003246307
42,1,800 ppm 2 8,d4,scale_1.0_rot_180_flip_1,0.5417360067367554,0.28765708208084106,0.1706068217754364
42,1,400 ppm 3 2,d4,scale_1.0_rot_180_flip_1,0.6429943442344666,0.21890556812286377,0.13810017704963684
42,1,800 ppm 3 9,d4,scale_1.0_rot_180_flip_1,0.5662500262260437,0.28058531880378723,0.15316468477249146
42,1,1000 ppm 5 1,d4,scale_1.0_rot_180_flip_1,0.38240787386894226,0.42560049891471863,0.19199159741401672
42,1,800 ppm 4 5,d4,scale_1.0_rot_180_flip_1,0.5439826250076294,0.2889067828655243,0.1671106070280075
42,1,800 ppm 2 1,d4,scale_1.0_rot_180_flip_1,0.47942256927490234,0.3696170747280121,0.15096043050289154
42,1,400 ppm 1 5,d4,scale_1.0_rot_180_flip_1,0.5880395174026489,0.2150159776210785,0.1969444900751114
42,1,400 ppm 4 8,d4,scale_1.0_rot_180_flip_1,0.6049010157585144,0.22936563193798065,0.16573336720466614
42,1,800 ppm 3 4,d4,scale_1.0_rot_180_flip_1,0.5160645842552185,0.3133485019207001,0.17058700323104858
42,1,1000 ppm 2 1,d4,scale_1.0_rot_180_flip_1,0.4987153112888336,0.37435993552207947,0.1269247680902481
42,1,400 ppm 3 10,d4,scale_1.0_rot_180_flip_1,0.6483275890350342,0.23434866964817047,0.11732380837202072
42,1,1000 ppm 3 3,d4,scale_1.0_rot_180_flip_1,0.5654163956642151,0.20077474415302277,0.23380891978740692
42,1,c 9,d4,scale_1.0_rot_180_flip_1,0.7267701625823975,0.11613485962152481,0.15709492564201355
42,1,800 ppm 3 3,d4,scale_1.0_rot_180_flip_1,0.29506900906562805,0.3229040801525116,0.38202694058418274
42,1,800 ppm 2 9,d4,scale_1.0_rot_180_flip_1,0.3388200104236603,0.1795956790447235,0.48158425092697144
42,1,600 ppm 2 9,d4,scale_1.0_rot_180_flip_1,0.38203343749046326,0.28344178199768066,0.3345247209072113
42,1,400 ppm 2 10,d4,scale_1.0_rot_180_flip_1,0.33949014544487,0.4935922920703888,0.16691751778125763
42,1,800 ppm 4 7,d4,scale_1.0_rot_180_flip_1,0.6456024646759033,0.1937427669763565,0.16065475344657898
42,1,1000 ppm 2 7,d4,scale_1.0_rot_180_flip_1,0.4221263527870178,0.3674326539039612,0.21044103801250458
42,1,800 ppm 5 9,d4,scale_1.0_rot_180_flip_1,0.5828373432159424,0.27786538004875183,0.1392972767353058
42,1,600 ppm 3 6,d4,scale_1.0_rot_180_flip_1,0.5863630175590515,0.3447137475013733,0.06892330199480057
42,1,1000 ppm 1 5,d4,scale_1.0_rot_180_flip_1,0.6143563389778137,0.2425982654094696,0.14304541051387787
42,1,600 ppm 5 10,d4,scale_1.0_rot_180_flip_1,0.46516475081443787,0.4248318076133728,0.11000349372625351
42,1,600 ppm 2 5,d4,scale_1.0_rot_180_flip_1,0.2543823719024658,0.26099127531051636,0.4846264123916626
42,1,800 ppm 1 10,d4,scale_1.0_rot_180_flip_1,0.3281366527080536,0.2649155259132385,0.4069478511810303
42,1,1000 ppm 3 8,d4,scale_1.0_rot_180_flip_1,0.439012736082077,0.31294405460357666,0.24804329872131348
42,1,800 ppm 2 3,d4,scale_1.0_rot_180_flip_1,0.5321701765060425,0.20854121446609497,0.25928863883018494
42,1,1000 ppm 5 7,d4,scale_1.0_rot_180_flip_1,0.5756906867027283,0.22440160810947418,0.19990777969360352
42,1,400 ppm 1 3,d4,scale_1.0_rot_180_flip_1,0.562387228012085,0.18745478987693787,0.25015804171562195
42,1,800 ppm 4 6,d4,scale_1.0_rot_180_flip_1,0.4185584485530853,0.44525468349456787,0.1361868679523468
42,1,600 ppm 5 4,d4,scale_1.0_rot_180_flip_1,0.5309794545173645,0.2977138161659241,0.17130666971206665
42,1,400 ppm 2 7,d4,scale_1.0_rot_180_flip_1,0.3595426082611084,0.45111867785453796,0.18933871388435364
42,1,1000 ppm 5 9,d4,scale_1.0_rot_180_flip_1,0.34115442633628845,0.32772529125213623,0.3311203122138977
42,1,400 ppm 5 8,d4,scale_1.0_rot_180_flip_1,0.4186311960220337,0.3027079105377197,0.2786608636379242
42,1,c 4,d4,scale_1.0_rot_180_flip_1,0.742232620716095,0.16477113962173462,0.09299618005752563
42,1,1000 ppm 1 8,d4,scale_1.0_rot_180_flip_1,0.46762630343437195,0.31639912724494934,0.21597455441951752
42,1,c 3,d4,scale_1.0_rot_180_flip_1,0.6877204179763794,0.18705223500728607,0.12522737681865692
42,1,800 ppm 1 9,d4,scale_1.0_rot_180_flip_1,0.3521866202354431,0.4838150143623352,0.16399838030338287
42,1,1000 ppm 3 2,d4,scale_1.0_rot_180_flip_1,0.49249422550201416,0.32947444915771484,0.17803128063678741
42,1,1000 ppm 5 4,d4,scale_1.0_rot_180_flip_1,0.501863420009613,0.19782646000385284,0.3003101348876953
42,1,1000 ppm 3 5,d4,scale_1.0_rot_180_flip_1,0.549658477306366,0.2666407823562622,0.1837008148431778
42,1,800 ppm 1 4,d4,scale_1.0_rot_180_flip_1,0.4426085650920868,0.3193807303905487,0.2380107045173645
42,1,1000 ppm 1 7,d4,scale_1.0_rot_180_flip_1,0.4474235475063324,0.20061218738555908,0.3519643545150757
42,1,1000 ppm 3 4,d4,scale_1.0_rot_180_flip_1,0.7047377824783325,0.14143121242523193,0.15383099019527435
42,1,400 ppm 5 1,d4,scale_1.0_rot_180_flip_1,0.5289270877838135,0.3590792119503021,0.11199373006820679
42,1,1000 ppm 2 4,d4,scale_1.0_rot_180_flip_1,0.6238343119621277,0.20231638848781586,0.17384925484657288
42,1,600 ppm 5 5,d4,scale_1.0_rot_270_flip_0,0.8106217384338379,0.08135845512151718,0.10801977664232254
42,1,1000 ppm 4 3,d4,scale_1.0_rot_270_flip_0,0.47704997658729553,0.27768442034721375,0.24526558816432953
42,1,1000 ppm 3 9,d4,scale_1.0_rot_270_flip_0,0.43219631910324097,0.3383753299713135,0.22942835092544556
42,1,1000 ppm 3 10,d4,scale_1.0_rot_270_flip_0,0.41344374418258667,0.3285040855407715,0.25805217027664185
42,1,600 ppm 3 7,d4,scale_1.0_rot_270_flip_0,0.4808318614959717,0.3869195282459259,0.132248654961586
42,1,800 ppm 5 7,d4,scale_1.0_rot_270_flip_0,0.418783038854599,0.2862110435962677,0.2950059175491333
42,1,400 ppm 4 4,d4,scale_1.0_rot_270_flip_0,0.5529029369354248,0.272972971200943,0.174124076962471
42,1,800 ppm 2 8,d4,scale_1.0_rot_270_flip_0,0.5723723769187927,0.2495936155319214,0.1780340075492859
42,1,400 ppm 3 2,d4,scale_1.0_rot_270_flip_0,0.6686887741088867,0.21651285886764526,0.11479832231998444
42,1,800 ppm 3 9,d4,scale_1.0_rot_270_flip_0,0.4879385232925415,0.3199007213115692,0.1921607106924057
42,1,1000 ppm 5 1,d4,scale_1.0_rot_270_flip_0,0.31179457902908325,0.4487961232662201,0.23940932750701904
42,1,800 ppm 4 5,d4,scale_1.0_rot_270_flip_0,0.453389048576355,0.31928750872612,0.22732338309288025
42,1,800 ppm 2 1,d4,scale_1.0_rot_270_flip_0,0.6074821949005127,0.2806853652000427,0.11183241009712219
42,1,400 ppm 1 5,d4,scale_1.0_rot_270_flip_0,0.5204953551292419,0.18628746271133423,0.29321715235710144
42,1,400 ppm 4 8,d4,scale_1.0_rot_270_flip_0,0.5835802555084229,0.2214205116033554,0.19499918818473816
42,1,800 ppm 3 4,d4,scale_1.0_rot_270_flip_0,0.5529415011405945,0.2791396379470825,0.1679188460111618
42,1,1000 ppm 2 1,d4,scale_1.0_rot_270_flip_0,0.44199076294898987,0.42608320713043213,0.13192598521709442
42,1,400 ppm 3 10,d4,scale_1.0_rot_270_flip_0,0.6801416873931885,0.22779886424541473,0.09205944091081619
42,1,1000 ppm 3 3,d4,scale_1.0_rot_270_flip_0,0.6089712381362915,0.1639314591884613,0.2270973175764084
42,1,c 9,d4,scale_1.0_rot_270_flip_0,0.7211704254150391,0.13904701173305511,0.1397826075553894
42,1,800 ppm 3 3,d4,scale_1.0_rot_270_flip_0,0.2778431475162506,0.357136070728302,0.3650208115577698
42,1,800 ppm 2 9,d4,scale_1.0_rot_270_flip_0,0.3976963758468628,0.12768156826496124,0.4746220111846924
42,1,600 ppm 2 9,d4,scale_1.0_rot_270_flip_0,0.37231212854385376,0.27339696884155273,0.3542909622192383
42,1,400 ppm 2 10,d4,scale_1.0_rot_270_flip_0,0.30886518955230713,0.48838192224502563,0.20275288820266724
42,1,800 ppm 4 7,d4,scale_1.0_rot_270_flip_0,0.5788400173187256,0.201378732919693,0.21978120505809784
42,1,1000 ppm 2 7,d4,scale_1.0_rot_270_flip_0,0.3353312611579895,0.4825420677661896,0.18212662637233734
42,1,800 ppm 5 9,d4,scale_1.0_rot_270_flip_0,0.5782942771911621,0.286602646112442,0.13510315120220184
42,1,600 ppm 3 6,d4,scale_1.0_rot_270_flip_0,0.5817282199859619,0.3519154191017151,0.066356360912323
42,1,1000 ppm 1 5,d4,scale_1.0_rot_270_flip_0,0.6083788871765137,0.2654419541358948,0.12617915868759155
42,1,600 ppm 5 10,d4,scale_1.0_rot_270_flip_0,0.4096454977989197,0.48817649483680725,0.10217808187007904
42,1,600 ppm 2 5,d4,scale_1.0_rot_270_flip_0,0.2615113854408264,0.3412007987499237,0.3972878158092499
42,1,800 ppm 1 10,d4,scale_1.0_rot_270_flip_0,0.34215110540390015,0.2788603901863098,0.37898850440979004
42,1,1000 ppm 3 8,d4,scale_1.0_rot_270_flip_0,0.4033370912075043,0.32037609815597534,0.27628687024116516
42,1,800 ppm 2 3,d4,scale_1.0_rot_270_flip_0,0.5497315526008606,0.22147901356220245,0.22878940403461456
42,1,1000 ppm 5 7,d4,scale_1.0_rot_270_flip_0,0.6747269034385681,0.17235109210014343,0.15292194485664368
42,1,400 ppm 1 3,d4,scale_1.0_rot_270_flip_0,0.546023964881897,0.2045409381389618,0.24943506717681885
42,1,800 ppm 4 6,d4,scale_1.0_rot_270_flip_0,0.4212462306022644,0.4144699275493622,0.16428381204605103
42,1,600 ppm 5 4,d4,scale_1.0_rot_270_flip_0,0.5525392889976501,0.3448474705219269,0.10261321067810059
42,1,400 ppm 2 7,d4,scale_1.0_rot_270_flip_0,0.33289220929145813,0.47232019901275635,0.19478760659694672
42,1,1000 ppm 5 9,d4,scale_1.0_rot_270_flip_0,0.2835367023944855,0.3555104434490204,0.36095288395881653
42,1,400 ppm 5 8,d4,scale_1.0_rot_270_flip_0,0.39825665950775146,0.2790273129940033,0.3227160573005676
42,1,c 4,d4,scale_1.0_rot_270_flip_0,0.659302830696106,0.1841857135295868,0.15651144087314606
42,1,1000 ppm 1 8,d4,scale_1.0_rot_270_flip_0,0.5040735006332397,0.28767603635787964,0.20825046300888062
42,1,c 3,d4,scale_1.0_rot_270_flip_0,0.6601566672325134,0.15574586391448975,0.18409748375415802
42,1,800 ppm 1 9,d4,scale_1.0_rot_270_flip_0,0.34623396396636963,0.4525945484638214,0.20117147266864777
42,1,1000 ppm 3 2,d4,scale_1.0_rot_270_flip_0,0.4164822995662689,0.3294236361980438,0.25409406423568726
42,1,1000 ppm 5 4,d4,scale_1.0_rot_270_flip_0,0.5152196288108826,0.19651687145233154,0.2882635295391083
42,1,1000 ppm 3 5,d4,scale_1.0_rot_270_flip_0,0.5758222937583923,0.26074346899986267,0.1634342223405838
42,1,800 ppm 1 4,d4,scale_1.0_rot_270_flip_0,0.37854325771331787,0.3345109522342682,0.28694576025009155
42,1,1000 ppm 1 7,d4,scale_1.0_rot_270_flip_0,0.4933318495750427,0.1726193130016327,0.3340488076210022
42,1,1000 ppm 3 4,d4,scale_1.0_rot_270_flip_0,0.7308794260025024,0.12201552093029022,0.14710502326488495
42,1,400 ppm 5 1,d4,scale_1.0_rot_270_flip_0,0.5389909148216248,0.32543936371803284,0.1355697065591812
42,1,1000 ppm 2 4,d4,scale_1.0_rot_270_flip_0,0.5425540208816528,0.2503116726875305,0.20713432133197784
42,1,600 ppm 5 5,d4,scale_1.0_rot_270_flip_1,0.8239327669143677,0.06863242387771606,0.10743480920791626
42,1,1000 ppm 4 3,d4,scale_1.0_rot_270_flip_1,0.4786517918109894,0.28487229347229004,0.23647598922252655
42,1,1000 ppm 3 9,d4,scale_1.0_rot_270_flip_1,0.40003010630607605,0.33714717626571655,0.2628227174282074
42,1,1000 ppm 3 10,d4,scale_1.0_rot_270_flip_1,0.4591461718082428,0.29847830533981323,0.24237550795078278
42,1,600 ppm 3 7,d4,scale_1.0_rot_270_flip_1,0.489346981048584,0.3884695768356323,0.1221834272146225
42,1,800 ppm 5 7,d4,scale_1.0_rot_270_flip_1,0.4185766279697418,0.2795219421386719,0.3019014596939087
42,1,400 ppm 4 4,d4,scale_1.0_rot_270_flip_1,0.6454501748085022,0.23359332978725433,0.12095648795366287
42,1,800 ppm 2 8,d4,scale_1.0_rot_270_flip_1,0.5893576145172119,0.23097223043441772,0.17967015504837036
42,1,400 ppm 3 2,d4,scale_1.0_rot_270_flip_1,0.6244958639144897,0.23862391710281372,0.1368802934885025
42,1,800 ppm 3 9,d4,scale_1.0_rot_270_flip_1,0.48345446586608887,0.32293760776519775,0.1936078816652298
42,1,1000 ppm 5 1,d4,scale_1.0_rot_270_flip_1,0.3192894756793976,0.42379510402679443,0.25691545009613037
42,1,800 ppm 4 5,d4,scale_1.0_rot_270_flip_1,0.45121240615844727,0.322677344083786,0.22611024975776672
42,1,800 ppm 2 1,d4,scale_1.0_rot_270_flip_1,0.6295881271362305,0.25666022300720215,0.11375156790018082
42,1,400 ppm 1 5,d4,scale_1.0_rot_270_flip_1,0.4998941123485565,0.1986708790063858,0.3014349937438965
42,1,400 ppm 4 8,d4,scale_1.0_rot_270_flip_1,0.603810727596283,0.23274537920951843,0.16344384849071503
42,1,800 ppm 3 4,d4,scale_1.0_rot_270_flip_1,0.5612844228744507,0.28741490840911865,0.15130065381526947
42,1,1000 ppm 2 1,d4,scale_1.0_rot_270_flip_1,0.41935014724731445,0.4387650787830353,0.14188480377197266
42,1,400 ppm 3 10,d4,scale_1.0_rot_270_flip_1,0.7265018224716187,0.18363910913467407,0.08985904604196548
42,1,1000 ppm 3 3,d4,scale_1.0_rot_270_flip_1,0.5896628499031067,0.17077043652534485,0.23956674337387085
42,1,c 9,d4,scale_1.0_rot_270_flip_1,0.7247464656829834,0.14760273694992065,0.12765075266361237
42,1,800 ppm 3 3,d4,scale_1.0_rot_270_flip_1,0.30533847212791443,0.3455081880092621,0.3491533100605011
42,1,800 ppm 2 9,d4,scale_1.0_rot_270_flip_1,0.410287469625473,0.1357814520597458,0.45393112301826477
42,1,600 ppm 2 9,d4,scale_1.0_rot_270_flip_1,0.3674375116825104,0.2785903811454773,0.35397207736968994
42,1,400 ppm 2 10,d4,scale_1.0_rot_270_flip_1,0.30320629477500916,0.5093767046928406,0.18741701543331146
42,1,800 ppm 4 7,d4,scale_1.0_rot_270_flip_1,0.5548065900802612,0.22041764855384827,0.22477571666240692
42,1,1000 ppm 2 7,d4,scale_1.0_rot_270_flip_1,0.3243619203567505,0.46903467178344727,0.20660345256328583
42,1,800 ppm 5 9,d4,scale_1.0_rot_270_flip_1,0.5390954613685608,0.3047696053981781,0.1561349630355835
42,1,600 ppm 3 6,d4,scale_1.0_rot_270_flip_1,0.575565755367279,0.3638550341129303,0.06057918444275856
42,1,1000 ppm 1 5,d4,scale_1.0_rot_270_flip_1,0.6185437440872192,0.24104729294776917,0.1404089629650116
42,1,600 ppm 5 10,d4,scale_1.0_rot_270_flip_1,0.4447702467441559,0.4456885755062103,0.10954111814498901
42,1,600 ppm 2 5,d4,scale_1.0_rot_270_flip_1,0.2586544454097748,0.3458119034767151,0.3955336809158325
42,1,800 ppm 1 10,d4,scale_1.0_rot_270_flip_1,0.4062623083591461,0.2655615508556366,0.3281761109828949
42,1,1000 ppm 3 8,d4,scale_1.0_rot_270_flip_1,0.4143938422203064,0.3307015001773834,0.25490468740463257
42,1,800 ppm 2 3,d4,scale_1.0_rot_270_flip_1,0.5478200316429138,0.24171976745128632,0.21046020090579987
42,1,1000 ppm 5 7,d4,scale_1.0_rot_270_flip_1,0.6676236987113953,0.1830572485923767,0.14931905269622803
42,1,400 ppm 1 3,d4,scale_1.0_rot_270_flip_1,0.584426760673523,0.2058422565460205,0.20973092317581177
42,1,800 ppm 4 6,d4,scale_1.0_rot_270_flip_1,0.40212494134902954,0.43329671025276184,0.1645783632993698
42,1,600 ppm 5 4,d4,scale_1.0_rot_270_flip_1,0.5386963486671448,0.3619881868362427,0.09931546449661255
42,1,400 ppm 2 7,d4,scale_1.0_rot_270_flip_1,0.3383917510509491,0.46268221735954285,0.19892601668834686
42,1,1000 ppm 5 9,d4,scale_1.0_rot_270_flip_1,0.24779142439365387,0.321365088224411,0.4308435320854187
42,1,400 ppm 5 8,d4,scale_1.0_rot_270_flip_1,0.42497730255126953,0.2591397166252136,0.31588295102119446
42,1,c 4,d4,scale_1.0_rot_270_flip_1,0.6799998879432678,0.17272327840328217,0.1472768485546112
42,1,1000 ppm 1 8,d4,scale_1.0_rot_270_flip_1,0.5223718881607056,0.280327171087265,0.19730094075202942
42,1,c 3,d4,scale_1.0_rot_270_flip_1,0.6763133406639099,0.16184136271476746,0.16184529662132263
42,1,800 ppm 1 9,d4,scale_1.0_rot_270_flip_1,0.29761773347854614,0.49140191078186035,0.21098041534423828
42,1,1000 ppm 3 2,d4,scale_1.0_rot_270_flip_1,0.42453888058662415,0.3499625623226166,0.22549860179424286
42,1,1000 ppm 5 4,d4,scale_1.0_rot_270_flip_1,0.5280424952507019,0.17799343168735504,0.29396405816078186
42,1,1000 ppm 3 5,d4,scale_1.0_rot_270_flip_1,0.5323290824890137,0.30983901023864746,0.15783189237117767
42,1,800 ppm 1 4,d4,scale_1.0_rot_270_flip_1,0.36890897154808044,0.35505807399749756,0.2760329246520996
42,1,1000 ppm 1 7,d4,scale_1.0_rot_270_flip_1,0.5210402607917786,0.1786177009344101,0.30034199357032776
42,1,1000 ppm 3 4,d4,scale_1.0_rot_270_flip_1,0.7220345735549927,0.12471998482942581,0.1532454937696457
42,1,400 ppm 5 1,d4,scale_1.0_rot_270_flip_1,0.5387074947357178,0.32162049412727356,0.1396719217300415
42,1,1000 ppm 2 4,d4,scale_1.0_rot_270_flip_1,0.5363280177116394,0.2677708864212036,0.19590111076831818
42,2,800 ppm 4 4,single,scale_1.0_rot_0_flip_0,0.3450583517551422,0.27455419301986694,0.38038742542266846
42,2,400 ppm 1 10,single,scale_1.0_rot_0_flip_0,0.5010306239128113,0.16239018738269806,0.3365791440010071
42,2,c 8,single,scale_1.0_rot_0_flip_0,0.9357647895812988,0.046060238033533096,0.018174991011619568
42,2,800 ppm 5 8,single,scale_1.0_rot_0_flip_0,0.3615649938583374,0.514118492603302,0.12431648373603821
42,2,600 ppm 3 4,single,scale_1.0_rot_0_flip_0,0.4540562629699707,0.4299243986606598,0.11601931601762772
42,2,1000 ppm 2 10,single,scale_1.0_rot_0_flip_0,0.5289443731307983,0.28658366203308105,0.18447190523147583
42,2,800 ppm 3 1,single,scale_1.0_rot_0_flip_0,0.5661597847938538,0.20379723608493805,0.23004300892353058
42,2,400 ppm 4 3,single,scale_1.0_rot_0_flip_0,0.5724737644195557,0.20120519399642944,0.2263210266828537
42,2,600 ppm 1 2,single,scale_1.0_rot_0_flip_0,0.20781023800373077,0.5856694579124451,0.20652028918266296
42,2,400 ppm 3 7,single,scale_1.0_rot_0_flip_0,0.836157500743866,0.039982154965400696,0.12386034429073334
42,2,600 ppm 2 10,single,scale_1.0_rot_0_flip_0,0.19666364789009094,0.17122606933116913,0.6321102976799011
42,2,800 ppm 5 5,single,scale_1.0_rot_0_flip_0,0.22963100671768188,0.2641650140285492,0.5062040090560913
42,2,400 ppm 5 2,single,scale_1.0_rot_0_flip_0,0.626024603843689,0.2881736159324646,0.0858018547296524
42,2,800 ppm 1 2,single,scale_1.0_rot_0_flip_0,0.18084688484668732,0.2624540627002716,0.5566990971565247
42,2,600 ppm 3 5,single,scale_1.0_rot_0_flip_0,0.5151458978652954,0.40703582763671875,0.07781824469566345
42,2,800 ppm 2 5,single,scale_1.0_rot_0_flip_0,0.6549183130264282,0.3045070767402649,0.04057469591498375
42,2,1000 ppm 5 3,single,scale_1.0_rot_0_flip_0,0.6492558121681213,0.21151189506053925,0.13923226296901703
42,2,400 ppm 5 10,single,scale_1.0_rot_0_flip_0,0.3261256515979767,0.13391657173633575,0.5399577617645264
42,2,1000 ppm 2 5,single,scale_1.0_rot_0_flip_0,0.30763185024261475,0.3484366834163666,0.3439314663410187
42,2,400 ppm 2 4,single,scale_1.0_rot_0_flip_0,0.5595714449882507,0.1296297162771225,0.31079885363578796
42,2,600 ppm 4 6,single,scale_1.0_rot_0_flip_0,0.7846454381942749,0.11480867117643356,0.1005459651350975
42,2,c 6,single,scale_1.0_rot_0_flip_0,0.9255428910255432,0.035954128950834274,0.03850306198000908
42,2,800 ppm 1 7,single,scale_1.0_rot_0_flip_0,0.12159255892038345,0.6639664173126221,0.21444103121757507
42,2,1000 ppm 5 2,single,scale_1.0_rot_0_flip_0,0.46296426653862,0.33619457483291626,0.20084114372730255
42,2,600 ppm 2 1,single,scale_1.0_rot_0_flip_0,0.14325346052646637,0.16683374345302582,0.6899128556251526
42,2,400 ppm 4 1,single,scale_1.0_rot_0_flip_0,0.6823838949203491,0.2021930068731308,0.11542312800884247
42,2,600 ppm 4 4,single,scale_1.0_rot_0_flip_0,0.2374660074710846,0.20856481790542603,0.5539692044258118
42,2,600 ppm 2 8,single,scale_1.0_rot_0_flip_0,0.3860757052898407,0.526969313621521,0.08695503324270248
42,2,400 ppm 1 6,single,scale_1.0_rot_0_flip_0,0.5156689286231995,0.3806835114955902,0.10364754498004913
42,2,1000 ppm 4 9,single,scale_1.0_rot_0_flip_0,0.15474356710910797,0.08875072747468948,0.7565057873725891
42,2,400 ppm 3 9,single,scale_1.0_rot_0_flip_0,0.5679699182510376,0.32340776920318604,0.10862231999635696
42,2,600 ppm 2 6,single,scale_1.0_rot_0_flip_0,0.05410858616232872,0.11361908167600632,0.8322723507881165
42,2,600 ppm 4 5,single,scale_1.0_rot_0_flip_0,0.22868669033050537,0.3506055772304535,0.42070770263671875
42,2,600 ppm 4 9,single,scale_1.0_rot_0_flip_0,0.409210205078125,0.17464016377925873,0.41614964604377747
42,2,400 ppm 2 9,single,scale_1.0_rot_0_flip_0,0.6518945693969727,0.2149091362953186,0.13319630920886993
42,2,800 ppm 1 1,single,scale_1.0_rot_0_flip_0,0.40569451451301575,0.22542062401771545,0.3688848614692688
42,2,1000 ppm 4 5,single,scale_1.0_rot_0_flip_0,0.6010460257530212,0.20378482341766357,0.19516919553279877
42,2,1000 ppm 1 1,single,scale_1.0_rot_0_flip_0,0.4301052689552307,0.17122727632522583,0.39866742491722107
42,2,600 ppm 1 8,single,scale_1.0_rot_0_flip_0,0.7603362798690796,0.16659116744995117,0.07307251542806625
42,2,600 ppm 5 7,single,scale_1.0_rot_0_flip_0,0.7014731168746948,0.23229897022247314,0.06622784584760666
42,2,1000 ppm 2 8,single,scale_1.0_rot_0_flip_0,0.06121724098920822,0.3537335693836212,0.5850491523742676
42,2,600 ppm 1 5,single,scale_1.0_rot_0_flip_0,0.31885337829589844,0.5817950367927551,0.09935157001018524
42,2,600 ppm 1 9,single,scale_1.0_rot_0_flip_0,0.34715989232063293,0.4368630349636078,0.21597708761692047
42,2,600 ppm 2 2,single,scale_1.0_rot_0_flip_0,0.10224415361881256,0.10050788521766663,0.7972478866577148
42,2,600 ppm 5 2,single,scale_1.0_rot_0_flip_0,0.6521130800247192,0.13130436837673187,0.2165825366973877
42,2,800 ppm 4 9,single,scale_1.0_rot_0_flip_0,0.4212068021297455,0.37500765919685364,0.20378552377223969
42,2,600 ppm 2 4,single,scale_1.0_rot_0_flip_0,0.1684572696685791,0.10140912979841232,0.7301335334777832
42,2,600 ppm 4 7,single,scale_1.0_rot_0_flip_0,0.5386999845504761,0.14129328727722168,0.32000669836997986
42,2,1000 ppm 5 8,single,scale_1.0_rot_0_flip_0,0.30461597442626953,0.2796885669231415,0.41569554805755615
42,2,600 ppm 5 3,single,scale_1.0_rot_0_flip_0,0.25076809525489807,0.2166070193052292,0.5326248407363892
42,2,1000 ppm 4 4,single,scale_1.0_rot_0_flip_0,0.2221941500902176,0.20545366406440735,0.5723522305488586
42,2,1000 ppm 4 7,single,scale_1.0_rot_0_flip_0,0.2201373428106308,0.2287302315235138,0.5511323809623718
42,2,800 ppm 4 4,d4,scale_1.0_rot_0_flip_0,0.3450583517551422,0.27455419301986694,0.38038742542266846
42,2,400 ppm 1 10,d4,scale_1.0_rot_0_flip_0,0.5010306239128113,0.16239018738269806,0.3365791440010071
42,2,c 8,d4,scale_1.0_rot_0_flip_0,0.9357647895812988,0.046060238033533096,0.018174991011619568
42,2,800 ppm 5 8,d4,scale_1.0_rot_0_flip_0,0.3615649938583374,0.514118492603302,0.12431648373603821
42,2,600 ppm 3 4,d4,scale_1.0_rot_0_flip_0,0.4540562629699707,0.4299243986606598,0.11601931601762772
42,2,1000 ppm 2 10,d4,scale_1.0_rot_0_flip_0,0.5289443731307983,0.28658366203308105,0.18447190523147583
42,2,800 ppm 3 1,d4,scale_1.0_rot_0_flip_0,0.5661597847938538,0.20379723608493805,0.23004300892353058
42,2,400 ppm 4 3,d4,scale_1.0_rot_0_flip_0,0.5724737644195557,0.20120519399642944,0.2263210266828537
42,2,600 ppm 1 2,d4,scale_1.0_rot_0_flip_0,0.20781023800373077,0.5856694579124451,0.20652028918266296
42,2,400 ppm 3 7,d4,scale_1.0_rot_0_flip_0,0.836157500743866,0.039982154965400696,0.12386034429073334
42,2,600 ppm 2 10,d4,scale_1.0_rot_0_flip_0,0.19666364789009094,0.17122606933116913,0.6321102976799011
42,2,800 ppm 5 5,d4,scale_1.0_rot_0_flip_0,0.22963100671768188,0.2641650140285492,0.5062040090560913
42,2,400 ppm 5 2,d4,scale_1.0_rot_0_flip_0,0.626024603843689,0.2881736159324646,0.0858018547296524
42,2,800 ppm 1 2,d4,scale_1.0_rot_0_flip_0,0.18084688484668732,0.2624540627002716,0.5566990971565247
42,2,600 ppm 3 5,d4,scale_1.0_rot_0_flip_0,0.5151458978652954,0.40703582763671875,0.07781824469566345
42,2,800 ppm 2 5,d4,scale_1.0_rot_0_flip_0,0.6549183130264282,0.3045070767402649,0.04057469591498375
42,2,1000 ppm 5 3,d4,scale_1.0_rot_0_flip_0,0.6492558121681213,0.21151189506053925,0.13923226296901703
42,2,400 ppm 5 10,d4,scale_1.0_rot_0_flip_0,0.3261256515979767,0.13391657173633575,0.5399577617645264
42,2,1000 ppm 2 5,d4,scale_1.0_rot_0_flip_0,0.30763185024261475,0.3484366834163666,0.3439314663410187
42,2,400 ppm 2 4,d4,scale_1.0_rot_0_flip_0,0.5595714449882507,0.1296297162771225,0.31079885363578796
42,2,600 ppm 4 6,d4,scale_1.0_rot_0_flip_0,0.7846454381942749,0.11480867117643356,0.1005459651350975
42,2,c 6,d4,scale_1.0_rot_0_flip_0,0.9255428910255432,0.035954128950834274,0.03850306198000908
42,2,800 ppm 1 7,d4,scale_1.0_rot_0_flip_0,0.12159255892038345,0.6639664173126221,0.21444103121757507
42,2,1000 ppm 5 2,d4,scale_1.0_rot_0_flip_0,0.46296426653862,0.33619457483291626,0.20084114372730255
42,2,600 ppm 2 1,d4,scale_1.0_rot_0_flip_0,0.14325346052646637,0.16683374345302582,0.6899128556251526
42,2,400 ppm 4 1,d4,scale_1.0_rot_0_flip_0,0.6823838949203491,0.2021930068731308,0.11542312800884247
42,2,600 ppm 4 4,d4,scale_1.0_rot_0_flip_0,0.2374660074710846,0.20856481790542603,0.5539692044258118
42,2,600 ppm 2 8,d4,scale_1.0_rot_0_flip_0,0.3860757052898407,0.526969313621521,0.08695503324270248
42,2,400 ppm 1 6,d4,scale_1.0_rot_0_flip_0,0.5156689286231995,0.3806835114955902,0.10364754498004913
42,2,1000 ppm 4 9,d4,scale_1.0_rot_0_flip_0,0.15474356710910797,0.08875072747468948,0.7565057873725891
42,2,400 ppm 3 9,d4,scale_1.0_rot_0_flip_0,0.5679699182510376,0.32340776920318604,0.10862231999635696
42,2,600 ppm 2 6,d4,scale_1.0_rot_0_flip_0,0.05410858616232872,0.11361908167600632,0.8322723507881165
42,2,600 ppm 4 5,d4,scale_1.0_rot_0_flip_0,0.22868669033050537,0.3506055772304535,0.42070770263671875
42,2,600 ppm 4 9,d4,scale_1.0_rot_0_flip_0,0.409210205078125,0.17464016377925873,0.41614964604377747
42,2,400 ppm 2 9,d4,scale_1.0_rot_0_flip_0,0.6518945693969727,0.2149091362953186,0.13319630920886993
42,2,800 ppm 1 1,d4,scale_1.0_rot_0_flip_0,0.40569451451301575,0.22542062401771545,0.3688848614692688
42,2,1000 ppm 4 5,d4,scale_1.0_rot_0_flip_0,0.6010460257530212,0.20378482341766357,0.19516919553279877
42,2,1000 ppm 1 1,d4,scale_1.0_rot_0_flip_0,0.4301052689552307,0.17122727632522583,0.39866742491722107
42,2,600 ppm 1 8,d4,scale_1.0_rot_0_flip_0,0.7603362798690796,0.16659116744995117,0.07307251542806625
42,2,600 ppm 5 7,d4,scale_1.0_rot_0_flip_0,0.7014731168746948,0.23229897022247314,0.06622784584760666
42,2,1000 ppm 2 8,d4,scale_1.0_rot_0_flip_0,0.06121724098920822,0.3537335693836212,0.5850491523742676
42,2,600 ppm 1 5,d4,scale_1.0_rot_0_flip_0,0.31885337829589844,0.5817950367927551,0.09935157001018524
42,2,600 ppm 1 9,d4,scale_1.0_rot_0_flip_0,0.34715989232063293,0.4368630349636078,0.21597708761692047
42,2,600 ppm 2 2,d4,scale_1.0_rot_0_flip_0,0.10224415361881256,0.10050788521766663,0.7972478866577148
42,2,600 ppm 5 2,d4,scale_1.0_rot_0_flip_0,0.6521130800247192,0.13130436837673187,0.2165825366973877
42,2,800 ppm 4 9,d4,scale_1.0_rot_0_flip_0,0.4212068021297455,0.37500765919685364,0.20378552377223969
42,2,600 ppm 2 4,d4,scale_1.0_rot_0_flip_0,0.1684572696685791,0.10140912979841232,0.7301335334777832
42,2,600 ppm 4 7,d4,scale_1.0_rot_0_flip_0,0.5386999845504761,0.14129328727722168,0.32000669836997986
42,2,1000 ppm 5 8,d4,scale_1.0_rot_0_flip_0,0.30461597442626953,0.2796885669231415,0.41569554805755615
42,2,600 ppm 5 3,d4,scale_1.0_rot_0_flip_0,0.25076809525489807,0.2166070193052292,0.5326248407363892
42,2,1000 ppm 4 4,d4,scale_1.0_rot_0_flip_0,0.2221941500902176,0.20545366406440735,0.5723522305488586
42,2,1000 ppm 4 7,d4,scale_1.0_rot_0_flip_0,0.2201373428106308,0.2287302315235138,0.5511323809623718
42,2,800 ppm 4 4,d4,scale_1.0_rot_0_flip_1,0.4283550977706909,0.277795672416687,0.29384922981262207
42,2,400 ppm 1 10,d4,scale_1.0_rot_0_flip_1,0.5494132041931152,0.13794441521167755,0.3126423954963684
42,2,c 8,d4,scale_1.0_rot_0_flip_1,0.9292242527008057,0.04930586740374565,0.02146981470286846
42,2,800 ppm 5 8,d4,scale_1.0_rot_0_flip_1,0.33763939142227173,0.5404328107833862,0.12192778289318085
42,2,600 ppm 3 4,d4,scale_1.0_rot_0_flip_1,0.4652327001094818,0.41609227657318115,0.11867501586675644
42,2,1000 ppm 2 10,d4,scale_1.0_rot_0_flip_1,0.5285508036613464,0.257986843585968,0.21346227824687958
42,2,800 ppm 3 1,d4,scale_1.0_rot_0_flip_1,0.5956622362136841,0.18122872710227966,0.22310908138751984
42,2,400 ppm 4 3,d4,scale_1.0_rot_0_flip_1,0.5794683694839478,0.19790050387382507,0.22263115644454956
42,2,600 ppm 1 2,d4,scale_1.0_rot_0_flip_1,0.15495628118515015,0.5893627405166626,0.25568094849586487
42,2,400 ppm 3 7,d4,scale_1.0_rot_0_flip_1,0.8116932511329651,0.04446728900074959,0.14383941888809204
42,2,600 ppm 2 10,d4,scale_1.0_rot_0_flip_1,0.21519722044467926,0.15250709652900696,0.6322957277297974
42,2,800 ppm 5 5,d4,scale_1.0_rot_0_flip_1,0.22638092935085297,0.30782949924468994,0.4657895565032959
42,2,400 ppm 5 2,d4,scale_1.0_rot_0_flip_1,0.5816947221755981,0.3056308329105377,0.11267443001270294
42,2,800 ppm 1 2,d4,scale_1.0_rot_0_flip_1,0.2492506057024002,0.21949301660060883,0.531256377696991
42,2,600 ppm 3 5,d4,scale_1.0_rot_0_flip_1,0.5478286743164062,0.37056583166122437,0.08160556852817535
42,2,800 ppm 2 5,d4,scale_1.0_rot_0_flip_1,0.6416447162628174,0.3307150602340698,0.027640195563435555
42,2,1000 ppm 5 3,d4,scale_1.0_rot_0_flip_1,0.5702859163284302,0.26404282450675964,0.165671244263649
42,2,400 ppm 5 10,d4,scale_1.0_rot_0_flip_1,0.20101645588874817,0.12453942745923996,0.6744441390037537
42,2,1000 ppm 2 5,d4,scale_1.0_rot_0_flip_1,0.40047594904899597,0.34048929810523987,0.25903475284576416
42,2,400 ppm 2 4,d4,scale_1.0_rot_0_flip_1,0.6313520073890686,0.10221982002258301,0.2664281725883484
42,2,600 ppm 4 6,d4,scale_1.0_rot_0_flip_1,0.8214292526245117,0.09566685557365417,0.0829039141535759
42,2,c 6,d4,scale_1.0_rot_0_flip_1,0.9180880188941956,0.038462087512016296,0.04344988241791725
42,2,800 ppm 1 7,d4,scale_1.0_rot_0_flip_1,0.10884600132703781,0.6512351632118225,0.23991891741752625
42,2,1000 ppm 5 2,d4,scale_1.0_rot_0_flip_1,0.44116321206092834,0.3838963508605957,0.17494043707847595
42,2,600 ppm 2 1,d4,scale_1.0_rot_0_flip_1,0.16370728611946106,0.16792677342891693,0.6683659553527832
42,2,400 ppm 4 1,d4,scale_1.0_rot_0_flip_1,0.5562628507614136,0.24238599836826324,0.20135115087032318
42,2,600 ppm 4 4,d4,scale_1.0_rot_0_flip_1,0.2928973436355591,0.18114526569843292,0.525957465171814
42,2,600 ppm 2 8,d4,scale_1.0_rot_0_flip_1,0.43050259351730347,0.48283064365386963,0.0866667628288269
42,2,400 ppm 1 6,d4,scale_1.0_rot_0_flip_1,0.530300498008728,0.35671767592430115,0.11298186331987381
42,2,1000 ppm 4 9,d4,scale_1.0_rot_0_flip_1,0.09478504955768585,0.09875158965587616,0.8064633011817932
42,2,400 ppm 3 9,d4,scale_1.0_rot_0_flip_1,0.5411755442619324,0.30642032623291016,0.15240409970283508
42,2,600 ppm 2 6,d4,scale_1.0_rot_0_flip_1,0.06334962695837021,0.12016048282384872,0.8164899349212646
42,2,600 ppm 4 5,d4,scale_1.0_rot_0_flip_1,0.23772819340229034,0.4461292326450348,0.31614255905151367
42,2,600 ppm 4 9,d4,scale_1.0_rot_0_flip_1,0.31207704544067383,0.17841562628746033,0.5095072984695435
42,2,400 ppm 2 9,d4,scale_1.0_rot_0_flip_1,0.5532264113426208,0.2659159302711487,0.18085764348506927
42,2,800 ppm 1 1,d4,scale_1.0_rot_0_flip_1,0.4226250946521759,0.2874256670475006,0.2899491786956787
42,2,1000 ppm 4 5,d4,scale_1.0_rot_0_flip_1,0.6671729683876038,0.21027977764606476,0.12254726886749268
42,2,1000 ppm 1 1,d4,scale_1.0_rot_0_flip_1,0.4555661976337433,0.2112295925617218,0.3332042694091797
42,2,600 ppm 1 8,d4,scale_1.0_rot_0_flip_1,0.6892853379249573,0.21756511926651,0.09314955025911331
42,2,600 ppm 5 7,d4,scale_1.0_rot_0_flip_1,0.734846293926239,0.19606703519821167,0.06908668577671051
42,2,1000 ppm 2 8,d4,scale_1.0_rot_0_flip_1,0.057156093418598175,0.3137277066707611,0.6291162371635437
42,2,600 ppm 1 5,d4,scale_1.0_rot_0_flip_1,0.3485501706600189,0.5477186441421509,0.1037312000989914
42,2,600 ppm 1 9,d4,scale_1.0_rot_0_flip_1,0.27927786111831665,0.5552812814712524,0.1654408872127533
42,2,600 ppm 2 2,d4,scale_1.0_rot_0_flip_1,0.11981436610221863,0.0804407149553299,0.7997449040412903
42,2,600 ppm 5 2,d4,scale_1.0_rot_0_flip_1,0.641383171081543,0.13273589313030243,0.2258809506893158
42,2,800 ppm 4 9,d4,scale_1.0_rot_0_flip_1,0.3863843083381653,0.3742283582687378,0.2393873631954193
42,2,600 ppm 2 4,d4,scale_1.0_rot_0_flip_1,0.12088916450738907,0.08230902999639511,0.7968018054962158
42,2,600 ppm 4 7,d4,scale_1.0_rot_0_flip_1,0.5063236951828003,0.11796305328607559,0.37571319937705994
42,2,1000 ppm 5 8,d4,scale_1.0_rot_0_flip_1,0.17761662602424622,0.28923049569129944,0.5331529378890991
42,2,600 ppm 5 3,d4,scale_1.0_rot_0_flip_1,0.32428139448165894,0.28035640716552734,0.3953621983528137
42,2,1000 ppm 4 4,d4,scale_1.0_rot_0_flip_1,0.2940915822982788,0.14269189536571503,0.563216507434845
42,2,1000 ppm 4 7,d4,scale_1.0_rot_0_flip_1,0.17345058917999268,0.1547437608242035,0.6718056797981262
42,2,800 ppm 4 4,d4,scale_1.0_rot_90_flip_0,0.210297629237175,0.37578991055488586,0.41391250491142273
42,2,400 ppm 1 10,d4,scale_1.0_rot_90_flip_0,0.6899704933166504,0.09669225662946701,0.213337242603302
42,2,c 8,d4,scale_1.0_rot_90_flip_0,0.8994055390357971,0.08194750547409058,0.018646959215402603
42,2,800 ppm 5 8,d4,scale_1.0_rot_90_flip_0,0.2010423243045807,0.6692206263542175,0.1297370344400406
42,2,600 ppm 3 4,d4,scale_1.0_rot_90_flip_0,0.4911905825138092,0.35143595933914185,0.15737345814704895
42,2,1000 ppm 2 10,d4,scale_1.0_rot_90_flip_0,0.44760608673095703,0.2558211088180542,0.29657280445098877
42,2,800 ppm 3 1,d4,scale_1.0_rot_90_flip_0,0.5231814980506897,0.18984752893447876,0.28697091341018677
42,2,400 ppm 4 3,d4,scale_1.0_rot_90_flip_0,0.6348966956138611,0.21132349967956543,0.1537797600030899
42,2,600 ppm 1 2,d4,scale_1.0_rot_90_flip_0,0.29749083518981934,0.5381762981414795,0.16433283686637878
42,2,400 ppm 3 7,d4,scale_1.0_rot_90_flip_0,0.8282606601715088,0.04959855228662491,0.1221407800912857
42,2,600 ppm 2 10,d4,scale_1.0_rot_90_flip_0,0.2345111221075058,0.1243848130106926,0.6411040425300598
42,2,800 ppm 5 5,d4,scale_1.0_rot_90_flip_0,0.14883339405059814,0.3102467954158783,0.540919840335846
42,2,400 ppm 5 2,d4,scale_1.0_rot_90_flip_0,0.5174893140792847,0.4058406949043274,0.07666995376348495
42,2,800 ppm 1 2,d4,scale_1.0_rot_90_flip_0,0.19631022214889526,0.25852614641189575,0.5451636910438538
42,2,600 ppm 3 5,d4,scale_1.0_rot_90_flip_0,0.5883420705795288,0.35405290126800537,0.057605113834142685
42,2,800 ppm 2 5,d4,scale_1.0_rot_90_flip_0,0.7354901432991028,0.23001499474048615,0.03449483960866928
42,2,1000 ppm 5 3,d4,scale_1.0_rot_90_flip_0,0.6033480167388916,0.34710434079170227,0.04954765737056732
42,2,400 ppm 5 10,d4,scale_1.0_rot_90_flip_0,0.1737346202135086,0.059631530195474625,0.7666338682174683
42,2,1000 ppm 2 5,d4,scale_1.0_rot_90_flip_0,0.21692486107349396,0.5160142779350281,0.26706087589263916
42,2,400 ppm 2 4,d4,scale_1.0_rot_90_flip_0,0.6357845067977905,0.16526241600513458,0.19895312190055847
42,2,600 ppm 4 6,d4,scale_1.0_rot_90_flip_0,0.6852971315383911,0.16618572175502777,0.14851707220077515
42,2,c 6,d4,scale_1.0_rot_90_flip_0,0.8691459894180298,0.08789065480232239,0.042963359504938126
42,2,800 ppm 1 7,d4,scale_1.0_rot_90_flip_0,0.06614431738853455,0.6252130270004272,0.308642715215683
42,2,1000 ppm 5 2,d4,scale_1.0_rot_90_flip_0,0.5615745186805725,0.3187737762928009,0.1196516752243042
42,2,600 ppm 2 1,d4,scale_1.0_rot_90_flip_0,0.18030911684036255,0.16337725520133972,0.6563135385513306
42,2,400 ppm 4 1,d4,scale_1.0_rot_90_flip_0,0.7004719376564026,0.19917917251586914,0.10034888237714767
42,2,600 ppm 4 4,d4,scale_1.0_rot_90_flip_0,0.37501609325408936,0.2386205941438675,0.38636326789855957
42,2,600 ppm 2 8,d4,scale_1.0_rot_90_flip_0,0.5191705822944641,0.41581445932388306,0.06501495093107224
42,2,400 ppm 1 6,d4,scale_1.0_rot_90_flip_0,0.4896252155303955,0.32109421491622925,0.18928059935569763
42,2,1000 ppm 4 9,d4,scale_1.0_rot_90_flip_0,0.21622097492218018,0.19349071383476257,0.5902883410453796
42,2,400 ppm 3 9,d4,scale_1.0_rot_90_flip_0,0.6180515885353088,0.2642940282821655,0.11765442043542862
42,2,600 ppm 2 6,d4,scale_1.0_rot_90_flip_0,0.15486881136894226,0.10453226417303085,0.7405989170074463
42,2,600 ppm 4 5,d4,scale_1.0_rot_90_flip_0,0.16494829952716827,0.4959903955459595,0.3390614092350006
42,2,600 ppm 4 9,d4,scale_1.0_rot_90_flip_0,0.3314533233642578,0.3100513517856598,0.3584953248500824
42,2,400 ppm 2 9,d4,scale_1.0_rot_90_flip_0,0.7103468179702759,0.16645696759223938,0.12319619208574295
42,2,800 ppm 1 1,d4,scale_1.0_rot_90_flip_0,0.3658309578895569,0.41043388843536377,0.22373516857624054
42,2,1000 ppm 4 5,d4,scale_1.0_rot_90_flip_0,0.5161141753196716,0.2550593912601471,0.2288264036178589
42,2,1000 ppm 1 1,d4,scale_1.0_rot_90_flip_0,0.3988925516605377,0.267434298992157,0.33367323875427246
42,2,600 ppm 1 8,d4,scale_1.0_rot_90_flip_0,0.6915371417999268,0.22352692484855652,0.08493604511022568
42,2,600 ppm 5 7,d4,scale_1.0_rot_90_flip_0,0.7351887226104736,0.21425557136535645,0.05055571347475052
42,2,1000 ppm 2 8,d4,scale_1.0_rot_90_flip_0,0.0674029141664505,0.4540690779685974,0.4785279929637909
42,2,600 ppm 1 5,d4,scale_1.0_rot_90_flip_0,0.558663547039032,0.3697965145111084,0.07154001295566559
42,2,600 ppm 1 9,d4,scale_1.0_rot_90_flip_0,0.34402161836624146,0.5056015849113464,0.1503767967224121
42,2,600 ppm 2 2,d4,scale_1.0_rot_90_flip_0,0.1307804435491562,0.20603951811790466,0.6631800532341003
42,2,600 ppm 5 2,d4,scale_1.0_rot_90_flip_0,0.4975490868091583,0.19157004356384277,0.3108808398246765
42,2,800 ppm 4 9,d4,scale_1.0_rot_90_flip_0,0.49646803736686707,0.37071481347084045,0.1328171342611313
42,2,600 ppm 2 4,d4,scale_1.0_rot_90_flip_0,0.0775156170129776,0.08265184611082077,0.8398325443267822
42,2,600 ppm 4 7,d4,scale_1.0_rot_90_flip_0,0.27308887243270874,0.18508218228816986,0.541828989982605
42,2,1000 ppm 5 8,d4,scale_1.0_rot_90_flip_0,0.15498369932174683,0.259793221950531,0.5852230787277222
42,2,600 ppm 5 3,d4,scale_1.0_rot_90_flip_0,0.2650395929813385,0.26809126138687134,0.46686917543411255
42,2,1000 ppm 4 4,d4,scale_1.0_rot_90_flip_0,0.25548961758613586,0.13656257092952728,0.607947826385498
42,2,1000 ppm 4 7,d4,scale_1.0_rot_90_flip_0,0.1983795315027237,0.3000872731208801,0.5015332102775574
42,2,800 ppm 4 4,d4,scale_1.0_rot_90_flip_1,0.2865782082080841,0.344718337059021,0.36870336532592773
42,2,400 ppm 1 10,d4,scale_1.0_rot_90_flip_1,0.6998112201690674,0.10469339787960052,0.19549541175365448
42,2,c 8,d4,scale_1.0_rot_90_flip_1,0.884257435798645,0.0919591635465622,0.023783361539244652
42,2,800 ppm 5 8,d4,scale_1.0_rot_90_flip_1,0.1711873710155487,0.6366176009178162,0.1921950876712799
42,2,600 ppm 3 4,d4,scale_1.0_rot_90_flip_1,0.5552221536636353,0.33061647415161133,0.11416133493185043
42,2,1000 ppm 2 10,d4,scale_1.0_rot_90_flip_1,0.42013686895370483,0.28483396768569946,0.2950291931629181
42,2,800 ppm 3 1,d4,scale_1.0_rot_90_flip_1,0.5401201248168945,0.16670386493206024,0.29317596554756165
42,2,400 ppm 4 3,d4,scale_1.0_rot_90_flip_1,0.654769241809845,0.1477401852607727,0.1974906027317047
42,2,600 ppm 1 2,d4,scale_1.0_rot_90_flip_1,0.2766561210155487,0.5265052914619446,0.19683855772018433
42,2,400 ppm 3 7,d4,scale_1.0_rot_90_flip_1,0.8320876955986023,0.05460210144519806,0.11331012845039368
42,2,600 ppm 2 10,d4,scale_1.0_rot_90_flip_1,0.15574662387371063,0.10568615794181824,0.7385672330856323
42,2,800 ppm 5 5,d4,scale_1.0_rot_90_flip_1,0.18456901609897614,0.2798959016799927,0.5355350375175476
42,2,400 ppm 5 2,d4,scale_1.0_rot_90_flip_1,0.5960977077484131,0.34002625942230225,0.06387603282928467
42,2,800 ppm 1 2,d4,scale_1.0_rot_90_flip_1,0.2276228964328766,0.25157350301742554,0.5208036303520203
42,2,600 ppm 3 5,d4,scale_1.0_rot_90_flip_1,0.5803089141845703,0.34606632590293884,0.07362469285726547
42,2,800 ppm 2 5,d4,scale_1.0_rot_90_flip_1,0.6177348494529724,0.3312481641769409,0.05101698264479637
42,2,1000 ppm 5 3,d4,scale_1.0_rot_90_flip_1,0.7518339157104492,0.18921594321727753,0.058950189501047134
42,2,400 ppm 5 10,d4,scale_1.0_rot_90_flip_1,0.16561174392700195,0.0646294355392456,0.7697587609291077
42,2,1000 ppm 2 5,d4,scale_1.0_rot_90_flip_1,0.23060405254364014,0.5166057348251343,0.2527902126312256
42,2,400 ppm 2 4,d4,scale_1.0_rot_90_flip_1,0.6088423728942871,0.12096977233886719,0.2701877951622009
42,2,600 ppm 4 6,d4,scale_1.0_rot_90_flip_1,0.7725581526756287,0.12844720482826233,0.0989946722984314
42,2,c 6,d4,scale_1.0_rot_90_flip_1,0.8651823997497559,0.08342009037733078,0.05139744654297829
42,2,800 ppm 1 7,d4,scale_1.0_rot_90_flip_1,0.07696685194969177,0.6585380434989929,0.2644950747489929
42,2,1000 ppm 5 2,d4,scale_1.0_rot_90_flip_1,0.5520992279052734,0.3153749108314514,0.13252578675746918
42,2,600 ppm 2 1,d4,scale_1.0_rot_90_flip_1,0.19233407080173492,0.20816977322101593,0.5994961261749268
42,2,400 ppm 4 1,d4,scale_1.0_rot_90_flip_1,0.5954090356826782,0.271474152803421,0.13311676681041718
42,2,600 ppm 4 4,d4,scale_1.0_rot_90_flip_1,0.3166305720806122,0.28750866651535034,0.3958607316017151
42,2,600 ppm 2 8,d4,scale_1.0_rot_90_flip_1,0.46190476417541504,0.4455556273460388,0.09253958612680435
42,2,400 ppm 1 6,d4,scale_1.0_rot_90_flip_1,0.4403024911880493,0.34797343611717224,0.21172402799129486
42,2,1000 ppm 4 9,d4,scale_1.0_rot_90_flip_1,0.19455485045909882,0.14942523837089539,0.656019926071167
42,2,400 ppm 3 9,d4,scale_1.0_rot_90_flip_1,0.735271692276001,0.1724366992712021,0.09229165315628052
42,2,600 ppm 2 6,d4,scale_1.0_rot_90_flip_1,0.1984419971704483,0.10218064486980438,0.6993773579597473
42,2,600 ppm 4 5,d4,scale_1.0_rot_90_flip_1,0.1850498765707016,0.43555498123168945,0.37939512729644775
42,2,600 ppm 4 9,d4,scale_1.0_rot_90_flip_1,0.414236456155777,0.2628419101238251,0.32292163372039795
42,2,400 ppm 2 9,d4,scale_1.0_rot_90_flip_1,0.698971688747406,0.17417147755622864,0.12685680389404297
42,2,800 ppm 1 1,d4,scale_1.0_rot_90_flip_1,0.439454048871994,0.4012341797351837,0.15931177139282227
42,2,1000 ppm 4 5,d4,scale_1.0_rot_90_flip_1,0.5683338642120361,0.2865729033946991,0.1450931876897812
42,2,1000 ppm 1 1,d4,scale_1.0_rot_90_flip_1,0.4944267272949219,0.215267613530159,0.29030564427375793
42,2,600 ppm 1 8,d4,scale_1.0_rot_90_flip_1,0.6271044611930847,0.276485413312912,0.0964101180434227
42,2,600 ppm 5 7,d4,scale_1.0_rot_90_flip_1,0.7318769097328186,0.20839715003967285,0.059725936502218246
42,2,1000 ppm 2 8,d4,scale_1.0_rot_90_flip_1,0.05812104791402817,0.48959195613861084,0.4522870182991028
42,2,600 ppm 1 5,d4,scale_1.0_rot_90_flip_1,0.5167883634567261,0.413295179605484,0.06991645693778992
42,2,600 ppm 1 9,d4,scale_1.0_rot_90_flip_1,0.31708648800849915,0.474562406539917,0.20835115015506744
42,2,600 ppm 2 2,d4,scale_1.0_rot_90_flip_1,0.10107162594795227,0.17439067363739014,0.7245376706123352
42,2,600 ppm 5 2,d4,scale_1.0_rot_90_flip_1,0.39223721623420715,0.19236409664154053,0.41539865732192993
42,2,800 ppm 4 9,d4,scale_1.0_rot_90_flip_1,0.44883719086647034,0.4198531210422516,0.13130970299243927
42,2,600 ppm 2 4,d4,scale_1.0_rot_90_flip_1,0.10514643043279648,0.07559938728809357,0.8192542195320129
42,2,600 ppm 4 7,d4,scale_1.0_rot_90_flip_1,0.25070619583129883,0.18860501050949097,0.560688853263855
42,2,1000 ppm 5 8,d4,scale_1.0_rot_90_flip_1,0.1569589078426361,0.28104233741760254,0.5619987845420837
42,2,600 ppm 5 3,d4,scale_1.0_rot_90_flip_1,0.38318055868148804,0.280274361371994,0.33654510974884033
42,2,1000 ppm 4 4,d4,scale_1.0_rot_90_flip_1,0.2853480577468872,0.12903878092765808,0.5856131315231323
42,2,1000 ppm 4 7,d4,scale_1.0_rot_90_flip_1,0.22420090436935425,0.2898859679698944,0.48591312766075134
42,2,800 ppm 4 4,d4,scale_1.0_rot_180_flip_0,0.28213438391685486,0.29592540860176086,0.4219401776790619
42,2,400 ppm 1 10,d4,scale_1.0_rot_180_flip_0,0.6395931839942932,0.15855881571769714,0.20184803009033203
42,2,c 8,d4,scale_1.0_rot_180_flip_0,0.932213306427002,0.04299730807542801,0.024789387360215187
42,2,800 ppm 5 8,d4,scale_1.0_rot_180_flip_0,0.33764323592185974,0.49621501564979553,0.1661417931318283
42,2,600 ppm 3 4,d4,scale_1.0_rot_180_flip_0,0.4237844944000244,0.4111142158508301,0.1651013195514679
42,2,1000 ppm 2 10,d4,scale_1.0_rot_180_flip_0,0.547716498374939,0.20048655569553375,0.25179699063301086
42,2,800 ppm 3 1,d4,scale_1.0_rot_180_flip_0,0.5596277713775635,0.21380476653575897,0.22656746208667755
42,2,400 ppm 4 3,d4,scale_1.0_rot_180_flip_0,0.4767499566078186,0.3338349461555481,0.18941517174243927
42,2,600 ppm 1 2,d4,scale_1.0_rot_180_flip_0,0.14037440717220306,0.7145535945892334,0.14507195353507996
42,2,400 ppm 3 7,d4,scale_1.0_rot_180_flip_0,0.876583993434906,0.0495050810277462,0.07391086220741272
42,2,600 ppm 2 10,d4,scale_1.0_rot_180_flip_0,0.34298139810562134,0.1011212170124054,0.5558973550796509
42,2,800 ppm 5 5,d4,scale_1.0_rot_180_flip_0,0.12922826409339905,0.18392831087112427,0.6868434548377991
42,2,400 ppm 5 2,d4,scale_1.0_rot_180_flip_0,0.50163733959198,0.37584376335144043,0.1225188821554184
42,2,800 ppm 1 2,d4,scale_1.0_rot_180_flip_0,0.20021232962608337,0.20684605836868286,0.5929416418075562
42,2,600 ppm 3 5,d4,scale_1.0_rot_180_flip_0,0.5984353423118591,0.3451535701751709,0.05641110986471176
42,2,800 ppm 2 5,d4,scale_1.0_rot_180_flip_0,0.7016870379447937,0.26362884044647217,0.03468412160873413
42,2,1000 ppm 5 3,d4,scale_1.0_rot_180_flip_0,0.6455128192901611,0.2772083878517151,0.0772787481546402
42,2,400 ppm 5 10,d4,scale_1.0_rot_180_flip_0,0.11005381494760513,0.07195907831192017,0.8179870843887329
42,2,1000 ppm 2 5,d4,scale_1.0_rot_180_flip_0,0.4181670546531677,0.4426096975803375,0.13922324776649475
42,2,400 ppm 2 4,d4,scale_1.0_rot_180_flip_0,0.6679853200912476,0.1025075912475586,0.22950704395771027
42,2,600 ppm 4 6,d4,scale_1.0_rot_180_flip_0,0.6860799193382263,0.17646390199661255,0.13745611906051636
42,2,c 6,d4,scale_1.0_rot_180_flip_0,0.9164358377456665,0.04308244585990906,0.040481775999069214
42,2,800 ppm 1 7,d4,scale_1.0_rot_180_flip_0,0.14353787899017334,0.4875749349594116,0.3688872158527374
42,2,1000 ppm 5 2,d4,scale_1.0_rot_180_flip_0,0.28165483474731445,0.5819239020347595,0.13642124831676483
42,2,600 ppm 2 1,d4,scale_1.0_rot_180_flip_0,0.12221433222293854,0.1777408868074417,0.7000448703765869
42,2,400 ppm 4 1,d4,scale_1.0_rot_180_flip_0,0.515637218952179,0.2912246584892273,0.19313809275627136
42,2,600 ppm 4 4,d4,scale_1.0_rot_180_flip_0,0.24245786666870117,0.2513904571533203,0.5061516761779785
42,2,600 ppm 2 8,d4,scale_1.0_rot_180_flip_0,0.6476507782936096,0.2971821129322052,0.05516703799366951
42,2,400 ppm 1 6,d4,scale_1.0_rot_180_flip_0,0.4741898477077484,0.37949225306510925,0.14631786942481995
42,2,1000 ppm 4 9,d4,scale_1.0_rot_180_flip_0,0.09197981655597687,0.13734956085681915,0.7706706523895264
42,2,400 ppm 3 9,d4,scale_1.0_rot_180_flip_0,0.5955424308776855,0.2890240252017975,0.11543349921703339
42,2,600 ppm 2 6,d4,scale_1.0_rot_180_flip_0,0.05410454422235489,0.10870295017957687,0.8371924161911011
42,2,600 ppm 4 5,d4,scale_1.0_rot_180_flip_0,0.13913187384605408,0.4256945848464966,0.4351736009120941
42,2,600 ppm 4 9,d4,scale_1.0_rot_180_flip_0,0.3054462671279907,0.294454962015152,0.4000988006591797
42,2,400 ppm 2 9,d4,scale_1.0_rot_180_flip_0,0.5683541893959045,0.2260875254869461,0.20555827021598816
42,2,800 ppm 1 1,d4,scale_1.0_rot_180_flip_0,0.4047428369522095,0.3921557068824768,0.20310142636299133
42,2,1000 ppm 4 5,d4,scale_1.0_rot_180_flip_0,0.49943462014198303,0.2973622679710388,0.20320309698581696
42,2,1000 ppm 1 1,d4,scale_1.0_rot_180_flip_0,0.3213031589984894,0.1975879669189453,0.48110896348953247
42,2,600 ppm 1 8,d4,scale_1.0_rot_180_flip_0,0.7077801823616028,0.21235349774360657,0.07986629754304886
42,2,600 ppm 5 7,d4,scale_1.0_rot_180_flip_0,0.6414498686790466,0.29109495878219604,0.06745516508817673
42,2,1000 ppm 2 8,d4,scale_1.0_rot_180_flip_0,0.05809168890118599,0.3765829801559448,0.5653253197669983
42,2,600 ppm 1 5,d4,scale_1.0_rot_180_flip_0,0.49035242199897766,0.44824033975601196,0.06140727922320366
42,2,600 ppm 1 9,d4,scale_1.0_rot_180_flip_0,0.24993455410003662,0.507529079914093,0.24253633618354797
42,2,600 ppm 2 2,d4,scale_1.0_rot_180_flip_0,0.20207451283931732,0.1978462040424347,0.6000792980194092
42,2,600 ppm 5 2,d4,scale_1.0_rot_180_flip_0,0.5406544208526611,0.13680925965309143,0.32253631949424744
42,2,800 ppm 4 9,d4,scale_1.0_rot_180_flip_0,0.3807459771633148,0.42527228593826294,0.19398179650306702
42,2,600 ppm 2 4,d4,scale_1.0_rot_180_flip_0,0.16711607575416565,0.10374844074249268,0.7291355133056641
42,2,600 ppm 4 7,d4,scale_1.0_rot_180_flip_0,0.43594613671302795,0.13429616391658783,0.4297577142715454
42,2,1000 ppm 5 8,d4,scale_1.0_rot_180_flip_0,0.15554586052894592,0.21969927847385406,0.6247549057006836
42,2,600 ppm 5 3,d4,scale_1.0_rot_180_flip_0,0.2873702049255371,0.16525115072727203,0.547378659248352
42,2,1000 ppm 4 4,d4,scale_1.0_rot_180_flip_0,0.20911969244480133,0.20075537264347076,0.5901249051094055
42,2,1000 ppm 4 7,d4,scale_1.0_rot_180_flip_0,0.18431580066680908,0.35157620906829834,0.46410804986953735
42,2,800 ppm 4 4,d4,scale_1.0_rot_180_flip_1,0.41268303990364075,0.23820209503173828,0.34911489486694336
42,2,400 ppm 1 10,d4,scale_1.0_rot_180_flip_1,0.6534397602081299,0.18104492127895355,0.16551534831523895
42,2,c 8,d4,scale_1.0_rot_180_flip_1,0.931381106376648,0.042532775551080704,0.026086054742336273
42,2,800 ppm 5 8,d4,scale_1.0_rot_180_flip_1,0.3465777039527893,0.5216512680053711,0.1317710131406784
42,2,600 ppm 3 4,d4,scale_1.0_rot_180_flip_1,0.42800143361091614,0.42302536964416504,0.14897316694259644
42,2,1000 ppm 2 10,d4,scale_1.0_rot_180_flip_1,0.6186820268630981,0.16939063370227814,0.21192732453346252
42,2,800 ppm 3 1,d4,scale_1.0_rot_180_flip_1,0.5127420425415039,0.21944765746593475,0.26781031489372253
42,2,400 ppm 4 3,d4,scale_1.0_rot_180_flip_1,0.5476131439208984,0.3095191419124603,0.14286772906780243
42,2,600 ppm 1 2,d4,scale_1.0_rot_180_flip_1,0.15476161241531372,0.7041313052177429,0.14110706746578217
42,2,400 ppm 3 7,d4,scale_1.0_rot_180_flip_1,0.8595280051231384,0.05272678658366203,0.08774516731500626
42,2,600 ppm 2 10,d4,scale_1.0_rot_180_flip_1,0.43426427245140076,0.11659043282270432,0.44914525747299194
42,2,800 ppm 5 5,d4,scale_1.0_rot_180_flip_1,0.11881501972675323,0.1693895161151886,0.7117955088615417
42,2,400 ppm 5 2,d4,scale_1.0_rot_180_flip_1,0.4569893479347229,0.4212031662464142,0.12180750072002411
42,2,800 ppm 1 2,d4,scale_1.0_rot_180_flip_1,0.2101215422153473,0.2931944727897644,0.4966840445995331
42,2,600 ppm 3 5,d4,scale_1.0_rot_180_flip_1,0.7025604844093323,0.23848271369934082,0.05895676091313362
42,2,800 ppm 2 5,d4,scale_1.0_rot_180_flip_1,0.5915554761886597,0.3718644380569458,0.03658004105091095
42,2,1000 ppm 5 3,d4,scale_1.0_rot_180_flip_1,0.5849848389625549,0.33457151055336,0.08044366538524628
42,2,400 ppm 5 10,d4,scale_1.0_rot_180_flip_1,0.1490820050239563,0.0821809470653534,0.7687370777130127
42,2,1000 ppm 2 5,d4,scale_1.0_rot_180_flip_1,0.3840494751930237,0.4223954379558563,0.19355511665344238
42,2,400 ppm 2 4,d4,scale_1.0_rot_180_flip_1,0.5964775681495667,0.11452095210552216,0.2890015244483948
42,2,600 ppm 4 6,d4,scale_1.0_rot_180_flip_1,0.712807297706604,0.1700526773929596,0.1171400398015976
42,2,c 6,d4,scale_1.0_rot_180_flip_1,0.910997211933136,0.04920996353030205,0.039792805910110474
42,2,800 ppm 1 7,d4,scale_1.0_rot_180_flip_1,0.13646937906742096,0.4887058138847351,0.37482473254203796
42,2,1000 ppm 5 2,d4,scale_1.0_rot_180_flip_1,0.363456666469574,0.46180397272109985,0.17473933100700378
42,2,600 ppm 2 1,d4,scale_1.0_rot_180_flip_1,0.1365707665681839,0.18802039325237274,0.6754088401794434
42,2,400 ppm 4 1,d4,scale_1.0_rot_180_flip_1,0.5899049043655396,0.2653437852859497,0.14475131034851074
42,2,600 ppm 4 4,d4,scale_1.0_rot_180_flip_1,0.3194464147090912,0.20307189226150513,0.4774817228317261
42,2,600 ppm 2 8,d4,scale_1.0_rot_180_flip_1,0.5186050534248352,0.40222516655921936,0.0791698470711708
42,2,400 ppm 1 6,d4,scale_1.0_rot_180_flip_1,0.4052838683128357,0.48386523127555847,0.11085089296102524
42,2,1000 ppm 4 9,d4,scale_1.0_rot_180_flip_1,0.08467330783605576,0.10834356397390366,0.8069831132888794
42,2,400 ppm 3 9,d4,scale_1.0_rot_180_flip_1,0.5821656584739685,0.30855005979537964,0.10928432643413544
42,2,600 ppm 2 6,d4,scale_1.0_rot_180_flip_1,0.060627296566963196,0.07661949098110199,0.8627532720565796
42,2,600 ppm 4 5,d4,scale_1.0_rot_180_flip_1,0.1327960342168808,0.4979265332221985,0.3692774772644043
42,2,600 ppm 4 9,d4,scale_1.0_rot_180_flip_1,0.34782129526138306,0.32516172528266907,0.32701700925827026
42,2,400 ppm 2 9,d4,scale_1.0_rot_180_flip_1,0.5821410417556763,0.2670363485813141,0.15082260966300964
42,2,800 ppm 1 1,d4,scale_1.0_rot_180_flip_1,0.3790213465690613,0.2940291464328766,0.32694950699806213
42,2,1000 ppm 4 5,d4,scale_1.0_rot_180_flip_1,0.3878616392612457,0.38179638981819153,0.23034191131591797
42,2,1000 ppm 1 1,d4,scale_1.0_rot_180_flip_1,0.2763826549053192,0.2461707442998886,0.47744667530059814
42,2,600 ppm 1 8,d4,scale_1.0_rot_180_flip_1,0.687375009059906,0.26068630814552307,0.051938675343990326
42,2,600 ppm 5 7,d4,scale_1.0_rot_180_flip_1,0.6715602874755859,0.27442923188209534,0.05401047319173813
42,2,1000 ppm 2 8,d4,scale_1.0_rot_180_flip_1,0.04771106317639351,0.4100545644760132,0.5422344207763672
42,2,600 ppm 1 5,d4,scale_1.0_rot_180_flip_1,0.5427104234695435,0.3951910734176636,0.062098484486341476
42,2,600 ppm 1 9,d4,scale_1.0_rot_180_flip_1,0.272377073764801,0.4429553151130676,0.28466764092445374
42,2,600 ppm 2 2,d4,scale_1.0_rot_180_flip_1,0.2060282975435257,0.2366943359375,0.5572773814201355
42,2,600 ppm 5 2,d4,scale_1.0_rot_180_flip_1,0.6031312346458435,0.08749207854270935,0.3093767464160919
42,2,800 ppm 4 9,d4,scale_1.0_rot_180_flip_1,0.3858829736709595,0.42963895201683044,0.1844780594110489
42,2,600 ppm 2 4,d4,scale_1.0_rot_180_flip_1,0.16550928354263306,0.1205754280090332,0.7139152884483337
42,2,600 ppm 4 7,d4,scale_1.0_rot_180_flip_1,0.4093378186225891,0.1182524561882019,0.472409725189209
42,2,1000 ppm 5 8,d4,scale_1.0_rot_180_flip_1,0.14738501608371735,0.25435057282447815,0.5982643961906433
42,2,600 ppm 5 3,d4,scale_1.0_rot_180_flip_1,0.28515252470970154,0.21194840967655182,0.5028990507125854
42,2,1000 ppm 4 4,d4,scale_1.0_rot_180_flip_1,0.2708863615989685,0.20857708156108856,0.5205365419387817
42,2,1000 ppm 4 7,d4,scale_1.0_rot_180_flip_1,0.18328750133514404,0.27733975648880005,0.5393728017807007
42,2,800 ppm 4 4,d4,scale_1.0_rot_270_flip_0,0.29589930176734924,0.3239782750606537,0.38012242317199707
42,2,400 ppm 1 10,d4,scale_1.0_rot_270_flip_0,0.6483259797096252,0.17079290747642517,0.18088114261627197
42,2,c 8,d4,scale_1.0_rot_270_flip_0,0.9140450954437256,0.06929457187652588,0.016660282388329506
42,2,800 ppm 5 8,d4,scale_1.0_rot_270_flip_0,0.32749617099761963,0.48751333355903625,0.1849905252456665
42,2,600 ppm 3 4,d4,scale_1.0_rot_270_flip_0,0.6416060924530029,0.26199159026145935,0.09640230238437653
42,2,1000 ppm 2 10,d4,scale_1.0_rot_270_flip_0,0.3923355042934418,0.361652672290802,0.24601177871227264
42,2,800 ppm 3 1,d4,scale_1.0_rot_270_flip_0,0.4081505835056305,0.1989361196756363,0.392913281917572
42,2,400 ppm 4 3,d4,scale_1.0_rot_270_flip_0,0.5451482534408569,0.26647695899009705,0.1883748173713684
42,2,600 ppm 1 2,d4,scale_1.0_rot_270_flip_0,0.2323421984910965,0.38596323132514954,0.3816945552825928
42,2,400 ppm 3 7,d4,scale_1.0_rot_270_flip_0,0.8545193672180176,0.060679152607917786,0.08480153977870941
42,2,600 ppm 2 10,d4,scale_1.0_rot_270_flip_0,0.13680152595043182,0.10639835894107819,0.7568000555038452
42,2,800 ppm 5 5,d4,scale_1.0_rot_270_flip_0,0.22176633775234222,0.2679038643836975,0.5103297829627991
42,2,400 ppm 5 2,d4,scale_1.0_rot_270_flip_0,0.6072497963905334,0.2941526770591736,0.0985974445939064
42,2,800 ppm 1 2,d4,scale_1.0_rot_270_flip_0,0.17951606214046478,0.26571914553642273,0.5547648668289185
42,2,600 ppm 3 5,d4,scale_1.0_rot_270_flip_0,0.6368101835250854,0.2735573351383209,0.08963249623775482
42,2,800 ppm 2 5,d4,scale_1.0_rot_270_flip_0,0.5763139724731445,0.3920096457004547,0.03167635574936867
42,2,1000 ppm 5 3,d4,scale_1.0_rot_270_flip_0,0.7749848365783691,0.14844918251037598,0.07656598091125488
42,2,400 ppm 5 10,d4,scale_1.0_rot_270_flip_0,0.14896376430988312,0.07228302955627441,0.7787531018257141
42,2,1000 ppm 2 5,d4,scale_1.0_rot_270_flip_0,0.20079752802848816,0.543890655040741,0.2553118169307709
42,2,400 ppm 2 4,d4,scale_1.0_rot_270_flip_0,0.6569861769676208,0.16048385202884674,0.18252991139888763
42,2,600 ppm 4 6,d4,scale_1.0_rot_270_flip_0,0.7293910980224609,0.14270499348640442,0.12790392339229584
42,2,c 6,d4,scale_1.0_rot_270_flip_0,0.8399397730827332,0.10384218394756317,0.05621799826622009
42,2,800 ppm 1 7,d4,scale_1.0_rot_270_flip_0,0.1723254770040512,0.5842230916023254,0.24345141649246216
42,2,1000 ppm 5 2,d4,scale_1.0_rot_270_flip_0,0.5270646810531616,0.3565860390663147,0.11634918302297592
42,2,600 ppm 2 1,d4,scale_1.0_rot_270_flip_0,0.20042015612125397,0.22661586105823517,0.5729640126228333
42,2,400 ppm 4 1,d4,scale_1.0_rot_270_flip_0,0.6666515469551086,0.20261359214782715,0.13073481619358063
42,2,600 ppm 4 4,d4,scale_1.0_rot_270_flip_0,0.3198931813240051,0.2163258045911789,0.46378093957901
42,2,600 ppm 2 8,d4,scale_1.0_rot_270_flip_0,0.4489178955554962,0.46452170610427856,0.08656042069196701
42,2,400 ppm 1 6,d4,scale_1.0_rot_270_flip_0,0.41914868354797363,0.444694846868515,0.13615645468235016
42,2,1000 ppm 4 9,d4,scale_1.0_rot_270_flip_0,0.12274263054132462,0.14480482041835785,0.7324525117874146
42,2,400 ppm 3 9,d4,scale_1.0_rot_270_flip_0,0.6302361488342285,0.2903066575527191,0.07945720106363297
42,2,600 ppm 2 6,d4,scale_1.0_rot_270_flip_0,0.10239837318658829,0.12019818276166916,0.7774034738540649
42,2,600 ppm 4 5,d4,scale_1.0_rot_270_flip_0,0.12172766774892807,0.39064374566078186,0.48762863874435425
42,2,600 ppm 4 9,d4,scale_1.0_rot_270_flip_0,0.6001837849617004,0.22505487501621246,0.17476129531860352
42,2,400 ppm 2 9,d4,scale_1.0_rot_270_flip_0,0.6885552406311035,0.21548479795455933,0.09595996141433716
42,2,800 ppm 1 1,d4,scale_1.0_rot_270_flip_0,0.475239634513855,0.20904244482517242,0.3157178461551666
42,2,1000 ppm 4 5,d4,scale_1.0_rot_270_flip_0,0.48537394404411316,0.20414219796657562,0.3104838728904724
42,2,1000 ppm 1 1,d4,scale_1.0_rot_270_flip_0,0.357862651348114,0.27295321226119995,0.36918410658836365
42,2,600 ppm 1 8,d4,scale_1.0_rot_270_flip_0,0.6675503849983215,0.24814161658287048,0.08430799096822739
42,2,600 ppm 5 7,d4,scale_1.0_rot_270_flip_0,0.7507975101470947,0.1978340893983841,0.05136846378445625
42,2,1000 ppm 2 8,d4,scale_1.0_rot_270_flip_0,0.13465891778469086,0.22618484497070312,0.6391562223434448
42,2,600 ppm 1 5,d4,scale_1.0_rot_270_flip_0,0.43573781847953796,0.4555823504924774,0.10867983847856522
42,2,600 ppm 1 9,d4,scale_1.0_rot_270_flip_0,0.3990413248538971,0.4688660502433777,0.13209262490272522
42,2,600 ppm 2 2,d4,scale_1.0_rot_270_flip_0,0.2876158654689789,0.15113742649555206,0.5612467527389526
42,2,600 ppm 5 2,d4,scale_1.0_rot_270_flip_0,0.38139063119888306,0.2158103734254837,0.4027990698814392
42,2,800 ppm 4 9,d4,scale_1.0_rot_270_flip_0,0.462218314409256,0.3892431855201721,0.1485385000705719
42,2,600 ppm 2 4,d4,scale_1.0_rot_270_flip_0,0.20892268419265747,0.1538095623254776,0.6372677683830261
42,2,600 ppm 4 7,d4,scale_1.0_rot_270_flip_0,0.27923816442489624,0.20364630222320557,0.5171155333518982
42,2,1000 ppm 5 8,d4,scale_1.0_rot_270_flip_0,0.22592289745807648,0.29281482100486755,0.4812622666358948
42,2,600 ppm 5 3,d4,scale_1.0_rot_270_flip_0,0.29342859983444214,0.23788069188594818,0.4686907231807709
42,2,1000 ppm 4 4,d4,scale_1.0_rot_270_flip_0,0.2558237910270691,0.1685011088848114,0.5756751298904419
42,2,1000 ppm 4 7,d4,scale_1.0_rot_270_flip_0,0.2324034571647644,0.22815066576004028,0.5394458770751953
42,2,800 ppm 4 4,d4,scale_1.0_rot_270_flip_1,0.2825101315975189,0.32574135065078735,0.3917485773563385
42,2,400 ppm 1 10,d4,scale_1.0_rot_270_flip_1,0.5960548520088196,0.21692131459712982,0.1870238482952118
42,2,c 8,d4,scale_1.0_rot_270_flip_1,0.9043607711791992,0.07300592213869095,0.022633401677012444
42,2,800 ppm 5 8,d4,scale_1.0_rot_270_flip_1,0.3628391623497009,0.48846563696861267,0.1486952006816864
42,2,600 ppm 3 4,d4,scale_1.0_rot_270_flip_1,0.6190530061721802,0.2648783028125763,0.11606870591640472
42,2,1000 ppm 2 10,d4,scale_1.0_rot_270_flip_1,0.4327535033226013,0.23920775949954987,0.3280387222766876
42,2,800 ppm 3 1,d4,scale_1.0_rot_270_flip_1,0.40400490164756775,0.220397487282753,0.37559765577316284
42,2,400 ppm 4 3,d4,scale_1.0_rot_270_flip_1,0.4528585970401764,0.31972429156303406,0.22741706669330597
42,2,600 ppm 1 2,d4,scale_1.0_rot_270_flip_1,0.22378933429718018,0.4886358976364136,0.28757479786872864
42,2,400 ppm 3 7,d4,scale_1.0_rot_270_flip_1,0.8302798867225647,0.05614885315299034,0.11357118934392929
42,2,600 ppm 2 10,d4,scale_1.0_rot_270_flip_1,0.13769277930259705,0.10836712270975113,0.7539399862289429
42,2,800 ppm 5 5,d4,scale_1.0_rot_270_flip_1,0.2105323076248169,0.3041979968547821,0.4852696657180786
42,2,400 ppm 5 2,d4,scale_1.0_rot_270_flip_1,0.6515023708343506,0.2580045163631439,0.09049315750598907
42,2,800 ppm 1 2,d4,scale_1.0_rot_270_flip_1,0.15237438678741455,0.2323385328054428,0.6152870655059814
42,2,600 ppm 3 5,d4,scale_1.0_rot_270_flip_1,0.5627148747444153,0.31463485956192017,0.12265021353960037
42,2,800 ppm 2 5,d4,scale_1.0_rot_270_flip_1,0.6857163906097412,0.2739165425300598,0.040367063134908676
42,2,1000 ppm 5 3,d4,scale_1.0_rot_270_flip_1,0.71867436170578,0.1982218623161316,0.08310380578041077
42,2,400 ppm 5 10,d4,scale_1.0_rot_270_flip_1,0.17463497817516327,0.10230845212936401,0.7230565547943115
42,2,1000 ppm 2 5,d4,scale_1.0_rot_270_flip_1,0.2526361644268036,0.5057276487350464,0.24163617193698883
42,2,400 ppm 2 4,d4,scale_1.0_rot_270_flip_1,0.5914304256439209,0.16070276498794556,0.24786682426929474
42,2,600 ppm 4 6,d4,scale_1.0_rot_270_flip_1,0.6461765766143799,0.2082015424966812,0.1456218957901001
42,2,c 6,d4,scale_1.0_rot_270_flip_1,0.8368561267852783,0.10980448871850967,0.05333946272730827
42,2,800 ppm 1 7,d4,scale_1.0_rot_270_flip_1,0.1367473602294922,0.5786190032958984,0.2846335768699646
42,2,1000 ppm 5 2,d4,scale_1.0_rot_270_flip_1,0.5187991261482239,0.37667104601860046,0.10452984273433685
42,2,600 ppm 2 1,d4,scale_1.0_rot_270_flip_1,0.15545237064361572,0.22540569305419922,0.6191419363021851
42,2,400 ppm 4 1,d4,scale_1.0_rot_270_flip_1,0.6288251876831055,0.23972545564174652,0.1314493715763092
42,2,600 ppm 4 4,d4,scale_1.0_rot_270_flip_1,0.298733651638031,0.27552148699760437,0.4257449209690094
42,2,600 ppm 2 8,d4,scale_1.0_rot_270_flip_1,0.4215955138206482,0.48889288306236267,0.08951159566640854
42,2,400 ppm 1 6,d4,scale_1.0_rot_270_flip_1,0.41995930671691895,0.3915376663208008,0.18850302696228027
42,2,1000 ppm 4 9,d4,scale_1.0_rot_270_flip_1,0.13692566752433777,0.11663953214883804,0.7464348673820496
42,2,400 ppm 3 9,d4,scale_1.0_rot_270_flip_1,0.6125601530075073,0.28833523392677307,0.09910468012094498
42,2,600 ppm 2 6,d4,scale_1.0_rot_270_flip_1,0.15871907770633698,0.0997510701417923,0.7415298819541931
42,2,600 ppm 4 5,d4,scale_1.0_rot_270_flip_1,0.1404004991054535,0.40448546409606934,0.4551140367984772
42,2,600 ppm 4 9,d4,scale_1.0_rot_270_flip_1,0.5158355832099915,0.2479361742734909,0.23622824251651764
42,2,400 ppm 2 9,d4,scale_1.0_rot_270_flip_1,0.6667918562889099,0.24277058243751526,0.09043758362531662
42,2,800 ppm 1 1,d4,scale_1.0_rot_270_flip_1,0.4462389647960663,0.23870334029197693,0.3150576949119568
42,2,1000 ppm 4 5,d4,scale_1.0_rot_270_flip_1,0.47302860021591187,0.27699947357177734,0.24997197091579437
42,2,1000 ppm 1 1,d4,scale_1.0_rot_270_flip_1,0.3391525447368622,0.1839175522327423,0.47692981362342834
42,2,600 ppm 1 8,d4,scale_1.0_rot_270_flip_1,0.6669696569442749,0.25553610920906067,0.07749421894550323
42,2,600 ppm 5 7,d4,scale_1.0_rot_270_flip_1,0.7858392000198364,0.17155027389526367,0.04261050373315811
42,2,1000 ppm 2 8,d4,scale_1.0_rot_270_flip_1,0.08808336406946182,0.20544558763504028,0.7064710855484009
42,2,600 ppm 1 5,d4,scale_1.0_rot_270_flip_1,0.4856838881969452,0.43911391496658325,0.07520222663879395
42,2,600 ppm 1 9,d4,scale_1.0_rot_270_flip_1,0.32643163204193115,0.4869574308395386,0.18661095201969147
42,2,600 ppm 2 2,d4,scale_1.0_rot_270_flip_1,0.2730490565299988,0.17962639033794403,0.5473245978355408
42,2,600 ppm 5 2,d4,scale_1.0_rot_270_flip_1,0.3498229384422302,0.30226048827171326,0.34791654348373413
42,2,800 ppm 4 9,d4,scale_1.0_rot_270_flip_1,0.43210792541503906,0.41151779890060425,0.15637429058551788
42,2,600 ppm 2 4,d4,scale_1.0_rot_270_flip_1,0.22242197394371033,0.15189756453037262,0.6256805062294006
42,2,600 ppm 4 7,d4,scale_1.0_rot_270_flip_1,0.281992644071579,0.22289521992206573,0.4951120913028717
42,2,1000 ppm 5 8,d4,scale_1.0_rot_270_flip_1,0.19207033514976501,0.3155004382133484,0.492429256439209
42,2,600 ppm 5 3,d4,scale_1.0_rot_270_flip_1,0.2763732671737671,0.21591214835643768,0.507714569568634
42,2,1000 ppm 4 4,d4,scale_1.0_rot_270_flip_1,0.18925227224826813,0.16407722234725952,0.6466705203056335
42,2,1000 ppm 4 7,d4,scale_1.0_rot_270_flip_1,0.2856270372867584,0.19842243194580078,0.5159505009651184
42,3,400 ppm 5 6,single,scale_1.0_rot_0_flip_0,0.7660481333732605,0.21719692647457123,0.01675490289926529
42,3,800 ppm 5 6,single,scale_1.0_rot_0_flip_0,0.03738006576895714,0.2709387540817261,0.6916811466217041
42,3,800 ppm 1 8,single,scale_1.0_rot_0_flip_0,0.5016815662384033,0.25858384370803833,0.23973461985588074
42,3,400 ppm 1 7,single,scale_1.0_rot_0_flip_0,0.6192362904548645,0.21628914773464203,0.16447463631629944
42,3,400 ppm 3 8,single,scale_1.0_rot_0_flip_0,0.8011904358863831,0.17921169102191925,0.019597835838794708
42,3,1000 ppm 4 10,single,scale_1.0_rot_0_flip_0,0.20004403591156006,0.5537815093994141,0.24617449939250946
42,3,600 ppm 4 1,single,scale_1.0_rot_0_flip_0,0.8203979134559631,0.09811992198228836,0.08148220181465149
42,3,400 ppm 4 2,single,scale_1.0_rot_0_flip_0,0.304322212934494,0.18531472980976105,0.5103631019592285
42,3,1000 ppm 3 7,single,scale_1.0_rot_0_flip_0,0.2892872095108032,0.6256778240203857,0.08503497391939163
42,3,800 ppm 4 1,single,scale_1.0_rot_0_flip_0,0.17599789798259735,0.048261649906635284,0.7757404446601868
42,3,600 ppm 1 10,single,scale_1.0_rot_0_flip_0,0.1770850270986557,0.23899517953395844,0.5839197635650635
42,3,400 ppm 5 4,single,scale_1.0_rot_0_flip_0,0.48598238825798035,0.4905809164047241,0.023436643183231354
42,3,1000 ppm 1 10,single,scale_1.0_rot_0_flip_0,0.04288341850042343,0.07686270773410797,0.8802538514137268
42,3,800 ppm 5 1,single,scale_1.0_rot_0_flip_0,0.6997665762901306,0.2129371017217636,0.08729627728462219
42,3,1000 ppm 1 2,single,scale_1.0_rot_0_flip_0,0.35682031512260437,0.5538365840911865,0.08934308588504791
42,3,800 ppm 4 10,single,scale_1.0_rot_0_flip_0,0.6111445426940918,0.3114880621433258,0.07736741751432419
42,3,800 ppm 3 10,single,scale_1.0_rot_0_flip_0,0.7110439538955688,0.24449533224105835,0.04446070268750191
42,3,600 ppm 4 2,single,scale_1.0_rot_0_flip_0,0.2924869656562805,0.4557148814201355,0.2517981231212616
42,3,600 ppm 5 9,single,scale_1.0_rot_0_flip_0,0.29797008633613586,0.23807595670223236,0.46395403146743774
42,3,600 ppm 4 3,single,scale_1.0_rot_0_flip_0,0.5741106271743774,0.1524459421634674,0.2734433710575104
42,3,600 ppm 2 3,single,scale_1.0_rot_0_flip_0,0.21756315231323242,0.23596657812595367,0.5464703440666199
42,3,400 ppm 1 8,single,scale_1.0_rot_0_flip_0,0.23971891403198242,0.2852749824523926,0.475006103515625
42,3,800 ppm 2 6,single,scale_1.0_rot_0_flip_0,0.3392275869846344,0.36924874782562256,0.29152366518974304
42,3,400 ppm 3 3,single,scale_1.0_rot_0_flip_0,0.9468315839767456,0.03884124755859375,0.014327160082757473
42,3,400 ppm 4 7,single,scale_1.0_rot_0_flip_0,0.4989675283432007,0.41089513897895813,0.09013734757900238
42,3,400 ppm 1 1,single,scale_1.0_rot_0_flip_0,0.8833346962928772,0.015439331531524658,0.10122599452733994
42,3,600 ppm 3 2,single,scale_1.0_rot_0_flip_0,0.5690011382102966,0.34680643677711487,0.08419245481491089
42,3,400 ppm 2 5,single,scale_1.0_rot_0_flip_0,0.792957603931427,0.15855053067207336,0.04849189519882202
42,3,800 ppm 2 10,single,scale_1.0_rot_0_flip_0,0.10349292308092117,0.06460660696029663,0.8319004774093628
42,3,400 ppm 2 6,single,scale_1.0_rot_0_flip_0,0.46312662959098816,0.32939332723617554,0.2074800282716751
42,3,400 ppm 2 2,single,scale_1.0_rot_0_flip_0,0.8775365352630615,0.08293057233095169,0.0395328588783741
42,3,800 ppm 1 3,single,scale_1.0_rot_0_flip_0,0.16635985672473907,0.6681143641471863,0.16552576422691345
42,3,400 ppm 5 7,single,scale_1.0_rot_0_flip_0,0.4014812111854553,0.2664741575717926,0.33204466104507446
42,3,1000 ppm 3 1,single,scale_1.0_rot_0_flip_0,0.38894766569137573,0.4556865990161896,0.1553657203912735
42,3,1000 ppm 2 9,single,scale_1.0_rot_0_flip_0,0.1218368262052536,0.5045730471611023,0.3735901117324829
42,3,1000 ppm 2 6,single,scale_1.0_rot_0_flip_0,0.1786275953054428,0.1853276938199997,0.6360447406768799
42,3,400 ppm 2 1,single,scale_1.0_rot_0_flip_0,0.6239510774612427,0.3176908493041992,0.05835806578397751
42,3,800 ppm 4 2,single,scale_1.0_rot_0_flip_0,0.07497027516365051,0.04713237285614014,0.8778973817825317
42,3,800 ppm 1 6,single,scale_1.0_rot_0_flip_0,0.205961212515831,0.5813032984733582,0.21273545920848846
42,3,800 ppm 4 3,single,scale_1.0_rot_0_flip_0,0.2749745845794678,0.6429991722106934,0.08202626556158066
42,3,1000 ppm 5 5,single,scale_1.0_rot_0_flip_0,0.08898336440324783,0.6194434762001038,0.291573166847229
42,3,600 ppm 5 6,single,scale_1.0_rot_0_flip_0,0.676209032535553,0.2387869954109192,0.08500396460294724
42,3,400 ppm 5 3,single,scale_1.0_rot_0_flip_0,0.4517854154109955,0.3755975365638733,0.17261700332164764
42,3,600 ppm 1 6,single,scale_1.0_rot_0_flip_0,0.2982681393623352,0.2833061218261719,0.41842570900917053
42,3,1000 ppm 1 6,single,scale_1.0_rot_0_flip_0,0.2555745244026184,0.2740202248096466,0.470405250787735
42,3,800 ppm 5 2,single,scale_1.0_rot_0_flip_0,0.10587143898010254,0.48421934247016907,0.4099091589450836
42,3,c 2,single,scale_1.0_rot_0_flip_0,0.909853994846344,0.05684328079223633,0.03330273926258087
42,3,800 ppm 2 2,single,scale_1.0_rot_0_flip_0,0.42567262053489685,0.25287702679634094,0.3214503228664398
42,3,400 ppm 5 9,single,scale_1.0_rot_0_flip_0,0.03743347153067589,0.5794681310653687,0.38309842348098755
42,3,400 ppm 2 8,single,scale_1.0_rot_0_flip_0,0.43930646777153015,0.3926927149295807,0.1680007427930832
42,3,400 ppm 1 4,single,scale_1.0_rot_0_flip_0,0.27407464385032654,0.24068188667297363,0.4852434992790222
42,3,1000 ppm 2 2,single,scale_1.0_rot_0_flip_0,0.6419548392295837,0.16500692069530487,0.193038210272789
42,3,400 ppm 5 6,d4,scale_1.0_rot_0_flip_0,0.7660481333732605,0.21719692647457123,0.01675490289926529
42,3,800 ppm 5 6,d4,scale_1.0_rot_0_flip_0,0.03738006576895714,0.2709387540817261,0.6916811466217041
42,3,800 ppm 1 8,d4,scale_1.0_rot_0_flip_0,0.5016815662384033,0.25858384370803833,0.23973461985588074
42,3,400 ppm 1 7,d4,scale_1.0_rot_0_flip_0,0.6192362904548645,0.21628914773464203,0.16447463631629944
42,3,400 ppm 3 8,d4,scale_1.0_rot_0_flip_0,0.8011904358863831,0.17921169102191925,0.019597835838794708
42,3,1000 ppm 4 10,d4,scale_1.0_rot_0_flip_0,0.20004403591156006,0.5537815093994141,0.24617449939250946
42,3,600 ppm 4 1,d4,scale_1.0_rot_0_flip_0,0.8203979134559631,0.09811992198228836,0.08148220181465149
42,3,400 ppm 4 2,d4,scale_1.0_rot_0_flip_0,0.304322212934494,0.18531472980976105,0.5103631019592285
42,3,1000 ppm 3 7,d4,scale_1.0_rot_0_flip_0,0.2892872095108032,0.6256778240203857,0.08503497391939163
42,3,800 ppm 4 1,d4,scale_1.0_rot_0_flip_0,0.17599789798259735,0.048261649906635284,0.7757404446601868
42,3,600 ppm 1 10,d4,scale_1.0_rot_0_flip_0,0.1770850270986557,0.23899517953395844,0.5839197635650635
42,3,400 ppm 5 4,d4,scale_1.0_rot_0_flip_0,0.48598238825798035,0.4905809164047241,0.023436643183231354
42,3,1000 ppm 1 10,d4,scale_1.0_rot_0_flip_0,0.04288341850042343,0.07686270773410797,0.8802538514137268
42,3,800 ppm 5 1,d4,scale_1.0_rot_0_flip_0,0.6997665762901306,0.2129371017217636,0.08729627728462219
42,3,1000 ppm 1 2,d4,scale_1.0_rot_0_flip_0,0.35682031512260437,0.5538365840911865,0.08934308588504791
42,3,800 ppm 4 10,d4,scale_1.0_rot_0_flip_0,0.6111445426940918,0.3114880621433258,0.07736741751432419
42,3,800 ppm 3 10,d4,scale_1.0_rot_0_flip_0,0.7110439538955688,0.24449533224105835,0.04446070268750191
42,3,600 ppm 4 2,d4,scale_1.0_rot_0_flip_0,0.2924869656562805,0.4557148814201355,0.2517981231212616
42,3,600 ppm 5 9,d4,scale_1.0_rot_0_flip_0,0.29797008633613586,0.23807595670223236,0.46395403146743774
42,3,600 ppm 4 3,d4,scale_1.0_rot_0_flip_0,0.5741106271743774,0.1524459421634674,0.2734433710575104
42,3,600 ppm 2 3,d4,scale_1.0_rot_0_flip_0,0.21756315231323242,0.23596657812595367,0.5464703440666199
42,3,400 ppm 1 8,d4,scale_1.0_rot_0_flip_0,0.23971891403198242,0.2852749824523926,0.475006103515625
42,3,800 ppm 2 6,d4,scale_1.0_rot_0_flip_0,0.3392275869846344,0.36924874782562256,0.29152366518974304
42,3,400 ppm 3 3,d4,scale_1.0_rot_0_flip_0,0.9468315839767456,0.03884124755859375,0.014327160082757473
42,3,400 ppm 4 7,d4,scale_1.0_rot_0_flip_0,0.4989675283432007,0.41089513897895813,0.09013734757900238
42,3,400 ppm 1 1,d4,scale_1.0_rot_0_flip_0,0.8833346962928772,0.015439331531524658,0.10122599452733994
42,3,600 ppm 3 2,d4,scale_1.0_rot_0_flip_0,0.5690011382102966,0.34680643677711487,0.08419245481491089
42,3,400 ppm 2 5,d4,scale_1.0_rot_0_flip_0,0.792957603931427,0.15855053067207336,0.04849189519882202
42,3,800 ppm 2 10,d4,scale_1.0_rot_0_flip_0,0.10349292308092117,0.06460660696029663,0.8319004774093628
42,3,400 ppm 2 6,d4,scale_1.0_rot_0_flip_0,0.46312662959098816,0.32939332723617554,0.2074800282716751
42,3,400 ppm 2 2,d4,scale_1.0_rot_0_flip_0,0.8775365352630615,0.08293057233095169,0.0395328588783741
42,3,800 ppm 1 3,d4,scale_1.0_rot_0_flip_0,0.16635985672473907,0.6681143641471863,0.16552576422691345
42,3,400 ppm 5 7,d4,scale_1.0_rot_0_flip_0,0.4014812111854553,0.2664741575717926,0.33204466104507446
42,3,1000 ppm 3 1,d4,scale_1.0_rot_0_flip_0,0.38894766569137573,0.4556865990161896,0.1553657203912735
42,3,1000 ppm 2 9,d4,scale_1.0_rot_0_flip_0,0.1218368262052536,0.5045730471611023,0.3735901117324829
42,3,1000 ppm 2 6,d4,scale_1.0_rot_0_flip_0,0.1786275953054428,0.1853276938199997,0.6360447406768799
42,3,400 ppm 2 1,d4,scale_1.0_rot_0_flip_0,0.6239510774612427,0.3176908493041992,0.05835806578397751
42,3,800 ppm 4 2,d4,scale_1.0_rot_0_flip_0,0.07497027516365051,0.04713237285614014,0.8778973817825317
42,3,800 ppm 1 6,d4,scale_1.0_rot_0_flip_0,0.205961212515831,0.5813032984733582,0.21273545920848846
42,3,800 ppm 4 3,d4,scale_1.0_rot_0_flip_0,0.2749745845794678,0.6429991722106934,0.08202626556158066
42,3,1000 ppm 5 5,d4,scale_1.0_rot_0_flip_0,0.08898336440324783,0.6194434762001038,0.291573166847229
42,3,600 ppm 5 6,d4,scale_1.0_rot_0_flip_0,0.676209032535553,0.2387869954109192,0.08500396460294724
42,3,400 ppm 5 3,d4,scale_1.0_rot_0_flip_0,0.4517854154109955,0.3755975365638733,0.17261700332164764
42,3,600 ppm 1 6,d4,scale_1.0_rot_0_flip_0,0.2982681393623352,0.2833061218261719,0.41842570900917053
42,3,1000 ppm 1 6,d4,scale_1.0_rot_0_flip_0,0.2555745244026184,0.2740202248096466,0.470405250787735
42,3,800 ppm 5 2,d4,scale_1.0_rot_0_flip_0,0.10587143898010254,0.48421934247016907,0.4099091589450836
42,3,c 2,d4,scale_1.0_rot_0_flip_0,0.909853994846344,0.05684328079223633,0.03330273926258087
42,3,800 ppm 2 2,d4,scale_1.0_rot_0_flip_0,0.42567262053489685,0.25287702679634094,0.3214503228664398
42,3,400 ppm 5 9,d4,scale_1.0_rot_0_flip_0,0.03743347153067589,0.5794681310653687,0.38309842348098755
42,3,400 ppm 2 8,d4,scale_1.0_rot_0_flip_0,0.43930646777153015,0.3926927149295807,0.1680007427930832
42,3,400 ppm 1 4,d4,scale_1.0_rot_0_flip_0,0.27407464385032654,0.24068188667297363,0.4852434992790222
42,3,1000 ppm 2 2,d4,scale_1.0_rot_0_flip_0,0.6419548392295837,0.16500692069530487,0.193038210272789
42,3,400 ppm 5 6,d4,scale_1.0_rot_0_flip_1,0.7700904607772827,0.22018706798553467,0.00972242746502161
42,3,800 ppm 5 6,d4,scale_1.0_rot_0_flip_1,0.03779441490769386,0.2991146743297577,0.6630909442901611
42,3,800 ppm 1 8,d4,scale_1.0_rot_0_flip_1,0.6004936695098877,0.21991661190986633,0.17958970367908478
42,3,400 ppm 1 7,d4,scale_1.0_rot_0_flip_1,0.5981714725494385,0.23600415885448456,0.16582433879375458
42,3,400 ppm 3 8,d4,scale_1.0_rot_0_flip_1,0.7830369472503662,0.20029452443122864,0.016668546944856644
42,3,1000 ppm 4 10,d4,scale_1.0_rot_0_flip_1,0.20050135254859924,0.6118077039718628,0.18769094347953796
42,3,600 ppm 4 1,d4,scale_1.0_rot_0_flip_1,0.7338049411773682,0.10409172624349594,0.1621033251285553
42,3,400 ppm 4 2,d4,scale_1.0_rot_0_flip_1,0.4788096845149994,0.18053746223449707,0.34065282344818115
42,3,1000 ppm 3 7,d4,scale_1.0_rot_0_flip_1,0.28536632657051086,0.6481544375419617,0.06647926568984985
42,3,800 ppm 4 1,d4,scale_1.0_rot_0_flip_1,0.09093454480171204,0.016373949125409126,0.892691433429718
42,3,600 ppm 1 10,d4,scale_1.0_rot_0_flip_1,0.1227043941617012,0.19573646783828735,0.681559145450592
42,3,400 ppm 5 4,d4,scale_1.0_rot_0_flip_1,0.5958899259567261,0.3639175295829773,0.04019252210855484
42,3,1000 ppm 1 10,d4,scale_1.0_rot_0_flip_1,0.016414904966950417,0.03935791552066803,0.9442270994186401
42,3,800 ppm 5 1,d4,scale_1.0_rot_0_flip_1,0.5334777235984802,0.32441598176956177,0.142106294631958
42,3,1000 ppm 1 2,d4,scale_1.0_rot_0_flip_1,0.22937263548374176,0.6676816940307617,0.10294568538665771
42,3,800 ppm 4 10,d4,scale_1.0_rot_0_flip_1,0.6465902924537659,0.26389580965042114,0.0895138829946518
42,3,800 ppm 3 10,d4,scale_1.0_rot_0_flip_1,0.6974697113037109,0.24598637223243713,0.05654390528798103
42,3,600 ppm 4 2,d4,scale_1.0_rot_0_flip_1,0.36062970757484436,0.40074118971824646,0.2386290580034256
42,3,600 ppm 5 9,d4,scale_1.0_rot_0_flip_1,0.2710650861263275,0.16578374803066254,0.5631511211395264
42,3,600 ppm 4 3,d4,scale_1.0_rot_0_flip_1,0.6277161836624146,0.13009627163410187,0.24218754470348358
42,3,600 ppm 2 3,d4,scale_1.0_rot_0_flip_1,0.1843361109495163,0.1746271252632141,0.6410367488861084
42,3,400 ppm 1 8,d4,scale_1.0_rot_0_flip_1,0.3041166663169861,0.22303897142410278,0.47284436225891113
42,3,800 ppm 2 6,d4,scale_1.0_rot_0_flip_1,0.3054092228412628,0.43772566318511963,0.25686508417129517
42,3,400 ppm 3 3,d4,scale_1.0_rot_0_flip_1,0.9074259996414185,0.07862789183855057,0.013946019113063812
42,3,400 ppm 4 7,d4,scale_1.0_rot_0_flip_1,0.5622583031654358,0.3485136330127716,0.08922810852527618
42,3,400 ppm 1 1,d4,scale_1.0_rot_0_flip_1,0.8672175407409668,0.01850709319114685,0.11427542567253113
42,3,600 ppm 3 2,d4,scale_1.0_rot_0_flip_1,0.5630208253860474,0.37946227192878723,0.05751693248748779
42,3,400 ppm 2 5,d4,scale_1.0_rot_0_flip_1,0.7276683449745178,0.19542314112186432,0.07690852880477905
42,3,800 ppm 2 10,d4,scale_1.0_rot_0_flip_1,0.13561226427555084,0.07704261690378189,0.7873451113700867
42,3,400 ppm 2 6,d4,scale_1.0_rot_0_flip_1,0.48490166664123535,0.3392285406589508,0.17586980760097504
42,3,400 ppm 2 2,d4,scale_1.0_rot_0_flip_1,0.8565197587013245,0.09616554528474808,0.047314710915088654
42,3,800 ppm 1 3,d4,scale_1.0_rot_0_flip_1,0.16423846781253815,0.6610206365585327,0.17474086582660675
42,3,400 ppm 5 7,d4,scale_1.0_rot_0_flip_1,0.31698524951934814,0.295427531003952,0.3875872492790222
42,3,1000 ppm 3 1,d4,scale_1.0_rot_0_flip_1,0.4357556700706482,0.4600284695625305,0.1042158454656601
42,3,1000 ppm 2 9,d4,scale_1.0_rot_0_flip_1,0.2705419361591339,0.43439000844955444,0.29506808519363403
42,3,1000 ppm 2 6,d4,scale_1.0_rot_0_flip_1,0.16546498239040375,0.19625814259052277,0.6382768750190735
42,3,400 ppm 2 1,d4,scale_1.0_rot_0_flip_1,0.5214939117431641,0.41643109917640686,0.06207497417926788
42,3,800 ppm 4 2,d4,scale_1.0_rot_0_flip_1,0.06277422606945038,0.055459920316934586,0.8817657828330994
42,3,800 ppm 1 6,d4,scale_1.0_rot_0_flip_1,0.19501212239265442,0.5696114301681519,0.23537643253803253
42,3,800 ppm 4 3,d4,scale_1.0_rot_0_flip_1,0.35414358973503113,0.5647602677345276,0.0810961127281189
42,3,1000 ppm 5 5,d4,scale_1.0_rot_0_flip_1,0.10262742638587952,0.6160808801651001,0.2812916338443756
42,3,600 ppm 5 6,d4,scale_1.0_rot_0_flip_1,0.5830687880516052,0.3122582733631134,0.10467294603586197
42,3,400 ppm 5 3,d4,scale_1.0_rot_0_flip_1,0.3972571790218353,0.44709113240242004,0.15565170347690582
42,3,600 ppm 1 6,d4,scale_1.0_rot_0_flip_1,0.2159254550933838,0.2037612497806549,0.5803133249282837
42,3,1000 ppm 1 6,d4,scale_1.0_rot_0_flip_1,0.2990604043006897,0.35183796286582947,0.34910163283348083
42,3,800 ppm 5 2,d4,scale_1.0_rot_0_flip_1,0.09437199681997299,0.41705819964408875,0.4885697662830353
42,3,c 2,d4,scale_1.0_rot_0_flip_1,0.8648643493652344,0.06456062197685242,0.07057500630617142
42,3,800 ppm 2 2,d4,scale_1.0_rot_0_flip_1,0.45525437593460083,0.2553977072238922,0.28934788703918457
42,3,400 ppm 5 9,d4,scale_1.0_rot_0_flip_1,0.027882028371095657,0.4728996753692627,0.49921825528144836
42,3,400 ppm 2 8,d4,scale_1.0_rot_0_flip_1,0.3849487006664276,0.48204344511032104,0.13300780951976776
42,3,400 ppm 1 4,d4,scale_1.0_rot_0_flip_1,0.2649195194244385,0.23448431491851807,0.5005961656570435
42,3,1000 ppm 2 2,d4,scale_1.0_rot_0_flip_1,0.6297125220298767,0.20407550036907196,0.1662120223045349
42,3,400 ppm 5 6,d4,scale_1.0_rot_90_flip_0,0.49797630310058594,0.47893714904785156,0.023086531087756157
42,3,800 ppm 5 6,d4,scale_1.0_rot_90_flip_0,0.030756039544939995,0.24766187369823456,0.7215820550918579
42,3,800 ppm 1 8,d4,scale_1.0_rot_90_flip_0,0.3594572842121124,0.476267546415329,0.164275124669075
42,3,400 ppm 1 7,d4,scale_1.0_rot_90_flip_0,0.5249742269515991,0.3172886371612549,0.1577371209859848
42,3,400 ppm 3 8,d4,scale_1.0_rot_90_flip_0,0.681742787361145,0.2712770402431488,0.0469801165163517
42,3,1000 ppm 4 10,d4,scale_1.0_rot_90_flip_0,0.183766707777977,0.5973937511444092,0.21883955597877502
42,3,600 ppm 4 1,d4,scale_1.0_rot_90_flip_0,0.7222859859466553,0.16252043843269348,0.11519355326890945
42,3,400 ppm 4 2,d4,scale_1.0_rot_90_flip_0,0.38932347297668457,0.24697521328926086,0.3637012541294098
42,3,1000 ppm 3 7,d4,scale_1.0_rot_90_flip_0,0.1415555775165558,0.8096467852592468,0.048797622323036194
42,3,800 ppm 4 1,d4,scale_1.0_rot_90_flip_0,0.05164996162056923,0.014614858664572239,0.933735191822052
42,3,600 ppm 1 10,d4,scale_1.0_rot_90_flip_0,0.2188936471939087,0.29111912846565247,0.48998725414276123
42,3,400 ppm 5 4,d4,scale_1.0_rot_90_flip_0,0.5007149577140808,0.4722921848297119,0.026992851868271828
42,3,1000 ppm 1 10,d4,scale_1.0_rot_90_flip_0,0.013213696889579296,0.054408542811870575,0.9323777556419373
42,3,800 ppm 5 1,d4,scale_1.0_rot_90_flip_0,0.5301209688186646,0.269562691450119,0.20031628012657166
42,3,1000 ppm 1 2,d4,scale_1.0_rot_90_flip_0,0.18775641918182373,0.6672143936157227,0.1450292021036148
42,3,800 ppm 4 10,d4,scale_1.0_rot_90_flip_0,0.6624497771263123,0.27492132782936096,0.06262893229722977
42,3,800 ppm 3 10,d4,scale_1.0_rot_90_flip_0,0.38892215490341187,0.5538208484649658,0.05725705251097679
42,3,600 ppm 4 2,d4,scale_1.0_rot_90_flip_0,0.1660344898700714,0.5849193334579468,0.249046191573143
42,3,600 ppm 5 9,d4,scale_1.0_rot_90_flip_0,0.2284407764673233,0.19241538643836975,0.5791438817977905
42,3,600 ppm 4 3,d4,scale_1.0_rot_90_flip_0,0.7260966897010803,0.12543663382530212,0.14846669137477875
42,3,600 ppm 2 3,d4,scale_1.0_rot_90_flip_0,0.18854469060897827,0.2170589119195938,0.5943964719772339
42,3,400 ppm 1 8,d4,scale_1.0_rot_90_flip_0,0.28821808099746704,0.16971199214458466,0.5420699119567871
42,3,800 ppm 2 6,d4,scale_1.0_rot_90_flip_0,0.2907028794288635,0.265848845243454,0.4434483051300049
42,3,400 ppm 3 3,d4,scale_1.0_rot_90_flip_0,0.9364115595817566,0.05211713910102844,0.011471281759440899
42,3,400 ppm 4 7,d4,scale_1.0_rot_90_flip_0,0.7554510235786438,0.2168232649564743,0.027725689113140106
42,3,400 ppm 1 1,d4,scale_1.0_rot_90_flip_0,0.8830541372299194,0.02826833538711071,0.0886775404214859
42,3,600 ppm 3 2,d4,scale_1.0_rot_90_flip_0,0.30507761240005493,0.5592136979103088,0.13570868968963623
42,3,400 ppm 2 5,d4,scale_1.0_rot_90_flip_0,0.7444950342178345,0.2114505022764206,0.04405452311038971
42,3,800 ppm 2 10,d4,scale_1.0_rot_90_flip_0,0.11574868857860565,0.06854785233736038,0.8157034516334534
42,3,400 ppm 2 6,d4,scale_1.0_rot_90_flip_0,0.5986425876617432,0.2588023245334625,0.14255505800247192
42,3,400 ppm 2 2,d4,scale_1.0_rot_90_flip_0,0.86679607629776,0.09833944588899612,0.03486457094550133
42,3,800 ppm 1 3,d4,scale_1.0_rot_90_flip_0,0.15757860243320465,0.7425830364227295,0.09983835369348526
42,3,400 ppm 5 7,d4,scale_1.0_rot_90_flip_0,0.36784055829048157,0.40136513113975525,0.230794295668602
42,3,1000 ppm 3 1,d4,scale_1.0_rot_90_flip_0,0.2686898708343506,0.5650714635848999,0.1662386655807495
42,3,1000 ppm 2 9,d4,scale_1.0_rot_90_flip_0,0.09573135524988174,0.710798442363739,0.19347022473812103
42,3,1000 ppm 2 6,d4,scale_1.0_rot_90_flip_0,0.13816982507705688,0.13663314282894135,0.7251970171928406
42,3,400 ppm 2 1,d4,scale_1.0_rot_90_flip_0,0.48600417375564575,0.4943147301673889,0.019681058824062347
42,3,800 ppm 4 2,d4,scale_1.0_rot_90_flip_0,0.06183740496635437,0.07205424457788467,0.8661084175109863
42,3,800 ppm 1 6,d4,scale_1.0_rot_90_flip_0,0.2539615035057068,0.3917485773563385,0.35428985953330994
42,3,800 ppm 4 3,d4,scale_1.0_rot_90_flip_0,0.4182226359844208,0.46060818433761597,0.12116917967796326
42,3,1000 ppm 5 5,d4,scale_1.0_rot_90_flip_0,0.11083942651748657,0.5598098039627075,0.3293507993221283
42,3,600 ppm 5 6,d4,scale_1.0_rot_90_flip_0,0.4260205924510956,0.34476783871650696,0.22921156883239746
42,3,400 ppm 5 3,d4,scale_1.0_rot_90_flip_0,0.654783308506012,0.23353926837444305,0.11167740076780319
42,3,600 ppm 1 6,d4,scale_1.0_rot_90_flip_0,0.11723516881465912,0.34791839122772217,0.5348464846611023
42,3,1000 ppm 1 6,d4,scale_1.0_rot_90_flip_0,0.19992107152938843,0.3897780179977417,0.4103009104728699
42,3,800 ppm 5 2,d4,scale_1.0_rot_90_flip_0,0.0973111093044281,0.5339494347572327,0.36873942613601685
42,3,c 2,d4,scale_1.0_rot_90_flip_0,0.8233262896537781,0.13381433486938477,0.042859457433223724
42,3,800 ppm 2 2,d4,scale_1.0_rot_90_flip_0,0.6638444662094116,0.19437175989151,0.14178380370140076
42,3,400 ppm 5 9,d4,scale_1.0_rot_90_flip_0,0.03797794505953789,0.4683355391025543,0.4936865270137787
42,3,400 ppm 2 8,d4,scale_1.0_rot_90_flip_0,0.4216685891151428,0.402648389339447,0.17568297684192657
42,3,400 ppm 1 4,d4,scale_1.0_rot_90_flip_0,0.35145696997642517,0.29895883798599243,0.34958416223526
42,3,1000 ppm 2 2,d4,scale_1.0_rot_90_flip_0,0.7109335660934448,0.1901344209909439,0.09893202781677246
42,3,400 ppm 5 6,d4,scale_1.0_rot_90_flip_1,0.6080445647239685,0.37083980441093445,0.02111559733748436
42,3,800 ppm 5 6,d4,scale_1.0_rot_90_flip_1,0.02515431120991707,0.22879964113235474,0.7460461258888245
42,3,800 ppm 1 8,d4,scale_1.0_rot_90_flip_1,0.40381118655204773,0.3608657717704773,0.23532304167747498
42,3,400 ppm 1 7,d4,scale_1.0_rot_90_flip_1,0.5445695519447327,0.3146263659000397,0.14080415666103363
42,3,400 ppm 3 8,d4,scale_1.0_rot_90_flip_1,0.7479586005210876,0.20955346524715424,0.04248788580298424
42,3,1000 ppm 4 10,d4,scale_1.0_rot_90_flip_1,0.15936720371246338,0.47299137711524963,0.367641419172287
42,3,600 ppm 4 1,d4,scale_1.0_rot_90_flip_1,0.7434918880462646,0.1805342584848404,0.07597384601831436
42,3,400 ppm 4 2,d4,scale_1.0_rot_90_flip_1,0.5096121430397034,0.22060398757457733,0.2697839140892029
42,3,1000 ppm 3 7,d4,scale_1.0_rot_90_flip_1,0.21623341739177704,0.72718346118927,0.05658310651779175
42,3,800 ppm 4 1,d4,scale_1.0_rot_90_flip_1,0.05381869152188301,0.018861830234527588,0.9273194670677185
42,3,600 ppm 1 10,d4,scale_1.0_rot_90_flip_1,0.3543407618999481,0.2653037905693054,0.38035547733306885
42,3,400 ppm 5 4,d4,scale_1.0_rot_90_flip_1,0.5904731154441833,0.37518110871315,0.03434578329324722
42,3,1000 ppm 1 10,d4,scale_1.0_rot_90_flip_1,0.009661808609962463,0.03882433474063873,0.9515138268470764
42,3,800 ppm 5 1,d4,scale_1.0_rot_90_flip_1,0.5551838874816895,0.31094592809677124,0.1338701993227005
42,3,1000 ppm 1 2,d4,scale_1.0_rot_90_flip_1,0.30364251136779785,0.6007029414176941,0.09565452486276627
42,3,800 ppm 4 10,d4,scale_1.0_rot_90_flip_1,0.7404608130455017,0.19191016256809235,0.06762907654047012
42,3,800 ppm 3 10,d4,scale_1.0_rot_90_flip_1,0.3639746308326721,0.5817315578460693,0.05429381877183914
42,3,600 ppm 4 2,d4,scale_1.0_rot_90_flip_1,0.18312641978263855,0.4744415283203125,0.3424321413040161
42,3,600 ppm 5 9,d4,scale_1.0_rot_90_flip_1,0.18116213381290436,0.21908091008663177,0.5997568964958191
42,3,600 ppm 4 3,d4,scale_1.0_rot_90_flip_1,0.6838607788085938,0.1112358346581459,0.20490340888500214
42,3,600 ppm 2 3,d4,scale_1.0_rot_90_flip_1,0.18864911794662476,0.20486542582511902,0.6064854264259338
42,3,400 ppm 1 8,d4,scale_1.0_rot_90_flip_1,0.4582297205924988,0.20094507932662964,0.34082522988319397
42,3,800 ppm 2 6,d4,scale_1.0_rot_90_flip_1,0.23833012580871582,0.34822967648506165,0.4134402275085449
42,3,400 ppm 3 3,d4,scale_1.0_rot_90_flip_1,0.9167302250862122,0.06797166168689728,0.015298104844987392
42,3,400 ppm 4 7,d4,scale_1.0_rot_90_flip_1,0.6851465106010437,0.2826451361179352,0.032208360731601715
42,3,400 ppm 1 1,d4,scale_1.0_rot_90_flip_1,0.936985194683075,0.016461877152323723,0.04655294865369797
42,3,600 ppm 3 2,d4,scale_1.0_rot_90_flip_1,0.31179678440093994,0.5541839599609375,0.13401928544044495
42,3,400 ppm 2 5,d4,scale_1.0_rot_90_flip_1,0.7281925678253174,0.22287248075008392,0.048934951424598694
42,3,800 ppm 2 10,d4,scale_1.0_rot_90_flip_1,0.12501367926597595,0.07142731547355652,0.8035589456558228
42,3,400 ppm 2 6,d4,scale_1.0_rot_90_flip_1,0.555992066860199,0.31541675329208374,0.1285911202430725
42,3,400 ppm 2 2,d4,scale_1.0_rot_90_flip_1,0.8946305513381958,0.06649287045001984,0.038876596838235855
42,3,800 ppm 1 3,d4,scale_1.0_rot_90_flip_1,0.1974811553955078,0.7234159708023071,0.07910287380218506
42,3,400 ppm 5 7,d4,scale_1.0_rot_90_flip_1,0.3395967483520508,0.4306119382381439,0.22979134321212769
42,3,1000 ppm 3 1,d4,scale_1.0_rot_90_flip_1,0.33973342180252075,0.468283087015152,0.1919834017753601
42,3,1000 ppm 2 9,d4,scale_1.0_rot_90_flip_1,0.08471011370420456,0.7361505031585693,0.1791394054889679
42,3,1000 ppm 2 6,d4,scale_1.0_rot_90_flip_1,0.1256236881017685,0.09325149655342102,0.7811248302459717
42,3,400 ppm 2 1,d4,scale_1.0_rot_90_flip_1,0.438287615776062,0.5393721461296082,0.022340280935168266
42,3,800 ppm 4 2,d4,scale_1.0_rot_90_flip_1,0.10916972160339355,0.11527260392904282,0.7755576968193054
42,3,800 ppm 1 6,d4,scale_1.0_rot_90_flip_1,0.442396342754364,0.2980436086654663,0.2595600485801697
42,3,800 ppm 4 3,d4,scale_1.0_rot_90_flip_1,0.44884192943573,0.3970792889595032,0.15407882630825043
42,3,1000 ppm 5 5,d4,scale_1.0_rot_90_flip_1,0.12973710894584656,0.5759789347648621,0.294283926486969
42,3,600 ppm 5 6,d4,scale_1.0_rot_90_flip_1,0.4697413444519043,0.3645574450492859,0.16570119559764862
42,3,400 ppm 5 3,d4,scale_1.0_rot_90_flip_1,0.5640619993209839,0.28189989924430847,0.15403808653354645
42,3,600 ppm 1 6,d4,scale_1.0_rot_90_flip_1,0.07013072818517685,0.37944296002388,0.5504263639450073
42,3,1000 ppm 1 6,d4,scale_1.0_rot_90_flip_1,0.2435867339372635,0.4600509703159332,0.29636234045028687
42,3,800 ppm 5 2,d4,scale_1.0_rot_90_flip_1,0.07752282917499542,0.556361198425293,0.3661159574985504
42,3,c 2,d4,scale_1.0_rot_90_flip_1,0.8768065571784973,0.09246032685041428,0.030733121559023857
42,3,800 ppm 2 2,d4,scale_1.0_rot_90_flip_1,0.7243600487709045,0.15195722877979279,0.1236826628446579
42,3,400 ppm 5 9,d4,scale_1.0_rot_90_flip_1,0.023364489898085594,0.5474849343299866,0.42915061116218567
42,3,400 ppm 2 8,d4,scale_1.0_rot_90_flip_1,0.5491578578948975,0.33335551619529724,0.1174866110086441
42,3,400 ppm 1 4,d4,scale_1.0_rot_90_flip_1,0.4033943712711334,0.26933807134628296,0.3272675573825836
42,3,1000 ppm 2 2,d4,scale_1.0_rot_90_flip_1,0.7376300692558289,0.1703406274318695,0.09202931076288223
42,3,400 ppm 5 6,d4,scale_1.0_rot_180_flip_0,0.6382874846458435,0.35369619727134705,0.008016285486519337
42,3,800 ppm 5 6,d4,scale_1.0_rot_180_flip_0,0.014792854897677898,0.15976282954216003,0.8254443407058716
42,3,800 ppm 1 8,d4,scale_1.0_rot_180_flip_0,0.4459279775619507,0.2807306945323944,0.2733413279056549
42,3,400 ppm 1 7,d4,scale_1.0_rot_180_flip_0,0.6034291386604309,0.2027151733636856,0.19385570287704468
42,3,400 ppm 3 8,d4,scale_1.0_rot_180_flip_0,0.6861793398857117,0.27446219325065613,0.039358556270599365
42,3,1000 ppm 4 10,d4,scale_1.0_rot_180_flip_0,0.08905748277902603,0.6073451042175293,0.3035973906517029
42,3,600 ppm 4 1,d4,scale_1.0_rot_180_flip_0,0.7465186715126038,0.15614350140094757,0.09733779728412628
42,3,400 ppm 4 2,d4,scale_1.0_rot_180_flip_0,0.4539118707180023,0.14765030145645142,0.39843788743019104
42,3,1000 ppm 3 7,d4,scale_1.0_rot_180_flip_0,0.2066664695739746,0.7573639750480652,0.03596958518028259
42,3,800 ppm 4 1,d4,scale_1.0_rot_180_flip_0,0.19535356760025024,0.09429315477609634,0.7103532552719116
42,3,600 ppm 1 10,d4,scale_1.0_rot_180_flip_0,0.10794869065284729,0.16644200682640076,0.725609302520752
42,3,400 ppm 5 4,d4,scale_1.0_rot_180_flip_0,0.6901769638061523,0.26941388845443726,0.040409233421087265
42,3,1000 ppm 1 10,d4,scale_1.0_rot_180_flip_0,0.0070549133233726025,0.03628972917795181,0.9566553831100464
42,3,800 ppm 5 1,d4,scale_1.0_rot_180_flip_0,0.5086578726768494,0.3195975124835968,0.17174462974071503
42,3,1000 ppm 1 2,d4,scale_1.0_rot_180_flip_0,0.24307671189308167,0.594809353351593,0.16211393475532532
42,3,800 ppm 4 10,d4,scale_1.0_rot_180_flip_0,0.6442408561706543,0.3016005754470825,0.0541585274040699
42,3,800 ppm 3 10,d4,scale_1.0_rot_180_flip_0,0.5501909852027893,0.38884374499320984,0.060965292155742645
42,3,600 ppm 4 2,d4,scale_1.0_rot_180_flip_0,0.416948527097702,0.3805171251296997,0.20253434777259827
42,3,600 ppm 5 9,d4,scale_1.0_rot_180_flip_0,0.15218667685985565,0.14739882946014404,0.7004144787788391
42,3,600 ppm 4 3,d4,scale_1.0_rot_180_flip_0,0.7048410177230835,0.13103696703910828,0.16412204504013062
42,3,600 ppm 2 3,d4,scale_1.0_rot_180_flip_0,0.1438344269990921,0.25948622822761536,0.5966792702674866
42,3,400 ppm 1 8,d4,scale_1.0_rot_180_flip_0,0.31292515993118286,0.129105806350708,0.5579690337181091
42,3,800 ppm 2 6,d4,scale_1.0_rot_180_flip_0,0.2813025414943695,0.30220338702201843,0.41649407148361206
42,3,400 ppm 3 3,d4,scale_1.0_rot_180_flip_0,0.9023905396461487,0.07521441578865051,0.02239507995545864
42,3,400 ppm 4 7,d4,scale_1.0_rot_180_flip_0,0.4774155914783478,0.44917234778404236,0.07341205328702927
42,3,400 ppm 1 1,d4,scale_1.0_rot_180_flip_0,0.9077401161193848,0.010329077951610088,0.08193079382181168
42,3,600 ppm 3 2,d4,scale_1.0_rot_180_flip_0,0.5880959033966064,0.3390113115310669,0.07289277762174606
42,3,400 ppm 2 5,d4,scale_1.0_rot_180_flip_0,0.682671308517456,0.273928701877594,0.04339998587965965
42,3,800 ppm 2 10,d4,scale_1.0_rot_180_flip_0,0.051233988255262375,0.10783126950263977,0.8409348130226135
42,3,400 ppm 2 6,d4,scale_1.0_rot_180_flip_0,0.5050933361053467,0.28893521428108215,0.20597141981124878
42,3,400 ppm 2 2,d4,scale_1.0_rot_180_flip_0,0.7867470383644104,0.16527298092842102,0.04797995835542679
42,3,800 ppm 1 3,d4,scale_1.0_rot_180_flip_0,0.21561658382415771,0.59831303358078,0.18607038259506226
42,3,400 ppm 5 7,d4,scale_1.0_rot_180_flip_0,0.27712830901145935,0.2734989821910858,0.4493727385997772
42,3,1000 ppm 3 1,d4,scale_1.0_rot_180_flip_0,0.5038317441940308,0.3708886206150055,0.12527960538864136
42,3,1000 ppm 2 9,d4,scale_1.0_rot_180_flip_0,0.15442359447479248,0.454992413520813,0.39058393239974976
42,3,1000 ppm 2 6,d4,scale_1.0_rot_180_flip_0,0.1061844602227211,0.17559568583965302,0.7182198166847229
42,3,400 ppm 2 1,d4,scale_1.0_rot_180_flip_0,0.46484681963920593,0.5001932978630066,0.034959904849529266
42,3,800 ppm 4 2,d4,scale_1.0_rot_180_flip_0,0.07130667567253113,0.07208871841430664,0.8566045761108398
42,3,800 ppm 1 6,d4,scale_1.0_rot_180_flip_0,0.3595380187034607,0.48187294602394104,0.15858910977840424
42,3,800 ppm 4 3,d4,scale_1.0_rot_180_flip_0,0.14142468571662903,0.793768048286438,0.06480730324983597
42,3,1000 ppm 5 5,d4,scale_1.0_rot_180_flip_0,0.09918232262134552,0.668985903263092,0.23183174431324005
42,3,600 ppm 5 6,d4,scale_1.0_rot_180_flip_0,0.4637322723865509,0.27969053387641907,0.25657719373703003
42,3,400 ppm 5 3,d4,scale_1.0_rot_180_flip_0,0.4816626012325287,0.38899603486061096,0.12934137880802155
42,3,600 ppm 1 6,d4,scale_1.0_rot_180_flip_0,0.1151101216673851,0.18739405274391174,0.6974958777427673
42,3,1000 ppm 1 6,d4,scale_1.0_rot_180_flip_0,0.26635533571243286,0.32264548540115356,0.4109991490840912
42,3,800 ppm 5 2,d4,scale_1.0_rot_180_flip_0,0.0929257869720459,0.42423444986343384,0.48283976316452026
42,3,c 2,d4,scale_1.0_rot_180_flip_0,0.899807870388031,0.04986300319433212,0.05032917112112045
42,3,800 ppm 2 2,d4,scale_1.0_rot_180_flip_0,0.39247632026672363,0.17076876759529114,0.43675488233566284
42,3,400 ppm 5 9,d4,scale_1.0_rot_180_flip_0,0.02655789628624916,0.36481988430023193,0.6086221933364868
42,3,400 ppm 2 8,d4,scale_1.0_rot_180_flip_0,0.46051254868507385,0.34454458951950073,0.19494281709194183
42,3,400 ppm 1 4,d4,scale_1.0_rot_180_flip_0,0.18932412564754486,0.32576850056648254,0.484907329082489
42,3,1000 ppm 2 2,d4,scale_1.0_rot_180_flip_0,0.5881056785583496,0.2534398138523102,0.1584545224905014
42,3,400 ppm 5 6,d4,scale_1.0_rot_180_flip_1,0.687383234500885,0.2954886555671692,0.017128072679042816
42,3,800 ppm 5 6,d4,scale_1.0_rot_180_flip_1,0.017241472378373146,0.13629314303398132,0.8464653491973877
42,3,800 ppm 1 8,d4,scale_1.0_rot_180_flip_1,0.3943977355957031,0.30404746532440186,0.301554799079895
42,3,400 ppm 1 7,d4,scale_1.0_rot_180_flip_1,0.6404927372932434,0.21477624773979187,0.14473098516464233
42,3,400 ppm 3 8,d4,scale_1.0_rot_180_flip_1,0.7343385219573975,0.22406475245952606,0.041596729308366776
42,3,1000 ppm 4 10,d4,scale_1.0_rot_180_flip_1,0.1561564803123474,0.541214644908905,0.30262887477874756
42,3,600 ppm 4 1,d4,scale_1.0_rot_180_flip_1,0.7668280601501465,0.12215925008058548,0.11101273447275162
42,3,400 ppm 4 2,d4,scale_1.0_rot_180_flip_1,0.4665702283382416,0.16307032108306885,0.37035953998565674
42,3,1000 ppm 3 7,d4,scale_1.0_rot_180_flip_1,0.286912739276886,0.6605430245399475,0.0525442473590374
42,3,800 ppm 4 1,d4,scale_1.0_rot_180_flip_1,0.22259826958179474,0.06123873218894005,0.7161629796028137
42,3,600 ppm 1 10,d4,scale_1.0_rot_180_flip_1,0.14395950734615326,0.19265659153461456,0.6633839011192322
42,3,400 ppm 5 4,d4,scale_1.0_rot_180_flip_1,0.6588718891143799,0.3110751807689667,0.030052943155169487
42,3,1000 ppm 1 10,d4,scale_1.0_rot_180_flip_1,0.008550580590963364,0.04859525337815285,0.942854106426239
42,3,800 ppm 5 1,d4,scale_1.0_rot_180_flip_1,0.5350232124328613,0.353939950466156,0.11103684455156326
42,3,1000 ppm 1 2,d4,scale_1.0_rot_180_flip_1,0.321533203125,0.5101386308670044,0.1683281809091568
42,3,800 ppm 4 10,d4,scale_1.0_rot_180_flip_1,0.664821445941925,0.27462905645370483,0.06054942309856415
42,3,800 ppm 3 10,d4,scale_1.0_rot_180_flip_1,0.614601731300354,0.3205285966396332,0.064869724214077
42,3,600 ppm 4 2,d4,scale_1.0_rot_180_flip_1,0.22691860795021057,0.4678391218185425,0.3052423298358917
42,3,600 ppm 5 9,d4,scale_1.0_rot_180_flip_1,0.1501310169696808,0.1701255440711975,0.6797434687614441
42,3,600 ppm 4 3,d4,scale_1.0_rot_180_flip_1,0.5891417264938354,0.14203904569149017,0.26881924271583557
42,3,600 ppm 2 3,d4,scale_1.0_rot_180_flip_1,0.17432403564453125,0.21689151227474213,0.6087844371795654
42,3,400 ppm 1 8,d4,scale_1.0_rot_180_flip_1,0.33157339692115784,0.1351589858531952,0.533267617225647
42,3,800 ppm 2 6,d4,scale_1.0_rot_180_flip_1,0.2361888736486435,0.4207150638103485,0.3430960774421692
42,3,400 ppm 3 3,d4,scale_1.0_rot_180_flip_1,0.905725359916687,0.07738667726516724,0.01688792183995247
42,3,400 ppm 4 7,d4,scale_1.0_rot_180_flip_1,0.410332053899765,0.4847531020641327,0.10491485148668289
42,3,400 ppm 1 1,d4,scale_1.0_rot_180_flip_1,0.8765995502471924,0.014606363140046597,0.10879417508840561
42,3,600 ppm 3 2,d4,scale_1.0_rot_180_flip_1,0.5968196988105774,0.3237748444080353,0.07940539717674255
42,3,400 ppm 2 5,d4,scale_1.0_rot_180_flip_1,0.5994667410850525,0.3476123809814453,0.05292091891169548
42,3,800 ppm 2 10,d4,scale_1.0_rot_180_flip_1,0.053369976580142975,0.1066192090511322,0.8400108814239502
42,3,400 ppm 2 6,d4,scale_1.0_rot_180_flip_1,0.5324894785881042,0.27257177233695984,0.1949387639760971
42,3,400 ppm 2 2,d4,scale_1.0_rot_180_flip_1,0.8300420045852661,0.14331713318824768,0.026640847325325012
42,3,800 ppm 1 3,d4,scale_1.0_rot_180_flip_1,0.21886737644672394,0.6270362138748169,0.15409637987613678
42,3,400 ppm 5 7,d4,scale_1.0_rot_180_flip_1,0.23634400963783264,0.2694278657436371,0.4942280650138855
42,3,1000 ppm 3 1,d4,scale_1.0_rot_180_flip_1,0.4746193289756775,0.4364722669124603,0.0889083594083786
42,3,1000 ppm 2 9,d4,scale_1.0_rot_180_flip_1,0.15491750836372375,0.5581813454627991,0.2869011461734772
42,3,1000 ppm 2 6,d4,scale_1.0_rot_180_flip_1,0.14833799004554749,0.17254306375980377,0.6791189312934875
42,3,400 ppm 2 1,d4,scale_1.0_rot_180_flip_1,0.5583584308624268,0.4140629172325134,0.027578696608543396
42,3,800 ppm 4 2,d4,scale_1.0_rot_180_flip_1,0.09953495115041733,0.07133984565734863,0.8291252255439758
42,3,800 ppm 1 6,d4,scale_1.0_rot_180_flip_1,0.2127915471792221,0.4874187409877777,0.299789696931839
42,3,800 ppm 4 3,d4,scale_1.0_rot_180_flip_1,0.1889267861843109,0.757039487361908,0.05403366684913635
42,3,1000 ppm 5 5,d4,scale_1.0_rot_180_flip_1,0.06386274099349976,0.6717581152915955,0.2643791735172272
42,3,600 ppm 5 6,d4,scale_1.0_rot_180_flip_1,0.4922232925891876,0.25512295961380005,0.25265371799468994
42,3,400 ppm 5 3,d4,scale_1.0_rot_180_flip_1,0.5162076354026794,0.3648144602775574,0.11897791177034378
42,3,600 ppm 1 6,d4,scale_1.0_rot_180_flip_1,0.127924382686615,0.24453066289424896,0.6275449395179749
42,3,1000 ppm 1 6,d4,scale_1.0_rot_180_flip_1,0.35272204875946045,0.26856768131256104,0.3787102699279785
42,3,800 ppm 5 2,d4,scale_1.0_rot_180_flip_1,0.10852386802434921,0.40108928084373474,0.49038681387901306
42,3,c 2,d4,scale_1.0_rot_180_flip_1,0.8763921856880188,0.06436730921268463,0.05924050509929657
42,3,800 ppm 2 2,d4,scale_1.0_rot_180_flip_1,0.7036126852035522,0.11707520484924316,0.17931216955184937
42,3,400 ppm 5 9,d4,scale_1.0_rot_180_flip_1,0.02032249979674816,0.4714861214160919,0.5081914067268372
42,3,400 ppm 2 8,d4,scale_1.0_rot_180_flip_1,0.5575172901153564,0.27338579297065735,0.1690969616174698
42,3,400 ppm 1 4,d4,scale_1.0_rot_180_flip_1,0.2818734645843506,0.42856937646865845,0.2895571291446686
42,3,1000 ppm 2 2,d4,scale_1.0_rot_180_flip_1,0.619448184967041,0.21193933486938477,0.1686125099658966
42,3,400 ppm 5 6,d4,scale_1.0_rot_270_flip_0,0.6237537860870361,0.342816561460495,0.0334295816719532
42,3,800 ppm 5 6,d4,scale_1.0_rot_270_flip_0,0.021724531427025795,0.11816936731338501,0.8601061105728149
42,3,800 ppm 1 8,d4,scale_1.0_rot_270_flip_0,0.48895078897476196,0.26456958055496216,0.24647964537143707
42,3,400 ppm 1 7,d4,scale_1.0_rot_270_flip_0,0.3702806532382965,0.39372876286506653,0.23599056899547577
42,3,400 ppm 3 8,d4,scale_1.0_rot_270_flip_0,0.7342606782913208,0.22434616088867188,0.0413932129740715
42,3,1000 ppm 4 10,d4,scale_1.0_rot_270_flip_0,0.16379965841770172,0.6175099015235901,0.2186904400587082
42,3,600 ppm 4 1,d4,scale_1.0_rot_270_flip_0,0.7646377086639404,0.19601736962795258,0.03934486582875252
42,3,400 ppm 4 2,d4,scale_1.0_rot_270_flip_0,0.32575881481170654,0.35240253806114197,0.3218386173248291
42,3,1000 ppm 3 7,d4,scale_1.0_rot_270_flip_0,0.21368207037448883,0.7184705138206482,0.06784743815660477
42,3,800 ppm 4 1,d4,scale_1.0_rot_270_flip_0,0.059758830815553665,0.007513370830565691,0.9327278137207031
42,3,600 ppm 1 10,d4,scale_1.0_rot_270_flip_0,0.28070124983787537,0.1580195426940918,0.5612791776657104
42,3,400 ppm 5 4,d4,scale_1.0_rot_270_flip_0,0.4769640862941742,0.46080461144447327,0.06223132833838463
42,3,1000 ppm 1 10,d4,scale_1.0_rot_270_flip_0,0.018133075907826424,0.05433321371674538,0.927533745765686
42,3,800 ppm 5 1,d4,scale_1.0_rot_270_flip_0,0.5737317204475403,0.29363778233528137,0.13263051211833954
42,3,1000 ppm 1 2,d4,scale_1.0_rot_270_flip_0,0.28199222683906555,0.6046082973480225,0.1133994534611702
42,3,800 ppm 4 10,d4,scale_1.0_rot_270_flip_0,0.6052578091621399,0.349660724401474,0.04508154094219208
42,3,800 ppm 3 10,d4,scale_1.0_rot_270_flip_0,0.5234634876251221,0.42373666167259216,0.05279983952641487
42,3,600 ppm 4 2,d4,scale_1.0_rot_270_flip_0,0.30162855982780457,0.3952621817588806,0.3031092882156372
42,3,600 ppm 5 9,d4,scale_1.0_rot_270_flip_0,0.10384780913591385,0.0752493143081665,0.8209028840065002
42,3,600 ppm 4 3,d4,scale_1.0_rot_270_flip_0,0.7244178056716919,0.08632132411003113,0.18926091492176056
42,3,600 ppm 2 3,d4,scale_1.0_rot_270_flip_0,0.2385181039571762,0.3716139793395996,0.3898679316043854
42,3,400 ppm 1 8,d4,scale_1.0_rot_270_flip_0,0.35650768876075745,0.20189303159713745,0.4415992498397827
42,3,800 ppm 2 6,d4,scale_1.0_rot_270_flip_0,0.2812635004520416,0.2950064241886139,0.4237300455570221
42,3,400 ppm 3 3,d4,scale_1.0_rot_270_flip_0,0.913253903388977,0.0670042634010315,0.01974184811115265
42,3,400 ppm 4 7,d4,scale_1.0_rot_270_flip_0,0.5212865471839905,0.44175034761428833,0.03696309030056
42,3,400 ppm 1 1,d4,scale_1.0_rot_270_flip_0,0.8865059614181519,0.01915714517235756,0.09433691203594208
42,3,600 ppm 3 2,d4,scale_1.0_rot_270_flip_0,0.4656226933002472,0.46475961804389954,0.06961768120527267
42,3,400 ppm 2 5,d4,scale_1.0_rot_270_flip_0,0.6853367686271667,0.2120915651321411,0.10257165133953094
42,3,800 ppm 2 10,d4,scale_1.0_rot_270_flip_0,0.1442941576242447,0.1253117322921753,0.7303940653800964
42,3,400 ppm 2 6,d4,scale_1.0_rot_270_flip_0,0.5546993613243103,0.2877718210220337,0.1575288027524948
42,3,400 ppm 2 2,d4,scale_1.0_rot_270_flip_0,0.9294344782829285,0.04845190793275833,0.02211356908082962
42,3,800 ppm 1 3,d4,scale_1.0_rot_270_flip_0,0.14247572422027588,0.6766914129257202,0.18083283305168152
42,3,400 ppm 5 7,d4,scale_1.0_rot_270_flip_0,0.484340101480484,0.27814051508903503,0.23751936852931976
42,3,1000 ppm 3 1,d4,scale_1.0_rot_270_flip_0,0.321012943983078,0.5650826692581177,0.11390433460474014
42,3,1000 ppm 2 9,d4,scale_1.0_rot_270_flip_0,0.06510712951421738,0.6155399680137634,0.3193528652191162
42,3,1000 ppm 2 6,d4,scale_1.0_rot_270_flip_0,0.11335612088441849,0.15386523306369781,0.7327787280082703
42,3,400 ppm 2 1,d4,scale_1.0_rot_270_flip_0,0.39089396595954895,0.574235737323761,0.034870319068431854
42,3,800 ppm 4 2,d4,scale_1.0_rot_270_flip_0,0.08298667520284653,0.07994876056909561,0.8370645642280579
42,3,800 ppm 1 6,d4,scale_1.0_rot_270_flip_0,0.3641323745250702,0.49106884002685547,0.14479875564575195
42,3,800 ppm 4 3,d4,scale_1.0_rot_270_flip_0,0.4366014897823334,0.4022192358970642,0.16117925941944122
42,3,1000 ppm 5 5,d4,scale_1.0_rot_270_flip_0,0.1426704078912735,0.6275769472122192,0.2297525703907013
42,3,600 ppm 5 6,d4,scale_1.0_rot_270_flip_0,0.41961175203323364,0.38808152079582214,0.19230665266513824
42,3,400 ppm 5 3,d4,scale_1.0_rot_270_flip_0,0.7549110651016235,0.17949947714805603,0.06558946520090103
42,3,600 ppm 1 6,d4,scale_1.0_rot_270_flip_0,0.12301498651504517,0.40168237686157227,0.47530269622802734
42,3,1000 ppm 1 6,d4,scale_1.0_rot_270_flip_0,0.3829405605792999,0.22186903655529022,0.39519044756889343
42,3,800 ppm 5 2,d4,scale_1.0_rot_270_flip_0,0.09366661310195923,0.502051055431366,0.4042823314666748
42,3,c 2,d4,scale_1.0_rot_270_flip_0,0.8964953422546387,0.07733649015426636,0.02616817317903042
42,3,800 ppm 2 2,d4,scale_1.0_rot_270_flip_0,0.5678547620773315,0.21578004956245422,0.21636518836021423
42,3,400 ppm 5 9,d4,scale_1.0_rot_270_flip_0,0.01938399113714695,0.44642773270606995,0.5341882705688477
42,3,400 ppm 2 8,d4,scale_1.0_rot_270_flip_0,0.49984532594680786,0.3456211984157562,0.1545334756374359
42,3,400 ppm 1 4,d4,scale_1.0_rot_270_flip_0,0.14230114221572876,0.3344721496105194,0.5232267379760742
42,3,1000 ppm 2 2,d4,scale_1.0_rot_270_flip_0,0.7564974427223206,0.17062950134277344,0.07287304848432541
42,3,400 ppm 5 6,d4,scale_1.0_rot_270_flip_1,0.5937643051147461,0.3776146471500397,0.028621096163988113
42,3,800 ppm 5 6,d4,scale_1.0_rot_270_flip_1,0.026409128680825233,0.20827387273311615,0.7653170228004456
42,3,800 ppm 1 8,d4,scale_1.0_rot_270_flip_1,0.3644363284111023,0.3492007255554199,0.2863629162311554
42,3,400 ppm 1 7,d4,scale_1.0_rot_270_flip_1,0.46121126413345337,0.3288770914077759,0.20991167426109314
42,3,400 ppm 3 8,d4,scale_1.0_rot_270_flip_1,0.7916221022605896,0.16695520281791687,0.04142265021800995
42,3,1000 ppm 4 10,d4,scale_1.0_rot_270_flip_1,0.13556364178657532,0.5947796702384949,0.2696567475795746
42,3,600 ppm 4 1,d4,scale_1.0_rot_270_flip_1,0.6647379994392395,0.2741188108921051,0.061143212020397186
42,3,400 ppm 4 2,d4,scale_1.0_rot_270_flip_1,0.4104250967502594,0.23705512285232544,0.35251981019973755
42,3,1000 ppm 3 7,d4,scale_1.0_rot_270_flip_1,0.17891232669353485,0.764009952545166,0.05707764998078346
42,3,800 ppm 4 1,d4,scale_1.0_rot_270_flip_1,0.07964155077934265,0.008090428076684475,0.9122679829597473
42,3,600 ppm 1 10,d4,scale_1.0_rot_270_flip_1,0.17219693958759308,0.17541976273059845,0.6523832678794861
42,3,400 ppm 5 4,d4,scale_1.0_rot_270_flip_1,0.6511190533638,0.27692291140556335,0.0719580128788948
42,3,1000 ppm 1 10,d4,scale_1.0_rot_270_flip_1,0.01647372357547283,0.046649836003780365,0.9368764162063599
42,3,800 ppm 5 1,d4,scale_1.0_rot_270_flip_1,0.60117506980896,0.2978873550891876,0.10093764960765839
42,3,1000 ppm 1 2,d4,scale_1.0_rot_270_flip_1,0.16321994364261627,0.7085334658622742,0.12824662029743195
42,3,800 ppm 4 10,d4,scale_1.0_rot_270_flip_1,0.6706671118736267,0.2616066038608551,0.06772619485855103
42,3,800 ppm 3 10,d4,scale_1.0_rot_270_flip_1,0.5651273727416992,0.40182194113731384,0.03305068612098694
42,3,600 ppm 4 2,d4,scale_1.0_rot_270_flip_1,0.23937050998210907,0.40645378828048706,0.35417574644088745
42,3,600 ppm 5 9,d4,scale_1.0_rot_270_flip_1,0.23802268505096436,0.13772252202033997,0.6242548227310181
42,3,600 ppm 4 3,d4,scale_1.0_rot_270_flip_1,0.7419386506080627,0.09083788841962814,0.16722336411476135
42,3,600 ppm 2 3,d4,scale_1.0_rot_270_flip_1,0.1763681322336197,0.2608417868614197,0.5627901554107666
42,3,400 ppm 1 8,d4,scale_1.0_rot_270_flip_1,0.4289994537830353,0.16422751545906067,0.40677303075790405
42,3,800 ppm 2 6,d4,scale_1.0_rot_270_flip_1,0.22897294163703918,0.30265647172927856,0.468370646238327
42,3,400 ppm 3 3,d4,scale_1.0_rot_270_flip_1,0.9207513332366943,0.0640469416975975,0.015201693400740623
42,3,400 ppm 4 7,d4,scale_1.0_rot_270_flip_1,0.5850359201431274,0.3764829933643341,0.03848109021782875
42,3,400 ppm 1 1,d4,scale_1.0_rot_270_flip_1,0.9097501635551453,0.01888507977128029,0.07136481255292892
42,3,600 ppm 3 2,d4,scale_1.0_rot_270_flip_1,0.4016619622707367,0.4984452426433563,0.09989283233880997
42,3,400 ppm 2 5,d4,scale_1.0_rot_270_flip_1,0.7047379016876221,0.18760550022125244,0.10765665024518967
42,3,800 ppm 2 10,d4,scale_1.0_rot_270_flip_1,0.12797369062900543,0.10591748356819153,0.7661088109016418
42,3,400 ppm 2 6,d4,scale_1.0_rot_270_flip_1,0.5463684797286987,0.31506869196891785,0.13856291770935059
42,3,400 ppm 2 2,d4,scale_1.0_rot_270_flip_1,0.9132183194160461,0.05579220876097679,0.03098943643271923
42,3,800 ppm 1 3,d4,scale_1.0_rot_270_flip_1,0.10771610587835312,0.6954997777938843,0.19678406417369843
42,3,400 ppm 5 7,d4,scale_1.0_rot_270_flip_1,0.4683244526386261,0.36721470952033997,0.16446080803871155
42,3,1000 ppm 3 1,d4,scale_1.0_rot_270_flip_1,0.2368432730436325,0.646971583366394,0.11618512868881226
42,3,1000 ppm 2 9,d4,scale_1.0_rot_270_flip_1,0.05735974386334419,0.6748402118682861,0.26780006289482117
42,3,1000 ppm 2 6,d4,scale_1.0_rot_270_flip_1,0.08486796170473099,0.09760461002588272,0.8175274133682251
42,3,400 ppm 2 1,d4,scale_1.0_rot_270_flip_1,0.536369800567627,0.4413817822933197,0.022248486056923866
42,3,800 ppm 4 2,d4,scale_1.0_rot_270_flip_1,0.07199458032846451,0.10089985281229019,0.8271055817604065
42,3,800 ppm 1 6,d4,scale_1.0_rot_270_flip_1,0.2674584686756134,0.518498420715332,0.21404311060905457
42,3,800 ppm 4 3,d4,scale_1.0_rot_270_flip_1,0.37439385056495667,0.5080976486206055,0.11750851571559906
42,3,1000 ppm 5 5,d4,scale_1.0_rot_270_flip_1,0.15207354724407196,0.5198416113853455,0.3280848264694214
42,3,600 ppm 5 6,d4,scale_1.0_rot_270_flip_1,0.31633344292640686,0.4114495813846588,0.2722169756889343
42,3,400 ppm 5 3,d4,scale_1.0_rot_270_flip_1,0.6671651601791382,0.2450425773859024,0.08779224008321762
42,3,600 ppm 1 6,d4,scale_1.0_rot_270_flip_1,0.10916507989168167,0.4462979733943939,0.44453686475753784
42,3,1000 ppm 1 6,d4,scale_1.0_rot_270_flip_1,0.21836425364017487,0.2331843078136444,0.5484514832496643
42,3,800 ppm 5 2,d4,scale_1.0_rot_270_flip_1,0.08321326225996017,0.5392389297485352,0.37754783034324646
42,3,c 2,d4,scale_1.0_rot_270_flip_1,0.9041584134101868,0.07501457631587982,0.020826974883675575
42,3,800 ppm 2 2,d4,scale_1.0_rot_270_flip_1,0.6156352162361145,0.18195787072181702,0.2024068832397461
42,3,400 ppm 5 9,d4,scale_1.0_rot_270_flip_1,0.029412556439638138,0.39298805594444275,0.5775994062423706
42,3,400 ppm 2 8,d4,scale_1.0_rot_270_flip_1,0.4747527241706848,0.3387817144393921,0.18646551668643951
42,3,400 ppm 1 4,d4,scale_1.0_rot_270_flip_1,0.13666920363903046,0.34743016958236694,0.5159006118774414
42,3,1000 ppm 2 2,d4,scale_1.0_rot_270_flip_1,0.7233269810676575,0.19076508283615112,0.08590786904096603
42,4,1000 ppm 1 3,single,scale_1.0_rot_0_flip_0,0.09501625597476959,0.29718726873397827,0.6077964901924133
42,4,400 ppm 4 6,single,scale_1.0_rot_0_flip_0,0.3160824477672577,0.5387593507766724,0.14515821635723114
42,4,600 ppm 3 1,single,scale_1.0_rot_0_flip_0,0.24402518570423126,0.388515442609787,0.36745935678482056
42,4,400 ppm 3 5,single,scale_1.0_rot_0_flip_0,0.4286666214466095,0.4055025279521942,0.16583091020584106
42,4,c 10,single,scale_1.0_rot_0_flip_0,0.7934980988502502,0.14911863207817078,0.05738331750035286
42,4,400 ppm 1 2,single,scale_1.0_rot_0_flip_0,0.165719673037529,0.48154088854789734,0.35273945331573486
42,4,800 ppm 2 4,single,scale_1.0_rot_0_flip_0,0.10483712702989578,0.8630375266075134,0.03212537243962288
42,4,800 ppm 5 4,single,scale_1.0_rot_0_flip_0,0.21719610691070557,0.409371554851532,0.37343230843544006
42,4,1000 ppm 1 4,single,scale_1.0_rot_0_flip_0,0.06358003616333008,0.4481368958950043,0.4882829785346985
42,4,1000 ppm 4 2,single,scale_1.0_rot_0_flip_0,0.350583016872406,0.19266466796398163,0.45675235986709595
42,4,400 ppm 2 3,single,scale_1.0_rot_0_flip_0,0.2398030310869217,0.7223002314567566,0.037896715104579926
42,4,600 ppm 1 3,single,scale_1.0_rot_0_flip_0,0.15096202492713928,0.7358489632606506,0.11318902671337128
42,4,400 ppm 5 5,single,scale_1.0_rot_0_flip_0,0.2304026186466217,0.12583164870738983,0.6437657475471497
42,4,800 ppm 3 7,single,scale_1.0_rot_0_flip_0,0.1586284041404724,0.37904030084609985,0.46233123540878296
42,4,400 ppm 1 9,single,scale_1.0_rot_0_flip_0,0.3685747981071472,0.3733389973640442,0.2580861747264862
42,4,800 ppm 5 3,single,scale_1.0_rot_0_flip_0,0.04349469766020775,0.5597192049026489,0.396786093711853
42,4,800 ppm 3 6,single,scale_1.0_rot_0_flip_0,0.3666876256465912,0.46218377351760864,0.17112863063812256
42,4,1000 ppm 4 8,single,scale_1.0_rot_0_flip_0,0.015504117123782635,0.12709113955497742,0.8574047684669495
42,4,800 ppm 4 8,single,scale_1.0_rot_0_flip_0,0.42660096287727356,0.388759046792984,0.18463996052742004
42,4,400 ppm 4 9,single,scale_1.0_rot_0_flip_0,0.11086410284042358,0.41861119866371155,0.4705246686935425
42,4,c 7,single,scale_1.0_rot_0_flip_0,0.7485736608505249,0.18688836693763733,0.06453797966241837
42,4,800 ppm 1 5,single,scale_1.0_rot_0_flip_0,0.07429073005914688,0.45719850063323975,0.46851080656051636
42,4,600 ppm 2 7,single,scale_1.0_rot_0_flip_0,0.16596147418022156,0.1363985240459442,0.697640061378479
42,4,600 ppm 1 7,single,scale_1.0_rot_0_flip_0,0.444406658411026,0.46149981021881104,0.09409359842538834
42,4,1000 ppm 3 6,single,scale_1.0_rot_0_flip_0,0.14399968087673187,0.26036566495895386,0.5956346988677979
42,4,1000 ppm 1 9,single,scale_1.0_rot_0_flip_0,0.05418408289551735,0.11208710819482803,0.8337287902832031
42,4,800 ppm 2 7,single,scale_1.0_rot_0_flip_0,0.007086186204105616,0.1552221029996872,0.8376917243003845
42,4,800 ppm 3 2,single,scale_1.0_rot_0_flip_0,0.25130826234817505,0.5705643892288208,0.17812737822532654
42,4,1000 ppm 4 6,single,scale_1.0_rot_0_flip_0,0.11933449655771255,0.14299704134464264,0.7376684546470642
42,4,600 ppm 1 4,single,scale_1.0_rot_0_flip_0,0.1351509392261505,0.8255248665809631,0.039324164390563965
42,4,600 ppm 3 10,single,scale_1.0_rot_0_flip_0,0.3765392005443573,0.5652341842651367,0.05822663754224777
42,4,600 ppm 5 8,single,scale_1.0_rot_0_flip_0,0.2608479857444763,0.725066602230072,0.014085420407354832
42,4,c 5,single,scale_1.0_rot_0_flip_0,0.43784645199775696,0.42443329095840454,0.1377202272415161
42,4,600 ppm 3 9,single,scale_1.0_rot_0_flip_0,0.7276321649551392,0.2437461018562317,0.02862178161740303
42,4,1000 ppm 5 10,single,scale_1.0_rot_0_flip_0,0.04072074219584465,0.35583001375198364,0.6034492254257202
42,4,600 ppm 5 1,single,scale_1.0_rot_0_flip_0,0.763504147529602,0.2027100920677185,0.03378577530384064
42,4,600 ppm 1 1,single,scale_1.0_rot_0_flip_0,0.44138845801353455,0.46328598260879517,0.09532550722360611
42,4,800 ppm 5 10,single,scale_1.0_rot_0_flip_0,0.6276786923408508,0.2873706519603729,0.08495066314935684
42,4,400 ppm 4 5,single,scale_1.0_rot_0_flip_0,0.3827650547027588,0.5576042532920837,0.05963069945573807
42,4,600 ppm 3 8,single,scale_1.0_rot_0_flip_0,0.20764386653900146,0.5866652131080627,0.20569093525409698
42,4,800 ppm 3 8,single,scale_1.0_rot_0_flip_0,0.5235927700996399,0.4521056115627289,0.024301627650856972
42,4,1000 ppm 5 6,single,scale_1.0_rot_0_flip_0,0.11449752002954483,0.421832412481308,0.4636700451374054
42,4,600 ppm 4 8,single,scale_1.0_rot_0_flip_0,0.09677228331565857,0.5330070853233337,0.3702206611633301
42,4,800 ppm 3 5,single,scale_1.0_rot_0_flip_0,0.6185914278030396,0.3267044126987457,0.05470413714647293
42,4,400 ppm 3 1,single,scale_1.0_rot_0_flip_0,0.7666532397270203,0.22098471224308014,0.012362033128738403
42,4,400 ppm 3 6,single,scale_1.0_rot_0_flip_0,0.7244134545326233,0.2274438440799713,0.048142753541469574
42,4,600 ppm 4 10,single,scale_1.0_rot_0_flip_0,0.43706488609313965,0.4371757209300995,0.12575936317443848
42,4,1000 ppm 4 1,single,scale_1.0_rot_0_flip_0,0.0577189177274704,0.24427463114261627,0.6980064511299133
42,4,400 ppm 4 10,single,scale_1.0_rot_0_flip_0,0.14772796630859375,0.7017226219177246,0.15054939687252045
42,4,600 ppm 3 3,single,scale_1.0_rot_0_flip_0,0.17081770300865173,0.4394635260105133,0.38971883058547974
42,4,400 ppm 3 4,single,scale_1.0_rot_0_flip_0,0.2226981669664383,0.5382114052772522,0.2390904575586319
42,4,1000 ppm 2 3,single,scale_1.0_rot_0_flip_0,0.34955033659935,0.5787466168403625,0.07170300930738449
42,4,1000 ppm 1 3,d4,scale_1.0_rot_0_flip_0,0.09501625597476959,0.29718726873397827,0.6077964901924133
42,4,400 ppm 4 6,d4,scale_1.0_rot_0_flip_0,0.3160824477672577,0.5387593507766724,0.14515821635723114
42,4,600 ppm 3 1,d4,scale_1.0_rot_0_flip_0,0.24402518570423126,0.388515442609787,0.36745935678482056
42,4,400 ppm 3 5,d4,scale_1.0_rot_0_flip_0,0.4286666214466095,0.4055025279521942,0.16583091020584106
42,4,c 10,d4,scale_1.0_rot_0_flip_0,0.7934980988502502,0.14911863207817078,0.05738331750035286
42,4,400 ppm 1 2,d4,scale_1.0_rot_0_flip_0,0.165719673037529,0.48154088854789734,0.35273945331573486
42,4,800 ppm 2 4,d4,scale_1.0_rot_0_flip_0,0.10483712702989578,0.8630375266075134,0.03212537243962288
42,4,800 ppm 5 4,d4,scale_1.0_rot_0_flip_0,0.21719610691070557,0.409371554851532,0.37343230843544006
42,4,1000 ppm 1 4,d4,scale_1.0_rot_0_flip_0,0.06358003616333008,0.4481368958950043,0.4882829785346985
42,4,1000 ppm 4 2,d4,scale_1.0_rot_0_flip_0,0.350583016872406,0.19266466796398163,0.45675235986709595
42,4,400 ppm 2 3,d4,scale_1.0_rot_0_flip_0,0.2398030310869217,0.7223002314567566,0.037896715104579926
42,4,600 ppm 1 3,d4,scale_1.0_rot_0_flip_0,0.15096202492713928,0.7358489632606506,0.11318902671337128
42,4,400 ppm 5 5,d4,scale_1.0_rot_0_flip_0,0.2304026186466217,0.12583164870738983,0.6437657475471497
42,4,800 ppm 3 7,d4,scale_1.0_rot_0_flip_0,0.1586284041404724,0.37904030084609985,0.46233123540878296
42,4,400 ppm 1 9,d4,scale_1.0_rot_0_flip_0,0.3685747981071472,0.3733389973640442,0.2580861747264862
42,4,800 ppm 5 3,d4,scale_1.0_rot_0_flip_0,0.04349469766020775,0.5597192049026489,0.396786093711853
42,4,800 ppm 3 6,d4,scale_1.0_rot_0_flip_0,0.3666876256465912,0.46218377351760864,0.17112863063812256
42,4,1000 ppm 4 8,d4,scale_1.0_rot_0_flip_0,0.015504117123782635,0.12709113955497742,0.8574047684669495
42,4,800 ppm 4 8,d4,scale_1.0_rot_0_flip_0,0.42660096287727356,0.388759046792984,0.18463996052742004
42,4,400 ppm 4 9,d4,scale_1.0_rot_0_flip_0,0.11086410284042358,0.41861119866371155,0.4705246686935425
42,4,c 7,d4,scale_1.0_rot_0_flip_0,0.7485736608505249,0.18688836693763733,0.06453797966241837
42,4,800 ppm 1 5,d4,scale_1.0_rot_0_flip_0,0.07429073005914688,0.45719850063323975,0.46851080656051636
42,4,600 ppm 2 7,d4,scale_1.0_rot_0_flip_0,0.16596147418022156,0.1363985240459442,0.697640061378479
42,4,600 ppm 1 7,d4,scale_1.0_rot_0_flip_0,0.444406658411026,0.46149981021881104,0.09409359842538834
42,4,1000 ppm 3 6,d4,scale_1.0_rot_0_flip_0,0.14399968087673187,0.26036566495895386,0.5956346988677979
42,4,1000 ppm 1 9,d4,scale_1.0_rot_0_flip_0,0.05418408289551735,0.11208710819482803,0.8337287902832031
42,4,800 ppm 2 7,d4,scale_1.0_rot_0_flip_0,0.007086186204105616,0.1552221029996872,0.8376917243003845
42,4,800 ppm 3 2,d4,scale_1.0_rot_0_flip_0,0.25130826234817505,0.5705643892288208,0.17812737822532654
42,4,1000 ppm 4 6,d4,scale_1.0_rot_0_flip_0,0.11933449655771255,0.14299704134464264,0.7376684546470642
42,4,600 ppm 1 4,d4,scale_1.0_rot_0_flip_0,0.1351509392261505,0.8255248665809631,0.039324164390563965
42,4,600 ppm 3 10,d4,scale_1.0_rot_0_flip_0,0.3765392005443573,0.5652341842651367,0.05822663754224777
42,4,600 ppm 5 8,d4,scale_1.0_rot_0_flip_0,0.2608479857444763,0.725066602230072,0.014085420407354832
42,4,c 5,d4,scale_1.0_rot_0_flip_0,0.43784645199775696,0.42443329095840454,0.1377202272415161
42,4,600 ppm 3 9,d4,scale_1.0_rot_0_flip_0,0.7276321649551392,0.2437461018562317,0.02862178161740303
42,4,1000 ppm 5 10,d4,scale_1.0_rot_0_flip_0,0.04072074219584465,0.35583001375198364,0.6034492254257202
42,4,600 ppm 5 1,d4,scale_1.0_rot_0_flip_0,0.763504147529602,0.2027100920677185,0.03378577530384064
42,4,600 ppm 1 1,d4,scale_1.0_rot_0_flip_0,0.44138845801353455,0.46328598260879517,0.09532550722360611
42,4,800 ppm 5 10,d4,scale_1.0_rot_0_flip_0,0.6276786923408508,0.2873706519603729,0.08495066314935684
42,4,400 ppm 4 5,d4,scale_1.0_rot_0_flip_0,0.3827650547027588,0.5576042532920837,0.05963069945573807
42,4,600 ppm 3 8,d4,scale_1.0_rot_0_flip_0,0.20764386653900146,0.5866652131080627,0.20569093525409698
42,4,800 ppm 3 8,d4,scale_1.0_rot_0_flip_0,0.5235927700996399,0.4521056115627289,0.024301627650856972
42,4,1000 ppm 5 6,d4,scale_1.0_rot_0_flip_0,0.11449752002954483,0.421832412481308,0.4636700451374054
42,4,600 ppm 4 8,d4,scale_1.0_rot_0_flip_0,0.09677228331565857,0.5330070853233337,0.3702206611633301
42,4,800 ppm 3 5,d4,scale_1.0_rot_0_flip_0,0.6185914278030396,0.3267044126987457,0.05470413714647293
42,4,400 ppm 3 1,d4,scale_1.0_rot_0_flip_0,0.7666532397270203,0.22098471224308014,0.012362033128738403
42,4,400 ppm 3 6,d4,scale_1.0_rot_0_flip_0,0.7244134545326233,0.2274438440799713,0.048142753541469574
42,4,600 ppm 4 10,d4,scale_1.0_rot_0_flip_0,0.43706488609313965,0.4371757209300995,0.12575936317443848
42,4,1000 ppm 4 1,d4,scale_1.0_rot_0_flip_0,0.0577189177274704,0.24427463114261627,0.6980064511299133
42,4,400 ppm 4 10,d4,scale_1.0_rot_0_flip_0,0.14772796630859375,0.7017226219177246,0.15054939687252045
42,4,600 ppm 3 3,d4,scale_1.0_rot_0_flip_0,0.17081770300865173,0.4394635260105133,0.38971883058547974
42,4,400 ppm 3 4,d4,scale_1.0_rot_0_flip_0,0.2226981669664383,0.5382114052772522,0.2390904575586319
42,4,1000 ppm 2 3,d4,scale_1.0_rot_0_flip_0,0.34955033659935,0.5787466168403625,0.07170300930738449
42,4,1000 ppm 1 3,d4,scale_1.0_rot_0_flip_1,0.04862239584326744,0.19604697823524475,0.7553306221961975
42,4,400 ppm 4 6,d4,scale_1.0_rot_0_flip_1,0.3789604604244232,0.47118282318115234,0.14985674619674683
42,4,600 ppm 3 1,d4,scale_1.0_rot_0_flip_1,0.24801528453826904,0.41069555282592773,0.3412891626358032
42,4,400 ppm 3 5,d4,scale_1.0_rot_0_flip_1,0.48225390911102295,0.340925395488739,0.17682066559791565
42,4,c 10,d4,scale_1.0_rot_0_flip_1,0.8333727717399597,0.13695046305656433,0.029676800593733788
42,4,400 ppm 1 2,d4,scale_1.0_rot_0_flip_1,0.1326083093881607,0.4913623631000519,0.37602928280830383
42,4,800 ppm 2 4,d4,scale_1.0_rot_0_flip_1,0.08076615631580353,0.8851181268692017,0.03411570191383362
42,4,800 ppm 5 4,d4,scale_1.0_rot_0_flip_1,0.23711565136909485,0.4381624162197113,0.32472193241119385
42,4,1000 ppm 1 4,d4,scale_1.0_rot_0_flip_1,0.040996797382831573,0.38182780146598816,0.5771754384040833
42,4,1000 ppm 4 2,d4,scale_1.0_rot_0_flip_1,0.24701519310474396,0.25093260407447815,0.5020521879196167
42,4,400 ppm 2 3,d4,scale_1.0_rot_0_flip_1,0.15739725530147552,0.7805304527282715,0.06207229942083359
42,4,600 ppm 1 3,d4,scale_1.0_rot_0_flip_1,0.1386447697877884,0.7581474781036377,0.10320766270160675
42,4,400 ppm 5 5,d4,scale_1.0_rot_0_flip_1,0.3333573043346405,0.13043113052845,0.5362116098403931
42,4,800 ppm 3 7,d4,scale_1.0_rot_0_flip_1,0.1427096426486969,0.33822953701019287,0.5190608501434326
42,4,400 ppm 1 9,d4,scale_1.0_rot_0_flip_1,0.2978740334510803,0.30863967537879944,0.393486350774765
42,4,800 ppm 5 3,d4,scale_1.0_rot_0_flip_1,0.025121720507740974,0.48180335760116577,0.493074893951416
42,4,800 ppm 3 6,d4,scale_1.0_rot_0_flip_1,0.3363318145275116,0.4324391186237335,0.23122911155223846
42,4,1000 ppm 4 8,d4,scale_1.0_rot_0_flip_1,0.012577638030052185,0.1245788037776947,0.8628436326980591
42,4,800 ppm 4 8,d4,scale_1.0_rot_0_flip_1,0.4648345708847046,0.3160252571105957,0.2191402167081833
42,4,400 ppm 4 9,d4,scale_1.0_rot_0_flip_1,0.07622847706079483,0.4664187431335449,0.4573528468608856
42,4,c 7,d4,scale_1.0_rot_0_flip_1,0.7352898716926575,0.1793365478515625,0.0853736400604248
42,4,800 ppm 1 5,d4,scale_1.0_rot_0_flip_1,0.07517877966165543,0.43906334042549133,0.4857579171657562
42,4,600 ppm 2 7,d4,scale_1.0_rot_0_flip_1,0.15372571349143982,0.16546402871608734,0.680810272693634
42,4,600 ppm 1 7,d4,scale_1.0_rot_0_flip_1,0.37914589047431946,0.5178433060646057,0.10301075875759125
42,4,1000 ppm 3 6,d4,scale_1.0_rot_0_flip_1,0.20600733160972595,0.2656135857105255,0.5283790230751038
42,4,1000 ppm 1 9,d4,scale_1.0_rot_0_flip_1,0.062056828290224075,0.16250739991664886,0.7754358053207397
42,4,800 ppm 2 7,d4,scale_1.0_rot_0_flip_1,0.009196517057716846,0.1961437165737152,0.7946597337722778
42,4,800 ppm 3 2,d4,scale_1.0_rot_0_flip_1,0.24605239927768707,0.5815356373786926,0.1724119484424591
42,4,1000 ppm 4 6,d4,scale_1.0_rot_0_flip_1,0.19013790786266327,0.2213939130306244,0.5884681940078735
42,4,600 ppm 1 4,d4,scale_1.0_rot_0_flip_1,0.1429675966501236,0.8072989583015442,0.049733445048332214
42,4,600 ppm 3 10,d4,scale_1.0_rot_0_flip_1,0.34638673067092896,0.5604325532913208,0.09318067878484726
42,4,600 ppm 5 8,d4,scale_1.0_rot_0_flip_1,0.24343526363372803,0.7414899468421936,0.015074742957949638
42,4,c 5,d4,scale_1.0_rot_0_flip_1,0.3922819197177887,0.47718191146850586,0.13053613901138306
42,4,600 ppm 3 9,d4,scale_1.0_rot_0_flip_1,0.7378259897232056,0.23506644368171692,0.02710753120481968
42,4,1000 ppm 5 10,d4,scale_1.0_rot_0_flip_1,0.05603668838739395,0.23356154561042786,0.7104017734527588
42,4,600 ppm 5 1,d4,scale_1.0_rot_0_flip_1,0.8471925854682922,0.12806284427642822,0.0247445497661829
42,4,600 ppm 1 1,d4,scale_1.0_rot_0_flip_1,0.41441208124160767,0.5053057670593262,0.08028214424848557
42,4,800 ppm 5 10,d4,scale_1.0_rot_0_flip_1,0.5507108569145203,0.3463541269302368,0.10293511301279068
42,4,400 ppm 4 5,d4,scale_1.0_rot_0_flip_1,0.32363221049308777,0.6070970892906189,0.06927064061164856
42,4,600 ppm 3 8,d4,scale_1.0_rot_0_flip_1,0.15724050998687744,0.6506321430206299,0.19212733209133148
42,4,800 ppm 3 8,d4,scale_1.0_rot_0_flip_1,0.49516305327415466,0.47712254524230957,0.02771443873643875
42,4,1000 ppm 5 6,d4,scale_1.0_rot_0_flip_1,0.08440245687961578,0.44787031412124634,0.4677271544933319
42,4,600 ppm 4 8,d4,scale_1.0_rot_0_flip_1,0.08708938956260681,0.6026977896690369,0.3102128505706787
42,4,800 ppm 3 5,d4,scale_1.0_rot_0_flip_1,0.5133711695671082,0.39862802624702454,0.08800087124109268
42,4,400 ppm 3 1,d4,scale_1.0_rot_0_flip_1,0.7731600999832153,0.21063357591629028,0.01620623469352722
42,4,400 ppm 3 6,d4,scale_1.0_rot_0_flip_1,0.7370612621307373,0.21525980532169342,0.04767890274524689
42,4,600 ppm 4 10,d4,scale_1.0_rot_0_flip_1,0.4732168912887573,0.3756040930747986,0.15117909014225006
42,4,1000 ppm 4 1,d4,scale_1.0_rot_0_flip_1,0.0579414963722229,0.14696119725704193,0.795097291469574
42,4,400 ppm 4 10,d4,scale_1.0_rot_0_flip_1,0.14685311913490295,0.5921115279197693,0.26103535294532776
42,4,600 ppm 3 3,d4,scale_1.0_rot_0_flip_1,0.21986305713653564,0.4901912212371826,0.28994572162628174
42,4,400 ppm 3 4,d4,scale_1.0_rot_0_flip_1,0.2631112337112427,0.4718177318572998,0.2650710344314575
42,4,1000 ppm 2 3,d4,scale_1.0_rot_0_flip_1,0.35923701524734497,0.5735558271408081,0.06720713526010513
42,4,1000 ppm 1 3,d4,scale_1.0_rot_90_flip_0,0.08736912161111832,0.2154933512210846,0.6971375942230225
42,4,400 ppm 4 6,d4,scale_1.0_rot_90_flip_0,0.3139761686325073,0.6056419014930725,0.08038190752267838
42,4,600 ppm 3 1,d4,scale_1.0_rot_90_flip_0,0.09074795991182327,0.3050445020198822,0.6042075157165527
42,4,400 ppm 3 5,d4,scale_1.0_rot_90_flip_0,0.44610777497291565,0.4037373960018158,0.15015481412410736
42,4,c 10,d4,scale_1.0_rot_90_flip_0,0.8326890468597412,0.0904214009642601,0.07688954472541809
42,4,400 ppm 1 2,d4,scale_1.0_rot_90_flip_0,0.16183029115200043,0.6248364448547363,0.21333321928977966
42,4,800 ppm 2 4,d4,scale_1.0_rot_90_flip_0,0.05041833966970444,0.8993043899536133,0.05027729645371437
42,4,800 ppm 5 4,d4,scale_1.0_rot_90_flip_0,0.20972910523414612,0.49435552954673767,0.2959153652191162
42,4,1000 ppm 1 4,d4,scale_1.0_rot_90_flip_0,0.05053546279668808,0.6678918600082397,0.2815726697444916
42,4,1000 ppm 4 2,d4,scale_1.0_rot_90_flip_0,0.2556320130825043,0.3061164617538452,0.4382515549659729
42,4,400 ppm 2 3,d4,scale_1.0_rot_90_flip_0,0.17127203941345215,0.7809403538703918,0.04778757318854332
42,4,600 ppm 1 3,d4,scale_1.0_rot_90_flip_0,0.12211532145738602,0.8016679883003235,0.07621672004461288
42,4,400 ppm 5 5,d4,scale_1.0_rot_90_flip_0,0.4738710820674896,0.16007007658481598,0.36605891585350037
42,4,800 ppm 3 7,d4,scale_1.0_rot_90_flip_0,0.2720862627029419,0.5320495963096619,0.19586411118507385
42,4,400 ppm 1 9,d4,scale_1.0_rot_90_flip_0,0.22750113904476166,0.38738957047462463,0.3851092755794525
42,4,800 ppm 5 3,d4,scale_1.0_rot_90_flip_0,0.03712811693549156,0.512643039226532,0.45022886991500854
42,4,800 ppm 3 6,d4,scale_1.0_rot_90_flip_0,0.28168538212776184,0.39353299140930176,0.324781596660614
42,4,1000 ppm 4 8,d4,scale_1.0_rot_90_flip_0,0.040825895965099335,0.24923455715179443,0.7099394798278809
42,4,800 ppm 4 8,d4,scale_1.0_rot_90_flip_0,0.3199903666973114,0.30935412645339966,0.37065550684928894
42,4,400 ppm 4 9,d4,scale_1.0_rot_90_flip_0,0.08151789009571075,0.5438616871833801,0.3746204376220703
42,4,c 7,d4,scale_1.0_rot_90_flip_0,0.7567498087882996,0.16442877054214478,0.07882143557071686
42,4,800 ppm 1 5,d4,scale_1.0_rot_90_flip_0,0.051773253828287125,0.4638420045375824,0.4843847453594208
42,4,600 ppm 2 7,d4,scale_1.0_rot_90_flip_0,0.1166328564286232,0.10116060823202133,0.7822065949440002
42,4,600 ppm 1 7,d4,scale_1.0_rot_90_flip_0,0.2490135282278061,0.6372228264808655,0.11376366764307022
42,4,1000 ppm 3 6,d4,scale_1.0_rot_90_flip_0,0.17236247658729553,0.35115233063697815,0.47648516297340393
42,4,1000 ppm 1 9,d4,scale_1.0_rot_90_flip_0,0.024641001597046852,0.05922817438840866,0.9161308407783508
42,4,800 ppm 2 7,d4,scale_1.0_rot_90_flip_0,0.010131447575986385,0.20384758710861206,0.7860209941864014
42,4,800 ppm 3 2,d4,scale_1.0_rot_90_flip_0,0.28968143463134766,0.5499796867370605,0.160338893532753
42,4,1000 ppm 4 6,d4,scale_1.0_rot_90_flip_0,0.12974300980567932,0.36348778009414673,0.5067691802978516
42,4,600 ppm 1 4,d4,scale_1.0_rot_90_flip_0,0.20656225085258484,0.7443599700927734,0.04907772317528725
42,4,600 ppm 3 10,d4,scale_1.0_rot_90_flip_0,0.3020528256893158,0.666451632976532,0.031495582312345505
42,4,600 ppm 5 8,d4,scale_1.0_rot_90_flip_0,0.20035356283187866,0.7884717583656311,0.011174666695296764
42,4,c 5,d4,scale_1.0_rot_90_flip_0,0.27039146423339844,0.5175275206565857,0.21208101511001587
42,4,600 ppm 3 9,d4,scale_1.0_rot_90_flip_0,0.6085727214813232,0.3222993016242981,0.06912798434495926
42,4,1000 ppm 5 10,d4,scale_1.0_rot_90_flip_0,0.038465410470962524,0.2703779935836792,0.6911566257476807
42,4,600 ppm 5 1,d4,scale_1.0_rot_90_flip_0,0.7898133397102356,0.18905004858970642,0.02113661915063858
42,4,600 ppm 1 1,d4,scale_1.0_rot_90_flip_0,0.2553679347038269,0.6348897218704224,0.10974232107400894
42,4,800 ppm 5 10,d4,scale_1.0_rot_90_flip_0,0.6887580156326294,0.2267506867647171,0.0844913125038147
42,4,400 ppm 4 5,d4,scale_1.0_rot_90_flip_0,0.2841337025165558,0.6871281862258911,0.02873814105987549
42,4,600 ppm 3 8,d4,scale_1.0_rot_90_flip_0,0.19445879757404327,0.7023981809616089,0.10314297676086426
42,4,800 ppm 3 8,d4,scale_1.0_rot_90_flip_0,0.5140896439552307,0.46142834424972534,0.024482037872076035
42,4,1000 ppm 5 6,d4,scale_1.0_rot_90_flip_0,0.035771772265434265,0.2811567783355713,0.6830714344978333
42,4,600 ppm 4 8,d4,scale_1.0_rot_90_flip_0,0.06978490948677063,0.41151973605155945,0.5186953544616699
42,4,800 ppm 3 5,d4,scale_1.0_rot_90_flip_0,0.48052722215652466,0.45900189876556396,0.06047092378139496
42,4,400 ppm 3 1,d4,scale_1.0_rot_90_flip_0,0.8431949019432068,0.1393515169620514,0.01745358295738697
42,4,400 ppm 3 6,d4,scale_1.0_rot_90_flip_0,0.7623753547668457,0.17983947694301605,0.05778515338897705
42,4,600 ppm 4 10,d4,scale_1.0_rot_90_flip_0,0.27598708868026733,0.4146157205104828,0.30939725041389465
42,4,1000 ppm 4 1,d4,scale_1.0_rot_90_flip_0,0.10392715781927109,0.3040650188922882,0.5920078158378601
42,4,400 ppm 4 10,d4,scale_1.0_rot_90_flip_0,0.15355144441127777,0.613050639629364,0.2333979308605194
42,4,600 ppm 3 3,d4,scale_1.0_rot_90_flip_0,0.2239767163991928,0.5626248121261597,0.21339845657348633
42,4,400 ppm 3 4,d4,scale_1.0_rot_90_flip_0,0.2851303517818451,0.5378671884536743,0.17700248956680298
42,4,1000 ppm 2 3,d4,scale_1.0_rot_90_flip_0,0.35045140981674194,0.5943785309791565,0.05517009645700455
42,4,1000 ppm 1 3,d4,scale_1.0_rot_90_flip_1,0.061430566012859344,0.17885711789131165,0.759712278842926
42,4,400 ppm 4 6,d4,scale_1.0_rot_90_flip_1,0.3098598122596741,0.5572755336761475,0.13286469876766205
42,4,600 ppm 3 1,d4,scale_1.0_rot_90_flip_1,0.09887736290693283,0.3493537902832031,0.5517687797546387
42,4,400 ppm 3 5,d4,scale_1.0_rot_90_flip_1,0.42304444313049316,0.44882768392562866,0.12812788784503937
42,4,c 10,d4,scale_1.0_rot_90_flip_1,0.8544273376464844,0.09158626198768616,0.053986381739377975
42,4,400 ppm 1 2,d4,scale_1.0_rot_90_flip_1,0.18540038168430328,0.566504716873169,0.24809487164020538
42,4,800 ppm 2 4,d4,scale_1.0_rot_90_flip_1,0.068454809486866,0.883539617061615,0.04800550267100334
42,4,800 ppm 5 4,d4,scale_1.0_rot_90_flip_1,0.25499844551086426,0.38341909646987915,0.3615824580192566
42,4,1000 ppm 1 4,d4,scale_1.0_rot_90_flip_1,0.05238674581050873,0.5839232206344604,0.36369001865386963
42,4,1000 ppm 4 2,d4,scale_1.0_rot_90_flip_1,0.23600658774375916,0.20786459743976593,0.5561287999153137
42,4,400 ppm 2 3,d4,scale_1.0_rot_90_flip_1,0.14437225461006165,0.7798585891723633,0.07576918601989746
42,4,600 ppm 1 3,d4,scale_1.0_rot_90_flip_1,0.07836005091667175,0.8436989784240723,0.07794094830751419
42,4,400 ppm 5 5,d4,scale_1.0_rot_90_flip_1,0.3538971245288849,0.10503386706113815,0.541068971157074
42,4,800 ppm 3 7,d4,scale_1.0_rot_90_flip_1,0.24251826107501984,0.4896758794784546,0.2678058445453644
42,4,400 ppm 1 9,d4,scale_1.0_rot_90_flip_1,0.20973600447177887,0.4357299208641052,0.3545340597629547
42,4,800 ppm 5 3,d4,scale_1.0_rot_90_flip_1,0.03311193734407425,0.4347327947616577,0.5321552753448486
42,4,800 ppm 3 6,d4,scale_1.0_rot_90_flip_1,0.2594392001628876,0.397333562374115,0.34322720766067505
42,4,1000 ppm 4 8,d4,scale_1.0_rot_90_flip_1,0.03619743138551712,0.22408221662044525,0.7397202849388123
42,4,800 ppm 4 8,d4,scale_1.0_rot_90_flip_1,0.34081244468688965,0.22592385113239288,0.4332636892795563
42,4,400 ppm 4 9,d4,scale_1.0_rot_90_flip_1,0.12272709608078003,0.5076949000358582,0.3695780634880066
42,4,c 7,d4,scale_1.0_rot_90_flip_1,0.67523592710495,0.21660995483398438,0.10815410315990448
42,4,800 ppm 1 5,d4,scale_1.0_rot_90_flip_1,0.062451425939798355,0.5532217025756836,0.38432690501213074
42,4,600 ppm 2 7,d4,scale_1.0_rot_90_flip_1,0.07558365911245346,0.08341427892446518,0.8410020470619202
42,4,600 ppm 1 7,d4,scale_1.0_rot_90_flip_1,0.2863111197948456,0.6342419981956482,0.07944683730602264
42,4,1000 ppm 3 6,d4,scale_1.0_rot_90_flip_1,0.1637774407863617,0.3850746154785156,0.45114800333976746
42,4,1000 ppm 1 9,d4,scale_1.0_rot_90_flip_1,0.026168901473283768,0.06885065883398056,0.904980480670929
42,4,800 ppm 2 7,d4,scale_1.0_rot_90_flip_1,0.006169484928250313,0.1642761081457138,0.8295543789863586
42,4,800 ppm 3 2,d4,scale_1.0_rot_90_flip_1,0.3567953109741211,0.4607146680355072,0.1824900507926941
42,4,1000 ppm 4 6,d4,scale_1.0_rot_90_flip_1,0.09513530135154724,0.28542518615722656,0.6194394826889038
42,4,600 ppm 1 4,d4,scale_1.0_rot_90_flip_1,0.1799684464931488,0.7917218208312988,0.028309734538197517
42,4,600 ppm 3 10,d4,scale_1.0_rot_90_flip_1,0.41070106625556946,0.5533162951469421,0.03598259389400482
42,4,600 ppm 5 8,d4,scale_1.0_rot_90_flip_1,0.23615573346614838,0.7531747221946716,0.01066953781992197
42,4,c 5,d4,scale_1.0_rot_90_flip_1,0.3091176152229309,0.4854530990123749,0.20542936027050018
42,4,600 ppm 3 9,d4,scale_1.0_rot_90_flip_1,0.6200700402259827,0.3308272361755371,0.04910272732377052
42,4,1000 ppm 5 10,d4,scale_1.0_rot_90_flip_1,0.038909610360860825,0.25707003474235535,0.7040203213691711
42,4,600 ppm 5 1,d4,scale_1.0_rot_90_flip_1,0.7265526056289673,0.23583872616291046,0.037608660757541656
42,4,600 ppm 1 1,d4,scale_1.0_rot_90_flip_1,0.23325364291667938,0.6667872071266174,0.0999591276049614
42,4,800 ppm 5 10,d4,scale_1.0_rot_90_flip_1,0.6611088514328003,0.22390954196453094,0.11498156189918518
42,4,400 ppm 4 5,d4,scale_1.0_rot_90_flip_1,0.3037937879562378,0.6531818509101868,0.04302440956234932
42,4,600 ppm 3 8,d4,scale_1.0_rot_90_flip_1,0.19189229607582092,0.6738364100456238,0.1342713087797165
42,4,800 ppm 3 8,d4,scale_1.0_rot_90_flip_1,0.5458465814590454,0.43221864104270935,0.021934792399406433
42,4,1000 ppm 5 6,d4,scale_1.0_rot_90_flip_1,0.03569244593381882,0.19088295102119446,0.7734245657920837
42,4,600 ppm 4 8,d4,scale_1.0_rot_90_flip_1,0.11937648057937622,0.5364871025085449,0.3441363573074341
42,4,800 ppm 3 5,d4,scale_1.0_rot_90_flip_1,0.47791391611099243,0.4431172013282776,0.07896887511014938
42,4,400 ppm 3 1,d4,scale_1.0_rot_90_flip_1,0.8513289093971252,0.13405349850654602,0.014617599546909332
42,4,400 ppm 3 6,d4,scale_1.0_rot_90_flip_1,0.6854600310325623,0.2439163327217102,0.07062368094921112
42,4,600 ppm 4 10,d4,scale_1.0_rot_90_flip_1,0.26683172583580017,0.4803673028945923,0.25280094146728516
42,4,1000 ppm 4 1,d4,scale_1.0_rot_90_flip_1,0.0813237875699997,0.2948269248008728,0.6238492727279663
42,4,400 ppm 4 10,d4,scale_1.0_rot_90_flip_1,0.16147127747535706,0.5260677337646484,0.31246092915534973
42,4,600 ppm 3 3,d4,scale_1.0_rot_90_flip_1,0.23682114481925964,0.532236635684967,0.23094218969345093
42,4,400 ppm 3 4,d4,scale_1.0_rot_90_flip_1,0.33902695775032043,0.460675448179245,0.20029757916927338
42,4,1000 ppm 2 3,d4,scale_1.0_rot_90_flip_1,0.39650052785873413,0.5599842667579651,0.043515220284461975
42,4,1000 ppm 1 3,d4,scale_1.0_rot_180_flip_0,0.052843205630779266,0.30154386162757874,0.645612895488739
42,4,400 ppm 4 6,d4,scale_1.0_rot_180_flip_0,0.1920497715473175,0.6574472784996033,0.15050292015075684
42,4,600 ppm 3 1,d4,scale_1.0_rot_180_flip_0,0.209012970328331,0.49518170952796936,0.2958053946495056
42,4,400 ppm 3 5,d4,scale_1.0_rot_180_flip_0,0.4772549867630005,0.39724287390708923,0.12550221383571625
42,4,c 10,d4,scale_1.0_rot_180_flip_0,0.8392874002456665,0.1191742867231369,0.0415382906794548
42,4,400 ppm 1 2,d4,scale_1.0_rot_180_flip_0,0.11335334181785583,0.601976215839386,0.28467050194740295
42,4,800 ppm 2 4,d4,scale_1.0_rot_180_flip_0,0.04169471189379692,0.8858577609062195,0.07244748622179031
42,4,800 ppm 5 4,d4,scale_1.0_rot_180_flip_0,0.2215263843536377,0.5599712133407593,0.2185024619102478
42,4,1000 ppm 1 4,d4,scale_1.0_rot_180_flip_0,0.021485282108187675,0.544664204120636,0.4338504672050476
42,4,1000 ppm 4 2,d4,scale_1.0_rot_180_flip_0,0.2514587640762329,0.271503746509552,0.4770374298095703
42,4,400 ppm 2 3,d4,scale_1.0_rot_180_flip_0,0.15663795173168182,0.8188018798828125,0.024560196325182915
42,4,600 ppm 1 3,d4,scale_1.0_rot_180_flip_0,0.13228042423725128,0.7134614586830139,0.15425808727741241
42,4,400 ppm 5 5,d4,scale_1.0_rot_180_flip_0,0.29764795303344727,0.15009814500808716,0.5522539019584656
42,4,800 ppm 3 7,d4,scale_1.0_rot_180_flip_0,0.2675120532512665,0.36321568489074707,0.36927223205566406
42,4,400 ppm 1 9,d4,scale_1.0_rot_180_flip_0,0.29751670360565186,0.41417592763900757,0.28830739855766296
42,4,800 ppm 5 3,d4,scale_1.0_rot_180_flip_0,0.03632719814777374,0.4843045473098755,0.4793682396411896
42,4,800 ppm 3 6,d4,scale_1.0_rot_180_flip_0,0.4570177495479584,0.4808618426322937,0.06212036311626434
42,4,1000 ppm 4 8,d4,scale_1.0_rot_180_flip_0,0.026743946596980095,0.1831350177526474,0.7901210784912109
42,4,800 ppm 4 8,d4,scale_1.0_rot_180_flip_0,0.4731479287147522,0.2928866744041443,0.23396535217761993
42,4,400 ppm 4 9,d4,scale_1.0_rot_180_flip_0,0.0979958325624466,0.3889015316963196,0.513102650642395
42,4,c 7,d4,scale_1.0_rot_180_flip_0,0.8026002645492554,0.11970243602991104,0.07769729942083359
42,4,800 ppm 1 5,d4,scale_1.0_rot_180_flip_0,0.12146001309156418,0.4841119050979614,0.3944280445575714
42,4,600 ppm 2 7,d4,scale_1.0_rot_180_flip_0,0.09437038004398346,0.1874828040599823,0.718146800994873
42,4,600 ppm 1 7,d4,scale_1.0_rot_180_flip_0,0.2547827661037445,0.6613112688064575,0.0839058980345726
42,4,1000 ppm 3 6,d4,scale_1.0_rot_180_flip_0,0.14937148988246918,0.39598333835601807,0.45464515686035156
42,4,1000 ppm 1 9,d4,scale_1.0_rot_180_flip_0,0.04528783634305,0.1480248123407364,0.8066872954368591
42,4,800 ppm 2 7,d4,scale_1.0_rot_180_flip_0,0.008414726704359055,0.19813299179077148,0.7934523224830627
42,4,800 ppm 3 2,d4,scale_1.0_rot_180_flip_0,0.22302938997745514,0.5905893445014954,0.1863812506198883
42,4,1000 ppm 4 6,d4,scale_1.0_rot_180_flip_0,0.09816884249448776,0.17139938473701477,0.7304317951202393
42,4,600 ppm 1 4,d4,scale_1.0_rot_180_flip_0,0.2076895534992218,0.7493873834609985,0.04292302951216698
42,4,600 ppm 3 10,d4,scale_1.0_rot_180_flip_0,0.41342994570732117,0.50347501039505,0.08309506624937057
42,4,600 ppm 5 8,d4,scale_1.0_rot_180_flip_0,0.2755942940711975,0.7123414874076843,0.012064213864505291
42,4,c 5,d4,scale_1.0_rot_180_flip_0,0.26222091913223267,0.4264027178287506,0.31137633323669434
42,4,600 ppm 3 9,d4,scale_1.0_rot_180_flip_0,0.6935786008834839,0.2741702198982239,0.03225117176771164
42,4,1000 ppm 5 10,d4,scale_1.0_rot_180_flip_0,0.05715946480631828,0.3250063955783844,0.617834210395813
42,4,600 ppm 5 1,d4,scale_1.0_rot_180_flip_0,0.8190897107124329,0.15861834585666656,0.022291872650384903
42,4,600 ppm 1 1,d4,scale_1.0_rot_180_flip_0,0.4039553999900818,0.4962478280067444,0.09979677200317383
42,4,800 ppm 5 10,d4,scale_1.0_rot_180_flip_0,0.6931504607200623,0.21275140345096588,0.09409822523593903
42,4,400 ppm 4 5,d4,scale_1.0_rot_180_flip_0,0.2613845765590668,0.6069265007972717,0.1316889226436615
42,4,600 ppm 3 8,d4,scale_1.0_rot_180_flip_0,0.20734654366970062,0.5494893193244934,0.24316419661045074
42,4,800 ppm 3 8,d4,scale_1.0_rot_180_flip_0,0.495770126581192,0.4853575825691223,0.018872292712330818
42,4,1000 ppm 5 6,d4,scale_1.0_rot_180_flip_0,0.07894572615623474,0.36682620644569397,0.5542280673980713
42,4,600 ppm 4 8,d4,scale_1.0_rot_180_flip_0,0.10999327152967453,0.4314384162425995,0.4585683345794678
42,4,800 ppm 3 5,d4,scale_1.0_rot_180_flip_0,0.4117167294025421,0.5192108750343323,0.06907240301370621
42,4,400 ppm 3 1,d4,scale_1.0_rot_180_flip_0,0.8173074126243591,0.17601053416728973,0.006682052742689848
42,4,400 ppm 3 6,d4,scale_1.0_rot_180_flip_0,0.7455455660820007,0.20875075459480286,0.04570368304848671
42,4,600 ppm 4 10,d4,scale_1.0_rot_180_flip_0,0.39152792096138,0.4476924240589142,0.16077959537506104
42,4,1000 ppm 4 1,d4,scale_1.0_rot_180_flip_0,0.08218657225370407,0.30753856897354126,0.6102747917175293
42,4,400 ppm 4 10,d4,scale_1.0_rot_180_flip_0,0.1650570034980774,0.5348982214927673,0.3000447154045105
42,4,600 ppm 3 3,d4,scale_1.0_rot_180_flip_0,0.24457412958145142,0.4744880497455597,0.2809378504753113
42,4,400 ppm 3 4,d4,scale_1.0_rot_180_flip_0,0.24161110818386078,0.5176859498023987,0.24070297181606293
42,4,1000 ppm 2 3,d4,scale_1.0_rot_180_flip_0,0.2942255735397339,0.6602553725242615,0.04551905393600464
42,4,1000 ppm 1 3,d4,scale_1.0_rot_180_flip_1,0.06678226590156555,0.25290223956108093,0.6803154349327087
42,4,400 ppm 4 6,d4,scale_1.0_rot_180_flip_1,0.22772331535816193,0.6143087148666382,0.1579679697751999
42,4,600 ppm 3 1,d4,scale_1.0_rot_180_flip_1,0.18327917158603668,0.4695545434951782,0.3471662700176239
42,4,400 ppm 3 5,d4,scale_1.0_rot_180_flip_1,0.5425340533256531,0.346044659614563,0.11142130941152573
42,4,c 10,d4,scale_1.0_rot_180_flip_1,0.8258678913116455,0.12160412222146988,0.052527885884046555
42,4,400 ppm 1 2,d4,scale_1.0_rot_180_flip_1,0.1068510189652443,0.5371137857437134,0.35603517293930054
42,4,800 ppm 2 4,d4,scale_1.0_rot_180_flip_1,0.043514374643564224,0.8828292489051819,0.073656365275383
42,4,800 ppm 5 4,d4,scale_1.0_rot_180_flip_1,0.23650848865509033,0.5665950775146484,0.19689643383026123
42,4,1000 ppm 1 4,d4,scale_1.0_rot_180_flip_1,0.03266410529613495,0.5590658187866211,0.40827006101608276
42,4,1000 ppm 4 2,d4,scale_1.0_rot_180_flip_1,0.3553396463394165,0.3001113831996918,0.3445489704608917
42,4,400 ppm 2 3,d4,scale_1.0_rot_180_flip_1,0.12966181337833405,0.8414849042892456,0.02885330095887184
42,4,600 ppm 1 3,d4,scale_1.0_rot_180_flip_1,0.1746377944946289,0.7255765199661255,0.0997856929898262
42,4,400 ppm 5 5,d4,scale_1.0_rot_180_flip_1,0.22308729588985443,0.09587886184453964,0.6810338497161865
42,4,800 ppm 3 7,d4,scale_1.0_rot_180_flip_1,0.18664859235286713,0.33761054277420044,0.475740909576416
42,4,400 ppm 1 9,d4,scale_1.0_rot_180_flip_1,0.3476601839065552,0.3667565882205963,0.2855832278728485
42,4,800 ppm 5 3,d4,scale_1.0_rot_180_flip_1,0.03066551312804222,0.44556352496147156,0.5237709879875183
42,4,800 ppm 3 6,d4,scale_1.0_rot_180_flip_1,0.3371847867965698,0.5729596018791199,0.08985556662082672
42,4,1000 ppm 4 8,d4,scale_1.0_rot_180_flip_1,0.02961946651339531,0.25788405537605286,0.7124964594841003
42,4,800 ppm 4 8,d4,scale_1.0_rot_180_flip_1,0.5221908092498779,0.23531413078308105,0.24249505996704102
42,4,400 ppm 4 9,d4,scale_1.0_rot_180_flip_1,0.11905758827924728,0.45494702458381653,0.425995409488678
42,4,c 7,d4,scale_1.0_rot_180_flip_1,0.7810128927230835,0.13422946631908417,0.08475765585899353
42,4,800 ppm 1 5,d4,scale_1.0_rot_180_flip_1,0.13832533359527588,0.48059380054473877,0.38108089566230774
42,4,600 ppm 2 7,d4,scale_1.0_rot_180_flip_1,0.08882705122232437,0.1425066739320755,0.7686662673950195
42,4,600 ppm 1 7,d4,scale_1.0_rot_180_flip_1,0.23032954335212708,0.6960742473602295,0.07359621673822403
42,4,1000 ppm 3 6,d4,scale_1.0_rot_180_flip_1,0.12321405857801437,0.35424795746803284,0.5225380063056946
42,4,1000 ppm 1 9,d4,scale_1.0_rot_180_flip_1,0.03257397189736366,0.07282235473394394,0.8946036696434021
42,4,800 ppm 2 7,d4,scale_1.0_rot_180_flip_1,0.006775300949811935,0.11333449929952621,0.8798901438713074
42,4,800 ppm 3 2,d4,scale_1.0_rot_180_flip_1,0.3288513422012329,0.5068789124488831,0.16426973044872284
42,4,1000 ppm 4 6,d4,scale_1.0_rot_180_flip_1,0.07107007503509521,0.12920184433460236,0.7997280955314636
42,4,600 ppm 1 4,d4,scale_1.0_rot_180_flip_1,0.28402185440063477,0.6739413738250732,0.04203679785132408
42,4,600 ppm 3 10,d4,scale_1.0_rot_180_flip_1,0.3599989116191864,0.5886341333389282,0.05136694759130478
42,4,600 ppm 5 8,d4,scale_1.0_rot_180_flip_1,0.22258193790912628,0.7648994326591492,0.012518630363047123
42,4,c 5,d4,scale_1.0_rot_180_flip_1,0.35141798853874207,0.40429773926734924,0.2442842423915863
42,4,600 ppm 3 9,d4,scale_1.0_rot_180_flip_1,0.6974916458129883,0.2797635793685913,0.022744717076420784
42,4,1000 ppm 5 10,d4,scale_1.0_rot_180_flip_1,0.05581486225128174,0.4063319265842438,0.5378532409667969
42,4,600 ppm 5 1,d4,scale_1.0_rot_180_flip_1,0.8395591378211975,0.141107976436615,0.019332874566316605
42,4,600 ppm 1 1,d4,scale_1.0_rot_180_flip_1,0.46340739727020264,0.44171497225761414,0.09487760812044144
42,4,800 ppm 5 10,d4,scale_1.0_rot_180_flip_1,0.7359848618507385,0.18831919133663177,0.07569599896669388
42,4,400 ppm 4 5,d4,scale_1.0_rot_180_flip_1,0.3031589388847351,0.6515591740608215,0.04528193920850754
42,4,600 ppm 3 8,d4,scale_1.0_rot_180_flip_1,0.22989819943904877,0.6290987730026245,0.14100304245948792
42,4,800 ppm 3 8,d4,scale_1.0_rot_180_flip_1,0.4651491641998291,0.5068837404251099,0.027967043220996857
42,4,1000 ppm 5 6,d4,scale_1.0_rot_180_flip_1,0.10040642321109772,0.4366482198238373,0.46294543147087097
42,4,600 ppm 4 8,d4,scale_1.0_rot_180_flip_1,0.07156607508659363,0.35393017530441284,0.5745037794113159
42,4,800 ppm 3 5,d4,scale_1.0_rot_180_flip_1,0.4754599332809448,0.44482114911079407,0.07971891760826111
42,4,400 ppm 3 1,d4,scale_1.0_rot_180_flip_1,0.8758371472358704,0.11743833124637604,0.006724510341882706
42,4,400 ppm 3 6,d4,scale_1.0_rot_180_flip_1,0.7199514508247375,0.21068738400936127,0.06936121731996536
42,4,600 ppm 4 10,d4,scale_1.0_rot_180_flip_1,0.46343541145324707,0.4209357500076294,0.11562886089086533
42,4,1000 ppm 4 1,d4,scale_1.0_rot_180_flip_1,0.06529216468334198,0.2788422703742981,0.6558656096458435
42,4,400 ppm 4 10,d4,scale_1.0_rot_180_flip_1,0.21177126467227936,0.5096682906150818,0.27856048941612244
42,4,600 ppm 3 3,d4,scale_1.0_rot_180_flip_1,0.26656195521354675,0.4316383898258209,0.3017996549606323
42,4,400 ppm 3 4,d4,scale_1.0_rot_180_flip_1,0.2307891845703125,0.6055769920349121,0.1636338233947754
42,4,1000 ppm 2 3,d4,scale_1.0_rot_180_flip_1,0.3445886969566345,0.6033419966697693,0.052069325000047684
42,4,1000 ppm 1 3,d4,scale_1.0_rot_270_flip_0,0.09036728739738464,0.2657042145729065,0.6439284682273865
42,4,400 ppm 4 6,d4,scale_1.0_rot_270_flip_0,0.24418556690216064,0.5995385646820068,0.15627583861351013
42,4,600 ppm 3 1,d4,scale_1.0_rot_270_flip_0,0.10040579736232758,0.2400599867105484,0.659534215927124
42,4,400 ppm 3 5,d4,scale_1.0_rot_270_flip_0,0.6412641406059265,0.29585936665534973,0.06287647038698196
42,4,c 10,d4,scale_1.0_rot_270_flip_0,0.7702466249465942,0.14570429921150208,0.08404913544654846
42,4,400 ppm 1 2,d4,scale_1.0_rot_270_flip_0,0.09529180079698563,0.5232670307159424,0.3814411461353302
42,4,800 ppm 2 4,d4,scale_1.0_rot_270_flip_0,0.07005902379751205,0.8950539827346802,0.03488696739077568
42,4,800 ppm 5 4,d4,scale_1.0_rot_270_flip_0,0.1557081788778305,0.5312513113021851,0.313040554523468
42,4,1000 ppm 1 4,d4,scale_1.0_rot_270_flip_0,0.04007827863097191,0.5298227071762085,0.4300989806652069
42,4,1000 ppm 4 2,d4,scale_1.0_rot_270_flip_0,0.40532708168029785,0.24621306359767914,0.3484598398208618
42,4,400 ppm 2 3,d4,scale_1.0_rot_270_flip_0,0.10024380683898926,0.8288690447807312,0.07088718563318253
42,4,600 ppm 1 3,d4,scale_1.0_rot_270_flip_0,0.08796033263206482,0.7608805298805237,0.15115918219089508
42,4,400 ppm 5 5,d4,scale_1.0_rot_270_flip_0,0.33167415857315063,0.15121950209140778,0.5171063542366028
42,4,800 ppm 3 7,d4,scale_1.0_rot_270_flip_0,0.2197675108909607,0.5581974983215332,0.2220350056886673
42,4,400 ppm 1 9,d4,scale_1.0_rot_270_flip_0,0.29641568660736084,0.33867964148521423,0.3649047017097473
42,4,800 ppm 5 3,d4,scale_1.0_rot_270_flip_0,0.02548673190176487,0.4636833667755127,0.5108298659324646
42,4,800 ppm 3 6,d4,scale_1.0_rot_270_flip_0,0.31188148260116577,0.47546908259391785,0.21264934539794922
42,4,1000 ppm 4 8,d4,scale_1.0_rot_270_flip_0,0.02353598363697529,0.18334197998046875,0.7931219935417175
42,4,800 ppm 4 8,d4,scale_1.0_rot_270_flip_0,0.3861702084541321,0.35355573892593384,0.2602740526199341
42,4,400 ppm 4 9,d4,scale_1.0_rot_270_flip_0,0.0919017642736435,0.44237953424453735,0.4657186269760132
42,4,c 7,d4,scale_1.0_rot_270_flip_0,0.7965145111083984,0.1252772957086563,0.07820820063352585
42,4,800 ppm 1 5,d4,scale_1.0_rot_270_flip_0,0.03795475885272026,0.43104660511016846,0.5309986472129822
42,4,600 ppm 2 7,d4,scale_1.0_rot_270_flip_0,0.06915242224931717,0.05132706090807915,0.8795205950737
42,4,600 ppm 1 7,d4,scale_1.0_rot_270_flip_0,0.2510465979576111,0.5918765664100647,0.1570768505334854
42,4,1000 ppm 3 6,d4,scale_1.0_rot_270_flip_0,0.16296441853046417,0.2860143482685089,0.5510212182998657
42,4,1000 ppm 1 9,d4,scale_1.0_rot_270_flip_0,0.04032740369439125,0.1368393898010254,0.822833240032196
42,4,800 ppm 2 7,d4,scale_1.0_rot_270_flip_0,0.008851706981658936,0.1268402636051178,0.8643079996109009
42,4,800 ppm 3 2,d4,scale_1.0_rot_270_flip_0,0.18397368490695953,0.49389970302581787,0.3221265375614166
42,4,1000 ppm 4 6,d4,scale_1.0_rot_270_flip_0,0.10271582007408142,0.18514493107795715,0.7121392488479614
42,4,600 ppm 1 4,d4,scale_1.0_rot_270_flip_0,0.21394282579421997,0.7522249221801758,0.033832259476184845
42,4,600 ppm 3 10,d4,scale_1.0_rot_270_flip_0,0.41031375527381897,0.5670600533485413,0.022626204416155815
42,4,600 ppm 5 8,d4,scale_1.0_rot_270_flip_0,0.19574610888957977,0.7927717566490173,0.011482106521725655
42,4,c 5,d4,scale_1.0_rot_270_flip_0,0.2711672782897949,0.5009497404098511,0.227882981300354
42,4,600 ppm 3 9,d4,scale_1.0_rot_270_flip_0,0.605110764503479,0.329188734292984,0.06570053100585938
42,4,1000 ppm 5 10,d4,scale_1.0_rot_270_flip_0,0.05380145087838173,0.4669453203678131,0.47925323247909546
42,4,600 ppm 5 1,d4,scale_1.0_rot_270_flip_0,0.8332338929176331,0.13972234725952148,0.02704380266368389
42,4,600 ppm 1 1,d4,scale_1.0_rot_270_flip_0,0.37487316131591797,0.521811306476593,0.10331550240516663
42,4,800 ppm 5 10,d4,scale_1.0_rot_270_flip_0,0.6782525777816772,0.19589540362358093,0.12585201859474182
42,4,400 ppm 4 5,d4,scale_1.0_rot_270_flip_0,0.22973251342773438,0.7095743417739868,0.06069314107298851
42,4,600 ppm 3 8,d4,scale_1.0_rot_270_flip_0,0.17373885214328766,0.5075286626815796,0.31873247027397156
42,4,800 ppm 3 8,d4,scale_1.0_rot_270_flip_0,0.5296684503555298,0.4339497685432434,0.03638174757361412
42,4,1000 ppm 5 6,d4,scale_1.0_rot_270_flip_0,0.03838382288813591,0.19204416871070862,0.7695720791816711
42,4,600 ppm 4 8,d4,scale_1.0_rot_270_flip_0,0.060989413410425186,0.5661787390708923,0.37283191084861755
42,4,800 ppm 3 5,d4,scale_1.0_rot_270_flip_0,0.5405620336532593,0.37911808490753174,0.08031988888978958
42,4,400 ppm 3 1,d4,scale_1.0_rot_270_flip_0,0.8327581882476807,0.1470632404088974,0.020178649574518204
42,4,400 ppm 3 6,d4,scale_1.0_rot_270_flip_0,0.7683940529823303,0.15484173595905304,0.07676421850919724
42,4,600 ppm 4 10,d4,scale_1.0_rot_270_flip_0,0.4663989245891571,0.3836716413497925,0.1499294936656952
42,4,1000 ppm 4 1,d4,scale_1.0_rot_270_flip_0,0.0705781951546669,0.2228199988603592,0.7066018581390381
42,4,400 ppm 4 10,d4,scale_1.0_rot_270_flip_0,0.14097382128238678,0.6027389168739319,0.25628727674484253
42,4,600 ppm 3 3,d4,scale_1.0_rot_270_flip_0,0.3157028555870056,0.39974960684776306,0.2845475375652313
42,4,400 ppm 3 4,d4,scale_1.0_rot_270_flip_0,0.29633715748786926,0.4711558222770691,0.23250702023506165
42,4,1000 ppm 2 3,d4,scale_1.0_rot_270_flip_0,0.3223310708999634,0.6140720844268799,0.06359685957431793
42,4,1000 ppm 1 3,d4,scale_1.0_rot_270_flip_1,0.06070880964398384,0.24744504690170288,0.6918461322784424
42,4,400 ppm 4 6,d4,scale_1.0_rot_270_flip_1,0.304727703332901,0.5634171962738037,0.13185513019561768
42,4,600 ppm 3 1,d4,scale_1.0_rot_270_flip_1,0.11069026589393616,0.24300147593021393,0.6463082432746887
42,4,400 ppm 3 5,d4,scale_1.0_rot_270_flip_1,0.5934638381004333,0.2996438145637512,0.10689236968755722
42,4,c 10,d4,scale_1.0_rot_270_flip_1,0.7481178641319275,0.1694004237651825,0.08248170465230942
42,4,400 ppm 1 2,d4,scale_1.0_rot_270_flip_1,0.08244948834180832,0.4740801751613617,0.443470299243927
42,4,800 ppm 2 4,d4,scale_1.0_rot_270_flip_1,0.046651262789964676,0.9275652766227722,0.02578352391719818
42,4,800 ppm 5 4,d4,scale_1.0_rot_270_flip_1,0.2663993239402771,0.37762749195098877,0.3559732437133789
42,4,1000 ppm 1 4,d4,scale_1.0_rot_270_flip_1,0.027506837621331215,0.6355162858963013,0.3369768559932709
42,4,1000 ppm 4 2,d4,scale_1.0_rot_270_flip_1,0.1865956038236618,0.14835862815380096,0.6650457978248596
42,4,400 ppm 2 3,d4,scale_1.0_rot_270_flip_1,0.1390368938446045,0.7845999598503113,0.07636311650276184
42,4,600 ppm 1 3,d4,scale_1.0_rot_270_flip_1,0.0867040678858757,0.7979552745819092,0.11534062027931213
42,4,400 ppm 5 5,d4,scale_1.0_rot_270_flip_1,0.32881683111190796,0.14372815191745758,0.5274550318717957
42,4,800 ppm 3 7,d4,scale_1.0_rot_270_flip_1,0.19865621626377106,0.4970897436141968,0.30425402522087097
42,4,400 ppm 1 9,d4,scale_1.0_rot_270_flip_1,0.210364431142807,0.32608845829963684,0.46354711055755615
42,4,800 ppm 5 3,d4,scale_1.0_rot_270_flip_1,0.0260503850877285,0.5435457825660706,0.43040382862091064
42,4,800 ppm 3 6,d4,scale_1.0_rot_270_flip_1,0.2512986958026886,0.5329068303108215,0.21579447388648987
42,4,1000 ppm 4 8,d4,scale_1.0_rot_270_flip_1,0.022644521668553352,0.1788782924413681,0.7984771728515625
42,4,800 ppm 4 8,d4,scale_1.0_rot_270_flip_1,0.3162780702114105,0.43060415983200073,0.2531178295612335
42,4,400 ppm 4 9,d4,scale_1.0_rot_270_flip_1,0.08183982968330383,0.4364308714866638,0.48172932863235474
42,4,c 7,d4,scale_1.0_rot_270_flip_1,0.7731578946113586,0.1332465410232544,0.09359556436538696
42,4,800 ppm 1 5,d4,scale_1.0_rot_270_flip_1,0.044771671295166016,0.3474087417125702,0.6078195571899414
42,4,600 ppm 2 7,d4,scale_1.0_rot_270_flip_1,0.07453805208206177,0.08796244114637375,0.8374994993209839
42,4,600 ppm 1 7,d4,scale_1.0_rot_270_flip_1,0.28782492876052856,0.578690767288208,0.13348430395126343
42,4,1000 ppm 3 6,d4,scale_1.0_rot_270_flip_1,0.14882811903953552,0.29411959648132324,0.5570522546768188
42,4,1000 ppm 1 9,d4,scale_1.0_rot_270_flip_1,0.029233543202280998,0.10855819284915924,0.8622083067893982
42,4,800 ppm 2 7,d4,scale_1.0_rot_270_flip_1,0.005859652999788523,0.09506320208311081,0.8990771174430847
42,4,800 ppm 3 2,d4,scale_1.0_rot_270_flip_1,0.18834736943244934,0.49057328701019287,0.3210793733596802
42,4,1000 ppm 4 6,d4,scale_1.0_rot_270_flip_1,0.09421739727258682,0.16031566262245178,0.7454668879508972
42,4,600 ppm 1 4,d4,scale_1.0_rot_270_flip_1,0.12897571921348572,0.8425934314727783,0.02843089960515499
42,4,600 ppm 3 10,d4,scale_1.0_rot_270_flip_1,0.4026966094970703,0.5631952881813049,0.03410814329981804
42,4,600 ppm 5 8,d4,scale_1.0_rot_270_flip_1,0.20837357640266418,0.7800964713096619,0.011529951356351376
42,4,c 5,d4,scale_1.0_rot_270_flip_1,0.2611082196235657,0.5406243205070496,0.19826741516590118
42,4,600 ppm 3 9,d4,scale_1.0_rot_270_flip_1,0.6705709099769592,0.29622095823287964,0.03320815786719322
42,4,1000 ppm 5 10,d4,scale_1.0_rot_270_flip_1,0.07685771584510803,0.5114365816116333,0.41170576214790344
42,4,600 ppm 5 1,d4,scale_1.0_rot_270_flip_1,0.7329419255256653,0.2286967933177948,0.038361359387636185
42,4,600 ppm 1 1,d4,scale_1.0_rot_270_flip_1,0.3572152256965637,0.5292952656745911,0.1134895384311676
42,4,800 ppm 5 10,d4,scale_1.0_rot_270_flip_1,0.5962921380996704,0.20467545092105865,0.19903238117694855
42,4,400 ppm 4 5,d4,scale_1.0_rot_270_flip_1,0.2534736096858978,0.7008967399597168,0.04562972113490105
42,4,600 ppm 3 8,d4,scale_1.0_rot_270_flip_1,0.10126043856143951,0.4741469621658325,0.4245925545692444
42,4,800 ppm 3 8,d4,scale_1.0_rot_270_flip_1,0.6087291836738586,0.3608458340167999,0.03042498603463173
42,4,1000 ppm 5 6,d4,scale_1.0_rot_270_flip_1,0.049996741116046906,0.2046976387500763,0.7453056573867798
42,4,600 ppm 4 8,d4,scale_1.0_rot_270_flip_1,0.07561327517032623,0.5141609907150269,0.41022568941116333
42,4,800 ppm 3 5,d4,scale_1.0_rot_270_flip_1,0.5739585161209106,0.34793564677238464,0.0781058743596077
42,4,400 ppm 3 1,d4,scale_1.0_rot_270_flip_1,0.8322910070419312,0.1493147313594818,0.018394185230135918
42,4,400 ppm 3 6,d4,scale_1.0_rot_270_flip_1,0.6818119883537292,0.2371857762336731,0.08100226521492004
42,4,600 ppm 4 10,d4,scale_1.0_rot_270_flip_1,0.45325788855552673,0.3267141282558441,0.22002795338630676
42,4,1000 ppm 4 1,d4,scale_1.0_rot_270_flip_1,0.0642675906419754,0.16701018810272217,0.7687221765518188
42,4,400 ppm 4 10,d4,scale_1.0_rot_270_flip_1,0.10530845820903778,0.5312302708625793,0.3634612560272217
42,4,600 ppm 3 3,d4,scale_1.0_rot_270_flip_1,0.3814316987991333,0.39050543308258057,0.22806286811828613
42,4,400 ppm 3 4,d4,scale_1.0_rot_270_flip_1,0.2658486068248749,0.5293653011322021,0.20478607714176178
42,4,1000 ppm 2 3,d4,scale_1.0_rot_270_flip_1,0.2613624036312103,0.6658878922462463,0.07274966686964035
