task,backbone,seed,fold,best_epoch,selection,inference,dataset_index,sample_id,group,residue_mg_cm2,target,prediction,view_count,view_instability,target_label,prediction_label,baseline_prediction,probability_low,probability_medium,probability_high
bin_classification,dinov3,42,1,16,legacy_outer,single,3,600 ppm 5 5,,3.07249289,1,0,1,0.0,medium,low,0,0.8576175570487976,0.059133950620889664,0.0832485482096672
bin_classification,dinov3,42,1,16,legacy_outer,single,5,1000 ppm 4 3,,7.189555601,2,2,1,0.0,high,high,0,0.14647962152957916,0.20761926472187042,0.6459012031555176
bin_classification,dinov3,42,1,16,legacy_outer,single,6,1000 ppm 3 9,,6.405368276,2,2,1,0.0,high,high,0,0.04879070445895195,0.21574793756008148,0.735461413860321
bin_classification,dinov3,42,1,16,legacy_outer,single,7,1000 ppm 3 10,,4.236281385,2,1,1,0.0,high,medium,0,0.1404523104429245,0.4938299357891083,0.3657177686691284
bin_classification,dinov3,42,1,16,legacy_outer,single,8,600 ppm 3 7,,2.508319707,0,1,1,0.0,low,medium,0,0.23761142790317535,0.6380325555801392,0.1243559867143631
bin_classification,dinov3,42,1,16,legacy_outer,single,9,800 ppm 5 7,,3.900390988,2,2,1,0.0,high,high,0,0.21809877455234528,0.2806883752346039,0.5012128353118896
bin_classification,dinov3,42,1,16,legacy_outer,single,11,400 ppm 4 4,,2.489788579,0,0,1,0.0,low,low,0,0.5229372978210449,0.1533048301935196,0.32375791668891907
bin_classification,dinov3,42,1,16,legacy_outer,single,12,800 ppm 2 8,,2.765988542,1,1,1,0.0,medium,medium,0,0.23595471680164337,0.6310604214668274,0.13298484683036804
bin_classification,dinov3,42,1,16,legacy_outer,single,13,400 ppm 3 2,,1.924704767,0,0,1,0.0,low,low,0,0.6930844783782959,0.19040268659591675,0.11651281267404556
bin_classification,dinov3,42,1,16,legacy_outer,single,21,800 ppm 3 9,,3.382216957,1,0,1,0.0,medium,low,0,0.5515708327293396,0.10830044746398926,0.34012869000434875
bin_classification,dinov3,42,1,16,legacy_outer,single,27,1000 ppm 5 1,,3.059802771,1,1,1,0.0,medium,medium,0,0.15048038959503174,0.7868475317955017,0.06267213076353073
bin_classification,dinov3,42,1,16,legacy_outer,single,28,800 ppm 4 5,,2.521832891,0,1,1,0.0,low,medium,0,0.2523086369037628,0.4951406717300415,0.25255072116851807
bin_classification,dinov3,42,1,16,legacy_outer,single,29,800 ppm 2 1,,4.06487884,2,0,1,0.0,high,low,0,0.4165378510951996,0.30621078610420227,0.27725136280059814
bin_classification,dinov3,42,1,16,legacy_outer,single,34,400 ppm 1 5,,2.341339231,0,0,1,0.0,low,low,0,0.5288330316543579,0.213148832321167,0.2580181062221527
bin_classification,dinov3,42,1,16,legacy_outer,single,45,400 ppm 4 8,,2.558849953,0,0,1,0.0,low,low,0,0.509874165058136,0.2531326711177826,0.23699314892292023
bin_classification,dinov3,42,1,16,legacy_outer,single,49,800 ppm 3 4,,3.337767404,1,2,1,0.0,medium,high,0,0.20592041313648224,0.3900895416736603,0.4039899706840515
bin_classification,dinov3,42,1,16,legacy_outer,single,53,1000 ppm 2 1,,3.63646254,2,1,1,0.0,high,medium,0,0.18552479147911072,0.7951077818870544,0.01936742290854454
bin_classification,dinov3,42,1,16,legacy_outer,single,54,400 ppm 3 10,,3.10781821,1,0,1,0.0,medium,low,0,0.6109861731529236,0.2965812683105469,0.09243257343769073
bin_classification,dinov3,42,1,16,legacy_outer,single,66,1000 ppm 3 3,,3.51299382,1,0,1,0.0,medium,low,0,0.4445591866970062,0.3545396029949188,0.20090122520923615
bin_classification,dinov3,42,1,16,legacy_outer,single,67,c 9,,0.057884192,0,0,1,0.0,low,low,0,0.9348200559616089,0.04047618433833122,0.02470376342535019
bin_classification,dinov3,42,1,16,legacy_outer,single,70,800 ppm 3 3,,3.888822319,2,2,1,0.0,high,high,0,0.025167115032672882,0.20084033906459808,0.7739924788475037
bin_classification,dinov3,42,1,16,legacy_outer,single,79,800 ppm 2 9,,4.519795322,2,2,1,0.0,high,high,0,0.05230656638741493,0.12218472361564636,0.825508713722229
bin_classification,dinov3,42,1,16,legacy_outer,single,81,600 ppm 2 9,,3.516388075,1,2,1,0.0,medium,high,0,0.07246314734220505,0.2511235177516937,0.676413357257843
bin_classification,dinov3,42,1,16,legacy_outer,single,83,400 ppm 2 10,,2.028021582,0,1,1,0.0,low,medium,0,0.14574193954467773,0.6302398443222046,0.22401821613311768
bin_classification,dinov3,42,1,16,legacy_outer,single,94,800 ppm 4 7,,2.433103134,0,0,1,0.0,low,low,0,0.6572060585021973,0.20299147069454193,0.1398024708032608
bin_classification,dinov3,42,1,16,legacy_outer,single,99,1000 ppm 2 7,,2.945844467,1,1,1,0.0,medium,medium,0,0.16436047852039337,0.717028021812439,0.11861152946949005
bin_classification,dinov3,42,1,16,legacy_outer,single,108,800 ppm 5 9,,4.625114916,2,0,1,0.0,high,low,0,0.37214380502700806,0.280610591173172,0.34724563360214233
bin_classification,dinov3,42,1,16,legacy_outer,single,109,600 ppm 3 6,,2.589302372,1,1,1,0.0,medium,medium,0,0.21611905097961426,0.6827548742294312,0.10112607479095459
bin_classification,dinov3,42,1,16,legacy_outer,single,111,1000 ppm 1 5,,5.633915275,2,2,1,0.0,high,high,0,0.3744358718395233,0.17247940599918365,0.4530847668647766
bin_classification,dinov3,42,1,16,legacy_outer,single,113,600 ppm 5 10,,2.366026608,0,1,1,0.0,low,medium,0,0.2902209758758545,0.6450095772743225,0.06476946920156479
bin_classification,dinov3,42,1,16,legacy_outer,single,114,600 ppm 2 5,,7.364696779,2,2,1,0.0,high,high,0,0.01043776422739029,0.0935666561126709,0.895995557308197
bin_classification,dinov3,42,1,16,legacy_outer,single,115,800 ppm 1 10,,3.305771452,1,2,1,0.0,medium,high,0,0.14348872005939484,0.12731163203716278,0.7291995882987976
bin_classification,dinov3,42,1,16,legacy_outer,single,117,1000 ppm 3 8,,3.306848768,1,2,1,0.0,medium,high,0,0.30941227078437805,0.26950156688690186,0.4210861027240753
bin_classification,dinov3,42,1,16,legacy_outer,single,121,800 ppm 2 3,,4.083341711,2,2,1,0.0,high,high,0,0.32317277789115906,0.2947365641593933,0.38209065794944763
bin_classification,dinov3,42,1,16,legacy_outer,single,126,1000 ppm 5 7,,3.420269793,1,0,1,0.0,medium,low,0,0.5206083655357361,0.19004176557064056,0.28934991359710693
bin_classification,dinov3,42,1,16,legacy_outer,single,130,400 ppm 1 3,,2.14727081,0,2,1,0.0,low,high,0,0.18918955326080322,0.11497417092323303,0.6958363056182861
bin_classification,dinov3,42,1,16,legacy_outer,single,131,800 ppm 4 6,,2.875276352,1,1,1,0.0,medium,medium,0,0.28682252764701843,0.6458585858345032,0.0673188865184784
bin_classification,dinov3,42,1,16,legacy_outer,single,132,600 ppm 5 4,,1.814695158,0,0,1,0.0,low,low,0,0.48721936345100403,0.28430500626564026,0.2284756749868393
bin_classification,dinov3,42,1,16,legacy_outer,single,138,400 ppm 2 7,,2.096952551,0,1,1,0.0,low,medium,0,0.059925176203250885,0.8343062996864319,0.10576850920915604
bin_classification,dinov3,42,1,16,legacy_outer,single,143,1000 ppm 5 9,,3.907491301,2,1,1,0.0,high,medium,0,0.06052058935165405,0.5599781274795532,0.37950125336647034
bin_classification,dinov3,42,1,16,legacy_outer,single,146,400 ppm 5 8,,1.963308029,0,2,1,0.0,low,high,0,0.25597381591796875,0.2391263246536255,0.5048998594284058
bin_classification,dinov3,42,1,16,legacy_outer,single,148,c 4,,0.028773772,0,0,1,0.0,low,low,0,0.9375609159469604,0.04503493010997772,0.017404040321707726
bin_classification,dinov3,42,1,16,legacy_outer,single,156,1000 ppm 1 8,,2.743553968,1,1,1,0.0,medium,medium,0,0.2994656264781952,0.5342556834220886,0.1662786602973938
bin_classification,dinov3,42,1,16,legacy_outer,single,157,c 3,,0.03666858,0,0,1,0.0,low,low,0,0.7412415146827698,0.11743447929620743,0.14132393896579742
bin_classification,dinov3,42,1,16,legacy_outer,single,166,800 ppm 1 9,,4.20466345,2,1,1,0.0,high,medium,0,0.12905290722846985,0.5562299489974976,0.314717173576355
bin_classification,dinov3,42,1,16,legacy_outer,single,175,1000 ppm 3 2,,5.16842706,2,0,1,0.0,high,low,0,0.48413553833961487,0.21804839372634888,0.29781606793403625
bin_classification,dinov3,42,1,16,legacy_outer,single,186,1000 ppm 5 4,,4.896407171,2,2,1,0.0,high,high,0,0.2248365730047226,0.18584467470645905,0.5893187522888184
bin_classification,dinov3,42,1,16,legacy_outer,single,189,1000 ppm 3 5,,3.571688657,1,1,1,0.0,medium,medium,0,0.27365192770957947,0.5667627453804016,0.15958528220653534
bin_classification,dinov3,42,1,16,legacy_outer,single,192,800 ppm 1 4,,3.526156319,1,2,1,0.0,medium,high,0,0.08276402950286865,0.34815114736557007,0.5690847635269165
bin_classification,dinov3,42,1,16,legacy_outer,single,193,1000 ppm 1 7,,13.21918184,2,2,1,0.0,high,high,0,0.04605387523770332,0.022264113649725914,0.9316820502281189
bin_classification,dinov3,42,1,16,legacy_outer,single,202,1000 ppm 3 4,,3.664180216,2,0,1,0.0,high,low,0,0.6880151629447937,0.17326697707176208,0.1387178897857666
bin_classification,dinov3,42,1,16,legacy_outer,single,204,400 ppm 5 1,,2.488451456,0,0,1,0.0,low,low,0,0.621111273765564,0.366784930229187,0.012103806249797344
bin_classification,dinov3,42,1,16,legacy_outer,single,205,1000 ppm 2 4,,2.575755666,1,1,1,0.0,medium,medium,0,0.34848716855049133,0.4722265601158142,0.17928628623485565
bin_classification,dinov3,42,1,16,legacy_outer,d4_mean,3,600 ppm 5 5,,3.07249289,1,0,8,0.0,medium,low,0,0.7800337076187134,0.0558401383459568,0.16412615776062012
bin_classification,dinov3,42,1,16,legacy_outer,d4_mean,5,1000 ppm 4 3,,7.189555601,2,2,8,0.0,high,high,0,0.09893065690994263,0.14010755717754364,0.7609617710113525
bin_classification,dinov3,42,1,16,legacy_outer,d4_mean,6,1000 ppm 3 9,,6.405368276,2,2,8,0.125,high,high,0,0.06052512675523758,0.26754069328308105,0.671934187412262
bin_classification,dinov3,42,1,16,legacy_outer,d4_mean,7,1000 ppm 3 10,,4.236281385,2,2,8,0.25,high,high,0,0.10126830637454987,0.30324870347976685,0.5954830050468445
bin_classification,dinov3,42,1,16,legacy_outer,d4_mean,8,600 ppm 3 7,,2.508319707,0,1,8,0.375,low,medium,0,0.1845555603504181,0.47502920031547546,0.34041523933410645
bin_classification,dinov3,42,1,16,legacy_outer,d4_mean,9,800 ppm 5 7,,3.900390988,2,2,8,0.0,high,high,0,0.08745630085468292,0.11643997579813004,0.7961037158966064
bin_classification,dinov3,42,1,16,legacy_outer,d4_mean,11,400 ppm 4 4,,2.489788579,0,2,8,0.25,low,high,0,0.3679589629173279,0.1780364215373993,0.4540046155452728
bin_classification,dinov3,42,1,16,legacy_outer,d4_mean,12,800 ppm 2 8,,2.765988542,1,2,8,0.25,medium,high,0,0.19216305017471313,0.39988428354263306,0.4079526662826538
bin_classification,dinov3,42,1,16,legacy_outer,d4_mean,13,400 ppm 3 2,,1.924704767,0,0,8,0.25,low,low,0,0.5023639798164368,0.19848474860191345,0.2991512715816498
bin_classification,dinov3,42,1,16,legacy_outer,d4_mean,21,800 ppm 3 9,,3.382216957,1,2,8,0.25,medium,high,0,0.32124510407447815,0.11654175072908401,0.5622130632400513
bin_classification,dinov3,42,1,16,legacy_outer,d4_mean,27,1000 ppm 5 1,,3.059802771,1,1,8,0.5,medium,medium,0,0.1379828006029129,0.4830057621002197,0.3790113925933838
bin_classification,dinov3,42,1,16,legacy_outer,d4_mean,28,800 ppm 4 5,,2.521832891,0,2,8,0.375,low,high,0,0.1568833887577057,0.3684311807155609,0.474685400724411
bin_classification,dinov3,42,1,16,legacy_outer,d4_mean,29,800 ppm 2 1,,4.06487884,2,2,8,0.25,high,high,0,0.2744279205799103,0.28982284665107727,0.43574923276901245
bin_classification,dinov3,42,1,16,legacy_outer,d4_mean,34,400 ppm 1 5,,2.341339231,0,2,8,0.25,low,high,0,0.31253498792648315,0.1590757519006729,0.5283892750740051
bin_classification,dinov3,42,1,16,legacy_outer,d4_mean,45,400 ppm 4 8,,2.558849953,0,2,8,0.375,low,high,0,0.37220677733421326,0.23794837296009064,0.3898448050022125
bin_classification,dinov3,42,1,16,legacy_outer,d4_mean,49,800 ppm 3 4,,3.337767404,1,2,8,0.125,medium,high,0,0.14936740696430206,0.2879016399383545,0.5627309083938599
bin_classification,dinov3,42,1,16,legacy_outer,d4_mean,53,1000 ppm 2 1,,3.63646254,2,1,8,0.0,high,medium,0,0.19414439797401428,0.7556108832359314,0.05024474114179611
bin_classification,dinov3,42,1,16,legacy_outer,d4_mean,54,400 ppm 3 10,,3.10781821,1,0,8,0.0,medium,low,0,0.5393421649932861,0.3112905025482178,0.14936737716197968
bin_classification,dinov3,42,1,16,legacy_outer,d4_mean,66,1000 ppm 3 3,,3.51299382,1,2,8,0.25,medium,high,0,0.22977489233016968,0.25091734528541565,0.5193077325820923
bin_classification,dinov3,42,1,16,legacy_outer,d4_mean,67,c 9,,0.057884192,0,0,8,0.0,low,low,0,0.7985073328018188,0.05404677987098694,0.14744585752487183
bin_classification,dinov3,42,1,16,legacy_outer,d4_mean,70,800 ppm 3 3,,3.888822319,2,2,8,0.0,high,high,0,0.02174057997763157,0.13323746621608734,0.8450219631195068
bin_classification,dinov3,42,1,16,legacy_outer,d4_mean,79,800 ppm 2 9,,4.519795322,2,2,8,0.0,high,high,0,0.0387052446603775,0.05170135200023651,0.9095933437347412
bin_classification,dinov3,42,1,16,legacy_outer,d4_mean,81,600 ppm 2 9,,3.516388075,1,2,8,0.0,medium,high,0,0.04596097022294998,0.15911848843097687,0.7949205040931702
bin_classification,dinov3,42,1,16,legacy_outer,d4_mean,83,400 ppm 2 10,,2.028021582,0,1,8,0.25,low,medium,0,0.07870228588581085,0.5506642460823059,0.37063348293304443
bin_classification,dinov3,42,1,16,legacy_outer,d4_mean,94,800 ppm 4 7,,2.433103134,0,0,8,0.5,low,low,0,0.4340999722480774,0.17375622689723969,0.39214378595352173
bin_classification,dinov3,42,1,16,legacy_outer,d4_mean,99,1000 ppm 2 7,,2.945844467,1,1,8,0.0,medium,medium,0,0.14455319941043854,0.6990318298339844,0.1564149707555771
bin_classification,dinov3,42,1,16,legacy_outer,d4_mean,108,800 ppm 5 9,,4.625114916,2,1,8,0.5,high,medium,0,0.35245272517204285,0.37934258580207825,0.2682047188282013
bin_classification,dinov3,42,1,16,legacy_outer,d4_mean,109,600 ppm 3 6,,2.589302372,1,1,8,0.0,medium,medium,0,0.17755575478076935,0.7627577185630798,0.05968647450208664
bin_classification,dinov3,42,1,16,legacy_outer,d4_mean,111,1000 ppm 1 5,,5.633915275,2,2,8,0.25,high,high,0,0.35795021057128906,0.2339283525943756,0.4081214666366577
bin_classification,dinov3,42,1,16,legacy_outer,d4_mean,113,600 ppm 5 10,,2.366026608,0,1,8,0.0,low,medium,0,0.3204227685928345,0.5555323958396912,0.12404488027095795
bin_classification,dinov3,42,1,16,legacy_outer,d4_mean,114,600 ppm 2 5,,7.364696779,2,2,8,0.0,high,high,0,0.007681855000555515,0.06089219078421593,0.931425929069519
bin_classification,dinov3,42,1,16,legacy_outer,d4_mean,115,800 ppm 1 10,,3.305771452,1,2,8,0.0,medium,high,0,0.07366453856229782,0.09989535063505173,0.8264400362968445
bin_classification,dinov3,42,1,16,legacy_outer,d4_mean,117,1000 ppm 3 8,,3.306848768,1,2,8,0.0,medium,high,0,0.1550237536430359,0.2241148203611374,0.6208614706993103
bin_classification,dinov3,42,1,16,legacy_outer,d4_mean,121,800 ppm 2 3,,4.083341711,2,2,8,0.0,high,high,0,0.13696102797985077,0.14741051197052002,0.715628445148468
bin_classification,dinov3,42,1,16,legacy_outer,d4_mean,126,1000 ppm 5 7,,3.420269793,1,2,8,0.125,medium,high,0,0.2911834418773651,0.18219134211540222,0.5266252160072327
bin_classification,dinov3,42,1,16,legacy_outer,d4_mean,130,400 ppm 1 3,,2.14727081,0,2,8,0.0,low,high,0,0.1240403950214386,0.10007724165916443,0.775882363319397
bin_classification,dinov3,42,1,16,legacy_outer,d4_mean,131,800 ppm 4 6,,2.875276352,1,1,8,0.0,medium,medium,0,0.24284586310386658,0.5153293609619141,0.24182474613189697
bin_classification,dinov3,42,1,16,legacy_outer,d4_mean,132,600 ppm 5 4,,1.814695158,0,0,8,0.25,low,low,0,0.414715051651001,0.24963314831256866,0.33565181493759155
bin_classification,dinov3,42,1,16,legacy_outer,d4_mean,138,400 ppm 2 7,,2.096952551,0,1,8,0.0,low,medium,0,0.07758248597383499,0.7061786651611328,0.2162388563156128
bin_classification,dinov3,42,1,16,legacy_outer,d4_mean,143,1000 ppm 5 9,,3.907491301,2,2,8,0.25,high,high,0,0.04174501448869705,0.32632511854171753,0.631929874420166
bin_classification,dinov3,42,1,16,legacy_outer,d4_mean,146,400 ppm 5 8,,1.963308029,0,2,8,0.0,low,high,0,0.12405258417129517,0.1330685317516327,0.7428788542747498
bin_classification,dinov3,42,1,16,legacy_outer,d4_mean,148,c 4,,0.028773772,0,0,8,0.0,low,low,0,0.8350080251693726,0.0548507422208786,0.11014122515916824
bin_classification,dinov3,42,1,16,legacy_outer,d4_mean,156,1000 ppm 1 8,,2.743553968,1,1,8,0.125,medium,medium,0,0.1843012422323227,0.4701289236545563,0.34556981921195984
bin_classification,dinov3,42,1,16,legacy_outer,d4_mean,157,c 3,,0.03666858,0,0,8,0.25,low,low,0,0.5398088097572327,0.0884372815489769,0.37175387144088745
bin_classification,dinov3,42,1,16,legacy_outer,d4_mean,166,800 ppm 1 9,,4.20466345,2,2,8,0.375,high,high,0,0.07948128134012222,0.3758389949798584,0.5446797013282776
bin_classification,dinov3,42,1,16,legacy_outer,d4_mean,175,1000 ppm 3 2,,5.16842706,2,2,8,0.5,high,high,0,0.33836546540260315,0.2936832308769226,0.367951363325119
bin_classification,dinov3,42,1,16,legacy_outer,d4_mean,186,1000 ppm 5 4,,4.896407171,2,2,8,0.0,high,high,0,0.09387049823999405,0.12315566837787628,0.7829738259315491
bin_classification,dinov3,42,1,16,legacy_outer,d4_mean,189,1000 ppm 3 5,,3.571688657,1,1,8,0.375,medium,medium,0,0.1695660948753357,0.4807069003582001,0.3497270345687866
bin_classification,dinov3,42,1,16,legacy_outer,d4_mean,192,800 ppm 1 4,,3.526156319,1,2,8,0.0,medium,high,0,0.06315619498491287,0.19884486496448517,0.737998902797699
bin_classification,dinov3,42,1,16,legacy_outer,d4_mean,193,1000 ppm 1 7,,13.21918184,2,2,8,0.0,high,high,0,0.06843531876802444,0.04493989795446396,0.886624813079834
bin_classification,dinov3,42,1,16,legacy_outer,d4_mean,202,1000 ppm 3 4,,3.664180216,2,0,8,0.375,high,low,0,0.5400283932685852,0.10290799289941788,0.3570636212825775
bin_classification,dinov3,42,1,16,legacy_outer,d4_mean,204,400 ppm 5 1,,2.488451456,0,1,8,0.25,low,medium,0,0.43302392959594727,0.49750348925590515,0.06947258114814758
bin_classification,dinov3,42,1,16,legacy_outer,d4_mean,205,1000 ppm 2 4,,2.575755666,1,2,8,0.375,medium,high,0,0.2962818741798401,0.3011605739593506,0.4025575518608093
bin_classification,dinov3,42,1,16,legacy_outer,d4_vote,3,600 ppm 5 5,,3.07249289,1,0,8,0.0,medium,low,0,0.7800337076187134,0.0558401383459568,0.16412615776062012
bin_classification,dinov3,42,1,16,legacy_outer,d4_vote,5,1000 ppm 4 3,,7.189555601,2,2,8,0.0,high,high,0,0.09893065690994263,0.14010755717754364,0.7609617710113525
bin_classification,dinov3,42,1,16,legacy_outer,d4_vote,6,1000 ppm 3 9,,6.405368276,2,2,8,0.125,high,high,0,0.06052512675523758,0.26754069328308105,0.671934187412262
bin_classification,dinov3,42,1,16,legacy_outer,d4_vote,7,1000 ppm 3 10,,4.236281385,2,2,8,0.25,high,high,0,0.10126830637454987,0.30324870347976685,0.5954830050468445
bin_classification,dinov3,42,1,16,legacy_outer,d4_vote,8,600 ppm 3 7,,2.508319707,0,1,8,0.375,low,medium,0,0.1845555603504181,0.47502920031547546,0.34041523933410645
bin_classification,dinov3,42,1,16,legacy_outer,d4_vote,9,800 ppm 5 7,,3.900390988,2,2,8,0.0,high,high,0,0.08745630085468292,0.11643997579813004,0.7961037158966064
bin_classification,dinov3,42,1,16,legacy_outer,d4_vote,11,400 ppm 4 4,,2.489788579,0,2,8,0.25,low,high,0,0.3679589629173279,0.1780364215373993,0.4540046155452728
bin_classification,dinov3,42,1,16,legacy_outer,d4_vote,12,800 ppm 2 8,,2.765988542,1,2,8,0.25,medium,high,0,0.19216305017471313,0.39988428354263306,0.4079526662826538
bin_classification,dinov3,42,1,16,legacy_outer,d4_vote,13,400 ppm 3 2,,1.924704767,0,0,8,0.25,low,low,0,0.5023639798164368,0.19848474860191345,0.2991512715816498
bin_classification,dinov3,42,1,16,legacy_outer,d4_vote,21,800 ppm 3 9,,3.382216957,1,2,8,0.25,medium,high,0,0.32124510407447815,0.11654175072908401,0.5622130632400513
bin_classification,dinov3,42,1,16,legacy_outer,d4_vote,27,1000 ppm 5 1,,3.059802771,1,1,8,0.5,medium,medium,0,0.1379828006029129,0.4830057621002197,0.3790113925933838
bin_classification,dinov3,42,1,16,legacy_outer,d4_vote,28,800 ppm 4 5,,2.521832891,0,2,8,0.375,low,high,0,0.1568833887577057,0.3684311807155609,0.474685400724411
bin_classification,dinov3,42,1,16,legacy_outer,d4_vote,29,800 ppm 2 1,,4.06487884,2,2,8,0.25,high,high,0,0.2744279205799103,0.28982284665107727,0.43574923276901245
bin_classification,dinov3,42,1,16,legacy_outer,d4_vote,34,400 ppm 1 5,,2.341339231,0,2,8,0.25,low,high,0,0.31253498792648315,0.1590757519006729,0.5283892750740051
bin_classification,dinov3,42,1,16,legacy_outer,d4_vote,45,400 ppm 4 8,,2.558849953,0,2,8,0.375,low,high,0,0.37220677733421326,0.23794837296009064,0.3898448050022125
bin_classification,dinov3,42,1,16,legacy_outer,d4_vote,49,800 ppm 3 4,,3.337767404,1,2,8,0.125,medium,high,0,0.14936740696430206,0.2879016399383545,0.5627309083938599
bin_classification,dinov3,42,1,16,legacy_outer,d4_vote,53,1000 ppm 2 1,,3.63646254,2,1,8,0.0,high,medium,0,0.19414439797401428,0.7556108832359314,0.05024474114179611
bin_classification,dinov3,42,1,16,legacy_outer,d4_vote,54,400 ppm 3 10,,3.10781821,1,0,8,0.0,medium,low,0,0.5393421649932861,0.3112905025482178,0.14936737716197968
bin_classification,dinov3,42,1,16,legacy_outer,d4_vote,66,1000 ppm 3 3,,3.51299382,1,2,8,0.25,medium,high,0,0.22977489233016968,0.25091734528541565,0.5193077325820923
bin_classification,dinov3,42,1,16,legacy_outer,d4_vote,67,c 9,,0.057884192,0,0,8,0.0,low,low,0,0.7985073328018188,0.05404677987098694,0.14744585752487183
bin_classification,dinov3,42,1,16,legacy_outer,d4_vote,70,800 ppm 3 3,,3.888822319,2,2,8,0.0,high,high,0,0.02174057997763157,0.13323746621608734,0.8450219631195068
bin_classification,dinov3,42,1,16,legacy_outer,d4_vote,79,800 ppm 2 9,,4.519795322,2,2,8,0.0,high,high,0,0.0387052446603775,0.05170135200023651,0.9095933437347412
bin_classification,dinov3,42,1,16,legacy_outer,d4_vote,81,600 ppm 2 9,,3.516388075,1,2,8,0.0,medium,high,0,0.04596097022294998,0.15911848843097687,0.7949205040931702
bin_classification,dinov3,42,1,16,legacy_outer,d4_vote,83,400 ppm 2 10,,2.028021582,0,1,8,0.25,low,medium,0,0.07870228588581085,0.5506642460823059,0.37063348293304443
bin_classification,dinov3,42,1,16,legacy_outer,d4_vote,94,800 ppm 4 7,,2.433103134,0,0,8,0.5,low,low,0,0.4340999722480774,0.17375622689723969,0.39214378595352173
bin_classification,dinov3,42,1,16,legacy_outer,d4_vote,99,1000 ppm 2 7,,2.945844467,1,1,8,0.0,medium,medium,0,0.14455319941043854,0.6990318298339844,0.1564149707555771
bin_classification,dinov3,42,1,16,legacy_outer,d4_vote,108,800 ppm 5 9,,4.625114916,2,0,8,0.5,high,low,0,0.35245272517204285,0.37934258580207825,0.2682047188282013
bin_classification,dinov3,42,1,16,legacy_outer,d4_vote,109,600 ppm 3 6,,2.589302372,1,1,8,0.0,medium,medium,0,0.17755575478076935,0.7627577185630798,0.05968647450208664
bin_classification,dinov3,42,1,16,legacy_outer,d4_vote,111,1000 ppm 1 5,,5.633915275,2,2,8,0.25,high,high,0,0.35795021057128906,0.2339283525943756,0.4081214666366577
bin_classification,dinov3,42,1,16,legacy_outer,d4_vote,113,600 ppm 5 10,,2.366026608,0,1,8,0.0,low,medium,0,0.3204227685928345,0.5555323958396912,0.12404488027095795
bin_classification,dinov3,42,1,16,legacy_outer,d4_vote,114,600 ppm 2 5,,7.364696779,2,2,8,0.0,high,high,0,0.007681855000555515,0.06089219078421593,0.931425929069519
bin_classification,dinov3,42,1,16,legacy_outer,d4_vote,115,800 ppm 1 10,,3.305771452,1,2,8,0.0,medium,high,0,0.07366453856229782,0.09989535063505173,0.8264400362968445
bin_classification,dinov3,42,1,16,legacy_outer,d4_vote,117,1000 ppm 3 8,,3.306848768,1,2,8,0.0,medium,high,0,0.1550237536430359,0.2241148203611374,0.6208614706993103
bin_classification,dinov3,42,1,16,legacy_outer,d4_vote,121,800 ppm 2 3,,4.083341711,2,2,8,0.0,high,high,0,0.13696102797985077,0.14741051197052002,0.715628445148468
bin_classification,dinov3,42,1,16,legacy_outer,d4_vote,126,1000 ppm 5 7,,3.420269793,1,2,8,0.125,medium,high,0,0.2911834418773651,0.18219134211540222,0.5266252160072327
bin_classification,dinov3,42,1,16,legacy_outer,d4_vote,130,400 ppm 1 3,,2.14727081,0,2,8,0.0,low,high,0,0.1240403950214386,0.10007724165916443,0.775882363319397
bin_classification,dinov3,42,1,16,legacy_outer,d4_vote,131,800 ppm 4 6,,2.875276352,1,1,8,0.0,medium,medium,0,0.24284586310386658,0.5153293609619141,0.24182474613189697
bin_classification,dinov3,42,1,16,legacy_outer,d4_vote,132,600 ppm 5 4,,1.814695158,0,0,8,0.25,low,low,0,0.414715051651001,0.24963314831256866,0.33565181493759155
bin_classification,dinov3,42,1,16,legacy_outer,d4_vote,138,400 ppm 2 7,,2.096952551,0,1,8,0.0,low,medium,0,0.07758248597383499,0.7061786651611328,0.2162388563156128
bin_classification,dinov3,42,1,16,legacy_outer,d4_vote,143,1000 ppm 5 9,,3.907491301,2,2,8,0.25,high,high,0,0.04174501448869705,0.32632511854171753,0.631929874420166
bin_classification,dinov3,42,1,16,legacy_outer,d4_vote,146,400 ppm 5 8,,1.963308029,0,2,8,0.0,low,high,0,0.12405258417129517,0.1330685317516327,0.7428788542747498
bin_classification,dinov3,42,1,16,legacy_outer,d4_vote,148,c 4,,0.028773772,0,0,8,0.0,low,low,0,0.8350080251693726,0.0548507422208786,0.11014122515916824
bin_classification,dinov3,42,1,16,legacy_outer,d4_vote,156,1000 ppm 1 8,,2.743553968,1,1,8,0.125,medium,medium,0,0.1843012422323227,0.4701289236545563,0.34556981921195984
bin_classification,dinov3,42,1,16,legacy_outer,d4_vote,157,c 3,,0.03666858,0,0,8,0.25,low,low,0,0.5398088097572327,0.0884372815489769,0.37175387144088745
bin_classification,dinov3,42,1,16,legacy_outer,d4_vote,166,800 ppm 1 9,,4.20466345,2,2,8,0.375,high,high,0,0.07948128134012222,0.3758389949798584,0.5446797013282776
bin_classification,dinov3,42,1,16,legacy_outer,d4_vote,175,1000 ppm 3 2,,5.16842706,2,0,8,0.5,high,low,0,0.33836546540260315,0.2936832308769226,0.367951363325119
bin_classification,dinov3,42,1,16,legacy_outer,d4_vote,186,1000 ppm 5 4,,4.896407171,2,2,8,0.0,high,high,0,0.09387049823999405,0.12315566837787628,0.7829738259315491
bin_classification,dinov3,42,1,16,legacy_outer,d4_vote,189,1000 ppm 3 5,,3.571688657,1,1,8,0.375,medium,medium,0,0.1695660948753357,0.4807069003582001,0.3497270345687866
bin_classification,dinov3,42,1,16,legacy_outer,d4_vote,192,800 ppm 1 4,,3.526156319,1,2,8,0.0,medium,high,0,0.06315619498491287,0.19884486496448517,0.737998902797699
bin_classification,dinov3,42,1,16,legacy_outer,d4_vote,193,1000 ppm 1 7,,13.21918184,2,2,8,0.0,high,high,0,0.06843531876802444,0.04493989795446396,0.886624813079834
bin_classification,dinov3,42,1,16,legacy_outer,d4_vote,202,1000 ppm 3 4,,3.664180216,2,0,8,0.375,high,low,0,0.5400283932685852,0.10290799289941788,0.3570636212825775
bin_classification,dinov3,42,1,16,legacy_outer,d4_vote,204,400 ppm 5 1,,2.488451456,0,1,8,0.25,low,medium,0,0.43302392959594727,0.49750348925590515,0.06947258114814758
bin_classification,dinov3,42,1,16,legacy_outer,d4_vote,205,1000 ppm 2 4,,2.575755666,1,2,8,0.375,medium,high,0,0.2962818741798401,0.3011605739593506,0.4025575518608093
bin_classification,dinov3,42,1,16,legacy_outer,scale_mean,3,600 ppm 5 5,,3.07249289,1,0,2,0.0,medium,low,0,0.7756321430206299,0.11526025086641312,0.10910765826702118
bin_classification,dinov3,42,1,16,legacy_outer,scale_mean,5,1000 ppm 4 3,,7.189555601,2,2,2,0.0,high,high,0,0.2115599513053894,0.26171940565109253,0.5267207026481628
bin_classification,dinov3,42,1,16,legacy_outer,scale_mean,6,1000 ppm 3 9,,6.405368276,2,2,2,0.0,high,high,0,0.043372735381126404,0.20358014106750488,0.7530471682548523
bin_classification,dinov3,42,1,16,legacy_outer,scale_mean,7,1000 ppm 3 10,,4.236281385,2,1,2,0.0,high,medium,0,0.1517678052186966,0.5309634208679199,0.3172687888145447
bin_classification,dinov3,42,1,16,legacy_outer,scale_mean,8,600 ppm 3 7,,2.508319707,0,1,2,0.0,low,medium,0,0.18724192678928375,0.6966217756271362,0.11613629013299942
bin_classification,dinov3,42,1,16,legacy_outer,scale_mean,9,800 ppm 5 7,,3.900390988,2,2,2,0.0,high,high,0,0.16322821378707886,0.2679576873779297,0.5688140988349915
bin_classification,dinov3,42,1,16,legacy_outer,scale_mean,11,400 ppm 4 4,,2.489788579,0,0,2,0.0,low,low,0,0.49149325489997864,0.17704269289970398,0.33146408200263977
bin_classification,dinov3,42,1,16,legacy_outer,scale_mean,12,800 ppm 2 8,,2.765988542,1,1,2,0.0,medium,medium,0,0.1920291781425476,0.6775619387626648,0.1304088830947876
bin_classification,dinov3,42,1,16,legacy_outer,scale_mean,13,400 ppm 3 2,,1.924704767,0,0,2,0.0,low,low,0,0.6754524111747742,0.20720045268535614,0.11734715104103088
bin_classification,dinov3,42,1,16,legacy_outer,scale_mean,21,800 ppm 3 9,,3.382216957,1,0,2,0.0,medium,low,0,0.530687689781189,0.10561344027519226,0.3636988401412964
bin_classification,dinov3,42,1,16,legacy_outer,scale_mean,27,1000 ppm 5 1,,3.059802771,1,1,2,0.0,medium,medium,0,0.16126233339309692,0.7743691802024841,0.06436848640441895
bin_classification,dinov3,42,1,16,legacy_outer,scale_mean,28,800 ppm 4 5,,2.521832891,0,1,2,0.0,low,medium,0,0.1941225379705429,0.5018129348754883,0.3040645718574524
bin_classification,dinov3,42,1,16,legacy_outer,scale_mean,29,800 ppm 2 1,,4.06487884,2,2,2,0.5,high,high,0,0.31020763516426086,0.3412984609603882,0.34849393367767334
bin_classification,dinov3,42,1,16,legacy_outer,scale_mean,34,400 ppm 1 5,,2.341339231,0,0,2,0.0,low,low,0,0.535728931427002,0.22120320796966553,0.2430678755044937
bin_classification,dinov3,42,1,16,legacy_outer,scale_mean,45,400 ppm 4 8,,2.558849953,0,0,2,0.0,low,low,0,0.5078232288360596,0.29498976469039917,0.19718699157238007
bin_classification,dinov3,42,1,16,legacy_outer,scale_mean,49,800 ppm 3 4,,3.337767404,1,1,2,0.5,medium,medium,0,0.20372939109802246,0.4190380573272705,0.37723255157470703
bin_classification,dinov3,42,1,16,legacy_outer,scale_mean,53,1000 ppm 2 1,,3.63646254,2,1,2,0.0,high,medium,0,0.2365301102399826,0.7484569549560547,0.015012906864285469
bin_classification,dinov3,42,1,16,legacy_outer,scale_mean,54,400 ppm 3 10,,3.10781821,1,0,2,0.0,medium,low,0,0.5821080207824707,0.3364728093147278,0.08141918480396271
bin_classification,dinov3,42,1,16,legacy_outer,scale_mean,66,1000 ppm 3 3,,3.51299382,1,1,2,0.5,medium,medium,0,0.34494930505752563,0.3986126184463501,0.25643810629844666
bin_classification,dinov3,42,1,16,legacy_outer,scale_mean,67,c 9,,0.057884192,0,0,2,0.0,low,low,0,0.9208489656448364,0.05702643841505051,0.022124577313661575
bin_classification,dinov3,42,1,16,legacy_outer,scale_mean,70,800 ppm 3 3,,3.888822319,2,2,2,0.0,high,high,0,0.045882806181907654,0.301535040140152,0.6525821089744568
bin_classification,dinov3,42,1,16,legacy_outer,scale_mean,79,800 ppm 2 9,,4.519795322,2,2,2,0.0,high,high,0,0.042074017226696014,0.09894214570522308,0.8589838147163391
bin_classification,dinov3,42,1,16,legacy_outer,scale_mean,81,600 ppm 2 9,,3.516388075,1,2,2,0.0,medium,high,0,0.08727900683879852,0.254797101020813,0.6579238772392273
bin_classification,dinov3,42,1,16,legacy_outer,scale_mean,83,400 ppm 2 10,,2.028021582,0,1,2,0.0,low,medium,0,0.12506717443466187,0.6605699062347412,0.21436288952827454
bin_classification,dinov3,42,1,16,legacy_outer,scale_mean,94,800 ppm 4 7,,2.433103134,0,0,2,0.0,low,low,0,0.5871704816818237,0.23983356356620789,0.17299598455429077
bin_classification,dinov3,42,1,16,legacy_outer,scale_mean,99,1000 ppm 2 7,,2.945844467,1,1,2,0.0,medium,medium,0,0.16946834325790405,0.722165584564209,0.10836607217788696
bin_classification,dinov3,42,1,16,legacy_outer,scale_mean,108,800 ppm 5 9,,4.625114916,2,0,2,0.5,high,low,0,0.35676392912864685,0.29028159379959106,0.3529544770717621
bin_classification,dinov3,42,1,16,legacy_outer,scale_mean,109,600 ppm 3 6,,2.589302372,1,1,2,0.0,medium,medium,0,0.21825797855854034,0.6861149072647095,0.095627062022686
bin_classification,dinov3,42,1,16,legacy_outer,scale_mean,111,1000 ppm 1 5,,5.633915275,2,2,2,0.0,high,high,0,0.31864678859710693,0.16229191422462463,0.5190613269805908
bin_classification,dinov3,42,1,16,legacy_outer,scale_mean,113,600 ppm 5 10,,2.366026608,0,1,2,0.0,low,medium,0,0.2635502815246582,0.6863771080970764,0.05007258057594299
bin_classification,dinov3,42,1,16,legacy_outer,scale_mean,114,600 ppm 2 5,,7.364696779,2,2,2,0.0,high,high,0,0.011088499799370766,0.1060459166765213,0.8828655481338501
bin_classification,dinov3,42,1,16,legacy_outer,scale_mean,115,800 ppm 1 10,,3.305771452,1,2,2,0.0,medium,high,0,0.15780392289161682,0.13898125290870667,0.7032148241996765
bin_classification,dinov3,42,1,16,legacy_outer,scale_mean,117,1000 ppm 3 8,,3.306848768,1,2,2,0.5,medium,high,0,0.29829567670822144,0.31509435176849365,0.3866099715232849
bin_classification,dinov3,42,1,16,legacy_outer,scale_mean,121,800 ppm 2 3,,4.083341711,2,1,2,0.5,high,medium,0,0.28441083431243896,0.36102619767189026,0.35456299781799316
bin_classification,dinov3,42,1,16,legacy_outer,scale_mean,126,1000 ppm 5 7,,3.420269793,1,0,2,0.0,medium,low,0,0.5368835926055908,0.20062339305877686,0.2624930739402771
bin_classification,dinov3,42,1,16,legacy_outer,scale_mean,130,400 ppm 1 3,,2.14727081,0,2,2,0.0,low,high,0,0.21867942810058594,0.14576081931591034,0.6355597972869873
bin_classification,dinov3,42,1,16,legacy_outer,scale_mean,131,800 ppm 4 6,,2.875276352,1,1,2,0.0,medium,medium,0,0.2961278557777405,0.621059775352478,0.08281242102384567
bin_classification,dinov3,42,1,16,legacy_outer,scale_mean,132,600 ppm 5 4,,1.814695158,0,0,2,0.5,low,low,0,0.40044087171554565,0.35123348236083984,0.2483256757259369
bin_classification,dinov3,42,1,16,legacy_outer,scale_mean,138,400 ppm 2 7,,2.096952551,0,1,2,0.0,low,medium,0,0.07642771303653717,0.8168522715568542,0.10672000050544739
bin_classification,dinov3,42,1,16,legacy_outer,scale_mean,143,1000 ppm 5 9,,3.907491301,2,1,2,0.5,high,medium,0,0.07987067103385925,0.4969114363193512,0.42321789264678955
bin_classification,dinov3,42,1,16,legacy_outer,scale_mean,146,400 ppm 5 8,,1.963308029,0,2,2,0.0,low,high,0,0.22470179200172424,0.2430623471736908,0.532235860824585
bin_classification,dinov3,42,1,16,legacy_outer,scale_mean,148,c 4,,0.028773772,0,0,2,0.0,low,low,0,0.9330927729606628,0.04710526391863823,0.019801903516054153
bin_classification,dinov3,42,1,16,legacy_outer,scale_mean,156,1000 ppm 1 8,,2.743553968,1,1,2,0.0,medium,medium,0,0.3283769488334656,0.5474621057510376,0.12416096776723862
bin_classification,dinov3,42,1,16,legacy_outer,scale_mean,157,c 3,,0.03666858,0,0,2,0.0,low,low,0,0.7154570817947388,0.12454281747341156,0.1600000262260437
bin_classification,dinov3,42,1,16,legacy_outer,scale_mean,166,800 ppm 1 9,,4.20466345,2,1,2,0.0,high,medium,0,0.1326732188463211,0.6047571897506714,0.2625696063041687
bin_classification,dinov3,42,1,16,legacy_outer,scale_mean,175,1000 ppm 3 2,,5.16842706,2,0,2,0.0,high,low,0,0.5591750144958496,0.17901203036308289,0.2618129253387451
bin_classification,dinov3,42,1,16,legacy_outer,scale_mean,186,1000 ppm 5 4,,4.896407171,2,2,2,0.0,high,high,0,0.22824357450008392,0.23606714606285095,0.5356892943382263
bin_classification,dinov3,42,1,16,legacy_outer,scale_mean,189,1000 ppm 3 5,,3.571688657,1,1,2,0.0,medium,medium,0,0.23028932511806488,0.6300167441368103,0.13969391584396362
bin_classification,dinov3,42,1,16,legacy_outer,scale_mean,192,800 ppm 1 4,,3.526156319,1,2,2,0.0,medium,high,0,0.07225529104471207,0.36533576250076294,0.5624089241027832
bin_classification,dinov3,42,1,16,legacy_outer,scale_mean,193,1000 ppm 1 7,,13.21918184,2,2,2,0.0,high,high,0,0.039247557520866394,0.027900565415620804,0.9328519105911255
bin_classification,dinov3,42,1,16,legacy_outer,scale_mean,202,1000 ppm 3 4,,3.664180216,2,0,2,0.0,high,low,0,0.6324765682220459,0.21102887392044067,0.15649455785751343
bin_classification,dinov3,42,1,16,legacy_outer,scale_mean,204,400 ppm 5 1,,2.488451456,0,0,2,0.0,low,low,0,0.6138279438018799,0.37272152304649353,0.01345057599246502
bin_classification,dinov3,42,1,16,legacy_outer,scale_mean,205,1000 ppm 2 4,,2.575755666,1,1,2,0.0,medium,medium,0,0.3128408193588257,0.47769325971603394,0.2094658762216568
bin_classification,dinov3,42,1,16,legacy_outer,scale_vote,3,600 ppm 5 5,,3.07249289,1,0,2,0.0,medium,low,0,0.7756321430206299,0.11526025086641312,0.10910765826702118
bin_classification,dinov3,42,1,16,legacy_outer,scale_vote,5,1000 ppm 4 3,,7.189555601,2,2,2,0.0,high,high,0,0.2115599513053894,0.26171940565109253,0.5267207026481628
bin_classification,dinov3,42,1,16,legacy_outer,scale_vote,6,1000 ppm 3 9,,6.405368276,2,2,2,0.0,high,high,0,0.043372735381126404,0.20358014106750488,0.7530471682548523
bin_classification,dinov3,42,1,16,legacy_outer,scale_vote,7,1000 ppm 3 10,,4.236281385,2,1,2,0.0,high,medium,0,0.1517678052186966,0.5309634208679199,0.3172687888145447
bin_classification,dinov3,42,1,16,legacy_outer,scale_vote,8,600 ppm 3 7,,2.508319707,0,1,2,0.0,low,medium,0,0.18724192678928375,0.6966217756271362,0.11613629013299942
bin_classification,dinov3,42,1,16,legacy_outer,scale_vote,9,800 ppm 5 7,,3.900390988,2,2,2,0.0,high,high,0,0.16322821378707886,0.2679576873779297,0.5688140988349915
bin_classification,dinov3,42,1,16,legacy_outer,scale_vote,11,400 ppm 4 4,,2.489788579,0,0,2,0.0,low,low,0,0.49149325489997864,0.17704269289970398,0.33146408200263977
bin_classification,dinov3,42,1,16,legacy_outer,scale_vote,12,800 ppm 2 8,,2.765988542,1,1,2,0.0,medium,medium,0,0.1920291781425476,0.6775619387626648,0.1304088830947876
bin_classification,dinov3,42,1,16,legacy_outer,scale_vote,13,400 ppm 3 2,,1.924704767,0,0,2,0.0,low,low,0,0.6754524111747742,0.20720045268535614,0.11734715104103088
bin_classification,dinov3,42,1,16,legacy_outer,scale_vote,21,800 ppm 3 9,,3.382216957,1,0,2,0.0,medium,low,0,0.530687689781189,0.10561344027519226,0.3636988401412964
bin_classification,dinov3,42,1,16,legacy_outer,scale_vote,27,1000 ppm 5 1,,3.059802771,1,1,2,0.0,medium,medium,0,0.16126233339309692,0.7743691802024841,0.06436848640441895
bin_classification,dinov3,42,1,16,legacy_outer,scale_vote,28,800 ppm 4 5,,2.521832891,0,1,2,0.0,low,medium,0,0.1941225379705429,0.5018129348754883,0.3040645718574524
bin_classification,dinov3,42,1,16,legacy_outer,scale_vote,29,800 ppm 2 1,,4.06487884,2,2,2,0.5,high,high,0,0.31020763516426086,0.3412984609603882,0.34849393367767334
bin_classification,dinov3,42,1,16,legacy_outer,scale_vote,34,400 ppm 1 5,,2.341339231,0,0,2,0.0,low,low,0,0.535728931427002,0.22120320796966553,0.2430678755044937
bin_classification,dinov3,42,1,16,legacy_outer,scale_vote,45,400 ppm 4 8,,2.558849953,0,0,2,0.0,low,low,0,0.5078232288360596,0.29498976469039917,0.19718699157238007
bin_classification,dinov3,42,1,16,legacy_outer,scale_vote,49,800 ppm 3 4,,3.337767404,1,1,2,0.5,medium,medium,0,0.20372939109802246,0.4190380573272705,0.37723255157470703
bin_classification,dinov3,42,1,16,legacy_outer,scale_vote,53,1000 ppm 2 1,,3.63646254,2,1,2,0.0,high,medium,0,0.2365301102399826,0.7484569549560547,0.015012906864285469
bin_classification,dinov3,42,1,16,legacy_outer,scale_vote,54,400 ppm 3 10,,3.10781821,1,0,2,0.0,medium,low,0,0.5821080207824707,0.3364728093147278,0.08141918480396271
bin_classification,dinov3,42,1,16,legacy_outer,scale_vote,66,1000 ppm 3 3,,3.51299382,1,1,2,0.5,medium,medium,0,0.34494930505752563,0.3986126184463501,0.25643810629844666
bin_classification,dinov3,42,1,16,legacy_outer,scale_vote,67,c 9,,0.057884192,0,0,2,0.0,low,low,0,0.9208489656448364,0.05702643841505051,0.022124577313661575
bin_classification,dinov3,42,1,16,legacy_outer,scale_vote,70,800 ppm 3 3,,3.888822319,2,2,2,0.0,high,high,0,0.045882806181907654,0.301535040140152,0.6525821089744568
bin_classification,dinov3,42,1,16,legacy_outer,scale_vote,79,800 ppm 2 9,,4.519795322,2,2,2,0.0,high,high,0,0.042074017226696014,0.09894214570522308,0.8589838147163391
bin_classification,dinov3,42,1,16,legacy_outer,scale_vote,81,600 ppm 2 9,,3.516388075,1,2,2,0.0,medium,high,0,0.08727900683879852,0.254797101020813,0.6579238772392273
bin_classification,dinov3,42,1,16,legacy_outer,scale_vote,83,400 ppm 2 10,,2.028021582,0,1,2,0.0,low,medium,0,0.12506717443466187,0.6605699062347412,0.21436288952827454
bin_classification,dinov3,42,1,16,legacy_outer,scale_vote,94,800 ppm 4 7,,2.433103134,0,0,2,0.0,low,low,0,0.5871704816818237,0.23983356356620789,0.17299598455429077
bin_classification,dinov3,42,1,16,legacy_outer,scale_vote,99,1000 ppm 2 7,,2.945844467,1,1,2,0.0,medium,medium,0,0.16946834325790405,0.722165584564209,0.10836607217788696
bin_classification,dinov3,42,1,16,legacy_outer,scale_vote,108,800 ppm 5 9,,4.625114916,2,0,2,0.5,high,low,0,0.35676392912864685,0.29028159379959106,0.3529544770717621
bin_classification,dinov3,42,1,16,legacy_outer,scale_vote,109,600 ppm 3 6,,2.589302372,1,1,2,0.0,medium,medium,0,0.21825797855854034,0.6861149072647095,0.095627062022686
bin_classification,dinov3,42,1,16,legacy_outer,scale_vote,111,1000 ppm 1 5,,5.633915275,2,2,2,0.0,high,high,0,0.31864678859710693,0.16229191422462463,0.5190613269805908
bin_classification,dinov3,42,1,16,legacy_outer,scale_vote,113,600 ppm 5 10,,2.366026608,0,1,2,0.0,low,medium,0,0.2635502815246582,0.6863771080970764,0.05007258057594299
bin_classification,dinov3,42,1,16,legacy_outer,scale_vote,114,600 ppm 2 5,,7.364696779,2,2,2,0.0,high,high,0,0.011088499799370766,0.1060459166765213,0.8828655481338501
bin_classification,dinov3,42,1,16,legacy_outer,scale_vote,115,800 ppm 1 10,,3.305771452,1,2,2,0.0,medium,high,0,0.15780392289161682,0.13898125290870667,0.7032148241996765
bin_classification,dinov3,42,1,16,legacy_outer,scale_vote,117,1000 ppm 3 8,,3.306848768,1,2,2,0.5,medium,high,0,0.29829567670822144,0.31509435176849365,0.3866099715232849
bin_classification,dinov3,42,1,16,legacy_outer,scale_vote,121,800 ppm 2 3,,4.083341711,2,1,2,0.5,high,medium,0,0.28441083431243896,0.36102619767189026,0.35456299781799316
bin_classification,dinov3,42,1,16,legacy_outer,scale_vote,126,1000 ppm 5 7,,3.420269793,1,0,2,0.0,medium,low,0,0.5368835926055908,0.20062339305877686,0.2624930739402771
bin_classification,dinov3,42,1,16,legacy_outer,scale_vote,130,400 ppm 1 3,,2.14727081,0,2,2,0.0,low,high,0,0.21867942810058594,0.14576081931591034,0.6355597972869873
bin_classification,dinov3,42,1,16,legacy_outer,scale_vote,131,800 ppm 4 6,,2.875276352,1,1,2,0.0,medium,medium,0,0.2961278557777405,0.621059775352478,0.08281242102384567
bin_classification,dinov3,42,1,16,legacy_outer,scale_vote,132,600 ppm 5 4,,1.814695158,0,0,2,0.5,low,low,0,0.40044087171554565,0.35123348236083984,0.2483256757259369
bin_classification,dinov3,42,1,16,legacy_outer,scale_vote,138,400 ppm 2 7,,2.096952551,0,1,2,0.0,low,medium,0,0.07642771303653717,0.8168522715568542,0.10672000050544739
bin_classification,dinov3,42,1,16,legacy_outer,scale_vote,143,1000 ppm 5 9,,3.907491301,2,1,2,0.5,high,medium,0,0.07987067103385925,0.4969114363193512,0.42321789264678955
bin_classification,dinov3,42,1,16,legacy_outer,scale_vote,146,400 ppm 5 8,,1.963308029,0,2,2,0.0,low,high,0,0.22470179200172424,0.2430623471736908,0.532235860824585
bin_classification,dinov3,42,1,16,legacy_outer,scale_vote,148,c 4,,0.028773772,0,0,2,0.0,low,low,0,0.9330927729606628,0.04710526391863823,0.019801903516054153
bin_classification,dinov3,42,1,16,legacy_outer,scale_vote,156,1000 ppm 1 8,,2.743553968,1,1,2,0.0,medium,medium,0,0.3283769488334656,0.5474621057510376,0.12416096776723862
bin_classification,dinov3,42,1,16,legacy_outer,scale_vote,157,c 3,,0.03666858,0,0,2,0.0,low,low,0,0.7154570817947388,0.12454281747341156,0.1600000262260437
bin_classification,dinov3,42,1,16,legacy_outer,scale_vote,166,800 ppm 1 9,,4.20466345,2,1,2,0.0,high,medium,0,0.1326732188463211,0.6047571897506714,0.2625696063041687
bin_classification,dinov3,42,1,16,legacy_outer,scale_vote,175,1000 ppm 3 2,,5.16842706,2,0,2,0.0,high,low,0,0.5591750144958496,0.17901203036308289,0.2618129253387451
bin_classification,dinov3,42,1,16,legacy_outer,scale_vote,186,1000 ppm 5 4,,4.896407171,2,2,2,0.0,high,high,0,0.22824357450008392,0.23606714606285095,0.5356892943382263
bin_classification,dinov3,42,1,16,legacy_outer,scale_vote,189,1000 ppm 3 5,,3.571688657,1,1,2,0.0,medium,medium,0,0.23028932511806488,0.6300167441368103,0.13969391584396362
bin_classification,dinov3,42,1,16,legacy_outer,scale_vote,192,800 ppm 1 4,,3.526156319,1,2,2,0.0,medium,high,0,0.07225529104471207,0.36533576250076294,0.5624089241027832
bin_classification,dinov3,42,1,16,legacy_outer,scale_vote,193,1000 ppm 1 7,,13.21918184,2,2,2,0.0,high,high,0,0.039247557520866394,0.027900565415620804,0.9328519105911255
bin_classification,dinov3,42,1,16,legacy_outer,scale_vote,202,1000 ppm 3 4,,3.664180216,2,0,2,0.0,high,low,0,0.6324765682220459,0.21102887392044067,0.15649455785751343
bin_classification,dinov3,42,1,16,legacy_outer,scale_vote,204,400 ppm 5 1,,2.488451456,0,0,2,0.0,low,low,0,0.6138279438018799,0.37272152304649353,0.01345057599246502
bin_classification,dinov3,42,1,16,legacy_outer,scale_vote,205,1000 ppm 2 4,,2.575755666,1,1,2,0.0,medium,medium,0,0.3128408193588257,0.47769325971603394,0.2094658762216568
bin_classification,dinov3,42,2,11,legacy_outer,single,0,800 ppm 4 4,,2.946573479,1,2,1,0.0,medium,high,2,0.26722994446754456,0.3216443657875061,0.41112565994262695
bin_classification,dinov3,42,2,11,legacy_outer,single,1,400 ppm 1 10,,2.439106538,0,2,1,0.0,low,high,2,0.3393326699733734,0.17936091125011444,0.48130637407302856
bin_classification,dinov3,42,2,11,legacy_outer,single,2,c 8,,0.026443476,0,0,1,0.0,low,low,2,0.8845312595367432,0.08340434730052948,0.032064374536275864
bin_classification,dinov3,42,2,11,legacy_outer,single,14,800 ppm 5 8,,1.813308383,0,1,1,0.0,low,medium,2,0.23958462476730347,0.6477506756782532,0.11266469955444336
bin_classification,dinov3,42,2,11,legacy_outer,single,20,600 ppm 3 4,,2.760653598,1,1,1,0.0,medium,medium,2,0.3237535357475281,0.4959665834903717,0.18027988076210022
bin_classification,dinov3,42,2,11,legacy_outer,single,22,1000 ppm 2 10,,3.02169275,1,1,1,0.0,medium,medium,2,0.2917872369289398,0.4055810570716858,0.302631676197052
bin_classification,dinov3,42,2,11,legacy_outer,single,30,800 ppm 3 1,,3.635232962,1,0,1,0.0,medium,low,2,0.4618176817893982,0.22504909336566925,0.313133180141449
bin_classification,dinov3,42,2,11,legacy_outer,single,35,400 ppm 4 3,,1.918214246,0,0,1,0.0,low,low,2,0.5837580561637878,0.1554332822561264,0.2608085870742798
bin_classification,dinov3,42,2,11,legacy_outer,single,38,600 ppm 1 2,,3.709535965,2,1,1,0.0,high,medium,2,0.14345411956310272,0.6964587569236755,0.16008713841438293
bin_classification,dinov3,42,2,11,legacy_outer,single,43,400 ppm 3 7,,0.89575865,0,0,1,0.0,low,low,2,0.7519334554672241,0.06259141862392426,0.185475155711174
bin_classification,dinov3,42,2,11,legacy_outer,single,44,600 ppm 2 10,,5.751181016,2,2,1,0.0,high,high,2,0.050727564841508865,0.08073089271783829,0.8685414791107178
bin_classification,dinov3,42,2,11,legacy_outer,single,48,800 ppm 5 5,,2.12508079,0,2,1,0.0,low,high,2,0.1379140317440033,0.20603172481060028,0.6560541987419128
bin_classification,dinov3,42,2,11,legacy_outer,single,51,400 ppm 5 2,,2.358077692,0,0,1,0.0,low,low,2,0.5689868330955505,0.33389943838119507,0.09711368381977081
bin_classification,dinov3,42,2,11,legacy_outer,single,57,800 ppm 1 2,,2.433875926,0,2,1,0.0,low,high,2,0.06486223638057709,0.20048128068447113,0.7346564531326294
bin_classification,dinov3,42,2,11,legacy_outer,single,58,600 ppm 3 5,,3.400726676,1,1,1,0.0,medium,medium,2,0.3404676616191864,0.5151117444038391,0.1444205492734909
bin_classification,dinov3,42,2,11,legacy_outer,single,61,800 ppm 2 5,,2.123468918,0,0,1,0.0,low,low,2,0.5501163005828857,0.4058927297592163,0.04399096593260765
bin_classification,dinov3,42,2,11,legacy_outer,single,71,1000 ppm 5 3,,3.480640553,1,0,1,0.0,medium,low,2,0.45596247911453247,0.34854331612586975,0.19549421966075897
bin_classification,dinov3,42,2,11,legacy_outer,single,73,400 ppm 5 10,,6.150568182,2,2,1,0.0,high,high,2,0.0776933953166008,0.07901906222105026,0.843287467956543
bin_classification,dinov3,42,2,11,legacy_outer,single,76,1000 ppm 2 5,,3.820821694,2,1,1,0.0,high,medium,2,0.26621541380882263,0.4259944558143616,0.3077901303768158
bin_classification,dinov3,42,2,11,legacy_outer,single,77,400 ppm 2 4,,2.142971305,0,0,1,0.0,low,low,2,0.4419310986995697,0.20665457844734192,0.351414293050766
bin_classification,dinov3,42,2,11,legacy_outer,single,78,600 ppm 4 6,,2.917928606,1,0,1,0.0,medium,low,2,0.6999419927597046,0.1543961465358734,0.14566189050674438
bin_classification,dinov3,42,2,11,legacy_outer,single,80,c 6,,0.063760031,0,0,1,0.0,low,low,2,0.8596838116645813,0.06595969200134277,0.0743565708398819
bin_classification,dinov3,42,2,11,legacy_outer,single,89,800 ppm 1 7,,3.238793179,1,1,1,0.0,medium,medium,2,0.08248089253902435,0.7522934675216675,0.16522566974163055
bin_classification,dinov3,42,2,11,legacy_outer,single,92,1000 ppm 5 2,,4.757997682,2,1,1,0.0,high,medium,2,0.25705686211586,0.41078951954841614,0.3321536183357239
bin_classification,dinov3,42,2,11,legacy_outer,single,93,600 ppm 2 1,,4.813990004,2,2,1,0.0,high,high,2,0.061578936874866486,0.15857799351215363,0.7798430323600769
bin_classification,dinov3,42,2,11,legacy_outer,single,95,400 ppm 4 1,,3.41261835,1,0,1,0.0,medium,low,2,0.5357267260551453,0.31231099367141724,0.1519622653722763
bin_classification,dinov3,42,2,11,legacy_outer,single,105,600 ppm 4 4,,4.722478116,2,2,1,0.0,high,high,2,0.157180055975914,0.2740742862224579,0.5687456130981445
bin_classification,dinov3,42,2,11,legacy_outer,single,107,600 ppm 2 8,,2.425778023,0,1,1,0.0,low,medium,2,0.32229939103126526,0.5677109360694885,0.109989695250988
bin_classification,dinov3,42,2,11,legacy_outer,single,118,400 ppm 1 6,,2.131122072,0,1,1,0.0,low,medium,2,0.3669384717941284,0.553103506565094,0.07995804399251938
bin_classification,dinov3,42,2,11,legacy_outer,single,120,1000 ppm 4 9,,6.363669718,2,2,1,0.0,high,high,2,0.0371825285255909,0.03494644537568092,0.9278711080551147
bin_classification,dinov3,42,2,11,legacy_outer,single,122,400 ppm 3 9,,1.584373627,0,0,1,0.0,low,low,2,0.4412609040737152,0.3882000148296356,0.17053905129432678
bin_classification,dinov3,42,2,11,legacy_outer,single,124,600 ppm 2 6,,5.169349346,2,2,1,0.0,high,high,2,0.016779599711298943,0.024110862985253334,0.9591094255447388
bin_classification,dinov3,42,2,11,legacy_outer,single,133,600 ppm 4 5,,3.062108267,1,2,1,0.0,medium,high,2,0.11962912976741791,0.3047332763671875,0.5756376385688782
bin_classification,dinov3,42,2,11,legacy_outer,single,137,600 ppm 4 9,,6.74653579,2,2,1,0.0,high,high,2,0.24506105482578278,0.24520015716552734,0.5097388029098511
bin_classification,dinov3,42,2,11,legacy_outer,single,139,400 ppm 2 9,,3.092722153,1,0,1,0.0,medium,low,2,0.5681690573692322,0.27795666456222534,0.15387436747550964
bin_classification,dinov3,42,2,11,legacy_outer,single,147,800 ppm 1 1,,3.206888056,1,2,1,0.0,medium,high,2,0.2502953112125397,0.19919392466545105,0.550510823726654
bin_classification,dinov3,42,2,11,legacy_outer,single,149,1000 ppm 4 5,,5.501306043,2,2,1,0.0,high,high,2,0.30528202652931213,0.2341783046722412,0.46053963899612427
bin_classification,dinov3,42,2,11,legacy_outer,single,151,1000 ppm 1 1,,5.764585045,2,2,1,0.0,high,high,2,0.2350408434867859,0.15997421741485596,0.6049849987030029
bin_classification,dinov3,42,2,11,legacy_outer,single,160,600 ppm 1 8,,3.375017339,1,0,1,0.0,medium,low,2,0.669585108757019,0.1991068422794342,0.13130806386470795
bin_classification,dinov3,42,2,11,legacy_outer,single,164,600 ppm 5 7,,2.199153042,0,0,1,0.0,low,low,2,0.5442662239074707,0.3250975012779236,0.13063623011112213
bin_classification,dinov3,42,2,11,legacy_outer,single,177,1000 ppm 2 8,,8.920432073,2,2,1,0.0,high,high,2,0.017346827313303947,0.14634232223033905,0.836310863494873
bin_classification,dinov3,42,2,11,legacy_outer,single,178,600 ppm 1 5,,2.578333626,1,1,1,0.0,medium,medium,2,0.2821924090385437,0.5902613401412964,0.1275462657213211
bin_classification,dinov3,42,2,11,legacy_outer,single,179,600 ppm 1 9,,2.309240059,0,1,1,0.0,low,medium,2,0.2847682535648346,0.47707608342170715,0.23815563321113586
bin_classification,dinov3,42,2,11,legacy_outer,single,180,600 ppm 2 2,,3.987730061,2,2,1,0.0,high,high,2,0.09927527606487274,0.14112520217895508,0.759599506855011
bin_classification,dinov3,42,2,11,legacy_outer,single,183,600 ppm 5 2,,2.267431961,0,0,1,0.0,low,low,2,0.5416070818901062,0.1479516625404358,0.310441255569458
bin_classification,dinov3,42,2,11,legacy_outer,single,185,800 ppm 4 9,,1.601926465,0,1,1,0.0,low,medium,2,0.34019607305526733,0.4710976183414459,0.18870630860328674
bin_classification,dinov3,42,2,11,legacy_outer,single,187,600 ppm 2 4,,5.228335334,2,2,1,0.0,high,high,2,0.09682127088308334,0.11843477934598923,0.7847439050674438
bin_classification,dinov3,42,2,11,legacy_outer,single,191,600 ppm 4 7,,3.434518809,1,2,1,0.0,medium,high,2,0.4091930091381073,0.17540551722049713,0.41540151834487915
bin_classification,dinov3,42,2,11,legacy_outer,single,194,1000 ppm 5 8,,3.570707045,1,2,1,0.0,medium,high,2,0.2958467900753021,0.31280893087387085,0.39134424924850464
bin_classification,dinov3,42,2,11,legacy_outer,single,197,600 ppm 5 3,,3.545661039,1,2,1,0.0,medium,high,2,0.13066965341567993,0.23888316750526428,0.6304472088813782
bin_classification,dinov3,42,2,11,legacy_outer,single,198,1000 ppm 4 4,,4.912650043,2,2,1,0.0,high,high,2,0.1684054285287857,0.23164793848991394,0.5999466180801392
bin_classification,dinov3,42,2,11,legacy_outer,single,208,1000 ppm 4 7,,4.80521563,2,2,1,0.0,high,high,2,0.06633938103914261,0.12611155211925507,0.8075490593910217
bin_classification,dinov3,42,2,11,legacy_outer,d4_mean,0,800 ppm 4 4,,2.946573479,1,2,8,0.0,medium,high,2,0.15466924011707306,0.18709279596805573,0.6582379937171936
bin_classification,dinov3,42,2,11,legacy_outer,d4_mean,1,400 ppm 1 10,,2.439106538,0,2,8,0.0,low,high,2,0.2904423773288727,0.12432131916284561,0.5852363109588623
bin_classification,dinov3,42,2,11,legacy_outer,d4_mean,2,c 8,,0.026443476,0,0,8,0.0,low,low,2,0.7831060886383057,0.09530897438526154,0.1215849444270134
bin_classification,dinov3,42,2,11,legacy_outer,d4_mean,14,800 ppm 5 8,,1.813308383,0,1,8,0.25,low,medium,2,0.15723389387130737,0.5132552981376648,0.3295108675956726
bin_classification,dinov3,42,2,11,legacy_outer,d4_mean,20,600 ppm 3 4,,2.760653598,1,2,8,0.25,medium,high,2,0.22277069091796875,0.3044431507587433,0.47278615832328796
bin_classification,dinov3,42,2,11,legacy_outer,d4_mean,22,1000 ppm 2 10,,3.02169275,1,2,8,0.25,medium,high,2,0.18334461748600006,0.2072688192129135,0.6093865633010864
bin_classification,dinov3,42,2,11,legacy_outer,d4_mean,30,800 ppm 3 1,,3.635232962,1,2,8,0.25,medium,high,2,0.26341164112091064,0.12576153874397278,0.6108267903327942
bin_classification,dinov3,42,2,11,legacy_outer,d4_mean,35,400 ppm 4 3,,1.918214246,0,2,8,0.25,low,high,2,0.40332773327827454,0.15563921630382538,0.4410330653190613
bin_classification,dinov3,42,2,11,legacy_outer,d4_mean,38,600 ppm 1 2,,3.709535965,2,1,8,0.5,high,medium,2,0.0968947634100914,0.453257292509079,0.449847936630249
bin_classification,dinov3,42,2,11,legacy_outer,d4_mean,43,400 ppm 3 7,,0.89575865,0,0,8,0.25,low,low,2,0.5770496129989624,0.06795112788677216,0.35499927401542664
bin_classification,dinov3,42,2,11,legacy_outer,d4_mean,44,600 ppm 2 10,,5.751181016,2,2,8,0.0,high,high,2,0.08386913686990738,0.06139970198273659,0.8547312021255493
bin_classification,dinov3,42,2,11,legacy_outer,d4_mean,48,800 ppm 5 5,,2.12508079,0,2,8,0.0,low,high,2,0.08740711957216263,0.14843639731407166,0.7641564607620239
bin_classification,dinov3,42,2,11,legacy_outer,d4_mean,51,400 ppm 5 2,,2.358077692,0,0,8,0.375,low,low,2,0.41033297777175903,0.2731463611125946,0.31652069091796875
bin_classification,dinov3,42,2,11,legacy_outer,d4_mean,57,800 ppm 1 2,,2.433875926,0,2,8,0.0,low,high,2,0.06867149472236633,0.16895242035388947,0.762376070022583
bin_classification,dinov3,42,2,11,legacy_outer,d4_mean,58,600 ppm 3 5,,3.400726676,1,2,8,0.5,medium,high,2,0.30481764674186707,0.34556934237480164,0.3496129810810089
bin_classification,dinov3,42,2,11,legacy_outer,d4_mean,61,800 ppm 2 5,,2.123468918,0,0,8,0.25,low,low,2,0.4262915253639221,0.37479209899902344,0.19891631603240967
bin_classification,dinov3,42,2,11,legacy_outer,d4_mean,71,1000 ppm 5 3,,3.480640553,1,2,8,0.375,medium,high,2,0.32039394974708557,0.2692476809024811,0.41035833954811096
bin_classification,dinov3,42,2,11,legacy_outer,d4_mean,73,400 ppm 5 10,,6.150568182,2,2,8,0.0,high,high,2,0.04589470103383064,0.046781882643699646,0.9073233604431152
bin_classification,dinov3,42,2,11,legacy_outer,d4_mean,76,1000 ppm 2 5,,3.820821694,2,2,8,0.375,high,high,2,0.18425123393535614,0.32050615549087524,0.4952426254749298
bin_classification,dinov3,42,2,11,legacy_outer,d4_mean,77,400 ppm 2 4,,2.142971305,0,2,8,0.25,low,high,2,0.32590845227241516,0.13000187277793884,0.544089674949646
bin_classification,dinov3,42,2,11,legacy_outer,d4_mean,78,600 ppm 4 6,,2.917928606,1,0,8,0.375,medium,low,2,0.48489171266555786,0.1276998370885849,0.3874084949493408
bin_classification,dinov3,42,2,11,legacy_outer,d4_mean,80,c 6,,0.063760031,0,0,8,0.0,low,low,2,0.6699912548065186,0.09337956458330154,0.23662914335727692
bin_classification,dinov3,42,2,11,legacy_outer,d4_mean,89,800 ppm 1 7,,3.238793179,1,1,8,0.5,medium,medium,2,0.07050131261348724,0.4871676564216614,0.44233107566833496
bin_classification,dinov3,42,2,11,legacy_outer,d4_mean,92,1000 ppm 5 2,,4.757997682,2,2,8,0.25,high,high,2,0.18054358661174774,0.30652889609336853,0.5129274725914001
bin_classification,dinov3,42,2,11,legacy_outer,d4_mean,93,600 ppm 2 1,,4.813990004,2,2,8,0.0,high,high,2,0.04393007233738899,0.1006757840514183,0.855394184589386
bin_classification,dinov3,42,2,11,legacy_outer,d4_mean,95,400 ppm 4 1,,3.41261835,1,0,8,0.375,medium,low,2,0.3611404299736023,0.2804567813873291,0.3584027886390686
bin_classification,dinov3,42,2,11,legacy_outer,d4_mean,105,600 ppm 4 4,,4.722478116,2,2,8,0.0,high,high,2,0.13913926482200623,0.20095303654670715,0.6599076986312866
bin_classification,dinov3,42,2,11,legacy_outer,d4_mean,107,600 ppm 2 8,,2.425778023,0,1,8,0.5,low,medium,2,0.27995064854621887,0.4076411724090576,0.3124082088470459
bin_classification,dinov3,42,2,11,legacy_outer,d4_mean,118,400 ppm 1 6,,2.131122072,0,1,8,0.375,low,medium,2,0.2724367082118988,0.41046789288520813,0.31709542870521545
bin_classification,dinov3,42,2,11,legacy_outer,d4_mean,120,1000 ppm 4 9,,6.363669718,2,2,8,0.0,high,high,2,0.06644510477781296,0.09226694703102112,0.8412879705429077
bin_classification,dinov3,42,2,11,legacy_outer,d4_mean,122,400 ppm 3 9,,1.584373627,0,2,8,0.375,low,high,2,0.31863105297088623,0.3035379648208618,0.37783098220825195
bin_classification,dinov3,42,2,11,legacy_outer,d4_mean,124,600 ppm 2 6,,5.169349346,2,2,8,0.0,high,high,2,0.061534490436315536,0.055417124181985855,0.883048415184021
bin_classification,dinov3,42,2,11,legacy_outer,d4_mean,133,600 ppm 4 5,,3.062108267,1,2,8,0.0,medium,high,2,0.0514373779296875,0.18071803450584412,0.767844557762146
bin_classification,dinov3,42,2,11,legacy_outer,d4_mean,137,600 ppm 4 9,,6.74653579,2,2,8,0.0,high,high,2,0.14546401798725128,0.19974428415298462,0.6547917127609253
bin_classification,dinov3,42,2,11,legacy_outer,d4_mean,139,400 ppm 2 9,,3.092722153,1,2,8,0.25,medium,high,2,0.38106974959373474,0.19179870188236237,0.4271315634250641
bin_classification,dinov3,42,2,11,legacy_outer,d4_mean,147,800 ppm 1 1,,3.206888056,1,2,8,0.0,medium,high,2,0.1885269433259964,0.20050711929798126,0.6109659671783447
bin_classification,dinov3,42,2,11,legacy_outer,d4_mean,149,1000 ppm 4 5,,5.501306043,2,2,8,0.125,high,high,2,0.18246737122535706,0.16588477790355682,0.6516478061676025
bin_classification,dinov3,42,2,11,legacy_outer,d4_mean,151,1000 ppm 1 1,,5.764585045,2,2,8,0.0,high,high,2,0.14770394563674927,0.1432337611913681,0.7090622186660767
bin_classification,dinov3,42,2,11,legacy_outer,d4_mean,160,600 ppm 1 8,,3.375017339,1,0,8,0.375,medium,low,2,0.4705313742160797,0.218023881316185,0.3114446997642517
bin_classification,dinov3,42,2,11,legacy_outer,d4_mean,164,600 ppm 5 7,,2.199153042,0,0,8,0.125,low,low,2,0.4564931392669678,0.24832837283611298,0.29517850279808044
bin_classification,dinov3,42,2,11,legacy_outer,d4_mean,177,1000 ppm 2 8,,8.920432073,2,2,8,0.0,high,high,2,0.029485013335943222,0.21113115549087524,0.7593837976455688
bin_classification,dinov3,42,2,11,legacy_outer,d4_mean,178,600 ppm 1 5,,2.578333626,1,1,8,0.5,medium,medium,2,0.29323917627334595,0.4092663824558258,0.29749444127082825
bin_classification,dinov3,42,2,11,legacy_outer,d4_mean,179,600 ppm 1 9,,2.309240059,0,2,8,0.25,low,high,2,0.1879773885011673,0.3525445759296417,0.4594780504703522
bin_classification,dinov3,42,2,11,legacy_outer,d4_mean,180,600 ppm 2 2,,3.987730061,2,2,8,0.0,high,high,2,0.06488180160522461,0.08995898813009262,0.8451591730117798
bin_classification,dinov3,42,2,11,legacy_outer,d4_mean,183,600 ppm 5 2,,2.267431961,0,2,8,0.25,low,high,2,0.25495338439941406,0.09111461043357849,0.6539319753646851
bin_classification,dinov3,42,2,11,legacy_outer,d4_mean,185,800 ppm 4 9,,1.601926465,0,1,8,0.5,low,medium,2,0.2512362003326416,0.4094254970550537,0.3393382728099823
bin_classification,dinov3,42,2,11,legacy_outer,d4_mean,187,600 ppm 2 4,,5.228335334,2,2,8,0.0,high,high,2,0.053088363260030746,0.06738771498203278,0.8795239925384521
bin_classification,dinov3,42,2,11,legacy_outer,d4_mean,191,600 ppm 4 7,,3.434518809,1,2,8,0.0,medium,high,2,0.17751994729042053,0.08084762096405029,0.7416324019432068
bin_classification,dinov3,42,2,11,legacy_outer,d4_mean,194,1000 ppm 5 8,,3.570707045,1,2,8,0.0,medium,high,2,0.1060423031449318,0.13068756461143494,0.7632701396942139
bin_classification,dinov3,42,2,11,legacy_outer,d4_mean,197,600 ppm 5 3,,3.545661039,1,2,8,0.0,medium,high,2,0.0981888398528099,0.14926448464393616,0.7525466084480286
bin_classification,dinov3,42,2,11,legacy_outer,d4_mean,198,1000 ppm 4 4,,4.912650043,2,2,8,0.0,high,high,2,0.08623217791318893,0.09270833432674408,0.82105952501297
bin_classification,dinov3,42,2,11,legacy_outer,d4_mean,208,1000 ppm 4 7,,4.80521563,2,2,8,0.0,high,high,2,0.04101325944066048,0.07660778611898422,0.8823789358139038
bin_classification,dinov3,42,2,11,legacy_outer,d4_vote,0,800 ppm 4 4,,2.946573479,1,2,8,0.0,medium,high,2,0.15466924011707306,0.18709279596805573,0.6582379937171936
bin_classification,dinov3,42,2,11,legacy_outer,d4_vote,1,400 ppm 1 10,,2.439106538,0,2,8,0.0,low,high,2,0.2904423773288727,0.12432131916284561,0.5852363109588623
bin_classification,dinov3,42,2,11,legacy_outer,d4_vote,2,c 8,,0.026443476,0,0,8,0.0,low,low,2,0.7831060886383057,0.09530897438526154,0.1215849444270134
bin_classification,dinov3,42,2,11,legacy_outer,d4_vote,14,800 ppm 5 8,,1.813308383,0,1,8,0.25,low,medium,2,0.15723389387130737,0.5132552981376648,0.3295108675956726
bin_classification,dinov3,42,2,11,legacy_outer,d4_vote,20,600 ppm 3 4,,2.760653598,1,2,8,0.25,medium,high,2,0.22277069091796875,0.3044431507587433,0.47278615832328796
bin_classification,dinov3,42,2,11,legacy_outer,d4_vote,22,1000 ppm 2 10,,3.02169275,1,2,8,0.25,medium,high,2,0.18334461748600006,0.2072688192129135,0.6093865633010864
bin_classification,dinov3,42,2,11,legacy_outer,d4_vote,30,800 ppm 3 1,,3.635232962,1,2,8,0.25,medium,high,2,0.26341164112091064,0.12576153874397278,0.6108267903327942
bin_classification,dinov3,42,2,11,legacy_outer,d4_vote,35,400 ppm 4 3,,1.918214246,0,2,8,0.25,low,high,2,0.40332773327827454,0.15563921630382538,0.4410330653190613
bin_classification,dinov3,42,2,11,legacy_outer,d4_vote,38,600 ppm 1 2,,3.709535965,2,1,8,0.5,high,medium,2,0.0968947634100914,0.453257292509079,0.449847936630249
bin_classification,dinov3,42,2,11,legacy_outer,d4_vote,43,400 ppm 3 7,,0.89575865,0,0,8,0.25,low,low,2,0.5770496129989624,0.06795112788677216,0.35499927401542664
bin_classification,dinov3,42,2,11,legacy_outer,d4_vote,44,600 ppm 2 10,,5.751181016,2,2,8,0.0,high,high,2,0.08386913686990738,0.06139970198273659,0.8547312021255493
bin_classification,dinov3,42,2,11,legacy_outer,d4_vote,48,800 ppm 5 5,,2.12508079,0,2,8,0.0,low,high,2,0.08740711957216263,0.14843639731407166,0.7641564607620239
bin_classification,dinov3,42,2,11,legacy_outer,d4_vote,51,400 ppm 5 2,,2.358077692,0,2,8,0.375,low,high,2,0.41033297777175903,0.2731463611125946,0.31652069091796875
bin_classification,dinov3,42,2,11,legacy_outer,d4_vote,57,800 ppm 1 2,,2.433875926,0,2,8,0.0,low,high,2,0.06867149472236633,0.16895242035388947,0.762376070022583
bin_classification,dinov3,42,2,11,legacy_outer,d4_vote,58,600 ppm 3 5,,3.400726676,1,2,8,0.5,medium,high,2,0.30481764674186707,0.34556934237480164,0.3496129810810089
bin_classification,dinov3,42,2,11,legacy_outer,d4_vote,61,800 ppm 2 5,,2.123468918,0,0,8,0.25,low,low,2,0.4262915253639221,0.37479209899902344,0.19891631603240967
bin_classification,dinov3,42,2,11,legacy_outer,d4_vote,71,1000 ppm 5 3,,3.480640553,1,2,8,0.375,medium,high,2,0.32039394974708557,0.2692476809024811,0.41035833954811096
bin_classification,dinov3,42,2,11,legacy_outer,d4_vote,73,400 ppm 5 10,,6.150568182,2,2,8,0.0,high,high,2,0.04589470103383064,0.046781882643699646,0.9073233604431152
bin_classification,dinov3,42,2,11,legacy_outer,d4_vote,76,1000 ppm 2 5,,3.820821694,2,2,8,0.375,high,high,2,0.18425123393535614,0.32050615549087524,0.4952426254749298
bin_classification,dinov3,42,2,11,legacy_outer,d4_vote,77,400 ppm 2 4,,2.142971305,0,2,8,0.25,low,high,2,0.32590845227241516,0.13000187277793884,0.544089674949646
bin_classification,dinov3,42,2,11,legacy_outer,d4_vote,78,600 ppm 4 6,,2.917928606,1,2,8,0.375,medium,high,2,0.48489171266555786,0.1276998370885849,0.3874084949493408
bin_classification,dinov3,42,2,11,legacy_outer,d4_vote,80,c 6,,0.063760031,0,0,8,0.0,low,low,2,0.6699912548065186,0.09337956458330154,0.23662914335727692
bin_classification,dinov3,42,2,11,legacy_outer,d4_vote,89,800 ppm 1 7,,3.238793179,1,1,8,0.5,medium,medium,2,0.07050131261348724,0.4871676564216614,0.44233107566833496
bin_classification,dinov3,42,2,11,legacy_outer,d4_vote,92,1000 ppm 5 2,,4.757997682,2,2,8,0.25,high,high,2,0.18054358661174774,0.30652889609336853,0.5129274725914001
bin_classification,dinov3,42,2,11,legacy_outer,d4_vote,93,600 ppm 2 1,,4.813990004,2,2,8,0.0,high,high,2,0.04393007233738899,0.1006757840514183,0.855394184589386
bin_classification,dinov3,42,2,11,legacy_outer,d4_vote,95,400 ppm 4 1,,3.41261835,1,2,8,0.375,medium,high,2,0.3611404299736023,0.2804567813873291,0.3584027886390686
bin_classification,dinov3,42,2,11,legacy_outer,d4_vote,105,600 ppm 4 4,,4.722478116,2,2,8,0.0,high,high,2,0.13913926482200623,0.20095303654670715,0.6599076986312866
bin_classification,dinov3,42,2,11,legacy_outer,d4_vote,107,600 ppm 2 8,,2.425778023,0,2,8,0.5,low,high,2,0.27995064854621887,0.4076411724090576,0.3124082088470459
bin_classification,dinov3,42,2,11,legacy_outer,d4_vote,118,400 ppm 1 6,,2.131122072,0,1,8,0.375,low,medium,2,0.2724367082118988,0.41046789288520813,0.31709542870521545
bin_classification,dinov3,42,2,11,legacy_outer,d4_vote,120,1000 ppm 4 9,,6.363669718,2,2,8,0.0,high,high,2,0.06644510477781296,0.09226694703102112,0.8412879705429077
bin_classification,dinov3,42,2,11,legacy_outer,d4_vote,122,400 ppm 3 9,,1.584373627,0,2,8,0.375,low,high,2,0.31863105297088623,0.3035379648208618,0.37783098220825195
bin_classification,dinov3,42,2,11,legacy_outer,d4_vote,124,600 ppm 2 6,,5.169349346,2,2,8,0.0,high,high,2,0.061534490436315536,0.055417124181985855,0.883048415184021
bin_classification,dinov3,42,2,11,legacy_outer,d4_vote,133,600 ppm 4 5,,3.062108267,1,2,8,0.0,medium,high,2,0.0514373779296875,0.18071803450584412,0.767844557762146
bin_classification,dinov3,42,2,11,legacy_outer,d4_vote,137,600 ppm 4 9,,6.74653579,2,2,8,0.0,high,high,2,0.14546401798725128,0.19974428415298462,0.6547917127609253
bin_classification,dinov3,42,2,11,legacy_outer,d4_vote,139,400 ppm 2 9,,3.092722153,1,2,8,0.25,medium,high,2,0.38106974959373474,0.19179870188236237,0.4271315634250641
bin_classification,dinov3,42,2,11,legacy_outer,d4_vote,147,800 ppm 1 1,,3.206888056,1,2,8,0.0,medium,high,2,0.1885269433259964,0.20050711929798126,0.6109659671783447
bin_classification,dinov3,42,2,11,legacy_outer,d4_vote,149,1000 ppm 4 5,,5.501306043,2,2,8,0.125,high,high,2,0.18246737122535706,0.16588477790355682,0.6516478061676025
bin_classification,dinov3,42,2,11,legacy_outer,d4_vote,151,1000 ppm 1 1,,5.764585045,2,2,8,0.0,high,high,2,0.14770394563674927,0.1432337611913681,0.7090622186660767
bin_classification,dinov3,42,2,11,legacy_outer,d4_vote,160,600 ppm 1 8,,3.375017339,1,0,8,0.375,medium,low,2,0.4705313742160797,0.218023881316185,0.3114446997642517
bin_classification,dinov3,42,2,11,legacy_outer,d4_vote,164,600 ppm 5 7,,2.199153042,0,0,8,0.125,low,low,2,0.4564931392669678,0.24832837283611298,0.29517850279808044
bin_classification,dinov3,42,2,11,legacy_outer,d4_vote,177,1000 ppm 2 8,,8.920432073,2,2,8,0.0,high,high,2,0.029485013335943222,0.21113115549087524,0.7593837976455688
bin_classification,dinov3,42,2,11,legacy_outer,d4_vote,178,600 ppm 1 5,,2.578333626,1,1,8,0.5,medium,medium,2,0.29323917627334595,0.4092663824558258,0.29749444127082825
bin_classification,dinov3,42,2,11,legacy_outer,d4_vote,179,600 ppm 1 9,,2.309240059,0,2,8,0.25,low,high,2,0.1879773885011673,0.3525445759296417,0.4594780504703522
bin_classification,dinov3,42,2,11,legacy_outer,d4_vote,180,600 ppm 2 2,,3.987730061,2,2,8,0.0,high,high,2,0.06488180160522461,0.08995898813009262,0.8451591730117798
bin_classification,dinov3,42,2,11,legacy_outer,d4_vote,183,600 ppm 5 2,,2.267431961,0,2,8,0.25,low,high,2,0.25495338439941406,0.09111461043357849,0.6539319753646851
bin_classification,dinov3,42,2,11,legacy_outer,d4_vote,185,800 ppm 4 9,,1.601926465,0,1,8,0.5,low,medium,2,0.2512362003326416,0.4094254970550537,0.3393382728099823
bin_classification,dinov3,42,2,11,legacy_outer,d4_vote,187,600 ppm 2 4,,5.228335334,2,2,8,0.0,high,high,2,0.053088363260030746,0.06738771498203278,0.8795239925384521
bin_classification,dinov3,42,2,11,legacy_outer,d4_vote,191,600 ppm 4 7,,3.434518809,1,2,8,0.0,medium,high,2,0.17751994729042053,0.08084762096405029,0.7416324019432068
bin_classification,dinov3,42,2,11,legacy_outer,d4_vote,194,1000 ppm 5 8,,3.570707045,1,2,8,0.0,medium,high,2,0.1060423031449318,0.13068756461143494,0.7632701396942139
bin_classification,dinov3,42,2,11,legacy_outer,d4_vote,197,600 ppm 5 3,,3.545661039,1,2,8,0.0,medium,high,2,0.0981888398528099,0.14926448464393616,0.7525466084480286
bin_classification,dinov3,42,2,11,legacy_outer,d4_vote,198,1000 ppm 4 4,,4.912650043,2,2,8,0.0,high,high,2,0.08623217791318893,0.09270833432674408,0.82105952501297
bin_classification,dinov3,42,2,11,legacy_outer,d4_vote,208,1000 ppm 4 7,,4.80521563,2,2,8,0.0,high,high,2,0.04101325944066048,0.07660778611898422,0.8823789358139038
bin_classification,dinov3,42,2,11,legacy_outer,scale_mean,0,800 ppm 4 4,,2.946573479,1,2,2,0.5,medium,high,2,0.29387813806533813,0.347541868686676,0.35857999324798584
bin_classification,dinov3,42,2,11,legacy_outer,scale_mean,1,400 ppm 1 10,,2.439106538,0,2,2,0.5,low,high,2,0.3958486020565033,0.1478976011276245,0.4562537372112274
bin_classification,dinov3,42,2,11,legacy_outer,scale_mean,2,c 8,,0.026443476,0,0,2,0.0,low,low,2,0.8806774616241455,0.0832873284816742,0.03603522479534149
bin_classification,dinov3,42,2,11,legacy_outer,scale_mean,14,800 ppm 5 8,,1.813308383,0,1,2,0.0,low,medium,2,0.24893684685230255,0.6291511058807373,0.12191205471754074
bin_classification,dinov3,42,2,11,legacy_outer,scale_mean,20,600 ppm 3 4,,2.760653598,1,1,2,0.0,medium,medium,2,0.33836865425109863,0.4753369688987732,0.18629440665245056
bin_classification,dinov3,42,2,11,legacy_outer,scale_mean,22,1000 ppm 2 10,,3.02169275,1,1,2,0.0,medium,medium,2,0.29272347688674927,0.43278712034225464,0.2744893729686737
bin_classification,dinov3,42,2,11,legacy_outer,scale_mean,30,800 ppm 3 1,,3.635232962,1,0,2,0.0,medium,low,2,0.437577486038208,0.22467957437038422,0.3377429246902466
bin_classification,dinov3,42,2,11,legacy_outer,scale_mean,35,400 ppm 4 3,,1.918214246,0,0,2,0.0,low,low,2,0.5384888648986816,0.19249705970287323,0.26901403069496155
bin_classification,dinov3,42,2,11,legacy_outer,scale_mean,38,600 ppm 1 2,,3.709535965,2,1,2,0.0,high,medium,2,0.15710455179214478,0.6792722940444946,0.1636231243610382
bin_classification,dinov3,42,2,11,legacy_outer,scale_mean,43,400 ppm 3 7,,0.89575865,0,0,2,0.0,low,low,2,0.7343572378158569,0.07680649310350418,0.1888362169265747
bin_classification,dinov3,42,2,11,legacy_outer,scale_mean,44,600 ppm 2 10,,5.751181016,2,2,2,0.0,high,high,2,0.03923030197620392,0.07152439653873444,0.8892452716827393
bin_classification,dinov3,42,2,11,legacy_outer,scale_mean,48,800 ppm 5 5,,2.12508079,0,2,2,0.0,low,high,2,0.14410313963890076,0.15934811532497406,0.6965487003326416
bin_classification,dinov3,42,2,11,legacy_outer,scale_mean,51,400 ppm 5 2,,2.358077692,0,0,2,0.0,low,low,2,0.5174971222877502,0.3838944435119629,0.09860841184854507
bin_classification,dinov3,42,2,11,legacy_outer,scale_mean,57,800 ppm 1 2,,2.433875926,0,2,2,0.0,low,high,2,0.05718045309185982,0.2065790295600891,0.7362405061721802
bin_classification,dinov3,42,2,11,legacy_outer,scale_mean,58,600 ppm 3 5,,3.400726676,1,1,2,0.0,medium,medium,2,0.3420136570930481,0.5345027446746826,0.1234835684299469
bin_classification,dinov3,42,2,11,legacy_outer,scale_mean,61,800 ppm 2 5,,2.123468918,0,0,2,0.0,low,low,2,0.5056090354919434,0.43343639373779297,0.06095457077026367
bin_classification,dinov3,42,2,11,legacy_outer,scale_mean,71,1000 ppm 5 3,,3.480640553,1,0,2,0.0,medium,low,2,0.4616371989250183,0.34577125310897827,0.19259154796600342
bin_classification,dinov3,42,2,11,legacy_outer,scale_mean,73,400 ppm 5 10,,6.150568182,2,2,2,0.0,high,high,2,0.053096670657396317,0.056208059191703796,0.8906952142715454
bin_classification,dinov3,42,2,11,legacy_outer,scale_mean,76,1000 ppm 2 5,,3.820821694,2,1,2,0.5,high,medium,2,0.23379027843475342,0.40097934007644653,0.36523041129112244
bin_classification,dinov3,42,2,11,legacy_outer,scale_mean,77,400 ppm 2 4,,2.142971305,0,2,2,0.5,low,high,2,0.37554678320884705,0.22711174190044403,0.39734145998954773
bin_classification,dinov3,42,2,11,legacy_outer,scale_mean,78,600 ppm 4 6,,2.917928606,1,0,2,0.0,medium,low,2,0.6981359720230103,0.1555955708026886,0.14626845717430115
bin_classification,dinov3,42,2,11,legacy_outer,scale_mean,80,c 6,,0.063760031,0,0,2,0.0,low,low,2,0.845570981502533,0.07743032276630402,0.07699870318174362
bin_classification,dinov3,42,2,11,legacy_outer,scale_mean,89,800 ppm 1 7,,3.238793179,1,1,2,0.0,medium,medium,2,0.08383114635944366,0.6995449066162109,0.2166239321231842
bin_classification,dinov3,42,2,11,legacy_outer,scale_mean,92,1000 ppm 5 2,,4.757997682,2,1,2,0.0,high,medium,2,0.24777306616306305,0.413702130317688,0.33852481842041016
bin_classification,dinov3,42,2,11,legacy_outer,scale_mean,93,600 ppm 2 1,,4.813990004,2,2,2,0.0,high,high,2,0.07523410022258759,0.13907016813755035,0.7856956720352173
bin_classification,dinov3,42,2,11,legacy_outer,scale_mean,95,400 ppm 4 1,,3.41261835,1,0,2,0.0,medium,low,2,0.48024746775627136,0.31747159361839294,0.2022809386253357
bin_classification,dinov3,42,2,11,legacy_outer,scale_mean,105,600 ppm 4 4,,4.722478116,2,2,2,0.0,high,high,2,0.15792644023895264,0.26380497217178345,0.5782685875892639
bin_classification,dinov3,42,2,11,legacy_outer,scale_mean,107,600 ppm 2 8,,2.425778023,0,1,2,0.0,low,medium,2,0.36360979080200195,0.5408648252487183,0.09552541375160217
bin_classification,dinov3,42,2,11,legacy_outer,scale_mean,118,400 ppm 1 6,,2.131122072,0,1,2,0.0,low,medium,2,0.35124871134757996,0.5540822744369507,0.09466904401779175
bin_classification,dinov3,42,2,11,legacy_outer,scale_mean,120,1000 ppm 4 9,,6.363669718,2,2,2,0.0,high,high,2,0.04536660760641098,0.053592048585414886,0.9010413885116577
bin_classification,dinov3,42,2,11,legacy_outer,scale_mean,122,400 ppm 3 9,,1.584373627,0,0,2,0.0,low,low,2,0.4912137985229492,0.3366662859916687,0.17211991548538208
bin_classification,dinov3,42,2,11,legacy_outer,scale_mean,124,600 ppm 2 6,,5.169349346,2,2,2,0.0,high,high,2,0.018166009336709976,0.026067130267620087,0.9557667970657349
bin_classification,dinov3,42,2,11,legacy_outer,scale_mean,133,600 ppm 4 5,,3.062108267,1,2,2,0.0,medium,high,2,0.09447173029184341,0.3090094327926636,0.596518874168396
bin_classification,dinov3,42,2,11,legacy_outer,scale_mean,137,600 ppm 4 9,,6.74653579,2,2,2,0.0,high,high,2,0.2367081195116043,0.25847965478897095,0.5048122406005859
bin_classification,dinov3,42,2,11,legacy_outer,scale_mean,139,400 ppm 2 9,,3.092722153,1,0,2,0.0,medium,low,2,0.5366862416267395,0.2677006721496582,0.19561314582824707
bin_classification,dinov3,42,2,11,legacy_outer,scale_mean,147,800 ppm 1 1,,3.206888056,1,2,2,0.0,medium,high,2,0.24254055321216583,0.17313864827156067,0.5843209028244019
bin_classification,dinov3,42,2,11,legacy_outer,scale_mean,149,1000 ppm 4 5,,5.501306043,2,2,2,0.0,high,high,2,0.26996880769729614,0.28826814889907837,0.4417629837989807
bin_classification,dinov3,42,2,11,legacy_outer,scale_mean,151,1000 ppm 1 1,,5.764585045,2,2,2,0.0,high,high,2,0.19849854707717896,0.1832686960697174,0.618232786655426
bin_classification,dinov3,42,2,11,legacy_outer,scale_mean,160,600 ppm 1 8,,3.375017339,1,0,2,0.0,medium,low,2,0.6612236499786377,0.1975325047969818,0.14124387502670288
bin_classification,dinov3,42,2,11,legacy_outer,scale_mean,164,600 ppm 5 7,,2.199153042,0,0,2,0.0,low,low,2,0.5544407367706299,0.32907241582870483,0.11648684740066528
bin_classification,dinov3,42,2,11,legacy_outer,scale_mean,177,1000 ppm 2 8,,8.920432073,2,2,2,0.0,high,high,2,0.025447417050600052,0.13654425740242004,0.8380084037780762
bin_classification,dinov3,42,2,11,legacy_outer,scale_mean,178,600 ppm 1 5,,2.578333626,1,1,2,0.0,medium,medium,2,0.259654700756073,0.6056294441223145,0.13471582531929016
bin_classification,dinov3,42,2,11,legacy_outer,scale_mean,179,600 ppm 1 9,,2.309240059,0,1,2,0.0,low,medium,2,0.2636726200580597,0.4909563660621643,0.2453710287809372
bin_classification,dinov3,42,2,11,legacy_outer,scale_mean,180,600 ppm 2 2,,3.987730061,2,2,2,0.0,high,high,2,0.12177158892154694,0.13776370882987976,0.7404646873474121
bin_classification,dinov3,42,2,11,legacy_outer,scale_mean,183,600 ppm 5 2,,2.267431961,0,0,2,0.0,low,low,2,0.5149458646774292,0.17580321431159973,0.30925101041793823
bin_classification,dinov3,42,2,11,legacy_outer,scale_mean,185,800 ppm 4 9,,1.601926465,0,1,2,0.0,low,medium,2,0.30217307806015015,0.5005364418029785,0.19729048013687134
bin_classification,dinov3,42,2,11,legacy_outer,scale_mean,187,600 ppm 2 4,,5.228335334,2,2,2,0.0,high,high,2,0.1094551831483841,0.11527314782142639,0.7752716541290283
bin_classification,dinov3,42,2,11,legacy_outer,scale_mean,191,600 ppm 4 7,,3.434518809,1,2,2,0.0,medium,high,2,0.41563278436660767,0.1623842418193817,0.4219829738140106
bin_classification,dinov3,42,2,11,legacy_outer,scale_mean,194,1000 ppm 5 8,,3.570707045,1,2,2,0.0,medium,high,2,0.22756659984588623,0.34696733951568604,0.42546600103378296
bin_classification,dinov3,42,2,11,legacy_outer,scale_mean,197,600 ppm 5 3,,3.545661039,1,2,2,0.0,medium,high,2,0.16222864389419556,0.2600351572036743,0.5777362585067749
bin_classification,dinov3,42,2,11,legacy_outer,scale_mean,198,1000 ppm 4 4,,4.912650043,2,2,2,0.0,high,high,2,0.14890778064727783,0.21091794967651367,0.6401742696762085
bin_classification,dinov3,42,2,11,legacy_outer,scale_mean,208,1000 ppm 4 7,,4.80521563,2,2,2,0.0,high,high,2,0.06663090735673904,0.13608083128929138,0.7972882986068726
bin_classification,dinov3,42,2,11,legacy_outer,scale_vote,0,800 ppm 4 4,,2.946573479,1,2,2,0.5,medium,high,2,0.29387813806533813,0.347541868686676,0.35857999324798584
bin_classification,dinov3,42,2,11,legacy_outer,scale_vote,1,400 ppm 1 10,,2.439106538,0,2,2,0.5,low,high,2,0.3958486020565033,0.1478976011276245,0.4562537372112274
bin_classification,dinov3,42,2,11,legacy_outer,scale_vote,2,c 8,,0.026443476,0,0,2,0.0,low,low,2,0.8806774616241455,0.0832873284816742,0.03603522479534149
bin_classification,dinov3,42,2,11,legacy_outer,scale_vote,14,800 ppm 5 8,,1.813308383,0,1,2,0.0,low,medium,2,0.24893684685230255,0.6291511058807373,0.12191205471754074
bin_classification,dinov3,42,2,11,legacy_outer,scale_vote,20,600 ppm 3 4,,2.760653598,1,1,2,0.0,medium,medium,2,0.33836865425109863,0.4753369688987732,0.18629440665245056
bin_classification,dinov3,42,2,11,legacy_outer,scale_vote,22,1000 ppm 2 10,,3.02169275,1,1,2,0.0,medium,medium,2,0.29272347688674927,0.43278712034225464,0.2744893729686737
bin_classification,dinov3,42,2,11,legacy_outer,scale_vote,30,800 ppm 3 1,,3.635232962,1,0,2,0.0,medium,low,2,0.437577486038208,0.22467957437038422,0.3377429246902466
bin_classification,dinov3,42,2,11,legacy_outer,scale_vote,35,400 ppm 4 3,,1.918214246,0,0,2,0.0,low,low,2,0.5384888648986816,0.19249705970287323,0.26901403069496155
bin_classification,dinov3,42,2,11,legacy_outer,scale_vote,38,600 ppm 1 2,,3.709535965,2,1,2,0.0,high,medium,2,0.15710455179214478,0.6792722940444946,0.1636231243610382
bin_classification,dinov3,42,2,11,legacy_outer,scale_vote,43,400 ppm 3 7,,0.89575865,0,0,2,0.0,low,low,2,0.7343572378158569,0.07680649310350418,0.1888362169265747
bin_classification,dinov3,42,2,11,legacy_outer,scale_vote,44,600 ppm 2 10,,5.751181016,2,2,2,0.0,high,high,2,0.03923030197620392,0.07152439653873444,0.8892452716827393
bin_classification,dinov3,42,2,11,legacy_outer,scale_vote,48,800 ppm 5 5,,2.12508079,0,2,2,0.0,low,high,2,0.14410313963890076,0.15934811532497406,0.6965487003326416
bin_classification,dinov3,42,2,11,legacy_outer,scale_vote,51,400 ppm 5 2,,2.358077692,0,0,2,0.0,low,low,2,0.5174971222877502,0.3838944435119629,0.09860841184854507
bin_classification,dinov3,42,2,11,legacy_outer,scale_vote,57,800 ppm 1 2,,2.433875926,0,2,2,0.0,low,high,2,0.05718045309185982,0.2065790295600891,0.7362405061721802
bin_classification,dinov3,42,2,11,legacy_outer,scale_vote,58,600 ppm 3 5,,3.400726676,1,1,2,0.0,medium,medium,2,0.3420136570930481,0.5345027446746826,0.1234835684299469
bin_classification,dinov3,42,2,11,legacy_outer,scale_vote,61,800 ppm 2 5,,2.123468918,0,0,2,0.0,low,low,2,0.5056090354919434,0.43343639373779297,0.06095457077026367
bin_classification,dinov3,42,2,11,legacy_outer,scale_vote,71,1000 ppm 5 3,,3.480640553,1,0,2,0.0,medium,low,2,0.4616371989250183,0.34577125310897827,0.19259154796600342
bin_classification,dinov3,42,2,11,legacy_outer,scale_vote,73,400 ppm 5 10,,6.150568182,2,2,2,0.0,high,high,2,0.053096670657396317,0.056208059191703796,0.8906952142715454
bin_classification,dinov3,42,2,11,legacy_outer,scale_vote,76,1000 ppm 2 5,,3.820821694,2,1,2,0.5,high,medium,2,0.23379027843475342,0.40097934007644653,0.36523041129112244
bin_classification,dinov3,42,2,11,legacy_outer,scale_vote,77,400 ppm 2 4,,2.142971305,0,2,2,0.5,low,high,2,0.37554678320884705,0.22711174190044403,0.39734145998954773
bin_classification,dinov3,42,2,11,legacy_outer,scale_vote,78,600 ppm 4 6,,2.917928606,1,0,2,0.0,medium,low,2,0.6981359720230103,0.1555955708026886,0.14626845717430115
bin_classification,dinov3,42,2,11,legacy_outer,scale_vote,80,c 6,,0.063760031,0,0,2,0.0,low,low,2,0.845570981502533,0.07743032276630402,0.07699870318174362
bin_classification,dinov3,42,2,11,legacy_outer,scale_vote,89,800 ppm 1 7,,3.238793179,1,1,2,0.0,medium,medium,2,0.08383114635944366,0.6995449066162109,0.2166239321231842
bin_classification,dinov3,42,2,11,legacy_outer,scale_vote,92,1000 ppm 5 2,,4.757997682,2,1,2,0.0,high,medium,2,0.24777306616306305,0.413702130317688,0.33852481842041016
bin_classification,dinov3,42,2,11,legacy_outer,scale_vote,93,600 ppm 2 1,,4.813990004,2,2,2,0.0,high,high,2,0.07523410022258759,0.13907016813755035,0.7856956720352173
bin_classification,dinov3,42,2,11,legacy_outer,scale_vote,95,400 ppm 4 1,,3.41261835,1,0,2,0.0,medium,low,2,0.48024746775627136,0.31747159361839294,0.2022809386253357
bin_classification,dinov3,42,2,11,legacy_outer,scale_vote,105,600 ppm 4 4,,4.722478116,2,2,2,0.0,high,high,2,0.15792644023895264,0.26380497217178345,0.5782685875892639
bin_classification,dinov3,42,2,11,legacy_outer,scale_vote,107,600 ppm 2 8,,2.425778023,0,1,2,0.0,low,medium,2,0.36360979080200195,0.5408648252487183,0.09552541375160217
bin_classification,dinov3,42,2,11,legacy_outer,scale_vote,118,400 ppm 1 6,,2.131122072,0,1,2,0.0,low,medium,2,0.35124871134757996,0.5540822744369507,0.09466904401779175
bin_classification,dinov3,42,2,11,legacy_outer,scale_vote,120,1000 ppm 4 9,,6.363669718,2,2,2,0.0,high,high,2,0.04536660760641098,0.053592048585414886,0.9010413885116577
bin_classification,dinov3,42,2,11,legacy_outer,scale_vote,122,400 ppm 3 9,,1.584373627,0,0,2,0.0,low,low,2,0.4912137985229492,0.3366662859916687,0.17211991548538208
bin_classification,dinov3,42,2,11,legacy_outer,scale_vote,124,600 ppm 2 6,,5.169349346,2,2,2,0.0,high,high,2,0.018166009336709976,0.026067130267620087,0.9557667970657349
bin_classification,dinov3,42,2,11,legacy_outer,scale_vote,133,600 ppm 4 5,,3.062108267,1,2,2,0.0,medium,high,2,0.09447173029184341,0.3090094327926636,0.596518874168396
bin_classification,dinov3,42,2,11,legacy_outer,scale_vote,137,600 ppm 4 9,,6.74653579,2,2,2,0.0,high,high,2,0.2367081195116043,0.25847965478897095,0.5048122406005859
bin_classification,dinov3,42,2,11,legacy_outer,scale_vote,139,400 ppm 2 9,,3.092722153,1,0,2,0.0,medium,low,2,0.5366862416267395,0.2677006721496582,0.19561314582824707
bin_classification,dinov3,42,2,11,legacy_outer,scale_vote,147,800 ppm 1 1,,3.206888056,1,2,2,0.0,medium,high,2,0.24254055321216583,0.17313864827156067,0.5843209028244019
bin_classification,dinov3,42,2,11,legacy_outer,scale_vote,149,1000 ppm 4 5,,5.501306043,2,2,2,0.0,high,high,2,0.26996880769729614,0.28826814889907837,0.4417629837989807
bin_classification,dinov3,42,2,11,legacy_outer,scale_vote,151,1000 ppm 1 1,,5.764585045,2,2,2,0.0,high,high,2,0.19849854707717896,0.1832686960697174,0.618232786655426
bin_classification,dinov3,42,2,11,legacy_outer,scale_vote,160,600 ppm 1 8,,3.375017339,1,0,2,0.0,medium,low,2,0.6612236499786377,0.1975325047969818,0.14124387502670288
bin_classification,dinov3,42,2,11,legacy_outer,scale_vote,164,600 ppm 5 7,,2.199153042,0,0,2,0.0,low,low,2,0.5544407367706299,0.32907241582870483,0.11648684740066528
bin_classification,dinov3,42,2,11,legacy_outer,scale_vote,177,1000 ppm 2 8,,8.920432073,2,2,2,0.0,high,high,2,0.025447417050600052,0.13654425740242004,0.8380084037780762
bin_classification,dinov3,42,2,11,legacy_outer,scale_vote,178,600 ppm 1 5,,2.578333626,1,1,2,0.0,medium,medium,2,0.259654700756073,0.6056294441223145,0.13471582531929016
bin_classification,dinov3,42,2,11,legacy_outer,scale_vote,179,600 ppm 1 9,,2.309240059,0,1,2,0.0,low,medium,2,0.2636726200580597,0.4909563660621643,0.2453710287809372
bin_classification,dinov3,42,2,11,legacy_outer,scale_vote,180,600 ppm 2 2,,3.987730061,2,2,2,0.0,high,high,2,0.12177158892154694,0.13776370882987976,0.7404646873474121
bin_classification,dinov3,42,2,11,legacy_outer,scale_vote,183,600 ppm 5 2,,2.267431961,0,0,2,0.0,low,low,2,0.5149458646774292,0.17580321431159973,0.30925101041793823
bin_classification,dinov3,42,2,11,legacy_outer,scale_vote,185,800 ppm 4 9,,1.601926465,0,1,2,0.0,low,medium,2,0.30217307806015015,0.5005364418029785,0.19729048013687134
bin_classification,dinov3,42,2,11,legacy_outer,scale_vote,187,600 ppm 2 4,,5.228335334,2,2,2,0.0,high,high,2,0.1094551831483841,0.11527314782142639,0.7752716541290283
bin_classification,dinov3,42,2,11,legacy_outer,scale_vote,191,600 ppm 4 7,,3.434518809,1,2,2,0.0,medium,high,2,0.41563278436660767,0.1623842418193817,0.4219829738140106
bin_classification,dinov3,42,2,11,legacy_outer,scale_vote,194,1000 ppm 5 8,,3.570707045,1,2,2,0.0,medium,high,2,0.22756659984588623,0.34696733951568604,0.42546600103378296
bin_classification,dinov3,42,2,11,legacy_outer,scale_vote,197,600 ppm 5 3,,3.545661039,1,2,2,0.0,medium,high,2,0.16222864389419556,0.2600351572036743,0.5777362585067749
bin_classification,dinov3,42,2,11,legacy_outer,scale_vote,198,1000 ppm 4 4,,4.912650043,2,2,2,0.0,high,high,2,0.14890778064727783,0.21091794967651367,0.6401742696762085
bin_classification,dinov3,42,2,11,legacy_outer,scale_vote,208,1000 ppm 4 7,,4.80521563,2,2,2,0.0,high,high,2,0.06663090735673904,0.13608083128929138,0.7972882986068726
bin_classification,dinov3,42,3,16,legacy_outer,single,4,400 ppm 5 6,,3.179550105,1,0,1,0.0,medium,low,2,0.7584354877471924,0.2213299572467804,0.020234599709510803
bin_classification,dinov3,42,3,16,legacy_outer,single,15,800 ppm 5 6,,4.035336418,2,2,1,0.0,high,high,2,0.05737478658556938,0.26364845037460327,0.6789767146110535
bin_classification,dinov3,42,3,16,legacy_outer,single,17,800 ppm 1 8,,3.829685929,2,2,1,0.0,high,high,2,0.2305753529071808,0.16730134189128876,0.6021233201026917
bin_classification,dinov3,42,3,16,legacy_outer,single,24,400 ppm 1 7,,1.282576096,0,2,1,0.0,low,high,2,0.4197569191455841,0.15695463120937347,0.4232884347438812
bin_classification,dinov3,42,3,16,legacy_outer,single,26,400 ppm 3 8,,2.699524299,1,0,1,0.0,medium,low,2,0.7118882536888123,0.259537011384964,0.02857467159628868
bin_classification,dinov3,42,3,16,legacy_outer,single,31,1000 ppm 4 10,,4.658685892,2,1,1,0.0,high,medium,2,0.13962584733963013,0.6326478719711304,0.2277262657880783
bin_classification,dinov3,42,3,16,legacy_outer,single,32,600 ppm 4 1,,2.305830077,0,0,1,0.0,low,low,2,0.7598569393157959,0.16761329770088196,0.07252977788448334
bin_classification,dinov3,42,3,16,legacy_outer,single,33,400 ppm 4 2,,3.766442861,2,2,1,0.0,high,high,2,0.28383970260620117,0.19834071397781372,0.5178195238113403
bin_classification,dinov3,42,3,16,legacy_outer,single,40,1000 ppm 3 7,,4.455573905,2,1,1,0.0,high,medium,2,0.33553364872932434,0.6120160818099976,0.052450310438871384
bin_classification,dinov3,42,3,16,legacy_outer,single,42,800 ppm 4 1,,3.914368577,2,2,1,0.0,high,high,2,0.2891930937767029,0.04589749500155449,0.6649093627929688
bin_classification,dinov3,42,3,16,legacy_outer,single,47,600 ppm 1 10,,2.380352998,0,2,1,0.0,low,high,2,0.13006016612052917,0.3476407825946808,0.52229905128479
bin_classification,dinov3,42,3,16,legacy_outer,single,50,400 ppm 5 4,,2.308031034,0,0,1,0.0,low,low,2,0.5121501684188843,0.33755257725715637,0.15029726922512054
bin_classification,dinov3,42,3,16,legacy_outer,single,60,1000 ppm 1 10,,6.849854778,2,2,1,0.0,high,high,2,0.07217009365558624,0.09205013513565063,0.8357797861099243
bin_classification,dinov3,42,3,16,legacy_outer,single,63,800 ppm 5 1,,3.318129085,1,0,1,0.0,medium,low,2,0.6744264960289001,0.26937249302864075,0.056200988590717316
bin_classification,dinov3,42,3,16,legacy_outer,single,65,1000 ppm 1 2,,2.839588237,1,0,1,0.0,medium,low,2,0.452175110578537,0.27092546224594116,0.27689945697784424
bin_classification,dinov3,42,3,16,legacy_outer,single,72,800 ppm 4 10,,1.790224933,0,1,1,0.0,low,medium,2,0.42825210094451904,0.4965285062789917,0.07521937787532806
bin_classification,dinov3,42,3,16,legacy_outer,single,74,800 ppm 3 10,,2.565247064,0,0,1,0.0,low,low,2,0.5969281792640686,0.34250763058662415,0.060564156621694565
bin_classification,dinov3,42,3,16,legacy_outer,single,75,600 ppm 4 2,,2.807822686,1,1,1,0.0,medium,medium,2,0.19995006918907166,0.5642582178115845,0.23579175770282745
bin_classification,dinov3,42,3,16,legacy_outer,single,85,600 ppm 5 9,,3.487434095,1,2,1,0.0,medium,high,2,0.24027122557163239,0.28562024235725403,0.47410857677459717
bin_classification,dinov3,42,3,16,legacy_outer,single,86,600 ppm 4 3,,2.880647975,1,0,1,0.0,medium,low,2,0.4738169014453888,0.25054171681404114,0.27564138174057007
bin_classification,dinov3,42,3,16,legacy_outer,single,87,600 ppm 2 3,,4.461830388,2,2,1,0.0,high,high,2,0.09293894469738007,0.10076770931482315,0.8062933087348938
bin_classification,dinov3,42,3,16,legacy_outer,single,88,400 ppm 1 8,,2.661895437,1,2,1,0.0,medium,high,2,0.1739521324634552,0.14982885122299194,0.67621910572052
bin_classification,dinov3,42,3,16,legacy_outer,single,91,800 ppm 2 6,,2.574977352,1,1,1,0.0,medium,medium,2,0.3623286783695221,0.41560083627700806,0.22207048535346985
bin_classification,dinov3,42,3,16,legacy_outer,single,96,400 ppm 3 3,,0.612212928,0,0,1,0.0,low,low,2,0.8483225703239441,0.12702681124210358,0.024650609120726585
bin_classification,dinov3,42,3,16,legacy_outer,single,98,400 ppm 4 7,,2.772824063,1,0,1,0.0,medium,low,2,0.42437127232551575,0.4017370045185089,0.17389173805713654
bin_classification,dinov3,42,3,16,legacy_outer,single,101,400 ppm 1 1,,1.156692243,0,0,1,0.0,low,low,2,0.8677592873573303,0.038324374705553055,0.09391629695892334
bin_classification,dinov3,42,3,16,legacy_outer,single,103,600 ppm 3 2,,1.913489171,0,0,1,0.0,low,low,2,0.5274379253387451,0.3421553671360016,0.1304067075252533
bin_classification,dinov3,42,3,16,legacy_outer,single,104,400 ppm 2 5,,2.693185629,1,0,1,0.0,medium,low,2,0.6274853348731995,0.2962985932826996,0.07621609419584274
bin_classification,dinov3,42,3,16,legacy_outer,single,110,800 ppm 2 10,,3.839907089,2,2,1,0.0,high,high,2,0.11052978783845901,0.18699035048484802,0.7024798393249512
bin_classification,dinov3,42,3,16,legacy_outer,single,119,400 ppm 2 6,,1.94595721,0,0,1,0.0,low,low,2,0.4314078688621521,0.33995962142944336,0.22863247990608215
bin_classification,dinov3,42,3,16,legacy_outer,single,125,400 ppm 2 2,,2.217441217,0,0,1,0.0,low,low,2,0.8495786786079407,0.11784683167934418,0.03257454186677933
bin_classification,dinov3,42,3,16,legacy_outer,single,127,800 ppm 1 3,,3.460604121,1,1,1,0.0,medium,medium,2,0.1494496762752533,0.5154799222946167,0.33507040143013
bin_classification,dinov3,42,3,16,legacy_outer,single,134,400 ppm 5 7,,2.419099743,0,2,1,0.0,low,high,2,0.2760270833969116,0.23209750652313232,0.49187543988227844
bin_classification,dinov3,42,3,16,legacy_outer,single,135,1000 ppm 3 1,,3.435150907,1,0,1,0.0,medium,low,2,0.43244117498397827,0.22995567321777344,0.3376031816005707
bin_classification,dinov3,42,3,16,legacy_outer,single,136,1000 ppm 2 9,,4.12892976,2,1,1,0.0,high,medium,2,0.11811739951372147,0.5364256501197815,0.34545692801475525
bin_classification,dinov3,42,3,16,legacy_outer,single,140,1000 ppm 2 6,,3.276631573,1,2,1,0.0,medium,high,2,0.2294124960899353,0.200313001871109,0.5702744722366333
bin_classification,dinov3,42,3,16,legacy_outer,single,141,400 ppm 2 1,,2.012764258,0,0,1,0.0,low,low,2,0.5954701900482178,0.3389184772968292,0.06561136245727539
bin_classification,dinov3,42,3,16,legacy_outer,single,142,800 ppm 4 2,,7.228369165,2,2,1,0.0,high,high,2,0.08992643654346466,0.06215876340866089,0.8479148149490356
bin_classification,dinov3,42,3,16,legacy_outer,single,153,800 ppm 1 6,,3.837716068,2,2,1,0.0,high,high,2,0.12250704318284988,0.34577861428260803,0.5317143797874451
bin_classification,dinov3,42,3,16,legacy_outer,single,168,800 ppm 4 3,,2.561965594,0,1,1,0.0,low,medium,2,0.24454103410243988,0.6625626683235168,0.09289625287055969
bin_classification,dinov3,42,3,16,legacy_outer,single,169,1000 ppm 5 5,,4.025481166,2,1,1,0.0,high,medium,2,0.14694620668888092,0.4957105815410614,0.3573431670665741
bin_classification,dinov3,42,3,16,legacy_outer,single,170,600 ppm 5 6,,1.95587148,0,0,1,0.0,low,low,2,0.595259964466095,0.2618858516216278,0.14285419881343842
bin_classification,dinov3,42,3,16,legacy_outer,single,174,400 ppm 5 3,,4.283341707,2,2,1,0.0,high,high,2,0.21009127795696259,0.25615110993385315,0.5337576866149902
bin_classification,dinov3,42,3,16,legacy_outer,single,176,600 ppm 1 6,,3.100781702,1,1,1,0.0,medium,medium,2,0.2700842618942261,0.3747383952140808,0.3551773428916931
bin_classification,dinov3,42,3,16,legacy_outer,single,181,1000 ppm 1 6,,4.975119308,2,2,1,0.0,high,high,2,0.17421631515026093,0.11835786700248718,0.7074258327484131
bin_classification,dinov3,42,3,16,legacy_outer,single,182,800 ppm 5 2,,3.095231637,1,1,1,0.0,medium,medium,2,0.10945262014865875,0.5715516209602356,0.31899574398994446
bin_classification,dinov3,42,3,16,legacy_outer,single,195,c 2,,0.515980941,0,0,1,0.0,low,low,2,0.8629109859466553,0.09735344350337982,0.03973560407757759
bin_classification,dinov3,42,3,16,legacy_outer,single,196,800 ppm 2 2,,4.193172849,2,0,1,0.0,high,low,2,0.41848212480545044,0.24989081919193268,0.3316270411014557
bin_classification,dinov3,42,3,16,legacy_outer,single,199,400 ppm 5 9,,4.94470606,2,2,1,0.0,high,high,2,0.02572089433670044,0.13746055960655212,0.836818516254425
bin_classification,dinov3,42,3,16,legacy_outer,single,200,400 ppm 2 8,,1.868843053,0,1,1,0.0,low,medium,2,0.3461960256099701,0.4293665885925293,0.2244373857975006
bin_classification,dinov3,42,3,16,legacy_outer,single,206,400 ppm 1 4,,2.032189725,0,2,1,0.0,low,high,2,0.26159849762916565,0.26868748664855957,0.46971410512924194
bin_classification,dinov3,42,3,16,legacy_outer,single,207,1000 ppm 2 2,,2.770922415,1,0,1,0.0,medium,low,2,0.615426242351532,0.24632884562015533,0.1382448971271515
bin_classification,dinov3,42,3,16,legacy_outer,d4_mean,4,400 ppm 5 6,,3.179550105,1,0,8,0.0,medium,low,2,0.5834874510765076,0.293548583984375,0.12296394258737564
bin_classification,dinov3,42,3,16,legacy_outer,d4_mean,15,800 ppm 5 6,,4.035336418,2,2,8,0.0,high,high,2,0.028301743790507317,0.12996841967105865,0.8417298793792725
bin_classification,dinov3,42,3,16,legacy_outer,d4_mean,17,800 ppm 1 8,,3.829685929,2,2,8,0.125,high,high,2,0.2712688744068146,0.23527871072292328,0.49345239996910095
bin_classification,dinov3,42,3,16,legacy_outer,d4_mean,24,400 ppm 1 7,,1.282576096,0,0,8,0.5,low,low,2,0.39207401871681213,0.24898236989974976,0.3589436411857605
bin_classification,dinov3,42,3,16,legacy_outer,d4_mean,26,400 ppm 3 8,,2.699524299,1,0,8,0.0,medium,low,2,0.5425691604614258,0.2085731029510498,0.24885770678520203
bin_classification,dinov3,42,3,16,legacy_outer,d4_mean,31,1000 ppm 4 10,,4.658685892,2,2,8,0.25,high,high,2,0.10236243903636932,0.3588862121105194,0.5387513637542725
bin_classification,dinov3,42,3,16,legacy_outer,d4_mean,32,600 ppm 4 1,,2.305830077,0,0,8,0.0,low,low,2,0.5860867500305176,0.14922702312469482,0.2646861672401428
bin_classification,dinov3,42,3,16,legacy_outer,d4_mean,33,400 ppm 4 2,,3.766442861,2,2,8,0.125,high,high,2,0.2574620842933655,0.12105971574783325,0.6214781999588013
bin_classification,dinov3,42,3,16,legacy_outer,d4_mean,40,1000 ppm 3 7,,4.455573905,2,1,8,0.125,high,medium,2,0.30106499791145325,0.5085163116455078,0.19041866064071655
bin_classification,dinov3,42,3,16,legacy_outer,d4_mean,42,800 ppm 4 1,,3.914368577,2,2,8,0.0,high,high,2,0.12334222346544266,0.018754255026578903,0.8579035401344299
bin_classification,dinov3,42,3,16,legacy_outer,d4_mean,47,600 ppm 1 10,,2.380352998,0,2,8,0.0,low,high,2,0.09793002903461456,0.17310744524002075,0.7289624810218811
bin_classification,dinov3,42,3,16,legacy_outer,d4_mean,50,400 ppm 5 4,,2.308031034,0,0,8,0.125,low,low,2,0.4828379154205322,0.34186258912086487,0.1752994954586029
bin_classification,dinov3,42,3,16,legacy_outer,d4_mean,60,1000 ppm 1 10,,6.849854778,2,2,8,0.0,high,high,2,0.021653976291418076,0.03345333784818649,0.9448927044868469
bin_classification,dinov3,42,3,16,legacy_outer,d4_mean,63,800 ppm 5 1,,3.318129085,1,0,8,0.125,medium,low,2,0.49535998702049255,0.20894816517829895,0.2956918478012085
bin_classification,dinov3,42,3,16,legacy_outer,d4_mean,65,1000 ppm 1 2,,2.839588237,1,1,8,0.625,medium,medium,2,0.32157644629478455,0.379725843667984,0.29869771003723145
bin_classification,dinov3,42,3,16,legacy_outer,d4_mean,72,800 ppm 4 10,,1.790224933,0,0,8,0.5,low,low,2,0.40185895562171936,0.3321763873100281,0.2659646272659302
bin_classification,dinov3,42,3,16,legacy_outer,d4_mean,74,800 ppm 3 10,,2.565247064,0,0,8,0.25,low,low,2,0.4511913061141968,0.31242692470550537,0.23638179898262024
bin_classification,dinov3,42,3,16,legacy_outer,d4_mean,75,600 ppm 4 2,,2.807822686,1,2,8,0.25,medium,high,2,0.1346532106399536,0.27259597182273865,0.5927507877349854
bin_classification,dinov3,42,3,16,legacy_outer,d4_mean,85,600 ppm 5 9,,3.487434095,1,2,8,0.0,medium,high,2,0.11587639898061752,0.11329176276922226,0.770831823348999
bin_classification,dinov3,42,3,16,legacy_outer,d4_mean,86,600 ppm 4 3,,2.880647975,1,2,8,0.25,medium,high,2,0.38658851385116577,0.1273471564054489,0.4860643446445465
bin_classification,dinov3,42,3,16,legacy_outer,d4_mean,87,600 ppm 2 3,,4.461830388,2,2,8,0.0,high,high,2,0.0885312557220459,0.12261012196540833,0.7888586521148682
bin_classification,dinov3,42,3,16,legacy_outer,d4_mean,88,400 ppm 1 8,,2.661895437,1,2,8,0.0,medium,high,2,0.2224421352148056,0.14379507303237915,0.633762776851654
bin_classification,dinov3,42,3,16,legacy_outer,d4_mean,91,800 ppm 2 6,,2.574977352,1,2,8,0.25,medium,high,2,0.18882349133491516,0.18560802936553955,0.6255685091018677
bin_classification,dinov3,42,3,16,legacy_outer,d4_mean,96,400 ppm 3 3,,0.612212928,0,0,8,0.0,low,low,2,0.6993838548660278,0.19056002795696259,0.11005609482526779
bin_classification,dinov3,42,3,16,legacy_outer,d4_mean,98,400 ppm 4 7,,2.772824063,1,0,8,0.125,medium,low,2,0.46315425634384155,0.3143640160560608,0.22248172760009766
bin_classification,dinov3,42,3,16,legacy_outer,d4_mean,101,400 ppm 1 1,,1.156692243,0,0,8,0.0,low,low,2,0.7725904583930969,0.03244020417332649,0.19496935606002808
bin_classification,dinov3,42,3,16,legacy_outer,d4_mean,103,600 ppm 3 2,,1.913489171,0,0,8,0.5,low,low,2,0.38494443893432617,0.24246637523174286,0.3725891411304474
bin_classification,dinov3,42,3,16,legacy_outer,d4_mean,104,400 ppm 2 5,,2.693185629,1,0,8,0.0,medium,low,2,0.5498968362808228,0.19974029064178467,0.2503628134727478
bin_classification,dinov3,42,3,16,legacy_outer,d4_mean,110,800 ppm 2 10,,3.839907089,2,2,8,0.0,high,high,2,0.05726131424307823,0.08309483528137207,0.859643816947937
bin_classification,dinov3,42,3,16,legacy_outer,d4_mean,119,400 ppm 2 6,,1.94595721,0,2,8,0.25,low,high,2,0.34399837255477905,0.2177104651927948,0.43829113245010376
bin_classification,dinov3,42,3,16,legacy_outer,d4_mean,125,400 ppm 2 2,,2.217441217,0,0,8,0.0,low,low,2,0.7051138877868652,0.10500208288431168,0.1898840218782425
bin_classification,dinov3,42,3,16,legacy_outer,d4_mean,127,800 ppm 1 3,,3.460604121,1,1,8,0.0,medium,medium,2,0.1227298453450203,0.6111681461334229,0.26610198616981506
bin_classification,dinov3,42,3,16,legacy_outer,d4_mean,134,400 ppm 5 7,,2.419099743,0,2,8,0.0,low,high,2,0.1728709489107132,0.148656964302063,0.6784720420837402
bin_classification,dinov3,42,3,16,legacy_outer,d4_mean,135,1000 ppm 3 1,,3.435150907,1,0,8,0.5,medium,low,2,0.3451462984085083,0.337387353181839,0.3174663782119751
bin_classification,dinov3,42,3,16,legacy_outer,d4_mean,136,1000 ppm 2 9,,4.12892976,2,2,8,0.25,high,high,2,0.09712488204240799,0.365959107875824,0.5369160175323486
bin_classification,dinov3,42,3,16,legacy_outer,d4_mean,140,1000 ppm 2 6,,3.276631573,1,2,8,0.0,medium,high,2,0.11263910681009293,0.08410775661468506,0.8032531142234802
bin_classification,dinov3,42,3,16,legacy_outer,d4_mean,141,400 ppm 2 1,,2.012764258,0,0,8,0.125,low,low,2,0.47515225410461426,0.35277754068374634,0.17207017540931702
bin_classification,dinov3,42,3,16,legacy_outer,d4_mean,142,800 ppm 4 2,,7.228369165,2,2,8,0.0,high,high,2,0.047061607241630554,0.0384325347840786,0.9145058989524841
bin_classification,dinov3,42,3,16,legacy_outer,d4_mean,153,800 ppm 1 6,,3.837716068,2,2,8,0.375,high,high,2,0.1652335375547409,0.33489689230918884,0.49986955523490906
bin_classification,dinov3,42,3,16,legacy_outer,d4_mean,168,800 ppm 4 3,,2.561965594,0,2,8,0.25,low,high,2,0.23419202864170074,0.3751147985458374,0.39069318771362305
bin_classification,dinov3,42,3,16,legacy_outer,d4_mean,169,1000 ppm 5 5,,4.025481166,2,2,8,0.25,high,high,2,0.10586091876029968,0.2827370762825012,0.6114020347595215
bin_classification,dinov3,42,3,16,legacy_outer,d4_mean,170,600 ppm 5 6,,1.95587148,0,2,8,0.25,low,high,2,0.3439863324165344,0.1854284405708313,0.4705851674079895
bin_classification,dinov3,42,3,16,legacy_outer,d4_mean,174,400 ppm 5 3,,4.283341707,2,0,8,0.5,high,low,2,0.3823283314704895,0.2920541763305664,0.3256174921989441
bin_classification,dinov3,42,3,16,legacy_outer,d4_mean,176,600 ppm 1 6,,3.100781702,1,2,8,0.125,medium,high,2,0.10433632135391235,0.18542665243148804,0.7102370262145996
bin_classification,dinov3,42,3,16,legacy_outer,d4_mean,181,1000 ppm 1 6,,4.975119308,2,2,8,0.125,high,high,2,0.21134625375270844,0.19980144500732422,0.5888522863388062
bin_classification,dinov3,42,3,16,legacy_outer,d4_mean,182,800 ppm 5 2,,3.095231637,1,2,8,0.25,medium,high,2,0.07211010158061981,0.33798331022262573,0.589906632900238
bin_classification,dinov3,42,3,16,legacy_outer,d4_mean,195,c 2,,0.515980941,0,0,8,0.0,low,low,2,0.746763288974762,0.09367685765028,0.1595599353313446
bin_classification,dinov3,42,3,16,legacy_outer,d4_mean,196,800 ppm 2 2,,4.193172849,2,2,8,0.5,high,high,2,0.40840575098991394,0.1449393630027771,0.44665491580963135
bin_classification,dinov3,42,3,16,legacy_outer,d4_mean,199,400 ppm 5 9,,4.94470606,2,2,8,0.0,high,high,2,0.021185941994190216,0.17359894514083862,0.8052151203155518
bin_classification,dinov3,42,3,16,legacy_outer,d4_mean,200,400 ppm 2 8,,1.868843053,0,2,8,0.25,low,high,2,0.26742398738861084,0.2709992527961731,0.4615767300128937
bin_classification,dinov3,42,3,16,legacy_outer,d4_mean,206,400 ppm 1 4,,2.032189725,0,2,8,0.0,low,high,2,0.19657351076602936,0.14550822973251343,0.6579182744026184
bin_classification,dinov3,42,3,16,legacy_outer,d4_mean,207,1000 ppm 2 2,,2.770922415,1,0,8,0.25,medium,low,2,0.44419407844543457,0.2179485410451889,0.33785733580589294
bin_classification,dinov3,42,3,16,legacy_outer,d4_vote,4,400 ppm 5 6,,3.179550105,1,0,8,0.0,medium,low,2,0.5834874510765076,0.293548583984375,0.12296394258737564
bin_classification,dinov3,42,3,16,legacy_outer,d4_vote,15,800 ppm 5 6,,4.035336418,2,2,8,0.0,high,high,2,0.028301743790507317,0.12996841967105865,0.8417298793792725
bin_classification,dinov3,42,3,16,legacy_outer,d4_vote,17,800 ppm 1 8,,3.829685929,2,2,8,0.125,high,high,2,0.2712688744068146,0.23527871072292328,0.49345239996910095
bin_classification,dinov3,42,3,16,legacy_outer,d4_vote,24,400 ppm 1 7,,1.282576096,0,0,8,0.5,low,low,2,0.39207401871681213,0.24898236989974976,0.3589436411857605
bin_classification,dinov3,42,3,16,legacy_outer,d4_vote,26,400 ppm 3 8,,2.699524299,1,0,8,0.0,medium,low,2,0.5425691604614258,0.2085731029510498,0.24885770678520203
bin_classification,dinov3,42,3,16,legacy_outer,d4_vote,31,1000 ppm 4 10,,4.658685892,2,2,8,0.25,high,high,2,0.10236243903636932,0.3588862121105194,0.5387513637542725
bin_classification,dinov3,42,3,16,legacy_outer,d4_vote,32,600 ppm 4 1,,2.305830077,0,0,8,0.0,low,low,2,0.5860867500305176,0.14922702312469482,0.2646861672401428
bin_classification,dinov3,42,3,16,legacy_outer,d4_vote,33,400 ppm 4 2,,3.766442861,2,2,8,0.125,high,high,2,0.2574620842933655,0.12105971574783325,0.6214781999588013
bin_classification,dinov3,42,3,16,legacy_outer,d4_vote,40,1000 ppm 3 7,,4.455573905,2,1,8,0.125,high,medium,2,0.30106499791145325,0.5085163116455078,0.19041866064071655
bin_classification,dinov3,42,3,16,legacy_outer,d4_vote,42,800 ppm 4 1,,3.914368577,2,2,8,0.0,high,high,2,0.12334222346544266,0.018754255026578903,0.8579035401344299
bin_classification,dinov3,42,3,16,legacy_outer,d4_vote,47,600 ppm 1 10,,2.380352998,0,2,8,0.0,low,high,2,0.09793002903461456,0.17310744524002075,0.7289624810218811
bin_classification,dinov3,42,3,16,legacy_outer,d4_vote,50,400 ppm 5 4,,2.308031034,0,0,8,0.125,low,low,2,0.4828379154205322,0.34186258912086487,0.1752994954586029
bin_classification,dinov3,42,3,16,legacy_outer,d4_vote,60,1000 ppm 1 10,,6.849854778,2,2,8,0.0,high,high,2,0.021653976291418076,0.03345333784818649,0.9448927044868469
bin_classification,dinov3,42,3,16,legacy_outer,d4_vote,63,800 ppm 5 1,,3.318129085,1,0,8,0.125,medium,low,2,0.49535998702049255,0.20894816517829895,0.2956918478012085
bin_classification,dinov3,42,3,16,legacy_outer,d4_vote,65,1000 ppm 1 2,,2.839588237,1,1,8,0.625,medium,medium,2,0.32157644629478455,0.379725843667984,0.29869771003723145
bin_classification,dinov3,42,3,16,legacy_outer,d4_vote,72,800 ppm 4 10,,1.790224933,0,0,8,0.5,low,low,2,0.40185895562171936,0.3321763873100281,0.2659646272659302
bin_classification,dinov3,42,3,16,legacy_outer,d4_vote,74,800 ppm 3 10,,2.565247064,0,0,8,0.25,low,low,2,0.4511913061141968,0.31242692470550537,0.23638179898262024
bin_classification,dinov3,42,3,16,legacy_outer,d4_vote,75,600 ppm 4 2,,2.807822686,1,2,8,0.25,medium,high,2,0.1346532106399536,0.27259597182273865,0.5927507877349854
bin_classification,dinov3,42,3,16,legacy_outer,d4_vote,85,600 ppm 5 9,,3.487434095,1,2,8,0.0,medium,high,2,0.11587639898061752,0.11329176276922226,0.770831823348999
bin_classification,dinov3,42,3,16,legacy_outer,d4_vote,86,600 ppm 4 3,,2.880647975,1,2,8,0.25,medium,high,2,0.38658851385116577,0.1273471564054489,0.4860643446445465
bin_classification,dinov3,42,3,16,legacy_outer,d4_vote,87,600 ppm 2 3,,4.461830388,2,2,8,0.0,high,high,2,0.0885312557220459,0.12261012196540833,0.7888586521148682
bin_classification,dinov3,42,3,16,legacy_outer,d4_vote,88,400 ppm 1 8,,2.661895437,1,2,8,0.0,medium,high,2,0.2224421352148056,0.14379507303237915,0.633762776851654
bin_classification,dinov3,42,3,16,legacy_outer,d4_vote,91,800 ppm 2 6,,2.574977352,1,2,8,0.25,medium,high,2,0.18882349133491516,0.18560802936553955,0.6255685091018677
bin_classification,dinov3,42,3,16,legacy_outer,d4_vote,96,400 ppm 3 3,,0.612212928,0,0,8,0.0,low,low,2,0.6993838548660278,0.19056002795696259,0.11005609482526779
bin_classification,dinov3,42,3,16,legacy_outer,d4_vote,98,400 ppm 4 7,,2.772824063,1,0,8,0.125,medium,low,2,0.46315425634384155,0.3143640160560608,0.22248172760009766
bin_classification,dinov3,42,3,16,legacy_outer,d4_vote,101,400 ppm 1 1,,1.156692243,0,0,8,0.0,low,low,2,0.7725904583930969,0.03244020417332649,0.19496935606002808
bin_classification,dinov3,42,3,16,legacy_outer,d4_vote,103,600 ppm 3 2,,1.913489171,0,0,8,0.5,low,low,2,0.38494443893432617,0.24246637523174286,0.3725891411304474
bin_classification,dinov3,42,3,16,legacy_outer,d4_vote,104,400 ppm 2 5,,2.693185629,1,0,8,0.0,medium,low,2,0.5498968362808228,0.19974029064178467,0.2503628134727478
bin_classification,dinov3,42,3,16,legacy_outer,d4_vote,110,800 ppm 2 10,,3.839907089,2,2,8,0.0,high,high,2,0.05726131424307823,0.08309483528137207,0.859643816947937
bin_classification,dinov3,42,3,16,legacy_outer,d4_vote,119,400 ppm 2 6,,1.94595721,0,2,8,0.25,low,high,2,0.34399837255477905,0.2177104651927948,0.43829113245010376
bin_classification,dinov3,42,3,16,legacy_outer,d4_vote,125,400 ppm 2 2,,2.217441217,0,0,8,0.0,low,low,2,0.7051138877868652,0.10500208288431168,0.1898840218782425
bin_classification,dinov3,42,3,16,legacy_outer,d4_vote,127,800 ppm 1 3,,3.460604121,1,1,8,0.0,medium,medium,2,0.1227298453450203,0.6111681461334229,0.26610198616981506
bin_classification,dinov3,42,3,16,legacy_outer,d4_vote,134,400 ppm 5 7,,2.419099743,0,2,8,0.0,low,high,2,0.1728709489107132,0.148656964302063,0.6784720420837402
bin_classification,dinov3,42,3,16,legacy_outer,d4_vote,135,1000 ppm 3 1,,3.435150907,1,2,8,0.5,medium,high,2,0.3451462984085083,0.337387353181839,0.3174663782119751
bin_classification,dinov3,42,3,16,legacy_outer,d4_vote,136,1000 ppm 2 9,,4.12892976,2,2,8,0.25,high,high,2,0.09712488204240799,0.365959107875824,0.5369160175323486
bin_classification,dinov3,42,3,16,legacy_outer,d4_vote,140,1000 ppm 2 6,,3.276631573,1,2,8,0.0,medium,high,2,0.11263910681009293,0.08410775661468506,0.8032531142234802
bin_classification,dinov3,42,3,16,legacy_outer,d4_vote,141,400 ppm 2 1,,2.012764258,0,0,8,0.125,low,low,2,0.47515225410461426,0.35277754068374634,0.17207017540931702
bin_classification,dinov3,42,3,16,legacy_outer,d4_vote,142,800 ppm 4 2,,7.228369165,2,2,8,0.0,high,high,2,0.047061607241630554,0.0384325347840786,0.9145058989524841
bin_classification,dinov3,42,3,16,legacy_outer,d4_vote,153,800 ppm 1 6,,3.837716068,2,2,8,0.375,high,high,2,0.1652335375547409,0.33489689230918884,0.49986955523490906
bin_classification,dinov3,42,3,16,legacy_outer,d4_vote,168,800 ppm 4 3,,2.561965594,0,2,8,0.25,low,high,2,0.23419202864170074,0.3751147985458374,0.39069318771362305
bin_classification,dinov3,42,3,16,legacy_outer,d4_vote,169,1000 ppm 5 5,,4.025481166,2,2,8,0.25,high,high,2,0.10586091876029968,0.2827370762825012,0.6114020347595215
bin_classification,dinov3,42,3,16,legacy_outer,d4_vote,170,600 ppm 5 6,,1.95587148,0,2,8,0.25,low,high,2,0.3439863324165344,0.1854284405708313,0.4705851674079895
bin_classification,dinov3,42,3,16,legacy_outer,d4_vote,174,400 ppm 5 3,,4.283341707,2,0,8,0.5,high,low,2,0.3823283314704895,0.2920541763305664,0.3256174921989441
bin_classification,dinov3,42,3,16,legacy_outer,d4_vote,176,600 ppm 1 6,,3.100781702,1,2,8,0.125,medium,high,2,0.10433632135391235,0.18542665243148804,0.7102370262145996
bin_classification,dinov3,42,3,16,legacy_outer,d4_vote,181,1000 ppm 1 6,,4.975119308,2,2,8,0.125,high,high,2,0.21134625375270844,0.19980144500732422,0.5888522863388062
bin_classification,dinov3,42,3,16,legacy_outer,d4_vote,182,800 ppm 5 2,,3.095231637,1,2,8,0.25,medium,high,2,0.07211010158061981,0.33798331022262573,0.589906632900238
bin_classification,dinov3,42,3,16,legacy_outer,d4_vote,195,c 2,,0.515980941,0,0,8,0.0,low,low,2,0.746763288974762,0.09367685765028,0.1595599353313446
bin_classification,dinov3,42,3,16,legacy_outer,d4_vote,196,800 ppm 2 2,,4.193172849,2,2,8,0.5,high,high,2,0.40840575098991394,0.1449393630027771,0.44665491580963135
bin_classification,dinov3,42,3,16,legacy_outer,d4_vote,199,400 ppm 5 9,,4.94470606,2,2,8,0.0,high,high,2,0.021185941994190216,0.17359894514083862,0.8052151203155518
bin_classification,dinov3,42,3,16,legacy_outer,d4_vote,200,400 ppm 2 8,,1.868843053,0,2,8,0.25,low,high,2,0.26742398738861084,0.2709992527961731,0.4615767300128937
bin_classification,dinov3,42,3,16,legacy_outer,d4_vote,206,400 ppm 1 4,,2.032189725,0,2,8,0.0,low,high,2,0.19657351076602936,0.14550822973251343,0.6579182744026184
bin_classification,dinov3,42,3,16,legacy_outer,d4_vote,207,1000 ppm 2 2,,2.770922415,1,0,8,0.25,medium,low,2,0.44419407844543457,0.2179485410451889,0.33785733580589294
bin_classification,dinov3,42,3,16,legacy_outer,scale_mean,4,400 ppm 5 6,,3.179550105,1,0,2,0.0,medium,low,2,0.7246543169021606,0.2528694272041321,0.02247631922364235
bin_classification,dinov3,42,3,16,legacy_outer,scale_mean,15,800 ppm 5 6,,4.035336418,2,2,2,0.0,high,high,2,0.04680854082107544,0.25786662101745605,0.6953247785568237
bin_classification,dinov3,42,3,16,legacy_outer,scale_mean,17,800 ppm 1 8,,3.829685929,2,2,2,0.0,high,high,2,0.24182955920696259,0.17474667727947235,0.5834237337112427
bin_classification,dinov3,42,3,16,legacy_outer,scale_mean,24,400 ppm 1 7,,1.282576096,0,0,2,0.5,low,low,2,0.4551241993904114,0.17422229051589966,0.37065351009368896
bin_classification,dinov3,42,3,16,legacy_outer,scale_mean,26,400 ppm 3 8,,2.699524299,1,0,2,0.0,medium,low,2,0.6818646192550659,0.26633280515670776,0.051802583038806915
bin_classification,dinov3,42,3,16,legacy_outer,scale_mean,31,1000 ppm 4 10,,4.658685892,2,1,2,0.0,high,medium,2,0.1267571896314621,0.6512956619262695,0.22194713354110718
bin_classification,dinov3,42,3,16,legacy_outer,scale_mean,32,600 ppm 4 1,,2.305830077,0,0,2,0.0,low,low,2,0.6803697347640991,0.22115011513233185,0.09848017990589142
bin_classification,dinov3,42,3,16,legacy_outer,scale_mean,33,400 ppm 4 2,,3.766442861,2,2,2,0.0,high,high,2,0.30494439601898193,0.1947520673274994,0.5003035068511963
bin_classification,dinov3,42,3,16,legacy_outer,scale_mean,40,1000 ppm 3 7,,4.455573905,2,1,2,0.0,high,medium,2,0.30983132123947144,0.6414168477058411,0.04875180125236511
bin_classification,dinov3,42,3,16,legacy_outer,scale_mean,42,800 ppm 4 1,,3.914368577,2,2,2,0.0,high,high,2,0.27817410230636597,0.04504115879535675,0.6767846941947937
bin_classification,dinov3,42,3,16,legacy_outer,scale_mean,47,600 ppm 1 10,,2.380352998,0,2,2,0.0,low,high,2,0.12531286478042603,0.3508754372596741,0.5238116979598999
bin_classification,dinov3,42,3,16,legacy_outer,scale_mean,50,400 ppm 5 4,,2.308031034,0,0,2,0.0,low,low,2,0.5242701768875122,0.2994386553764343,0.17629122734069824
bin_classification,dinov3,42,3,16,legacy_outer,scale_mean,60,1000 ppm 1 10,,6.849854778,2,2,2,0.0,high,high,2,0.11806202679872513,0.12500083446502686,0.7569371461868286
bin_classification,dinov3,42,3,16,legacy_outer,scale_mean,63,800 ppm 5 1,,3.318129085,1,0,2,0.0,medium,low,2,0.6952720284461975,0.2538485527038574,0.050879430025815964
bin_classification,dinov3,42,3,16,legacy_outer,scale_mean,65,1000 ppm 1 2,,2.839588237,1,0,2,0.0,medium,low,2,0.4762367010116577,0.2668216824531555,0.25694161653518677
bin_classification,dinov3,42,3,16,legacy_outer,scale_mean,72,800 ppm 4 10,,1.790224933,0,1,2,0.5,low,medium,2,0.4392898678779602,0.44829118251800537,0.11241893470287323
bin_classification,dinov3,42,3,16,legacy_outer,scale_mean,74,800 ppm 3 10,,2.565247064,0,0,2,0.0,low,low,2,0.5374305248260498,0.3572518825531006,0.10531758517026901
bin_classification,dinov3,42,3,16,legacy_outer,scale_mean,75,600 ppm 4 2,,2.807822686,1,1,2,0.0,medium,medium,2,0.2618793547153473,0.4894630014896393,0.24865767359733582
bin_classification,dinov3,42,3,16,legacy_outer,scale_mean,85,600 ppm 5 9,,3.487434095,1,2,2,0.0,medium,high,2,0.22791694104671478,0.29318374395370483,0.4788993299007416
bin_classification,dinov3,42,3,16,legacy_outer,scale_mean,86,600 ppm 4 3,,2.880647975,1,0,2,0.0,medium,low,2,0.5285207033157349,0.21522556245326996,0.25625377893447876
bin_classification,dinov3,42,3,16,legacy_outer,scale_mean,87,600 ppm 2 3,,4.461830388,2,2,2,0.0,high,high,2,0.08082820475101471,0.09505777060985565,0.8241139650344849
bin_classification,dinov3,42,3,16,legacy_outer,scale_mean,88,400 ppm 1 8,,2.661895437,1,2,2,0.0,medium,high,2,0.20402663946151733,0.18042254447937012,0.6155508756637573
bin_classification,dinov3,42,3,16,legacy_outer,scale_mean,91,800 ppm 2 6,,2.574977352,1,1,2,0.0,medium,medium,2,0.31684696674346924,0.47081801295280457,0.2123350203037262
bin_classification,dinov3,42,3,16,legacy_outer,scale_mean,96,400 ppm 3 3,,0.612212928,0,0,2,0.0,low,low,2,0.8191981315612793,0.15329909324645996,0.02750276029109955
bin_classification,dinov3,42,3,16,legacy_outer,scale_mean,98,400 ppm 4 7,,2.772824063,1,0,2,0.0,medium,low,2,0.4503544867038727,0.34643858671188354,0.20320692658424377
bin_classification,dinov3,42,3,16,legacy_outer,scale_mean,101,400 ppm 1 1,,1.156692243,0,0,2,0.0,low,low,2,0.853437602519989,0.04746329411864281,0.09909908473491669
bin_classification,dinov3,42,3,16,legacy_outer,scale_mean,103,600 ppm 3 2,,1.913489171,0,0,2,0.0,low,low,2,0.5449104309082031,0.33637234568595886,0.1187172532081604
bin_classification,dinov3,42,3,16,legacy_outer,scale_mean,104,400 ppm 2 5,,2.693185629,1,0,2,0.0,medium,low,2,0.6224389672279358,0.27484458684921265,0.10271643102169037
bin_classification,dinov3,42,3,16,legacy_outer,scale_mean,110,800 ppm 2 10,,3.839907089,2,2,2,0.0,high,high,2,0.11731663346290588,0.20422762632369995,0.6784557104110718
bin_classification,dinov3,42,3,16,legacy_outer,scale_mean,119,400 ppm 2 6,,1.94595721,0,0,2,0.0,low,low,2,0.3907099962234497,0.34404951333999634,0.26524049043655396
bin_classification,dinov3,42,3,16,legacy_outer,scale_mean,125,400 ppm 2 2,,2.217441217,0,0,2,0.0,low,low,2,0.8605310916900635,0.1110171377658844,0.028451843187212944
bin_classification,dinov3,42,3,16,legacy_outer,scale_mean,127,800 ppm 1 3,,3.460604121,1,1,2,0.0,medium,medium,2,0.129114031791687,0.5628043413162231,0.30808162689208984
bin_classification,dinov3,42,3,16,legacy_outer,scale_mean,134,400 ppm 5 7,,2.419099743,0,2,2,0.0,low,high,2,0.2601299583911896,0.24542886018753052,0.4944411814212799
bin_classification,dinov3,42,3,16,legacy_outer,scale_mean,135,1000 ppm 3 1,,3.435150907,1,0,2,0.5,medium,low,2,0.40068182349205017,0.23707538843154907,0.36224281787872314
bin_classification,dinov3,42,3,16,legacy_outer,scale_mean,136,1000 ppm 2 9,,4.12892976,2,1,2,0.0,high,medium,2,0.10994947701692581,0.49839234352111816,0.39165815711021423
bin_classification,dinov3,42,3,16,legacy_outer,scale_mean,140,1000 ppm 2 6,,3.276631573,1,2,2,0.0,medium,high,2,0.18222010135650635,0.17400121688842773,0.6437786817550659
bin_classification,dinov3,42,3,16,legacy_outer,scale_mean,141,400 ppm 2 1,,2.012764258,0,0,2,0.0,low,low,2,0.5484634637832642,0.3788963556289673,0.07264018058776855
bin_classification,dinov3,42,3,16,legacy_outer,scale_mean,142,800 ppm 4 2,,7.228369165,2,2,2,0.0,high,high,2,0.06567800790071487,0.055722422897815704,0.8785995841026306
bin_classification,dinov3,42,3,16,legacy_outer,scale_mean,153,800 ppm 1 6,,3.837716068,2,2,2,0.0,high,high,2,0.13909654319286346,0.31529074907302856,0.5456126928329468
bin_classification,dinov3,42,3,16,legacy_outer,scale_mean,168,800 ppm 4 3,,2.561965594,0,1,2,0.0,low,medium,2,0.20713546872138977,0.6999109983444214,0.09295353293418884
bin_classification,dinov3,42,3,16,legacy_outer,scale_mean,169,1000 ppm 5 5,,4.025481166,2,1,2,0.0,high,medium,2,0.12966440618038177,0.4809422492980957,0.38939332962036133
bin_classification,dinov3,42,3,16,legacy_outer,scale_mean,170,600 ppm 5 6,,1.95587148,0,0,2,0.0,low,low,2,0.6069815754890442,0.23137745261192322,0.16164100170135498
bin_classification,dinov3,42,3,16,legacy_outer,scale_mean,174,400 ppm 5 3,,4.283341707,2,2,2,0.0,high,high,2,0.3068406879901886,0.22395318746566772,0.46920615434646606
bin_classification,dinov3,42,3,16,legacy_outer,scale_mean,176,600 ppm 1 6,,3.100781702,1,2,2,0.5,medium,high,2,0.2075118124485016,0.3694608211517334,0.4230273365974426
bin_classification,dinov3,42,3,16,legacy_outer,scale_mean,181,1000 ppm 1 6,,4.975119308,2,2,2,0.0,high,high,2,0.18847009539604187,0.11450539529323578,0.6970245242118835
bin_classification,dinov3,42,3,16,legacy_outer,scale_mean,182,800 ppm 5 2,,3.095231637,1,1,2,0.0,medium,medium,2,0.08080381155014038,0.5500198602676392,0.36917632818222046
bin_classification,dinov3,42,3,16,legacy_outer,scale_mean,195,c 2,,0.515980941,0,0,2,0.0,low,low,2,0.8433886766433716,0.11267659068107605,0.04393473267555237
bin_classification,dinov3,42,3,16,legacy_outer,scale_mean,196,800 ppm 2 2,,4.193172849,2,0,2,0.5,high,low,2,0.3908526301383972,0.24338077008724213,0.36576658487319946
bin_classification,dinov3,42,3,16,legacy_outer,scale_mean,199,400 ppm 5 9,,4.94470606,2,2,2,0.0,high,high,2,0.018541105091571808,0.10118941962718964,0.880269467830658
bin_classification,dinov3,42,3,16,legacy_outer,scale_mean,200,400 ppm 2 8,,1.868843053,0,1,2,0.0,low,medium,2,0.2804985046386719,0.4260774850845337,0.29342401027679443
bin_classification,dinov3,42,3,16,legacy_outer,scale_mean,206,400 ppm 1 4,,2.032189725,0,2,2,0.5,low,high,2,0.317901611328125,0.28602004051208496,0.3960784077644348
bin_classification,dinov3,42,3,16,legacy_outer,scale_mean,207,1000 ppm 2 2,,2.770922415,1,0,2,0.0,medium,low,2,0.6014139652252197,0.2381395697593689,0.1604464203119278
bin_classification,dinov3,42,3,16,legacy_outer,scale_vote,4,400 ppm 5 6,,3.179550105,1,0,2,0.0,medium,low,2,0.7246543169021606,0.2528694272041321,0.02247631922364235
bin_classification,dinov3,42,3,16,legacy_outer,scale_vote,15,800 ppm 5 6,,4.035336418,2,2,2,0.0,high,high,2,0.04680854082107544,0.25786662101745605,0.6953247785568237
bin_classification,dinov3,42,3,16,legacy_outer,scale_vote,17,800 ppm 1 8,,3.829685929,2,2,2,0.0,high,high,2,0.24182955920696259,0.17474667727947235,0.5834237337112427
bin_classification,dinov3,42,3,16,legacy_outer,scale_vote,24,400 ppm 1 7,,1.282576096,0,0,2,0.5,low,low,2,0.4551241993904114,0.17422229051589966,0.37065351009368896
bin_classification,dinov3,42,3,16,legacy_outer,scale_vote,26,400 ppm 3 8,,2.699524299,1,0,2,0.0,medium,low,2,0.6818646192550659,0.26633280515670776,0.051802583038806915
bin_classification,dinov3,42,3,16,legacy_outer,scale_vote,31,1000 ppm 4 10,,4.658685892,2,1,2,0.0,high,medium,2,0.1267571896314621,0.6512956619262695,0.22194713354110718
bin_classification,dinov3,42,3,16,legacy_outer,scale_vote,32,600 ppm 4 1,,2.305830077,0,0,2,0.0,low,low,2,0.6803697347640991,0.22115011513233185,0.09848017990589142
bin_classification,dinov3,42,3,16,legacy_outer,scale_vote,33,400 ppm 4 2,,3.766442861,2,2,2,0.0,high,high,2,0.30494439601898193,0.1947520673274994,0.5003035068511963
bin_classification,dinov3,42,3,16,legacy_outer,scale_vote,40,1000 ppm 3 7,,4.455573905,2,1,2,0.0,high,medium,2,0.30983132123947144,0.6414168477058411,0.04875180125236511
bin_classification,dinov3,42,3,16,legacy_outer,scale_vote,42,800 ppm 4 1,,3.914368577,2,2,2,0.0,high,high,2,0.27817410230636597,0.04504115879535675,0.6767846941947937
bin_classification,dinov3,42,3,16,legacy_outer,scale_vote,47,600 ppm 1 10,,2.380352998,0,2,2,0.0,low,high,2,0.12531286478042603,0.3508754372596741,0.5238116979598999
bin_classification,dinov3,42,3,16,legacy_outer,scale_vote,50,400 ppm 5 4,,2.308031034,0,0,2,0.0,low,low,2,0.5242701768875122,0.2994386553764343,0.17629122734069824
bin_classification,dinov3,42,3,16,legacy_outer,scale_vote,60,1000 ppm 1 10,,6.849854778,2,2,2,0.0,high,high,2,0.11806202679872513,0.12500083446502686,0.7569371461868286
bin_classification,dinov3,42,3,16,legacy_outer,scale_vote,63,800 ppm 5 1,,3.318129085,1,0,2,0.0,medium,low,2,0.6952720284461975,0.2538485527038574,0.050879430025815964
bin_classification,dinov3,42,3,16,legacy_outer,scale_vote,65,1000 ppm 1 2,,2.839588237,1,0,2,0.0,medium,low,2,0.4762367010116577,0.2668216824531555,0.25694161653518677
bin_classification,dinov3,42,3,16,legacy_outer,scale_vote,72,800 ppm 4 10,,1.790224933,0,1,2,0.5,low,medium,2,0.4392898678779602,0.44829118251800537,0.11241893470287323
bin_classification,dinov3,42,3,16,legacy_outer,scale_vote,74,800 ppm 3 10,,2.565247064,0,0,2,0.0,low,low,2,0.5374305248260498,0.3572518825531006,0.10531758517026901
bin_classification,dinov3,42,3,16,legacy_outer,scale_vote,75,600 ppm 4 2,,2.807822686,1,1,2,0.0,medium,medium,2,0.2618793547153473,0.4894630014896393,0.24865767359733582
bin_classification,dinov3,42,3,16,legacy_outer,scale_vote,85,600 ppm 5 9,,3.487434095,1,2,2,0.0,medium,high,2,0.22791694104671478,0.29318374395370483,0.4788993299007416
bin_classification,dinov3,42,3,16,legacy_outer,scale_vote,86,600 ppm 4 3,,2.880647975,1,0,2,0.0,medium,low,2,0.5285207033157349,0.21522556245326996,0.25625377893447876
bin_classification,dinov3,42,3,16,legacy_outer,scale_vote,87,600 ppm 2 3,,4.461830388,2,2,2,0.0,high,high,2,0.08082820475101471,0.09505777060985565,0.8241139650344849
bin_classification,dinov3,42,3,16,legacy_outer,scale_vote,88,400 ppm 1 8,,2.661895437,1,2,2,0.0,medium,high,2,0.20402663946151733,0.18042254447937012,0.6155508756637573
bin_classification,dinov3,42,3,16,legacy_outer,scale_vote,91,800 ppm 2 6,,2.574977352,1,1,2,0.0,medium,medium,2,0.31684696674346924,0.47081801295280457,0.2123350203037262
bin_classification,dinov3,42,3,16,legacy_outer,scale_vote,96,400 ppm 3 3,,0.612212928,0,0,2,0.0,low,low,2,0.8191981315612793,0.15329909324645996,0.02750276029109955
bin_classification,dinov3,42,3,16,legacy_outer,scale_vote,98,400 ppm 4 7,,2.772824063,1,0,2,0.0,medium,low,2,0.4503544867038727,0.34643858671188354,0.20320692658424377
bin_classification,dinov3,42,3,16,legacy_outer,scale_vote,101,400 ppm 1 1,,1.156692243,0,0,2,0.0,low,low,2,0.853437602519989,0.04746329411864281,0.09909908473491669
bin_classification,dinov3,42,3,16,legacy_outer,scale_vote,103,600 ppm 3 2,,1.913489171,0,0,2,0.0,low,low,2,0.5449104309082031,0.33637234568595886,0.1187172532081604
bin_classification,dinov3,42,3,16,legacy_outer,scale_vote,104,400 ppm 2 5,,2.693185629,1,0,2,0.0,medium,low,2,0.6224389672279358,0.27484458684921265,0.10271643102169037
bin_classification,dinov3,42,3,16,legacy_outer,scale_vote,110,800 ppm 2 10,,3.839907089,2,2,2,0.0,high,high,2,0.11731663346290588,0.20422762632369995,0.6784557104110718
bin_classification,dinov3,42,3,16,legacy_outer,scale_vote,119,400 ppm 2 6,,1.94595721,0,0,2,0.0,low,low,2,0.3907099962234497,0.34404951333999634,0.26524049043655396
bin_classification,dinov3,42,3,16,legacy_outer,scale_vote,125,400 ppm 2 2,,2.217441217,0,0,2,0.0,low,low,2,0.8605310916900635,0.1110171377658844,0.028451843187212944
bin_classification,dinov3,42,3,16,legacy_outer,scale_vote,127,800 ppm 1 3,,3.460604121,1,1,2,0.0,medium,medium,2,0.129114031791687,0.5628043413162231,0.30808162689208984
bin_classification,dinov3,42,3,16,legacy_outer,scale_vote,134,400 ppm 5 7,,2.419099743,0,2,2,0.0,low,high,2,0.2601299583911896,0.24542886018753052,0.4944411814212799
bin_classification,dinov3,42,3,16,legacy_outer,scale_vote,135,1000 ppm 3 1,,3.435150907,1,0,2,0.5,medium,low,2,0.40068182349205017,0.23707538843154907,0.36224281787872314
bin_classification,dinov3,42,3,16,legacy_outer,scale_vote,136,1000 ppm 2 9,,4.12892976,2,1,2,0.0,high,medium,2,0.10994947701692581,0.49839234352111816,0.39165815711021423
bin_classification,dinov3,42,3,16,legacy_outer,scale_vote,140,1000 ppm 2 6,,3.276631573,1,2,2,0.0,medium,high,2,0.18222010135650635,0.17400121688842773,0.6437786817550659
bin_classification,dinov3,42,3,16,legacy_outer,scale_vote,141,400 ppm 2 1,,2.012764258,0,0,2,0.0,low,low,2,0.5484634637832642,0.3788963556289673,0.07264018058776855
bin_classification,dinov3,42,3,16,legacy_outer,scale_vote,142,800 ppm 4 2,,7.228369165,2,2,2,0.0,high,high,2,0.06567800790071487,0.055722422897815704,0.8785995841026306
bin_classification,dinov3,42,3,16,legacy_outer,scale_vote,153,800 ppm 1 6,,3.837716068,2,2,2,0.0,high,high,2,0.13909654319286346,0.31529074907302856,0.5456126928329468
bin_classification,dinov3,42,3,16,legacy_outer,scale_vote,168,800 ppm 4 3,,2.561965594,0,1,2,0.0,low,medium,2,0.20713546872138977,0.6999109983444214,0.09295353293418884
bin_classification,dinov3,42,3,16,legacy_outer,scale_vote,169,1000 ppm 5 5,,4.025481166,2,1,2,0.0,high,medium,2,0.12966440618038177,0.4809422492980957,0.38939332962036133
bin_classification,dinov3,42,3,16,legacy_outer,scale_vote,170,600 ppm 5 6,,1.95587148,0,0,2,0.0,low,low,2,0.6069815754890442,0.23137745261192322,0.16164100170135498
bin_classification,dinov3,42,3,16,legacy_outer,scale_vote,174,400 ppm 5 3,,4.283341707,2,2,2,0.0,high,high,2,0.3068406879901886,0.22395318746566772,0.46920615434646606
bin_classification,dinov3,42,3,16,legacy_outer,scale_vote,176,600 ppm 1 6,,3.100781702,1,2,2,0.5,medium,high,2,0.2075118124485016,0.3694608211517334,0.4230273365974426
bin_classification,dinov3,42,3,16,legacy_outer,scale_vote,181,1000 ppm 1 6,,4.975119308,2,2,2,0.0,high,high,2,0.18847009539604187,0.11450539529323578,0.6970245242118835
bin_classification,dinov3,42,3,16,legacy_outer,scale_vote,182,800 ppm 5 2,,3.095231637,1,1,2,0.0,medium,medium,2,0.08080381155014038,0.5500198602676392,0.36917632818222046
bin_classification,dinov3,42,3,16,legacy_outer,scale_vote,195,c 2,,0.515980941,0,0,2,0.0,low,low,2,0.8433886766433716,0.11267659068107605,0.04393473267555237
bin_classification,dinov3,42,3,16,legacy_outer,scale_vote,196,800 ppm 2 2,,4.193172849,2,0,2,0.5,high,low,2,0.3908526301383972,0.24338077008724213,0.36576658487319946
bin_classification,dinov3,42,3,16,legacy_outer,scale_vote,199,400 ppm 5 9,,4.94470606,2,2,2,0.0,high,high,2,0.018541105091571808,0.10118941962718964,0.880269467830658
bin_classification,dinov3,42,3,16,legacy_outer,scale_vote,200,400 ppm 2 8,,1.868843053,0,1,2,0.0,low,medium,2,0.2804985046386719,0.4260774850845337,0.29342401027679443
bin_classification,dinov3,42,3,16,legacy_outer,scale_vote,206,400 ppm 1 4,,2.032189725,0,2,2,0.5,low,high,2,0.317901611328125,0.28602004051208496,0.3960784077644348
bin_classification,dinov3,42,3,16,legacy_outer,scale_vote,207,1000 ppm 2 2,,2.770922415,1,0,2,0.0,medium,low,2,0.6014139652252197,0.2381395697593689,0.1604464203119278
bin_classification,dinov3,42,4,20,legacy_outer,single,10,1000 ppm 1 3,,5.010887657,2,2,1,0.0,high,high,0,0.10528641194105148,0.21872355043888092,0.6759900450706482
bin_classification,dinov3,42,4,20,legacy_outer,single,16,400 ppm 4 6,,2.232310918,0,1,1,0.0,low,medium,0,0.28333136439323425,0.5900896191596985,0.12657904624938965
bin_classification,dinov3,42,4,20,legacy_outer,single,18,600 ppm 3 1,,3.464453659,1,2,1,0.0,medium,high,0,0.24607211351394653,0.26532429456710815,0.4886035621166229
bin_classification,dinov3,42,4,20,legacy_outer,single,19,400 ppm 3 5,,1.728051929,0,1,1,0.0,low,medium,0,0.38351961970329285,0.43193963170051575,0.18454070389270782
bin_classification,dinov3,42,4,20,legacy_outer,single,23,c 10,,0.034792218,0,0,1,0.0,low,low,0,0.8017637729644775,0.12010633945465088,0.0781298577785492
bin_classification,dinov3,42,4,20,legacy_outer,single,25,400 ppm 1 2,,2.105801382,0,1,1,0.0,low,medium,0,0.24120229482650757,0.4839217960834503,0.27487584948539734
bin_classification,dinov3,42,4,20,legacy_outer,single,36,800 ppm 2 4,,0.010515853,0,1,1,0.0,low,medium,0,0.0677785649895668,0.915261447429657,0.016959980130195618
bin_classification,dinov3,42,4,20,legacy_outer,single,37,800 ppm 5 4,,4.51159952,2,2,1,0.0,high,high,0,0.13493365049362183,0.2814677655696869,0.5835986137390137
bin_classification,dinov3,42,4,20,legacy_outer,single,39,1000 ppm 1 4,,5.546186906,2,2,1,0.0,high,high,0,0.07082753628492355,0.4290640950202942,0.5001083612442017
bin_classification,dinov3,42,4,20,legacy_outer,single,41,1000 ppm 4 2,,4.700168169,2,2,1,0.0,high,high,0,0.25088900327682495,0.14404477179050446,0.605066180229187
bin_classification,dinov3,42,4,20,legacy_outer,single,46,400 ppm 2 3,,1.537357234,0,1,1,0.0,low,medium,0,0.38865169882774353,0.5700955986976624,0.04125270992517471
bin_classification,dinov3,42,4,20,legacy_outer,single,52,600 ppm 1 3,,2.7476069,1,1,1,0.0,medium,medium,0,0.232863187789917,0.6420916318893433,0.12504521012306213
bin_classification,dinov3,42,4,20,legacy_outer,single,55,400 ppm 5 5,,3.964413323,2,2,1,0.0,high,high,0,0.12247611582279205,0.05174428969621658,0.8257795572280884
bin_classification,dinov3,42,4,20,legacy_outer,single,56,800 ppm 3 7,,3.154045927,1,2,1,0.0,medium,high,0,0.18169987201690674,0.3176080882549286,0.5006920695304871
bin_classification,dinov3,42,4,20,legacy_outer,single,59,400 ppm 1 9,,1.257349885,0,2,1,0.0,low,high,0,0.18211668729782104,0.11183170229196548,0.7060515880584717
bin_classification,dinov3,42,4,20,legacy_outer,single,62,800 ppm 5 3,,3.435802073,1,2,1,0.0,medium,high,0,0.06809673458337784,0.4614506661891937,0.4704526364803314
bin_classification,dinov3,42,4,20,legacy_outer,single,64,800 ppm 3 6,,2.688094559,1,1,1,0.0,medium,medium,0,0.351331502199173,0.46241268515586853,0.18625588715076447
bin_classification,dinov3,42,4,20,legacy_outer,single,68,1000 ppm 4 8,,5.826586722,2,2,1,0.0,high,high,0,0.01752539724111557,0.08227605372667313,0.9001985192298889
bin_classification,dinov3,42,4,20,legacy_outer,single,69,800 ppm 4 8,,4.813344078,2,0,1,0.0,high,low,0,0.42662352323532104,0.40637531876564026,0.1670011729001999
bin_classification,dinov3,42,4,20,legacy_outer,single,82,400 ppm 4 9,,2.624535347,1,1,1,0.0,medium,medium,0,0.10506468266248703,0.5773972272872925,0.3175380825996399
bin_classification,dinov3,42,4,20,legacy_outer,single,84,c 7,,0.024246817,0,0,1,0.0,low,low,0,0.8003625869750977,0.1582123339176178,0.04142509028315544
bin_classification,dinov3,42,4,20,legacy_outer,single,90,800 ppm 1 5,,3.533211084,1,2,1,0.0,medium,high,0,0.08023279905319214,0.43643009662628174,0.4833371341228485
bin_classification,dinov3,42,4,20,legacy_outer,single,97,600 ppm 2 7,,5.389042573,2,2,1,0.0,high,high,0,0.1587231606245041,0.14157485961914062,0.6997019648551941
bin_classification,dinov3,42,4,20,legacy_outer,single,100,600 ppm 1 7,,4.294644495,2,0,1,0.0,high,low,0,0.5195631980895996,0.3298300802707672,0.15060670673847198
bin_classification,dinov3,42,4,20,legacy_outer,single,102,1000 ppm 3 6,,3.90202355,2,2,1,0.0,high,high,0,0.17743192613124847,0.21374371647834778,0.6088243126869202
bin_classification,dinov3,42,4,20,legacy_outer,single,106,1000 ppm 1 9,,5.438409112,2,2,1,0.0,high,high,0,0.05750250071287155,0.1221674382686615,0.8203301429748535
bin_classification,dinov3,42,4,20,legacy_outer,single,112,800 ppm 2 7,,3.993865756,2,2,1,0.0,high,high,0,0.002876082668080926,0.01601623371243477,0.9811076521873474
bin_classification,dinov3,42,4,20,legacy_outer,single,116,800 ppm 3 2,,4.960180046,2,1,1,0.0,high,medium,0,0.37696295976638794,0.40210530161857605,0.2209317833185196
bin_classification,dinov3,42,4,20,legacy_outer,single,123,1000 ppm 4 6,,3.570549353,1,2,1,0.0,medium,high,0,0.14957687258720398,0.11817935854196548,0.7322438359260559
bin_classification,dinov3,42,4,20,legacy_outer,single,128,600 ppm 1 4,,3.074620336,1,1,1,0.0,medium,medium,0,0.13453345000743866,0.849975049495697,0.01549153495579958
bin_classification,dinov3,42,4,20,legacy_outer,single,129,600 ppm 3 10,,3.257108041,1,1,1,0.0,medium,medium,0,0.39661356806755066,0.5006582140922546,0.1027282178401947
bin_classification,dinov3,42,4,20,legacy_outer,single,144,600 ppm 5 8,,1.745539039,0,1,1,0.0,low,medium,0,0.31003040075302124,0.6718234419822693,0.018146155402064323
bin_classification,dinov3,42,4,20,legacy_outer,single,145,c 5,,0.262646502,0,0,1,0.0,low,low,0,0.5617240071296692,0.2638489603996277,0.17442704737186432
bin_classification,dinov3,42,4,20,legacy_outer,single,150,600 ppm 3 9,,2.924303323,1,0,1,0.0,medium,low,0,0.6464559435844421,0.3146122694015503,0.03893183171749115
bin_classification,dinov3,42,4,20,legacy_outer,single,152,1000 ppm 5 10,,4.866749998,2,2,1,0.0,high,high,0,0.01894429512321949,0.140932098031044,0.8401236534118652
bin_classification,dinov3,42,4,20,legacy_outer,single,154,600 ppm 5 1,,1.92902126,0,0,1,0.0,low,low,0,0.7282240390777588,0.23028405010700226,0.04149189591407776
bin_classification,dinov3,42,4,20,legacy_outer,single,155,600 ppm 1 1,,3.201626017,1,1,1,0.0,medium,medium,0,0.36173951625823975,0.5252248644828796,0.11303563416004181
bin_classification,dinov3,42,4,20,legacy_outer,single,158,800 ppm 5 10,,0.75996872,0,0,1,0.0,low,low,0,0.553267240524292,0.3390931189060211,0.10763970017433167
bin_classification,dinov3,42,4,20,legacy_outer,single,159,400 ppm 4 5,,2.49284019,0,1,1,0.0,low,medium,0,0.4356250464916229,0.44348180294036865,0.12089315056800842
bin_classification,dinov3,42,4,20,legacy_outer,single,161,600 ppm 3 8,,3.047380635,1,1,1,0.0,medium,medium,0,0.2840799391269684,0.41394126415252686,0.30197879672050476
bin_classification,dinov3,42,4,20,legacy_outer,single,162,800 ppm 3 8,,4.614610915,2,0,1,0.0,high,low,0,0.615381121635437,0.37027817964553833,0.014340673573315144
bin_classification,dinov3,42,4,20,legacy_outer,single,163,1000 ppm 5 6,,3.12203341,1,1,1,0.0,medium,medium,0,0.17845411598682404,0.512198805809021,0.3093470335006714
bin_classification,dinov3,42,4,20,legacy_outer,single,165,600 ppm 4 8,,5.563645491,2,2,1,0.0,high,high,0,0.11184924095869064,0.4042922258377075,0.48385846614837646
bin_classification,dinov3,42,4,20,legacy_outer,single,167,800 ppm 3 5,,4.458889794,2,0,1,0.0,high,low,0,0.5132626295089722,0.24806253612041473,0.2386748492717743
bin_classification,dinov3,42,4,20,legacy_outer,single,171,400 ppm 3 1,,1.246955081,0,0,1,0.0,low,low,0,0.7587392330169678,0.23256021738052368,0.008700505830347538
bin_classification,dinov3,42,4,20,legacy_outer,single,172,400 ppm 3 6,,1.25800729,0,0,1,0.0,low,low,0,0.7260209321975708,0.22599753737449646,0.047981519252061844
bin_classification,dinov3,42,4,20,legacy_outer,single,173,600 ppm 4 10,,1.599538611,0,0,1,0.0,low,low,0,0.5437313914299011,0.346769243478775,0.10949935019016266
bin_classification,dinov3,42,4,20,legacy_outer,single,184,1000 ppm 4 1,,4.003606934,2,2,1,0.0,high,high,0,0.05639823153614998,0.19944632053375244,0.7441554069519043
bin_classification,dinov3,42,4,20,legacy_outer,single,188,400 ppm 4 10,,2.606928263,1,1,1,0.0,medium,medium,0,0.12968112528324127,0.7828934192657471,0.08742548525333405
bin_classification,dinov3,42,4,20,legacy_outer,single,190,600 ppm 3 3,,3.293084865,1,2,1,0.0,medium,high,0,0.24843120574951172,0.2683938145637512,0.48317500948905945
bin_classification,dinov3,42,4,20,legacy_outer,single,201,400 ppm 3 4,,2.103673748,0,1,1,0.0,low,medium,0,0.271106094121933,0.5045484304428101,0.22434544563293457
bin_classification,dinov3,42,4,20,legacy_outer,single,203,1000 ppm 2 3,,3.096861561,1,1,1,0.0,medium,medium,0,0.3387552797794342,0.5747244358062744,0.08652031421661377
bin_classification,dinov3,42,4,20,legacy_outer,d4_mean,10,1000 ppm 1 3,,5.010887657,2,2,8,0.0,high,high,0,0.04789603874087334,0.10373880714178085,0.8483651280403137
bin_classification,dinov3,42,4,20,legacy_outer,d4_mean,16,400 ppm 4 6,,2.232310918,0,1,8,0.125,low,medium,0,0.24596671760082245,0.49021339416503906,0.2638198733329773
bin_classification,dinov3,42,4,20,legacy_outer,d4_mean,18,600 ppm 3 1,,3.464453659,1,2,8,0.0,medium,high,0,0.09947441518306732,0.1545654684305191,0.7459600567817688
bin_classification,dinov3,42,4,20,legacy_outer,d4_mean,19,400 ppm 3 5,,1.728051929,0,0,8,0.5,low,low,0,0.3695170283317566,0.3146289885044098,0.31585395336151123
bin_classification,dinov3,42,4,20,legacy_outer,d4_mean,23,c 10,,0.034792218,0,0,8,0.0,low,low,0,0.7108886241912842,0.0801636204123497,0.20894771814346313
bin_classification,dinov3,42,4,20,legacy_outer,d4_mean,25,400 ppm 1 2,,2.105801382,0,2,8,0.25,low,high,0,0.12495522201061249,0.3476725220680237,0.5273723006248474
bin_classification,dinov3,42,4,20,legacy_outer,d4_mean,36,800 ppm 2 4,,0.010515853,0,1,8,0.0,low,medium,0,0.04245277866721153,0.8377140164375305,0.11983326822519302
bin_classification,dinov3,42,4,20,legacy_outer,d4_mean,37,800 ppm 5 4,,4.51159952,2,2,8,0.0,high,high,0,0.14811070263385773,0.3024054765701294,0.5494837760925293
bin_classification,dinov3,42,4,20,legacy_outer,d4_mean,39,1000 ppm 1 4,,5.546186906,2,2,8,0.0,high,high,0,0.03019915148615837,0.3494950234889984,0.6203058362007141
bin_classification,dinov3,42,4,20,legacy_outer,d4_mean,41,1000 ppm 4 2,,4.700168169,2,2,8,0.0,high,high,0,0.11804495751857758,0.10562804341316223,0.7763270139694214
bin_classification,dinov3,42,4,20,legacy_outer,d4_mean,46,400 ppm 2 3,,1.537357234,0,1,8,0.125,low,medium,0,0.20084784924983978,0.5731027722358704,0.22604940831661224
bin_classification,dinov3,42,4,20,legacy_outer,d4_mean,52,600 ppm 1 3,,2.7476069,1,1,8,0.25,medium,medium,0,0.12798994779586792,0.5422234535217285,0.32978665828704834
bin_classification,dinov3,42,4,20,legacy_outer,d4_mean,55,400 ppm 5 5,,3.964413323,2,2,8,0.0,high,high,0,0.18377147614955902,0.06794167309999466,0.748286783695221
bin_classification,dinov3,42,4,20,legacy_outer,d4_mean,56,800 ppm 3 7,,3.154045927,1,2,8,0.0,medium,high,0,0.1339782476425171,0.26117774844169617,0.6048439741134644
bin_classification,dinov3,42,4,20,legacy_outer,d4_mean,59,400 ppm 1 9,,1.257349885,0,2,8,0.0,low,high,0,0.1728808730840683,0.2187861204147339,0.6083330512046814
bin_classification,dinov3,42,4,20,legacy_outer,d4_mean,62,800 ppm 5 3,,3.435802073,1,2,8,0.0,medium,high,0,0.0326416902244091,0.27374643087387085,0.6936118602752686
bin_classification,dinov3,42,4,20,legacy_outer,d4_mean,64,800 ppm 3 6,,2.688094559,1,2,8,0.375,medium,high,0,0.21831241250038147,0.30999934673309326,0.47168827056884766
bin_classification,dinov3,42,4,20,legacy_outer,d4_mean,68,1000 ppm 4 8,,5.826586722,2,2,8,0.0,high,high,0,0.011944490484893322,0.05343437194824219,0.9346211552619934
bin_classification,dinov3,42,4,20,legacy_outer,d4_mean,69,800 ppm 4 8,,4.813344078,2,2,8,0.25,high,high,0,0.2811703681945801,0.2614263594150543,0.4574032425880432
bin_classification,dinov3,42,4,20,legacy_outer,d4_mean,82,400 ppm 4 9,,2.624535347,1,2,8,0.25,medium,high,0,0.0679272785782814,0.3672831952571869,0.5647895336151123
bin_classification,dinov3,42,4,20,legacy_outer,d4_mean,84,c 7,,0.024246817,0,0,8,0.0,low,low,0,0.7232660055160522,0.11443467438220978,0.16229934990406036
bin_classification,dinov3,42,4,20,legacy_outer,d4_mean,90,800 ppm 1 5,,3.533211084,1,2,8,0.0,medium,high,0,0.05270857736468315,0.28717511892318726,0.6601163148880005
bin_classification,dinov3,42,4,20,legacy_outer,d4_mean,97,600 ppm 2 7,,5.389042573,2,2,8,0.0,high,high,0,0.06268811970949173,0.06616149097681046,0.8711504340171814
bin_classification,dinov3,42,4,20,legacy_outer,d4_mean,100,600 ppm 1 7,,4.294644495,2,2,8,0.5,high,high,0,0.27076372504234314,0.33908677101135254,0.3901495039463043
bin_classification,dinov3,42,4,20,legacy_outer,d4_mean,102,1000 ppm 3 6,,3.90202355,2,2,8,0.0,high,high,0,0.09588994085788727,0.12227317690849304,0.7818368673324585
bin_classification,dinov3,42,4,20,legacy_outer,d4_mean,106,1000 ppm 1 9,,5.438409112,2,2,8,0.0,high,high,0,0.02236037515103817,0.05673019587993622,0.9209094047546387
bin_classification,dinov3,42,4,20,legacy_outer,d4_mean,112,800 ppm 2 7,,3.993865756,2,2,8,0.0,high,high,0,0.005011324770748615,0.029350169003009796,0.9656385183334351
bin_classification,dinov3,42,4,20,legacy_outer,d4_mean,116,800 ppm 3 2,,4.960180046,2,2,8,0.25,high,high,0,0.2355298399925232,0.2465553730726242,0.5179147720336914
bin_classification,dinov3,42,4,20,legacy_outer,d4_mean,123,1000 ppm 4 6,,3.570549353,1,2,8,0.0,medium,high,0,0.08248685300350189,0.12404480576515198,0.7934683561325073
bin_classification,dinov3,42,4,20,legacy_outer,d4_mean,128,600 ppm 1 4,,3.074620336,1,1,8,0.0,medium,medium,0,0.1307733803987503,0.8096672892570496,0.05955933779478073
bin_classification,dinov3,42,4,20,legacy_outer,d4_mean,129,600 ppm 3 10,,3.257108041,1,1,8,0.0,medium,medium,0,0.2999149560928345,0.4975348711013794,0.20255012810230255
bin_classification,dinov3,42,4,20,legacy_outer,d4_mean,144,600 ppm 5 8,,1.745539039,0,1,8,0.0,low,medium,0,0.22864969074726105,0.7256187796592712,0.0457315593957901
bin_classification,dinov3,42,4,20,legacy_outer,d4_mean,145,c 5,,0.262646502,0,2,8,0.25,low,high,0,0.30744749307632446,0.17727164924144745,0.5152808427810669
bin_classification,dinov3,42,4,20,legacy_outer,d4_mean,150,600 ppm 3 9,,2.924303323,1,0,8,0.375,medium,low,0,0.4667831361293793,0.31181764602661133,0.2213992327451706
bin_classification,dinov3,42,4,20,legacy_outer,d4_mean,152,1000 ppm 5 10,,4.866749998,2,2,8,0.0,high,high,0,0.02409190498292446,0.16624361276626587,0.8096644878387451
bin_classification,dinov3,42,4,20,legacy_outer,d4_mean,154,600 ppm 5 1,,1.92902126,0,0,8,0.0,low,low,0,0.65385901927948,0.19026917219161987,0.15587182343006134
bin_classification,dinov3,42,4,20,legacy_outer,d4_mean,155,600 ppm 1 1,,3.201626017,1,1,8,0.125,medium,medium,0,0.2383083999156952,0.4888511598110199,0.2728404104709625
bin_classification,dinov3,42,4,20,legacy_outer,d4_mean,158,800 ppm 5 10,,0.75996872,0,0,8,0.5,low,low,0,0.39739036560058594,0.24854320287704468,0.3540664315223694
bin_classification,dinov3,42,4,20,legacy_outer,d4_mean,159,400 ppm 4 5,,2.49284019,0,1,8,0.25,low,medium,0,0.3436007797718048,0.41453713178634644,0.24186207354068756
bin_classification,dinov3,42,4,20,legacy_outer,d4_mean,161,600 ppm 3 8,,3.047380635,1,2,8,0.25,medium,high,0,0.15727990865707397,0.32874515652656555,0.5139749646186829
bin_classification,dinov3,42,4,20,legacy_outer,d4_mean,162,800 ppm 3 8,,4.614610915,2,0,8,0.125,high,low,0,0.5033369660377502,0.42745059728622437,0.06921244412660599
bin_classification,dinov3,42,4,20,legacy_outer,d4_mean,163,1000 ppm 5 6,,3.12203341,1,2,8,0.25,medium,high,0,0.0570032075047493,0.20418483018875122,0.7388119697570801
bin_classification,dinov3,42,4,20,legacy_outer,d4_mean,165,600 ppm 4 8,,5.563645491,2,2,8,0.125,high,high,0,0.0803687572479248,0.2622610926628113,0.6573701500892639
bin_classification,dinov3,42,4,20,legacy_outer,d4_mean,167,800 ppm 3 5,,4.458889794,2,0,8,0.125,high,low,0,0.46162429451942444,0.31469500064849854,0.22368068993091583
bin_classification,dinov3,42,4,20,legacy_outer,d4_mean,171,400 ppm 3 1,,1.246955081,0,0,8,0.0,low,low,0,0.6972002387046814,0.23295031487941742,0.069849394261837
bin_classification,dinov3,42,4,20,legacy_outer,d4_mean,172,400 ppm 3 6,,1.25800729,0,0,8,0.0,low,low,0,0.5608574151992798,0.21738293766975403,0.2217596024274826
bin_classification,dinov3,42,4,20,legacy_outer,d4_mean,173,600 ppm 4 10,,1.599538611,0,2,8,0.375,low,high,0,0.3270494043827057,0.22710387408733368,0.4458467662334442
bin_classification,dinov3,42,4,20,legacy_outer,d4_mean,184,1000 ppm 4 1,,4.003606934,2,2,8,0.0,high,high,0,0.0396132655441761,0.14959894120693207,0.8107877969741821
bin_classification,dinov3,42,4,20,legacy_outer,d4_mean,188,400 ppm 4 10,,2.606928263,1,1,8,0.5,medium,medium,0,0.10214173793792725,0.4846275746822357,0.4132307469844818
bin_classification,dinov3,42,4,20,legacy_outer,d4_mean,190,600 ppm 3 3,,3.293084865,1,2,8,0.125,medium,high,0,0.2227948009967804,0.20744046568870544,0.5697647333145142
bin_classification,dinov3,42,4,20,legacy_outer,d4_mean,201,400 ppm 3 4,,2.103673748,0,1,8,0.5,low,medium,0,0.20418167114257812,0.42033255100250244,0.37548577785491943
bin_classification,dinov3,42,4,20,legacy_outer,d4_mean,203,1000 ppm 2 3,,3.096861561,1,1,8,0.0,medium,medium,0,0.2665834426879883,0.5588674545288086,0.17454905807971954
bin_classification,dinov3,42,4,20,legacy_outer,d4_vote,10,1000 ppm 1 3,,5.010887657,2,2,8,0.0,high,high,0,0.04789603874087334,0.10373880714178085,0.8483651280403137
bin_classification,dinov3,42,4,20,legacy_outer,d4_vote,16,400 ppm 4 6,,2.232310918,0,1,8,0.125,low,medium,0,0.24596671760082245,0.49021339416503906,0.2638198733329773
bin_classification,dinov3,42,4,20,legacy_outer,d4_vote,18,600 ppm 3 1,,3.464453659,1,2,8,0.0,medium,high,0,0.09947441518306732,0.1545654684305191,0.7459600567817688
bin_classification,dinov3,42,4,20,legacy_outer,d4_vote,19,400 ppm 3 5,,1.728051929,0,0,8,0.5,low,low,0,0.3695170283317566,0.3146289885044098,0.31585395336151123
bin_classification,dinov3,42,4,20,legacy_outer,d4_vote,23,c 10,,0.034792218,0,0,8,0.0,low,low,0,0.7108886241912842,0.0801636204123497,0.20894771814346313
bin_classification,dinov3,42,4,20,legacy_outer,d4_vote,25,400 ppm 1 2,,2.105801382,0,2,8,0.25,low,high,0,0.12495522201061249,0.3476725220680237,0.5273723006248474
bin_classification,dinov3,42,4,20,legacy_outer,d4_vote,36,800 ppm 2 4,,0.010515853,0,1,8,0.0,low,medium,0,0.04245277866721153,0.8377140164375305,0.11983326822519302
bin_classification,dinov3,42,4,20,legacy_outer,d4_vote,37,800 ppm 5 4,,4.51159952,2,2,8,0.0,high,high,0,0.14811070263385773,0.3024054765701294,0.5494837760925293
bin_classification,dinov3,42,4,20,legacy_outer,d4_vote,39,1000 ppm 1 4,,5.546186906,2,2,8,0.0,high,high,0,0.03019915148615837,0.3494950234889984,0.6203058362007141
bin_classification,dinov3,42,4,20,legacy_outer,d4_vote,41,1000 ppm 4 2,,4.700168169,2,2,8,0.0,high,high,0,0.11804495751857758,0.10562804341316223,0.7763270139694214
bin_classification,dinov3,42,4,20,legacy_outer,d4_vote,46,400 ppm 2 3,,1.537357234,0,1,8,0.125,low,medium,0,0.20084784924983978,0.5731027722358704,0.22604940831661224
bin_classification,dinov3,42,4,20,legacy_outer,d4_vote,52,600 ppm 1 3,,2.7476069,1,1,8,0.25,medium,medium,0,0.12798994779586792,0.5422234535217285,0.32978665828704834
bin_classification,dinov3,42,4,20,legacy_outer,d4_vote,55,400 ppm 5 5,,3.964413323,2,2,8,0.0,high,high,0,0.18377147614955902,0.06794167309999466,0.748286783695221
bin_classification,dinov3,42,4,20,legacy_outer,d4_vote,56,800 ppm 3 7,,3.154045927,1,2,8,0.0,medium,high,0,0.1339782476425171,0.26117774844169617,0.6048439741134644
bin_classification,dinov3,42,4,20,legacy_outer,d4_vote,59,400 ppm 1 9,,1.257349885,0,2,8,0.0,low,high,0,0.1728808730840683,0.2187861204147339,0.6083330512046814
bin_classification,dinov3,42,4,20,legacy_outer,d4_vote,62,800 ppm 5 3,,3.435802073,1,2,8,0.0,medium,high,0,0.0326416902244091,0.27374643087387085,0.6936118602752686
bin_classification,dinov3,42,4,20,legacy_outer,d4_vote,64,800 ppm 3 6,,2.688094559,1,2,8,0.375,medium,high,0,0.21831241250038147,0.30999934673309326,0.47168827056884766
bin_classification,dinov3,42,4,20,legacy_outer,d4_vote,68,1000 ppm 4 8,,5.826586722,2,2,8,0.0,high,high,0,0.011944490484893322,0.05343437194824219,0.9346211552619934
bin_classification,dinov3,42,4,20,legacy_outer,d4_vote,69,800 ppm 4 8,,4.813344078,2,2,8,0.25,high,high,0,0.2811703681945801,0.2614263594150543,0.4574032425880432
bin_classification,dinov3,42,4,20,legacy_outer,d4_vote,82,400 ppm 4 9,,2.624535347,1,2,8,0.25,medium,high,0,0.0679272785782814,0.3672831952571869,0.5647895336151123
bin_classification,dinov3,42,4,20,legacy_outer,d4_vote,84,c 7,,0.024246817,0,0,8,0.0,low,low,0,0.7232660055160522,0.11443467438220978,0.16229934990406036
bin_classification,dinov3,42,4,20,legacy_outer,d4_vote,90,800 ppm 1 5,,3.533211084,1,2,8,0.0,medium,high,0,0.05270857736468315,0.28717511892318726,0.6601163148880005
bin_classification,dinov3,42,4,20,legacy_outer,d4_vote,97,600 ppm 2 7,,5.389042573,2,2,8,0.0,high,high,0,0.06268811970949173,0.06616149097681046,0.8711504340171814
bin_classification,dinov3,42,4,20,legacy_outer,d4_vote,100,600 ppm 1 7,,4.294644495,2,2,8,0.5,high,high,0,0.27076372504234314,0.33908677101135254,0.3901495039463043
bin_classification,dinov3,42,4,20,legacy_outer,d4_vote,102,1000 ppm 3 6,,3.90202355,2,2,8,0.0,high,high,0,0.09588994085788727,0.12227317690849304,0.7818368673324585
bin_classification,dinov3,42,4,20,legacy_outer,d4_vote,106,1000 ppm 1 9,,5.438409112,2,2,8,0.0,high,high,0,0.02236037515103817,0.05673019587993622,0.9209094047546387
bin_classification,dinov3,42,4,20,legacy_outer,d4_vote,112,800 ppm 2 7,,3.993865756,2,2,8,0.0,high,high,0,0.005011324770748615,0.029350169003009796,0.9656385183334351
bin_classification,dinov3,42,4,20,legacy_outer,d4_vote,116,800 ppm 3 2,,4.960180046,2,2,8,0.25,high,high,0,0.2355298399925232,0.2465553730726242,0.5179147720336914
bin_classification,dinov3,42,4,20,legacy_outer,d4_vote,123,1000 ppm 4 6,,3.570549353,1,2,8,0.0,medium,high,0,0.08248685300350189,0.12404480576515198,0.7934683561325073
bin_classification,dinov3,42,4,20,legacy_outer,d4_vote,128,600 ppm 1 4,,3.074620336,1,1,8,0.0,medium,medium,0,0.1307733803987503,0.8096672892570496,0.05955933779478073
bin_classification,dinov3,42,4,20,legacy_outer,d4_vote,129,600 ppm 3 10,,3.257108041,1,1,8,0.0,medium,medium,0,0.2999149560928345,0.4975348711013794,0.20255012810230255
bin_classification,dinov3,42,4,20,legacy_outer,d4_vote,144,600 ppm 5 8,,1.745539039,0,1,8,0.0,low,medium,0,0.22864969074726105,0.7256187796592712,0.0457315593957901
bin_classification,dinov3,42,4,20,legacy_outer,d4_vote,145,c 5,,0.262646502,0,2,8,0.25,low,high,0,0.30744749307632446,0.17727164924144745,0.5152808427810669
bin_classification,dinov3,42,4,20,legacy_outer,d4_vote,150,600 ppm 3 9,,2.924303323,1,0,8,0.375,medium,low,0,0.4667831361293793,0.31181764602661133,0.2213992327451706
bin_classification,dinov3,42,4,20,legacy_outer,d4_vote,152,1000 ppm 5 10,,4.866749998,2,2,8,0.0,high,high,0,0.02409190498292446,0.16624361276626587,0.8096644878387451
bin_classification,dinov3,42,4,20,legacy_outer,d4_vote,154,600 ppm 5 1,,1.92902126,0,0,8,0.0,low,low,0,0.65385901927948,0.19026917219161987,0.15587182343006134
bin_classification,dinov3,42,4,20,legacy_outer,d4_vote,155,600 ppm 1 1,,3.201626017,1,1,8,0.125,medium,medium,0,0.2383083999156952,0.4888511598110199,0.2728404104709625
bin_classification,dinov3,42,4,20,legacy_outer,d4_vote,158,800 ppm 5 10,,0.75996872,0,0,8,0.5,low,low,0,0.39739036560058594,0.24854320287704468,0.3540664315223694
bin_classification,dinov3,42,4,20,legacy_outer,d4_vote,159,400 ppm 4 5,,2.49284019,0,1,8,0.25,low,medium,0,0.3436007797718048,0.41453713178634644,0.24186207354068756
bin_classification,dinov3,42,4,20,legacy_outer,d4_vote,161,600 ppm 3 8,,3.047380635,1,2,8,0.25,medium,high,0,0.15727990865707397,0.32874515652656555,0.5139749646186829
bin_classification,dinov3,42,4,20,legacy_outer,d4_vote,162,800 ppm 3 8,,4.614610915,2,0,8,0.125,high,low,0,0.5033369660377502,0.42745059728622437,0.06921244412660599
bin_classification,dinov3,42,4,20,legacy_outer,d4_vote,163,1000 ppm 5 6,,3.12203341,1,2,8,0.25,medium,high,0,0.0570032075047493,0.20418483018875122,0.7388119697570801
bin_classification,dinov3,42,4,20,legacy_outer,d4_vote,165,600 ppm 4 8,,5.563645491,2,2,8,0.125,high,high,0,0.0803687572479248,0.2622610926628113,0.6573701500892639
bin_classification,dinov3,42,4,20,legacy_outer,d4_vote,167,800 ppm 3 5,,4.458889794,2,0,8,0.125,high,low,0,0.46162429451942444,0.31469500064849854,0.22368068993091583
bin_classification,dinov3,42,4,20,legacy_outer,d4_vote,171,400 ppm 3 1,,1.246955081,0,0,8,0.0,low,low,0,0.6972002387046814,0.23295031487941742,0.069849394261837
bin_classification,dinov3,42,4,20,legacy_outer,d4_vote,172,400 ppm 3 6,,1.25800729,0,0,8,0.0,low,low,0,0.5608574151992798,0.21738293766975403,0.2217596024274826
bin_classification,dinov3,42,4,20,legacy_outer,d4_vote,173,600 ppm 4 10,,1.599538611,0,2,8,0.375,low,high,0,0.3270494043827057,0.22710387408733368,0.4458467662334442
bin_classification,dinov3,42,4,20,legacy_outer,d4_vote,184,1000 ppm 4 1,,4.003606934,2,2,8,0.0,high,high,0,0.0396132655441761,0.14959894120693207,0.8107877969741821
bin_classification,dinov3,42,4,20,legacy_outer,d4_vote,188,400 ppm 4 10,,2.606928263,1,1,8,0.5,medium,medium,0,0.10214173793792725,0.4846275746822357,0.4132307469844818
bin_classification,dinov3,42,4,20,legacy_outer,d4_vote,190,600 ppm 3 3,,3.293084865,1,2,8,0.125,medium,high,0,0.2227948009967804,0.20744046568870544,0.5697647333145142
bin_classification,dinov3,42,4,20,legacy_outer,d4_vote,201,400 ppm 3 4,,2.103673748,0,1,8,0.5,low,medium,0,0.20418167114257812,0.42033255100250244,0.37548577785491943
bin_classification,dinov3,42,4,20,legacy_outer,d4_vote,203,1000 ppm 2 3,,3.096861561,1,1,8,0.0,medium,medium,0,0.2665834426879883,0.5588674545288086,0.17454905807971954
bin_classification,dinov3,42,4,20,legacy_outer,scale_mean,10,1000 ppm 1 3,,5.010887657,2,2,2,0.0,high,high,0,0.13018779456615448,0.2090805023908615,0.6607316732406616
bin_classification,dinov3,42,4,20,legacy_outer,scale_mean,16,400 ppm 4 6,,2.232310918,0,1,2,0.0,low,medium,0,0.3455730676651001,0.5209287405014038,0.1334982067346573
bin_classification,dinov3,42,4,20,legacy_outer,scale_mean,18,600 ppm 3 1,,3.464453659,1,2,2,0.0,medium,high,0,0.22533036768436432,0.2772572636604309,0.4974123239517212
bin_classification,dinov3,42,4,20,legacy_outer,scale_mean,19,400 ppm 3 5,,1.728051929,0,1,2,0.0,low,medium,0,0.35701286792755127,0.38478466868400574,0.2582024335861206
bin_classification,dinov3,42,4,20,legacy_outer,scale_mean,23,c 10,,0.034792218,0,0,2,0.0,low,low,0,0.8339742422103882,0.09722483158111572,0.06880088150501251
bin_classification,dinov3,42,4,20,legacy_outer,scale_mean,25,400 ppm 1 2,,2.105801382,0,1,2,0.0,low,medium,0,0.20151302218437195,0.49194878339767456,0.3065381646156311
bin_classification,dinov3,42,4,20,legacy_outer,scale_mean,36,800 ppm 2 4,,0.010515853,0,1,2,0.0,low,medium,0,0.057668983936309814,0.9178438782691956,0.024487147107720375
bin_classification,dinov3,42,4,20,legacy_outer,scale_mean,37,800 ppm 5 4,,4.51159952,2,2,2,0.0,high,high,0,0.10003401339054108,0.24668961763381958,0.6532763242721558
bin_classification,dinov3,42,4,20,legacy_outer,scale_mean,39,1000 ppm 1 4,,5.546186906,2,2,2,0.5,high,high,0,0.06430649012327194,0.4592701494693756,0.47642338275909424
bin_classification,dinov3,42,4,20,legacy_outer,scale_mean,41,1000 ppm 4 2,,4.700168169,2,2,2,0.0,high,high,0,0.1794150322675705,0.1329449862241745,0.6876399517059326
bin_classification,dinov3,42,4,20,legacy_outer,scale_mean,46,400 ppm 2 3,,1.537357234,0,1,2,0.0,low,medium,0,0.3310241401195526,0.623479962348938,0.045495856553316116
bin_classification,dinov3,42,4,20,legacy_outer,scale_mean,52,600 ppm 1 3,,2.7476069,1,1,2,0.0,medium,medium,0,0.1942991316318512,0.694063663482666,0.11163726449012756
bin_classification,dinov3,42,4,20,legacy_outer,scale_mean,55,400 ppm 5 5,,3.964413323,2,2,2,0.0,high,high,0,0.09929593652486801,0.05332420766353607,0.8473798632621765
bin_classification,dinov3,42,4,20,legacy_outer,scale_mean,56,800 ppm 3 7,,3.154045927,1,2,2,0.5,medium,high,0,0.19551685452461243,0.3782252073287964,0.4262579083442688
bin_classification,dinov3,42,4,20,legacy_outer,scale_mean,59,400 ppm 1 9,,1.257349885,0,2,2,0.0,low,high,0,0.15691611170768738,0.1037655621767044,0.739318311214447
bin_classification,dinov3,42,4,20,legacy_outer,scale_mean,62,800 ppm 5 3,,3.435802073,1,2,2,0.0,medium,high,0,0.07965189218521118,0.4283594489097595,0.4919887185096741
bin_classification,dinov3,42,4,20,legacy_outer,scale_mean,64,800 ppm 3 6,,2.688094559,1,1,2,0.5,medium,medium,0,0.35067635774612427,0.38179224729537964,0.2675314247608185
bin_classification,dinov3,42,4,20,legacy_outer,scale_mean,68,1000 ppm 4 8,,5.826586722,2,2,2,0.0,high,high,0,0.01781472936272621,0.11578245460987091,0.866402804851532
bin_classification,dinov3,42,4,20,legacy_outer,scale_mean,69,800 ppm 4 8,,4.813344078,2,1,2,0.5,high,medium,0,0.3899284303188324,0.4589846134185791,0.1510869264602661
bin_classification,dinov3,42,4,20,legacy_outer,scale_mean,82,400 ppm 4 9,,2.624535347,1,1,2,0.0,medium,medium,0,0.11686880886554718,0.5847936868667603,0.29833751916885376
bin_classification,dinov3,42,4,20,legacy_outer,scale_mean,84,c 7,,0.024246817,0,0,2,0.0,low,low,0,0.7670872211456299,0.18462084233760834,0.04829194024205208
bin_classification,dinov3,42,4,20,legacy_outer,scale_mean,90,800 ppm 1 5,,3.533211084,1,2,2,0.0,medium,high,0,0.0659504383802414,0.4544294476509094,0.47962015867233276
bin_classification,dinov3,42,4,20,legacy_outer,scale_mean,97,600 ppm 2 7,,5.389042573,2,2,2,0.0,high,high,0,0.13014350831508636,0.1323225349187851,0.7375339269638062
bin_classification,dinov3,42,4,20,legacy_outer,scale_mean,100,600 ppm 1 7,,4.294644495,2,0,2,0.5,high,low,0,0.4237254559993744,0.3649776577949524,0.21129688620567322
bin_classification,dinov3,42,4,20,legacy_outer,scale_mean,102,1000 ppm 3 6,,3.90202355,2,2,2,0.0,high,high,0,0.15920206904411316,0.2378816306591034,0.6029163002967834
bin_classification,dinov3,42,4,20,legacy_outer,scale_mean,106,1000 ppm 1 9,,5.438409112,2,2,2,0.0,high,high,0,0.053776439279317856,0.10800343751907349,0.8382201790809631
bin_classification,dinov3,42,4,20,legacy_outer,scale_mean,112,800 ppm 2 7,,3.993865756,2,2,2,0.0,high,high,0,0.00395025173202157,0.016108857467770576,0.9799408912658691
bin_classification,dinov3,42,4,20,legacy_outer,scale_mean,116,800 ppm 3 2,,4.960180046,2,1,2,0.0,high,medium,0,0.3229573369026184,0.45067283511161804,0.22636982798576355
bin_classification,dinov3,42,4,20,legacy_outer,scale_mean,123,1000 ppm 4 6,,3.570549353,1,2,2,0.0,medium,high,0,0.1276579648256302,0.12733043730258942,0.7450116276741028
bin_classification,dinov3,42,4,20,legacy_outer,scale_mean,128,600 ppm 1 4,,3.074620336,1,1,2,0.0,medium,medium,0,0.1359289586544037,0.8456313610076904,0.018439682200551033
bin_classification,dinov3,42,4,20,legacy_outer,scale_mean,129,600 ppm 3 10,,3.257108041,1,1,2,0.0,medium,medium,0,0.3178047835826874,0.5507711172103882,0.1314241588115692
bin_classification,dinov3,42,4,20,legacy_outer,scale_mean,144,600 ppm 5 8,,1.745539039,0,1,2,0.0,low,medium,0,0.27937397360801697,0.7020668387413025,0.018559148535132408
bin_classification,dinov3,42,4,20,legacy_outer,scale_mean,145,c 5,,0.262646502,0,0,2,0.0,low,low,0,0.5801652669906616,0.25228816270828247,0.1675466001033783
bin_classification,dinov3,42,4,20,legacy_outer,scale_mean,150,600 ppm 3 9,,2.924303323,1,0,2,0.0,medium,low,0,0.5665398836135864,0.36906540393829346,0.06439471244812012
bin_classification,dinov3,42,4,20,legacy_outer,scale_mean,152,1000 ppm 5 10,,4.866749998,2,2,2,0.0,high,high,0,0.017320111393928528,0.12949581444263458,0.8531841039657593
bin_classification,dinov3,42,4,20,legacy_outer,scale_mean,154,600 ppm 5 1,,1.92902126,0,0,2,0.0,low,low,0,0.7896480560302734,0.17523762583732605,0.03511427715420723
bin_classification,dinov3,42,4,20,legacy_outer,scale_mean,155,600 ppm 1 1,,3.201626017,1,1,2,0.0,medium,medium,0,0.31999480724334717,0.525131344795227,0.15487390756607056
bin_classification,dinov3,42,4,20,legacy_outer,scale_mean,158,800 ppm 5 10,,0.75996872,0,0,2,0.0,low,low,0,0.4922359585762024,0.3398650288581848,0.167899027466774
bin_classification,dinov3,42,4,20,legacy_outer,scale_mean,159,400 ppm 4 5,,2.49284019,0,0,2,0.5,low,low,0,0.4545256495475769,0.4237183630466461,0.12175601720809937
bin_classification,dinov3,42,4,20,legacy_outer,scale_mean,161,600 ppm 3 8,,3.047380635,1,1,2,0.0,medium,medium,0,0.23831301927566528,0.4277004301548004,0.3339865803718567
bin_classification,dinov3,42,4,20,legacy_outer,scale_mean,162,800 ppm 3 8,,4.614610915,2,0,2,0.0,high,low,0,0.5832498073577881,0.39599400758743286,0.020756136626005173
bin_classification,dinov3,42,4,20,legacy_outer,scale_mean,163,1000 ppm 5 6,,3.12203341,1,1,2,0.0,medium,medium,0,0.1226150244474411,0.5499429106712341,0.3274420499801636
bin_classification,dinov3,42,4,20,legacy_outer,scale_mean,165,600 ppm 4 8,,5.563645491,2,2,2,0.0,high,high,0,0.09722934663295746,0.41394808888435364,0.4888225197792053
bin_classification,dinov3,42,4,20,legacy_outer,scale_mean,167,800 ppm 3 5,,4.458889794,2,0,2,0.0,high,low,0,0.5129014253616333,0.21589255332946777,0.2712060809135437
bin_classification,dinov3,42,4,20,legacy_outer,scale_mean,171,400 ppm 3 1,,1.246955081,0,0,2,0.0,low,low,0,0.7545851469039917,0.23260453343391418,0.012810328975319862
bin_classification,dinov3,42,4,20,legacy_outer,scale_mean,172,400 ppm 3 6,,1.25800729,0,0,2,0.0,low,low,0,0.6721900701522827,0.22714310884475708,0.10066686570644379
bin_classification,dinov3,42,4,20,legacy_outer,scale_mean,173,600 ppm 4 10,,1.599538611,0,0,2,0.0,low,low,0,0.5438852310180664,0.3281499147415161,0.12796491384506226
bin_classification,dinov3,42,4,20,legacy_outer,scale_mean,184,1000 ppm 4 1,,4.003606934,2,2,2,0.0,high,high,0,0.04371044039726257,0.14995378255844116,0.8063357472419739
bin_classification,dinov3,42,4,20,legacy_outer,scale_mean,188,400 ppm 4 10,,2.606928263,1,1,2,0.0,medium,medium,0,0.15122050046920776,0.7399532794952393,0.10882628709077835
bin_classification,dinov3,42,4,20,legacy_outer,scale_mean,190,600 ppm 3 3,,3.293084865,1,2,2,0.0,medium,high,0,0.29381096363067627,0.23655174672603607,0.46963727474212646
bin_classification,dinov3,42,4,20,legacy_outer,scale_mean,201,400 ppm 3 4,,2.103673748,0,1,2,0.0,low,medium,0,0.26862579584121704,0.5178631544113159,0.21351101994514465
bin_classification,dinov3,42,4,20,legacy_outer,scale_mean,203,1000 ppm 2 3,,3.096861561,1,1,2,0.0,medium,medium,0,0.33242493867874146,0.5809570550918579,0.08661795407533646
bin_classification,dinov3,42,4,20,legacy_outer,scale_vote,10,1000 ppm 1 3,,5.010887657,2,2,2,0.0,high,high,0,0.13018779456615448,0.2090805023908615,0.6607316732406616
bin_classification,dinov3,42,4,20,legacy_outer,scale_vote,16,400 ppm 4 6,,2.232310918,0,1,2,0.0,low,medium,0,0.3455730676651001,0.5209287405014038,0.1334982067346573
bin_classification,dinov3,42,4,20,legacy_outer,scale_vote,18,600 ppm 3 1,,3.464453659,1,2,2,0.0,medium,high,0,0.22533036768436432,0.2772572636604309,0.4974123239517212
bin_classification,dinov3,42,4,20,legacy_outer,scale_vote,19,400 ppm 3 5,,1.728051929,0,1,2,0.0,low,medium,0,0.35701286792755127,0.38478466868400574,0.2582024335861206
bin_classification,dinov3,42,4,20,legacy_outer,scale_vote,23,c 10,,0.034792218,0,0,2,0.0,low,low,0,0.8339742422103882,0.09722483158111572,0.06880088150501251
bin_classification,dinov3,42,4,20,legacy_outer,scale_vote,25,400 ppm 1 2,,2.105801382,0,1,2,0.0,low,medium,0,0.20151302218437195,0.49194878339767456,0.3065381646156311
bin_classification,dinov3,42,4,20,legacy_outer,scale_vote,36,800 ppm 2 4,,0.010515853,0,1,2,0.0,low,medium,0,0.057668983936309814,0.9178438782691956,0.024487147107720375
bin_classification,dinov3,42,4,20,legacy_outer,scale_vote,37,800 ppm 5 4,,4.51159952,2,2,2,0.0,high,high,0,0.10003401339054108,0.24668961763381958,0.6532763242721558
bin_classification,dinov3,42,4,20,legacy_outer,scale_vote,39,1000 ppm 1 4,,5.546186906,2,2,2,0.5,high,high,0,0.06430649012327194,0.4592701494693756,0.47642338275909424
bin_classification,dinov3,42,4,20,legacy_outer,scale_vote,41,1000 ppm 4 2,,4.700168169,2,2,2,0.0,high,high,0,0.1794150322675705,0.1329449862241745,0.6876399517059326
bin_classification,dinov3,42,4,20,legacy_outer,scale_vote,46,400 ppm 2 3,,1.537357234,0,1,2,0.0,low,medium,0,0.3310241401195526,0.623479962348938,0.045495856553316116
bin_classification,dinov3,42,4,20,legacy_outer,scale_vote,52,600 ppm 1 3,,2.7476069,1,1,2,0.0,medium,medium,0,0.1942991316318512,0.694063663482666,0.11163726449012756
bin_classification,dinov3,42,4,20,legacy_outer,scale_vote,55,400 ppm 5 5,,3.964413323,2,2,2,0.0,high,high,0,0.09929593652486801,0.05332420766353607,0.8473798632621765
bin_classification,dinov3,42,4,20,legacy_outer,scale_vote,56,800 ppm 3 7,,3.154045927,1,2,2,0.5,medium,high,0,0.19551685452461243,0.3782252073287964,0.4262579083442688
bin_classification,dinov3,42,4,20,legacy_outer,scale_vote,59,400 ppm 1 9,,1.257349885,0,2,2,0.0,low,high,0,0.15691611170768738,0.1037655621767044,0.739318311214447
bin_classification,dinov3,42,4,20,legacy_outer,scale_vote,62,800 ppm 5 3,,3.435802073,1,2,2,0.0,medium,high,0,0.07965189218521118,0.4283594489097595,0.4919887185096741
bin_classification,dinov3,42,4,20,legacy_outer,scale_vote,64,800 ppm 3 6,,2.688094559,1,1,2,0.5,medium,medium,0,0.35067635774612427,0.38179224729537964,0.2675314247608185
bin_classification,dinov3,42,4,20,legacy_outer,scale_vote,68,1000 ppm 4 8,,5.826586722,2,2,2,0.0,high,high,0,0.01781472936272621,0.11578245460987091,0.866402804851532
bin_classification,dinov3,42,4,20,legacy_outer,scale_vote,69,800 ppm 4 8,,4.813344078,2,1,2,0.5,high,medium,0,0.3899284303188324,0.4589846134185791,0.1510869264602661
bin_classification,dinov3,42,4,20,legacy_outer,scale_vote,82,400 ppm 4 9,,2.624535347,1,1,2,0.0,medium,medium,0,0.11686880886554718,0.5847936868667603,0.29833751916885376
bin_classification,dinov3,42,4,20,legacy_outer,scale_vote,84,c 7,,0.024246817,0,0,2,0.0,low,low,0,0.7670872211456299,0.18462084233760834,0.04829194024205208
bin_classification,dinov3,42,4,20,legacy_outer,scale_vote,90,800 ppm 1 5,,3.533211084,1,2,2,0.0,medium,high,0,0.0659504383802414,0.4544294476509094,0.47962015867233276
bin_classification,dinov3,42,4,20,legacy_outer,scale_vote,97,600 ppm 2 7,,5.389042573,2,2,2,0.0,high,high,0,0.13014350831508636,0.1323225349187851,0.7375339269638062
bin_classification,dinov3,42,4,20,legacy_outer,scale_vote,100,600 ppm 1 7,,4.294644495,2,0,2,0.5,high,low,0,0.4237254559993744,0.3649776577949524,0.21129688620567322
bin_classification,dinov3,42,4,20,legacy_outer,scale_vote,102,1000 ppm 3 6,,3.90202355,2,2,2,0.0,high,high,0,0.15920206904411316,0.2378816306591034,0.6029163002967834
bin_classification,dinov3,42,4,20,legacy_outer,scale_vote,106,1000 ppm 1 9,,5.438409112,2,2,2,0.0,high,high,0,0.053776439279317856,0.10800343751907349,0.8382201790809631
bin_classification,dinov3,42,4,20,legacy_outer,scale_vote,112,800 ppm 2 7,,3.993865756,2,2,2,0.0,high,high,0,0.00395025173202157,0.016108857467770576,0.9799408912658691
bin_classification,dinov3,42,4,20,legacy_outer,scale_vote,116,800 ppm 3 2,,4.960180046,2,1,2,0.0,high,medium,0,0.3229573369026184,0.45067283511161804,0.22636982798576355
bin_classification,dinov3,42,4,20,legacy_outer,scale_vote,123,1000 ppm 4 6,,3.570549353,1,2,2,0.0,medium,high,0,0.1276579648256302,0.12733043730258942,0.7450116276741028
bin_classification,dinov3,42,4,20,legacy_outer,scale_vote,128,600 ppm 1 4,,3.074620336,1,1,2,0.0,medium,medium,0,0.1359289586544037,0.8456313610076904,0.018439682200551033
bin_classification,dinov3,42,4,20,legacy_outer,scale_vote,129,600 ppm 3 10,,3.257108041,1,1,2,0.0,medium,medium,0,0.3178047835826874,0.5507711172103882,0.1314241588115692
bin_classification,dinov3,42,4,20,legacy_outer,scale_vote,144,600 ppm 5 8,,1.745539039,0,1,2,0.0,low,medium,0,0.27937397360801697,0.7020668387413025,0.018559148535132408
bin_classification,dinov3,42,4,20,legacy_outer,scale_vote,145,c 5,,0.262646502,0,0,2,0.0,low,low,0,0.5801652669906616,0.25228816270828247,0.1675466001033783
bin_classification,dinov3,42,4,20,legacy_outer,scale_vote,150,600 ppm 3 9,,2.924303323,1,0,2,0.0,medium,low,0,0.5665398836135864,0.36906540393829346,0.06439471244812012
bin_classification,dinov3,42,4,20,legacy_outer,scale_vote,152,1000 ppm 5 10,,4.866749998,2,2,2,0.0,high,high,0,0.017320111393928528,0.12949581444263458,0.8531841039657593
bin_classification,dinov3,42,4,20,legacy_outer,scale_vote,154,600 ppm 5 1,,1.92902126,0,0,2,0.0,low,low,0,0.7896480560302734,0.17523762583732605,0.03511427715420723
bin_classification,dinov3,42,4,20,legacy_outer,scale_vote,155,600 ppm 1 1,,3.201626017,1,1,2,0.0,medium,medium,0,0.31999480724334717,0.525131344795227,0.15487390756607056
bin_classification,dinov3,42,4,20,legacy_outer,scale_vote,158,800 ppm 5 10,,0.75996872,0,0,2,0.0,low,low,0,0.4922359585762024,0.3398650288581848,0.167899027466774
bin_classification,dinov3,42,4,20,legacy_outer,scale_vote,159,400 ppm 4 5,,2.49284019,0,0,2,0.5,low,low,0,0.4545256495475769,0.4237183630466461,0.12175601720809937
bin_classification,dinov3,42,4,20,legacy_outer,scale_vote,161,600 ppm 3 8,,3.047380635,1,1,2,0.0,medium,medium,0,0.23831301927566528,0.4277004301548004,0.3339865803718567
bin_classification,dinov3,42,4,20,legacy_outer,scale_vote,162,800 ppm 3 8,,4.614610915,2,0,2,0.0,high,low,0,0.5832498073577881,0.39599400758743286,0.020756136626005173
bin_classification,dinov3,42,4,20,legacy_outer,scale_vote,163,1000 ppm 5 6,,3.12203341,1,1,2,0.0,medium,medium,0,0.1226150244474411,0.5499429106712341,0.3274420499801636
bin_classification,dinov3,42,4,20,legacy_outer,scale_vote,165,600 ppm 4 8,,5.563645491,2,2,2,0.0,high,high,0,0.09722934663295746,0.41394808888435364,0.4888225197792053
bin_classification,dinov3,42,4,20,legacy_outer,scale_vote,167,800 ppm 3 5,,4.458889794,2,0,2,0.0,high,low,0,0.5129014253616333,0.21589255332946777,0.2712060809135437
bin_classification,dinov3,42,4,20,legacy_outer,scale_vote,171,400 ppm 3 1,,1.246955081,0,0,2,0.0,low,low,0,0.7545851469039917,0.23260453343391418,0.012810328975319862
bin_classification,dinov3,42,4,20,legacy_outer,scale_vote,172,400 ppm 3 6,,1.25800729,0,0,2,0.0,low,low,0,0.6721900701522827,0.22714310884475708,0.10066686570644379
bin_classification,dinov3,42,4,20,legacy_outer,scale_vote,173,600 ppm 4 10,,1.599538611,0,0,2,0.0,low,low,0,0.5438852310180664,0.3281499147415161,0.12796491384506226
bin_classification,dinov3,42,4,20,legacy_outer,scale_vote,184,1000 ppm 4 1,,4.003606934,2,2,2,0.0,high,high,0,0.04371044039726257,0.14995378255844116,0.8063357472419739
bin_classification,dinov3,42,4,20,legacy_outer,scale_vote,188,400 ppm 4 10,,2.606928263,1,1,2,0.0,medium,medium,0,0.15122050046920776,0.7399532794952393,0.10882628709077835
bin_classification,dinov3,42,4,20,legacy_outer,scale_vote,190,600 ppm 3 3,,3.293084865,1,2,2,0.0,medium,high,0,0.29381096363067627,0.23655174672603607,0.46963727474212646
bin_classification,dinov3,42,4,20,legacy_outer,scale_vote,201,400 ppm 3 4,,2.103673748,0,1,2,0.0,low,medium,0,0.26862579584121704,0.5178631544113159,0.21351101994514465
bin_classification,dinov3,42,4,20,legacy_outer,scale_vote,203,1000 ppm 2 3,,3.096861561,1,1,2,0.0,medium,medium,0,0.33242493867874146,0.5809570550918579,0.08661795407533646
