seed,fold,sample_id,mode,view,probability_low,probability_medium,probability_high
42,1,600 ppm 5 5,single,scale_1.0_rot_0_flip_0,0.8576175570487976,0.059133950620889664,0.0832485482096672
42,1,1000 ppm 4 3,single,scale_1.0_rot_0_flip_0,0.14647962152957916,0.20761926472187042,0.6459012031555176
42,1,1000 ppm 3 9,single,scale_1.0_rot_0_flip_0,0.04879070445895195,0.21574793756008148,0.735461413860321
42,1,1000 ppm 3 10,single,scale_1.0_rot_0_flip_0,0.1404523104429245,0.4938299357891083,0.3657177686691284
42,1,600 ppm 3 7,single,scale_1.0_rot_0_flip_0,0.23761142790317535,0.6380325555801392,0.1243559867143631
42,1,800 ppm 5 7,single,scale_1.0_rot_0_flip_0,0.21809877455234528,0.2806883752346039,0.5012128353118896
42,1,400 ppm 4 4,single,scale_1.0_rot_0_flip_0,0.5229372978210449,0.1533048301935196,0.32375791668891907
42,1,800 ppm 2 8,single,scale_1.0_rot_0_flip_0,0.23595471680164337,0.6310604214668274,0.13298484683036804
42,1,400 ppm 3 2,single,scale_1.0_rot_0_flip_0,0.6930844783782959,0.19040268659591675,0.11651281267404556
42,1,800 ppm 3 9,single,scale_1.0_rot_0_flip_0,0.5515708327293396,0.10830044746398926,0.34012869000434875
42,1,1000 ppm 5 1,single,scale_1.0_rot_0_flip_0,0.15048038959503174,0.7868475317955017,0.06267213076353073
42,1,800 ppm 4 5,single,scale_1.0_rot_0_flip_0,0.2523086369037628,0.4951406717300415,0.25255072116851807
42,1,800 ppm 2 1,single,scale_1.0_rot_0_flip_0,0.4165378510951996,0.30621078610420227,0.27725136280059814
42,1,400 ppm 1 5,single,scale_1.0_rot_0_flip_0,0.5288330316543579,0.213148832321167,0.2580181062221527
42,1,400 ppm 4 8,single,scale_1.0_rot_0_flip_0,0.509874165058136,0.2531326711177826,0.23699314892292023
42,1,800 ppm 3 4,single,scale_1.0_rot_0_flip_0,0.20592041313648224,0.3900895416736603,0.4039899706840515
42,1,1000 ppm 2 1,single,scale_1.0_rot_0_flip_0,0.18552479147911072,0.7951077818870544,0.01936742290854454
42,1,400 ppm 3 10,single,scale_1.0_rot_0_flip_0,0.6109861731529236,0.2965812683105469,0.09243257343769073
42,1,1000 ppm 3 3,single,scale_1.0_rot_0_flip_0,0.4445591866970062,0.3545396029949188,0.20090122520923615
42,1,c 9,single,scale_1.0_rot_0_flip_0,0.9348200559616089,0.04047618433833122,0.02470376342535019
42,1,800 ppm 3 3,single,scale_1.0_rot_0_flip_0,0.025167115032672882,0.20084033906459808,0.7739924788475037
42,1,800 ppm 2 9,single,scale_1.0_rot_0_flip_0,0.05230656638741493,0.12218472361564636,0.825508713722229
42,1,600 ppm 2 9,single,scale_1.0_rot_0_flip_0,0.07246314734220505,0.2511235177516937,0.676413357257843
42,1,400 ppm 2 10,single,scale_1.0_rot_0_flip_0,0.14574193954467773,0.6302398443222046,0.22401821613311768
42,1,800 ppm 4 7,single,scale_1.0_rot_0_flip_0,0.6572060585021973,0.20299147069454193,0.1398024708032608
42,1,1000 ppm 2 7,single,scale_1.0_rot_0_flip_0,0.16436047852039337,0.717028021812439,0.11861152946949005
42,1,800 ppm 5 9,single,scale_1.0_rot_0_flip_0,0.37214380502700806,0.280610591173172,0.34724563360214233
42,1,600 ppm 3 6,single,scale_1.0_rot_0_flip_0,0.21611905097961426,0.6827548742294312,0.10112607479095459
42,1,1000 ppm 1 5,single,scale_1.0_rot_0_flip_0,0.3744358718395233,0.17247940599918365,0.4530847668647766
42,1,600 ppm 5 10,single,scale_1.0_rot_0_flip_0,0.2902209758758545,0.6450095772743225,0.06476946920156479
42,1,600 ppm 2 5,single,scale_1.0_rot_0_flip_0,0.01043776422739029,0.0935666561126709,0.895995557308197
42,1,800 ppm 1 10,single,scale_1.0_rot_0_flip_0,0.14348872005939484,0.12731163203716278,0.7291995882987976
42,1,1000 ppm 3 8,single,scale_1.0_rot_0_flip_0,0.30941227078437805,0.26950156688690186,0.4210861027240753
42,1,800 ppm 2 3,single,scale_1.0_rot_0_flip_0,0.32317277789115906,0.2947365641593933,0.38209065794944763
42,1,1000 ppm 5 7,single,scale_1.0_rot_0_flip_0,0.5206083655357361,0.19004176557064056,0.28934991359710693
42,1,400 ppm 1 3,single,scale_1.0_rot_0_flip_0,0.18918955326080322,0.11497417092323303,0.6958363056182861
42,1,800 ppm 4 6,single,scale_1.0_rot_0_flip_0,0.28682252764701843,0.6458585858345032,0.0673188865184784
42,1,600 ppm 5 4,single,scale_1.0_rot_0_flip_0,0.48721936345100403,0.28430500626564026,0.2284756749868393
42,1,400 ppm 2 7,single,scale_1.0_rot_0_flip_0,0.059925176203250885,0.8343062996864319,0.10576850920915604
42,1,1000 ppm 5 9,single,scale_1.0_rot_0_flip_0,0.06052058935165405,0.5599781274795532,0.37950125336647034
42,1,400 ppm 5 8,single,scale_1.0_rot_0_flip_0,0.25597381591796875,0.2391263246536255,0.5048998594284058
42,1,c 4,single,scale_1.0_rot_0_flip_0,0.9375609159469604,0.04503493010997772,0.017404040321707726
42,1,1000 ppm 1 8,single,scale_1.0_rot_0_flip_0,0.2994656264781952,0.5342556834220886,0.1662786602973938
42,1,c 3,single,scale_1.0_rot_0_flip_0,0.7412415146827698,0.11743447929620743,0.14132393896579742
42,1,800 ppm 1 9,single,scale_1.0_rot_0_flip_0,0.12905290722846985,0.5562299489974976,0.314717173576355
42,1,1000 ppm 3 2,single,scale_1.0_rot_0_flip_0,0.48413553833961487,0.21804839372634888,0.29781606793403625
42,1,1000 ppm 5 4,single,scale_1.0_rot_0_flip_0,0.2248365730047226,0.18584467470645905,0.5893187522888184
42,1,1000 ppm 3 5,single,scale_1.0_rot_0_flip_0,0.27365192770957947,0.5667627453804016,0.15958528220653534
42,1,800 ppm 1 4,single,scale_1.0_rot_0_flip_0,0.08276402950286865,0.34815114736557007,0.5690847635269165
42,1,1000 ppm 1 7,single,scale_1.0_rot_0_flip_0,0.04605387523770332,0.022264113649725914,0.9316820502281189
42,1,1000 ppm 3 4,single,scale_1.0_rot_0_flip_0,0.6880151629447937,0.17326697707176208,0.1387178897857666
42,1,400 ppm 5 1,single,scale_1.0_rot_0_flip_0,0.621111273765564,0.366784930229187,0.012103806249797344
42,1,1000 ppm 2 4,single,scale_1.0_rot_0_flip_0,0.34848716855049133,0.4722265601158142,0.17928628623485565
42,1,600 ppm 5 5,d4,scale_1.0_rot_0_flip_0,0.8576175570487976,0.059133950620889664,0.0832485482096672
42,1,1000 ppm 4 3,d4,scale_1.0_rot_0_flip_0,0.14647962152957916,0.20761926472187042,0.6459012031555176
42,1,1000 ppm 3 9,d4,scale_1.0_rot_0_flip_0,0.04879070445895195,0.21574793756008148,0.735461413860321
42,1,1000 ppm 3 10,d4,scale_1.0_rot_0_flip_0,0.1404523104429245,0.4938299357891083,0.3657177686691284
42,1,600 ppm 3 7,d4,scale_1.0_rot_0_flip_0,0.23761142790317535,0.6380325555801392,0.1243559867143631
42,1,800 ppm 5 7,d4,scale_1.0_rot_0_flip_0,0.21809877455234528,0.2806883752346039,0.5012128353118896
42,1,400 ppm 4 4,d4,scale_1.0_rot_0_flip_0,0.5229372978210449,0.1533048301935196,0.32375791668891907
42,1,800 ppm 2 8,d4,scale_1.0_rot_0_flip_0,0.23595471680164337,0.6310604214668274,0.13298484683036804
42,1,400 ppm 3 2,d4,scale_1.0_rot_0_flip_0,0.6930844783782959,0.19040268659591675,0.11651281267404556
42,1,800 ppm 3 9,d4,scale_1.0_rot_0_flip_0,0.5515708327293396,0.10830044746398926,0.34012869000434875
42,1,1000 ppm 5 1,d4,scale_1.0_rot_0_flip_0,0.15048038959503174,0.7868475317955017,0.06267213076353073
42,1,800 ppm 4 5,d4,scale_1.0_rot_0_flip_0,0.2523086369037628,0.4951406717300415,0.25255072116851807
42,1,800 ppm 2 1,d4,scale_1.0_rot_0_flip_0,0.4165378510951996,0.30621078610420227,0.27725136280059814
42,1,400 ppm 1 5,d4,scale_1.0_rot_0_flip_0,0.5288330316543579,0.213148832321167,0.2580181062221527
42,1,400 ppm 4 8,d4,scale_1.0_rot_0_flip_0,0.509874165058136,0.2531326711177826,0.23699314892292023
42,1,800 ppm 3 4,d4,scale_1.0_rot_0_flip_0,0.20592041313648224,0.3900895416736603,0.4039899706840515
42,1,1000 ppm 2 1,d4,scale_1.0_rot_0_flip_0,0.18552479147911072,0.7951077818870544,0.01936742290854454
42,1,400 ppm 3 10,d4,scale_1.0_rot_0_flip_0,0.6109861731529236,0.2965812683105469,0.09243257343769073
42,1,1000 ppm 3 3,d4,scale_1.0_rot_0_flip_0,0.4445591866970062,0.3545396029949188,0.20090122520923615
42,1,c 9,d4,scale_1.0_rot_0_flip_0,0.9348200559616089,0.04047618433833122,0.02470376342535019
42,1,800 ppm 3 3,d4,scale_1.0_rot_0_flip_0,0.025167115032672882,0.20084033906459808,0.7739924788475037
42,1,800 ppm 2 9,d4,scale_1.0_rot_0_flip_0,0.05230656638741493,0.12218472361564636,0.825508713722229
42,1,600 ppm 2 9,d4,scale_1.0_rot_0_flip_0,0.07246314734220505,0.2511235177516937,0.676413357257843
42,1,400 ppm 2 10,d4,scale_1.0_rot_0_flip_0,0.14574193954467773,0.6302398443222046,0.22401821613311768
42,1,800 ppm 4 7,d4,scale_1.0_rot_0_flip_0,0.6572060585021973,0.20299147069454193,0.1398024708032608
42,1,1000 ppm 2 7,d4,scale_1.0_rot_0_flip_0,0.16436047852039337,0.717028021812439,0.11861152946949005
42,1,800 ppm 5 9,d4,scale_1.0_rot_0_flip_0,0.37214380502700806,0.280610591173172,0.34724563360214233
42,1,600 ppm 3 6,d4,scale_1.0_rot_0_flip_0,0.21611905097961426,0.6827548742294312,0.10112607479095459
42,1,1000 ppm 1 5,d4,scale_1.0_rot_0_flip_0,0.3744358718395233,0.17247940599918365,0.4530847668647766
42,1,600 ppm 5 10,d4,scale_1.0_rot_0_flip_0,0.2902209758758545,0.6450095772743225,0.06476946920156479
42,1,600 ppm 2 5,d4,scale_1.0_rot_0_flip_0,0.01043776422739029,0.0935666561126709,0.895995557308197
42,1,800 ppm 1 10,d4,scale_1.0_rot_0_flip_0,0.14348872005939484,0.12731163203716278,0.7291995882987976
42,1,1000 ppm 3 8,d4,scale_1.0_rot_0_flip_0,0.30941227078437805,0.26950156688690186,0.4210861027240753
42,1,800 ppm 2 3,d4,scale_1.0_rot_0_flip_0,0.32317277789115906,0.2947365641593933,0.38209065794944763
42,1,1000 ppm 5 7,d4,scale_1.0_rot_0_flip_0,0.5206083655357361,0.19004176557064056,0.28934991359710693
42,1,400 ppm 1 3,d4,scale_1.0_rot_0_flip_0,0.18918955326080322,0.11497417092323303,0.6958363056182861
42,1,800 ppm 4 6,d4,scale_1.0_rot_0_flip_0,0.28682252764701843,0.6458585858345032,0.0673188865184784
42,1,600 ppm 5 4,d4,scale_1.0_rot_0_flip_0,0.48721936345100403,0.28430500626564026,0.2284756749868393
42,1,400 ppm 2 7,d4,scale_1.0_rot_0_flip_0,0.059925176203250885,0.8343062996864319,0.10576850920915604
42,1,1000 ppm 5 9,d4,scale_1.0_rot_0_flip_0,0.06052058935165405,0.5599781274795532,0.37950125336647034
42,1,400 ppm 5 8,d4,scale_1.0_rot_0_flip_0,0.25597381591796875,0.2391263246536255,0.5048998594284058
42,1,c 4,d4,scale_1.0_rot_0_flip_0,0.9375609159469604,0.04503493010997772,0.017404040321707726
42,1,1000 ppm 1 8,d4,scale_1.0_rot_0_flip_0,0.2994656264781952,0.5342556834220886,0.1662786602973938
42,1,c 3,d4,scale_1.0_rot_0_flip_0,0.7412415146827698,0.11743447929620743,0.14132393896579742
42,1,800 ppm 1 9,d4,scale_1.0_rot_0_flip_0,0.12905290722846985,0.5562299489974976,0.314717173576355
42,1,1000 ppm 3 2,d4,scale_1.0_rot_0_flip_0,0.48413553833961487,0.21804839372634888,0.29781606793403625
42,1,1000 ppm 5 4,d4,scale_1.0_rot_0_flip_0,0.2248365730047226,0.18584467470645905,0.5893187522888184
42,1,1000 ppm 3 5,d4,scale_1.0_rot_0_flip_0,0.27365192770957947,0.5667627453804016,0.15958528220653534
42,1,800 ppm 1 4,d4,scale_1.0_rot_0_flip_0,0.08276402950286865,0.34815114736557007,0.5690847635269165
42,1,1000 ppm 1 7,d4,scale_1.0_rot_0_flip_0,0.04605387523770332,0.022264113649725914,0.9316820502281189
42,1,1000 ppm 3 4,d4,scale_1.0_rot_0_flip_0,0.6880151629447937,0.17326697707176208,0.1387178897857666
42,1,400 ppm 5 1,d4,scale_1.0_rot_0_flip_0,0.621111273765564,0.366784930229187,0.012103806249797344
42,1,1000 ppm 2 4,d4,scale_1.0_rot_0_flip_0,0.34848716855049133,0.4722265601158142,0.17928628623485565
42,1,600 ppm 5 5,d4,scale_1.0_rot_0_flip_1,0.8642653822898865,0.05586237087845802,0.07987228780984879
42,1,1000 ppm 4 3,d4,scale_1.0_rot_0_flip_1,0.14345183968544006,0.20923663675785065,0.6473115682601929
42,1,1000 ppm 3 9,d4,scale_1.0_rot_0_flip_1,0.0471402145922184,0.25662747025489807,0.6962323188781738
42,1,1000 ppm 3 10,d4,scale_1.0_rot_0_flip_1,0.11716708540916443,0.47714734077453613,0.40568557381629944
42,1,600 ppm 3 7,d4,scale_1.0_rot_0_flip_1,0.2250676155090332,0.6537216901779175,0.12121061980724335
42,1,800 ppm 5 7,d4,scale_1.0_rot_0_flip_1,0.208937868475914,0.2039809226989746,0.5870811939239502
42,1,400 ppm 4 4,d4,scale_1.0_rot_0_flip_1,0.519083559513092,0.1759015917778015,0.30501484870910645
42,1,800 ppm 2 8,d4,scale_1.0_rot_0_flip_1,0.22166676819324493,0.6105953454971313,0.16773787140846252
42,1,400 ppm 3 2,d4,scale_1.0_rot_0_flip_1,0.6707688570022583,0.17871928215026855,0.15051183104515076
42,1,800 ppm 3 9,d4,scale_1.0_rot_0_flip_1,0.5858291387557983,0.1272640973329544,0.28690677881240845
42,1,1000 ppm 5 1,d4,scale_1.0_rot_0_flip_1,0.20156720280647278,0.7437031865119934,0.054729633033275604
42,1,800 ppm 4 5,d4,scale_1.0_rot_0_flip_1,0.309215247631073,0.48311758041381836,0.2076672613620758
42,1,800 ppm 2 1,d4,scale_1.0_rot_0_flip_1,0.4374462366104126,0.3010689616203308,0.261484831571579
42,1,400 ppm 1 5,d4,scale_1.0_rot_0_flip_1,0.4944012463092804,0.23833760619163513,0.2672611176967621
42,1,400 ppm 4 8,d4,scale_1.0_rot_0_flip_1,0.5191705226898193,0.2701623737812042,0.21066707372665405
42,1,800 ppm 3 4,d4,scale_1.0_rot_0_flip_1,0.24002110958099365,0.40859949588775635,0.3513793647289276
42,1,1000 ppm 2 1,d4,scale_1.0_rot_0_flip_1,0.1804978996515274,0.8065776824951172,0.01292441226541996
42,1,400 ppm 3 10,d4,scale_1.0_rot_0_flip_1,0.6693169474601746,0.2862064242362976,0.044476646929979324
42,1,1000 ppm 3 3,d4,scale_1.0_rot_0_flip_1,0.36264121532440186,0.35234054923057556,0.2850182056427002
42,1,c 9,d4,scale_1.0_rot_0_flip_1,0.8970682621002197,0.05888747051358223,0.04404427483677864
42,1,800 ppm 3 3,d4,scale_1.0_rot_0_flip_1,0.04453082010149956,0.2555810213088989,0.6998881697654724
42,1,800 ppm 2 9,d4,scale_1.0_rot_0_flip_1,0.03301910310983658,0.08593063801527023,0.8810502290725708
42,1,600 ppm 2 9,d4,scale_1.0_rot_0_flip_1,0.07649758458137512,0.31594374775886536,0.6075586676597595
42,1,400 ppm 2 10,d4,scale_1.0_rot_0_flip_1,0.08884113281965256,0.7242380976676941,0.18692071735858917
42,1,800 ppm 4 7,d4,scale_1.0_rot_0_flip_1,0.6502851247787476,0.21835960447788239,0.13135525584220886
42,1,1000 ppm 2 7,d4,scale_1.0_rot_0_flip_1,0.158848837018013,0.7165172696113586,0.12463388592004776
42,1,800 ppm 5 9,d4,scale_1.0_rot_0_flip_1,0.35217782855033875,0.33695343136787415,0.3108687400817871
42,1,600 ppm 3 6,d4,scale_1.0_rot_0_flip_1,0.1984390914440155,0.7260102033615112,0.07555073499679565
42,1,1000 ppm 1 5,d4,scale_1.0_rot_0_flip_1,0.31310346722602844,0.2224043309688568,0.46449217200279236
42,1,600 ppm 5 10,d4,scale_1.0_rot_0_flip_1,0.29420506954193115,0.6512198448181152,0.054575055837631226
42,1,600 ppm 2 5,d4,scale_1.0_rot_0_flip_1,0.015121770091354847,0.09228094667196274,0.8925973176956177
42,1,800 ppm 1 10,d4,scale_1.0_rot_0_flip_1,0.1299484223127365,0.16494205594062805,0.7051094770431519
42,1,1000 ppm 3 8,d4,scale_1.0_rot_0_flip_1,0.20758861303329468,0.3137340843677521,0.47867724299430847
42,1,800 ppm 2 3,d4,scale_1.0_rot_0_flip_1,0.243776336312294,0.2207481563091278,0.5354755520820618
42,1,1000 ppm 5 7,d4,scale_1.0_rot_0_flip_1,0.3510206937789917,0.1708272099494934,0.4781521260738373
42,1,400 ppm 1 3,d4,scale_1.0_rot_0_flip_1,0.1285901814699173,0.08898141980171204,0.7824283838272095
42,1,800 ppm 4 6,d4,scale_1.0_rot_0_flip_1,0.3184027075767517,0.6411606669425964,0.04043661057949066
42,1,600 ppm 5 4,d4,scale_1.0_rot_0_flip_1,0.5252419710159302,0.2631565034389496,0.21160149574279785
42,1,400 ppm 2 7,d4,scale_1.0_rot_0_flip_1,0.05318823084235191,0.7777044773101807,0.1691073179244995
42,1,1000 ppm 5 9,d4,scale_1.0_rot_0_flip_1,0.08993533253669739,0.5913116335868835,0.31875306367874146
42,1,400 ppm 5 8,d4,scale_1.0_rot_0_flip_1,0.2927270531654358,0.21887995302677155,0.4883929491043091
42,1,c 4,d4,scale_1.0_rot_0_flip_1,0.9163799285888672,0.0611446388065815,0.022475484758615494
42,1,1000 ppm 1 8,d4,scale_1.0_rot_0_flip_1,0.29767945408821106,0.5110564231872559,0.19126413762569427
42,1,c 3,d4,scale_1.0_rot_0_flip_1,0.7411494851112366,0.10712786763906479,0.15172262489795685
42,1,800 ppm 1 9,d4,scale_1.0_rot_0_flip_1,0.11786860227584839,0.5145425200462341,0.36758890748023987
42,1,1000 ppm 3 2,d4,scale_1.0_rot_0_flip_1,0.4813457131385803,0.19210541248321533,0.32654887437820435
42,1,1000 ppm 5 4,d4,scale_1.0_rot_0_flip_1,0.26217907667160034,0.3182111382484436,0.41960978507995605
42,1,1000 ppm 3 5,d4,scale_1.0_rot_0_flip_1,0.32906368374824524,0.46355774998664856,0.20737847685813904
42,1,800 ppm 1 4,d4,scale_1.0_rot_0_flip_1,0.11593862622976303,0.336381733417511,0.547679603099823
42,1,1000 ppm 1 7,d4,scale_1.0_rot_0_flip_1,0.0592457614839077,0.022294241935014725,0.918459951877594
42,1,1000 ppm 3 4,d4,scale_1.0_rot_0_flip_1,0.7621545791625977,0.13044433295726776,0.10740107297897339
42,1,400 ppm 5 1,d4,scale_1.0_rot_0_flip_1,0.455047607421875,0.527471661567688,0.017480727285146713
42,1,1000 ppm 2 4,d4,scale_1.0_rot_0_flip_1,0.41408365964889526,0.38224315643310547,0.20367318391799927
42,1,600 ppm 5 5,d4,scale_1.0_rot_90_flip_0,0.6124321818351746,0.05574198067188263,0.3318258225917816
42,1,1000 ppm 4 3,d4,scale_1.0_rot_90_flip_0,0.07650753110647202,0.11809425801038742,0.8053982257843018
42,1,1000 ppm 3 9,d4,scale_1.0_rot_90_flip_0,0.039476022124290466,0.12922345101833344,0.8313005566596985
42,1,1000 ppm 3 10,d4,scale_1.0_rot_90_flip_0,0.05421488732099533,0.21925218403339386,0.7265329957008362
42,1,600 ppm 3 7,d4,scale_1.0_rot_90_flip_0,0.12272365391254425,0.37861737608909607,0.49865904450416565
42,1,800 ppm 5 7,d4,scale_1.0_rot_90_flip_0,0.04537990316748619,0.05685240775346756,0.8977677226066589
42,1,400 ppm 4 4,d4,scale_1.0_rot_90_flip_0,0.4051722288131714,0.16024786233901978,0.4345799386501312
42,1,800 ppm 2 8,d4,scale_1.0_rot_90_flip_0,0.25336894392967224,0.3554677665233612,0.39116331934928894
42,1,400 ppm 3 2,d4,scale_1.0_rot_90_flip_0,0.5186759233474731,0.2895641624927521,0.19175992906093597
42,1,800 ppm 3 9,d4,scale_1.0_rot_90_flip_0,0.1578652262687683,0.06938158720731735,0.7727531790733337
42,1,1000 ppm 5 1,d4,scale_1.0_rot_90_flip_0,0.12640146911144257,0.3262545168399811,0.5473440289497375
42,1,800 ppm 4 5,d4,scale_1.0_rot_90_flip_0,0.10258807986974716,0.3119436800479889,0.5854681730270386
42,1,800 ppm 2 1,d4,scale_1.0_rot_90_flip_0,0.11851782351732254,0.2916650176048279,0.589817225933075
42,1,400 ppm 1 5,d4,scale_1.0_rot_90_flip_0,0.29533958435058594,0.10419682413339615,0.6004636287689209
42,1,400 ppm 4 8,d4,scale_1.0_rot_90_flip_0,0.36893555521965027,0.3097648322582245,0.32129964232444763
42,1,800 ppm 3 4,d4,scale_1.0_rot_90_flip_0,0.11821389943361282,0.196909561753273,0.684876561164856
42,1,1000 ppm 2 1,d4,scale_1.0_rot_90_flip_0,0.2235386222600937,0.7408039569854736,0.0356573760509491
42,1,400 ppm 3 10,d4,scale_1.0_rot_90_flip_0,0.40916138887405396,0.34878742694854736,0.2420511692762375
42,1,1000 ppm 3 3,d4,scale_1.0_rot_90_flip_0,0.13163915276527405,0.22063124179840088,0.6477295756340027
42,1,c 9,d4,scale_1.0_rot_90_flip_0,0.8323132991790771,0.04270784929394722,0.12497878819704056
42,1,800 ppm 3 3,d4,scale_1.0_rot_90_flip_0,0.02466292679309845,0.09673680365085602,0.8786002397537231
42,1,800 ppm 2 9,d4,scale_1.0_rot_90_flip_0,0.04270052909851074,0.058772698044776917,0.8985268473625183
42,1,600 ppm 2 9,d4,scale_1.0_rot_90_flip_0,0.04041420295834541,0.10291822254657745,0.8566676378250122
42,1,400 ppm 2 10,d4,scale_1.0_rot_90_flip_0,0.07072030752897263,0.5456150770187378,0.38366463780403137
42,1,800 ppm 4 7,d4,scale_1.0_rot_90_flip_0,0.4147455096244812,0.18102242052555084,0.40423205494880676
42,1,1000 ppm 2 7,d4,scale_1.0_rot_90_flip_0,0.1585826426744461,0.6560941338539124,0.18532317876815796
42,1,800 ppm 5 9,d4,scale_1.0_rot_90_flip_0,0.3482006788253784,0.4118559658527374,0.23994337022304535
42,1,600 ppm 3 6,d4,scale_1.0_rot_90_flip_0,0.17340682446956635,0.8116968870162964,0.014896252192556858
42,1,1000 ppm 1 5,d4,scale_1.0_rot_90_flip_0,0.477295845746994,0.3104383647441864,0.21226587891578674
42,1,600 ppm 5 10,d4,scale_1.0_rot_90_flip_0,0.26433148980140686,0.5595363974571228,0.17613211274147034
42,1,600 ppm 2 5,d4,scale_1.0_rot_90_flip_0,0.0038540223613381386,0.057319920510053635,0.9388261437416077
42,1,800 ppm 1 10,d4,scale_1.0_rot_90_flip_0,0.08687149733304977,0.10254006087779999,0.8105884194374084
42,1,1000 ppm 3 8,d4,scale_1.0_rot_90_flip_0,0.10325972735881805,0.136685311794281,0.7600549459457397
42,1,800 ppm 2 3,d4,scale_1.0_rot_90_flip_0,0.10757728666067123,0.1124102845788002,0.7800124287605286
42,1,1000 ppm 5 7,d4,scale_1.0_rot_90_flip_0,0.17383132874965668,0.18578849732875824,0.6403800845146179
42,1,400 ppm 1 3,d4,scale_1.0_rot_90_flip_0,0.09686581045389175,0.08203322440385818,0.8211010694503784
42,1,800 ppm 4 6,d4,scale_1.0_rot_90_flip_0,0.20514273643493652,0.497090607881546,0.29776665568351746
42,1,600 ppm 5 4,d4,scale_1.0_rot_90_flip_0,0.543179988861084,0.25372105836868286,0.20309901237487793
42,1,400 ppm 2 7,d4,scale_1.0_rot_90_flip_0,0.04431621730327606,0.7108935713768005,0.2447902113199234
42,1,1000 ppm 5 9,d4,scale_1.0_rot_90_flip_0,0.023048188537359238,0.10882903635501862,0.8681228160858154
42,1,400 ppm 5 8,d4,scale_1.0_rot_90_flip_0,0.10473734885454178,0.08940591663122177,0.8058567047119141
42,1,c 4,d4,scale_1.0_rot_90_flip_0,0.7729395627975464,0.06708639115095139,0.15997406840324402
42,1,1000 ppm 1 8,d4,scale_1.0_rot_90_flip_0,0.11246626079082489,0.4802846908569336,0.4072491526603699
42,1,c 3,d4,scale_1.0_rot_90_flip_0,0.3917565941810608,0.08176868408918381,0.5264747738838196
42,1,800 ppm 1 9,d4,scale_1.0_rot_90_flip_0,0.06360100954771042,0.3475346863269806,0.588864266872406
42,1,1000 ppm 3 2,d4,scale_1.0_rot_90_flip_0,0.37587350606918335,0.3072702884674072,0.3168562054634094
42,1,1000 ppm 5 4,d4,scale_1.0_rot_90_flip_0,0.03873971104621887,0.07847961038351059,0.8827807307243347
42,1,1000 ppm 3 5,d4,scale_1.0_rot_90_flip_0,0.12172742933034897,0.5603528022766113,0.3179197907447815
42,1,800 ppm 1 4,d4,scale_1.0_rot_90_flip_0,0.04270639270544052,0.09076350182294846,0.8665301203727722
42,1,1000 ppm 1 7,d4,scale_1.0_rot_90_flip_0,0.10696910321712494,0.08809486031532288,0.8049360513687134
42,1,1000 ppm 3 4,d4,scale_1.0_rot_90_flip_0,0.5186685919761658,0.09869241714477539,0.38263899087905884
42,1,400 ppm 5 1,d4,scale_1.0_rot_90_flip_0,0.31831634044647217,0.5626950263977051,0.11898865550756454
42,1,1000 ppm 2 4,d4,scale_1.0_rot_90_flip_0,0.28249290585517883,0.2358100712299347,0.4816970229148865
42,1,600 ppm 5 5,d4,scale_1.0_rot_90_flip_1,0.726455807685852,0.057330887764692307,0.2162134051322937
42,1,1000 ppm 4 3,d4,scale_1.0_rot_90_flip_1,0.07479136437177658,0.09554874151945114,0.8296598792076111
42,1,1000 ppm 3 9,d4,scale_1.0_rot_90_flip_1,0.03212420269846916,0.14789032936096191,0.8199854493141174
42,1,1000 ppm 3 10,d4,scale_1.0_rot_90_flip_1,0.06062724441289902,0.25548648834228516,0.6838862895965576
42,1,600 ppm 3 7,d4,scale_1.0_rot_90_flip_1,0.16069763898849487,0.35060983896255493,0.48869261145591736
42,1,800 ppm 5 7,d4,scale_1.0_rot_90_flip_1,0.05978795513510704,0.0675029456615448,0.8727090954780579
42,1,400 ppm 4 4,d4,scale_1.0_rot_90_flip_1,0.32256579399108887,0.17807818949222565,0.49935609102249146
42,1,800 ppm 2 8,d4,scale_1.0_rot_90_flip_1,0.17983470857143402,0.3356432318687439,0.4845220148563385
42,1,400 ppm 3 2,d4,scale_1.0_rot_90_flip_1,0.43579569458961487,0.2213195264339447,0.34288474917411804
42,1,800 ppm 3 9,d4,scale_1.0_rot_90_flip_1,0.2435666173696518,0.0946960598230362,0.661737322807312
42,1,1000 ppm 5 1,d4,scale_1.0_rot_90_flip_1,0.14151112735271454,0.3856196999549866,0.47286921739578247
42,1,800 ppm 4 5,d4,scale_1.0_rot_90_flip_1,0.08647649735212326,0.28660961985588074,0.6269139051437378
42,1,800 ppm 2 1,d4,scale_1.0_rot_90_flip_1,0.13083605468273163,0.34523966908454895,0.5239242911338806
42,1,400 ppm 1 5,d4,scale_1.0_rot_90_flip_1,0.3319052755832672,0.10982374101877213,0.5582709908485413
42,1,400 ppm 4 8,d4,scale_1.0_rot_90_flip_1,0.3893474042415619,0.21805991232395172,0.3925926983356476
42,1,800 ppm 3 4,d4,scale_1.0_rot_90_flip_1,0.10395480692386627,0.20108209550380707,0.6949630379676819
42,1,1000 ppm 2 1,d4,scale_1.0_rot_90_flip_1,0.2101881057024002,0.7529290318489075,0.0368829183280468
42,1,400 ppm 3 10,d4,scale_1.0_rot_90_flip_1,0.43682950735092163,0.37778377532958984,0.18538673222064972
42,1,1000 ppm 3 3,d4,scale_1.0_rot_90_flip_1,0.0923527404665947,0.14391015470027924,0.7637370824813843
42,1,c 9,d4,scale_1.0_rot_90_flip_1,0.7293091416358948,0.07377927005290985,0.1969115287065506
42,1,800 ppm 3 3,d4,scale_1.0_rot_90_flip_1,0.01397532969713211,0.07166004925966263,0.9143646359443665
42,1,800 ppm 2 9,d4,scale_1.0_rot_90_flip_1,0.040296170860528946,0.05857663229107857,0.9011271595954895
42,1,600 ppm 2 9,d4,scale_1.0_rot_90_flip_1,0.04449302703142166,0.10230129957199097,0.853205680847168
42,1,400 ppm 2 10,d4,scale_1.0_rot_90_flip_1,0.07417912036180496,0.5091232657432556,0.41669762134552
42,1,800 ppm 4 7,d4,scale_1.0_rot_90_flip_1,0.3562738299369812,0.1555781066417694,0.4881480932235718
42,1,1000 ppm 2 7,d4,scale_1.0_rot_90_flip_1,0.13196565210819244,0.6237552762031555,0.24427908658981323
42,1,800 ppm 5 9,d4,scale_1.0_rot_90_flip_1,0.4484124779701233,0.34065482020378113,0.21093277633190155
42,1,600 ppm 3 6,d4,scale_1.0_rot_90_flip_1,0.14063383638858795,0.8466172814369202,0.01274892594665289
42,1,1000 ppm 1 5,d4,scale_1.0_rot_90_flip_1,0.4320319890975952,0.25622159242630005,0.31174635887145996
42,1,600 ppm 5 10,d4,scale_1.0_rot_90_flip_1,0.27888721227645874,0.5774144530296326,0.1436983346939087
42,1,600 ppm 2 5,d4,scale_1.0_rot_90_flip_1,0.004577746614813805,0.040205396711826324,0.9552169442176819
42,1,800 ppm 1 10,d4,scale_1.0_rot_90_flip_1,0.06323704868555069,0.06096084788441658,0.8758021593093872
42,1,1000 ppm 3 8,d4,scale_1.0_rot_90_flip_1,0.09398609399795532,0.14990167319774628,0.756112277507782
42,1,800 ppm 2 3,d4,scale_1.0_rot_90_flip_1,0.07065363228321075,0.10962085425853729,0.819725513458252
42,1,1000 ppm 5 7,d4,scale_1.0_rot_90_flip_1,0.231648787856102,0.1454884260892868,0.6228627562522888
42,1,400 ppm 1 3,d4,scale_1.0_rot_90_flip_1,0.07345409691333771,0.09262107312679291,0.8339247703552246
42,1,800 ppm 4 6,d4,scale_1.0_rot_90_flip_1,0.21444836258888245,0.48510491847991943,0.3004467189311981
42,1,600 ppm 5 4,d4,scale_1.0_rot_90_flip_1,0.4347616732120514,0.30957552790641785,0.2556627690792084
42,1,400 ppm 2 7,d4,scale_1.0_rot_90_flip_1,0.05326218530535698,0.6886644959449768,0.25807327032089233
42,1,1000 ppm 5 9,d4,scale_1.0_rot_90_flip_1,0.021242719143629074,0.12524917721748352,0.8535081148147583
42,1,400 ppm 5 8,d4,scale_1.0_rot_90_flip_1,0.0687546357512474,0.08699174225330353,0.844253659248352
42,1,c 4,d4,scale_1.0_rot_90_flip_1,0.8027098178863525,0.05331072956323624,0.14397954940795898
42,1,1000 ppm 1 8,d4,scale_1.0_rot_90_flip_1,0.09466775506734848,0.4733363091945648,0.4319959878921509
42,1,c 3,d4,scale_1.0_rot_90_flip_1,0.3457792103290558,0.08940953016281128,0.5648112893104553
42,1,800 ppm 1 9,d4,scale_1.0_rot_90_flip_1,0.05486172437667847,0.27502161264419556,0.6701167225837708
42,1,1000 ppm 3 2,d4,scale_1.0_rot_90_flip_1,0.37538883090019226,0.3343406021595001,0.2902705669403076
42,1,1000 ppm 5 4,d4,scale_1.0_rot_90_flip_1,0.03573085740208626,0.06168285757303238,0.9025862812995911
42,1,1000 ppm 3 5,d4,scale_1.0_rot_90_flip_1,0.12175129354000092,0.5344151258468628,0.3438335955142975
42,1,800 ppm 1 4,d4,scale_1.0_rot_90_flip_1,0.038176681846380234,0.0722016990184784,0.8896215558052063
42,1,1000 ppm 1 7,d4,scale_1.0_rot_90_flip_1,0.12347877025604248,0.08256974071264267,0.7939515113830566
42,1,1000 ppm 3 4,d4,scale_1.0_rot_90_flip_1,0.4434208571910858,0.07959116250276566,0.47698795795440674
42,1,400 ppm 5 1,d4,scale_1.0_rot_90_flip_1,0.33237409591674805,0.5576205849647522,0.11000533401966095
42,1,1000 ppm 2 4,d4,scale_1.0_rot_90_flip_1,0.3738400340080261,0.27063310146331787,0.3555268347263336
42,1,600 ppm 5 5,d4,scale_1.0_rot_180_flip_0,0.8354583382606506,0.045234765857458115,0.11930686980485916
42,1,1000 ppm 4 3,d4,scale_1.0_rot_180_flip_0,0.10703128576278687,0.1280505657196045,0.7649181485176086
42,1,1000 ppm 3 9,d4,scale_1.0_rot_180_flip_0,0.08672456443309784,0.4863303303718567,0.4269450604915619
42,1,1000 ppm 3 10,d4,scale_1.0_rot_180_flip_0,0.08472122251987457,0.3261623978614807,0.5891163945198059
42,1,600 ppm 3 7,d4,scale_1.0_rot_180_flip_0,0.18354444205760956,0.4682937562465668,0.3481617271900177
42,1,800 ppm 5 7,d4,scale_1.0_rot_180_flip_0,0.04344446212053299,0.10564792901277542,0.8509076237678528
42,1,400 ppm 4 4,d4,scale_1.0_rot_180_flip_0,0.3186355531215668,0.17196586728096008,0.5093985795974731
42,1,800 ppm 2 8,d4,scale_1.0_rot_180_flip_0,0.13404415547847748,0.42512115836143494,0.4408347010612488
42,1,400 ppm 3 2,d4,scale_1.0_rot_180_flip_0,0.38256311416625977,0.18915574252605438,0.42828115820884705
42,1,800 ppm 3 9,d4,scale_1.0_rot_180_flip_0,0.3219141364097595,0.12785504758358002,0.5502308011054993
42,1,1000 ppm 5 1,d4,scale_1.0_rot_180_flip_0,0.17341530323028564,0.492961049079895,0.3336236774921417
42,1,800 ppm 4 5,d4,scale_1.0_rot_180_flip_0,0.196302592754364,0.48549163341522217,0.31820571422576904
42,1,800 ppm 2 1,d4,scale_1.0_rot_180_flip_0,0.20585596561431885,0.2985720932483673,0.49557191133499146
42,1,400 ppm 1 5,d4,scale_1.0_rot_180_flip_0,0.30066490173339844,0.2854193150997162,0.413915753364563
42,1,400 ppm 4 8,d4,scale_1.0_rot_180_flip_0,0.33822101354599,0.16052918136119843,0.5012497901916504
42,1,800 ppm 3 4,d4,scale_1.0_rot_180_flip_0,0.09922371804714203,0.3568471670150757,0.5439291000366211
42,1,1000 ppm 2 1,d4,scale_1.0_rot_180_flip_0,0.21768775582313538,0.7494184374809265,0.03289380297064781
42,1,400 ppm 3 10,d4,scale_1.0_rot_180_flip_0,0.5864543318748474,0.28493747115135193,0.12860821187496185
42,1,1000 ppm 3 3,d4,scale_1.0_rot_180_flip_0,0.19151699542999268,0.31562817096710205,0.4928548336029053
42,1,c 9,d4,scale_1.0_rot_180_flip_0,0.8308919072151184,0.0430566668510437,0.12605147063732147
42,1,800 ppm 3 3,d4,scale_1.0_rot_180_flip_0,0.020842192694544792,0.13969069719314575,0.8394671678543091
42,1,800 ppm 2 9,d4,scale_1.0_rot_180_flip_0,0.03249862417578697,0.024962499737739563,0.942538857460022
42,1,600 ppm 2 9,d4,scale_1.0_rot_180_flip_0,0.03849295154213905,0.07867302745580673,0.8828340768814087
42,1,400 ppm 2 10,d4,scale_1.0_rot_180_flip_0,0.08506152033805847,0.5137290954589844,0.40120935440063477
42,1,800 ppm 4 7,d4,scale_1.0_rot_180_flip_0,0.3825637102127075,0.21185384690761566,0.40558239817619324
42,1,1000 ppm 2 7,d4,scale_1.0_rot_180_flip_0,0.1682683825492859,0.7231265902519226,0.1086050271987915
42,1,800 ppm 5 9,d4,scale_1.0_rot_180_flip_0,0.3086602985858917,0.49139949679374695,0.19994023442268372
42,1,600 ppm 3 6,d4,scale_1.0_rot_180_flip_0,0.13308598101139069,0.8034829497337341,0.06343105435371399
42,1,1000 ppm 1 5,d4,scale_1.0_rot_180_flip_0,0.3434296250343323,0.23804377019405365,0.4185265898704529
42,1,600 ppm 5 10,d4,scale_1.0_rot_180_flip_0,0.40576881170272827,0.4554039537906647,0.13882718980312347
42,1,600 ppm 2 5,d4,scale_1.0_rot_180_flip_0,0.007061879150569439,0.04472493752837181,0.9482131004333496
42,1,800 ppm 1 10,d4,scale_1.0_rot_180_flip_0,0.03674694523215294,0.08651351183652878,0.8767395615577698
42,1,1000 ppm 3 8,d4,scale_1.0_rot_180_flip_0,0.1279352307319641,0.23781239986419678,0.6342523097991943
42,1,800 ppm 2 3,d4,scale_1.0_rot_180_flip_0,0.07047528028488159,0.12591712176799774,0.8036075234413147
42,1,1000 ppm 5 7,d4,scale_1.0_rot_180_flip_0,0.28675878047943115,0.1563050001859665,0.5569362044334412
42,1,400 ppm 1 3,d4,scale_1.0_rot_180_flip_0,0.1368895322084427,0.13203951716423035,0.731070876121521
42,1,800 ppm 4 6,d4,scale_1.0_rot_180_flip_0,0.3085610866546631,0.39664867520332336,0.29479023814201355
42,1,600 ppm 5 4,d4,scale_1.0_rot_180_flip_0,0.257612407207489,0.20352834463119507,0.5388592481613159
42,1,400 ppm 2 7,d4,scale_1.0_rot_180_flip_0,0.13389219343662262,0.7557384967803955,0.11036934703588486
42,1,1000 ppm 5 9,d4,scale_1.0_rot_180_flip_0,0.04911908134818077,0.452404648065567,0.4984762668609619
42,1,400 ppm 5 8,d4,scale_1.0_rot_180_flip_0,0.07151328772306442,0.15596017241477966,0.7725265622138977
42,1,c 4,d4,scale_1.0_rot_180_flip_0,0.8821711540222168,0.06020475924015045,0.057624056935310364
42,1,1000 ppm 1 8,d4,scale_1.0_rot_180_flip_0,0.2120562642812729,0.4202398955821991,0.36770379543304443
42,1,c 3,d4,scale_1.0_rot_180_flip_0,0.5179327130317688,0.0523444265127182,0.4297228157520294
42,1,800 ppm 1 9,d4,scale_1.0_rot_180_flip_0,0.07439634948968887,0.3765348196029663,0.549068808555603
42,1,1000 ppm 3 2,d4,scale_1.0_rot_180_flip_0,0.3137834668159485,0.3413582444190979,0.344858318567276
42,1,1000 ppm 5 4,d4,scale_1.0_rot_180_flip_0,0.05002859607338905,0.10109341144561768,0.8488779664039612
42,1,1000 ppm 3 5,d4,scale_1.0_rot_180_flip_0,0.13776454329490662,0.3385372757911682,0.5236982107162476
42,1,800 ppm 1 4,d4,scale_1.0_rot_180_flip_0,0.05973805859684944,0.2628408670425415,0.6774210929870605
42,1,1000 ppm 1 7,d4,scale_1.0_rot_180_flip_0,0.05925903096795082,0.03148103877902031,0.9092599749565125
42,1,1000 ppm 3 4,d4,scale_1.0_rot_180_flip_0,0.5505964159965515,0.08892494440078735,0.36047863960266113
42,1,400 ppm 5 1,d4,scale_1.0_rot_180_flip_0,0.5117188692092896,0.42999765276908875,0.05828346312046051
42,1,1000 ppm 2 4,d4,scale_1.0_rot_180_flip_0,0.3092779815196991,0.20871810615062714,0.4820038974285126
42,1,600 ppm 5 5,d4,scale_1.0_rot_180_flip_1,0.8037386536598206,0.06120089441537857,0.13506048917770386
42,1,1000 ppm 4 3,d4,scale_1.0_rot_180_flip_1,0.09562914073467255,0.12855499982833862,0.7758159041404724
42,1,1000 ppm 3 9,d4,scale_1.0_rot_180_flip_1,0.07960107177495956,0.3806277811527252,0.5397711396217346
42,1,1000 ppm 3 10,d4,scale_1.0_rot_180_flip_1,0.11375733464956284,0.3287498354911804,0.5574927926063538
42,1,600 ppm 3 7,d4,scale_1.0_rot_180_flip_1,0.24413636326789856,0.41452115774154663,0.3413424789905548
42,1,800 ppm 5 7,d4,scale_1.0_rot_180_flip_1,0.04928122088313103,0.13047340512275696,0.8202453255653381
42,1,400 ppm 4 4,d4,scale_1.0_rot_180_flip_1,0.23227883875370026,0.18716862797737122,0.5805525779724121
42,1,800 ppm 2 8,d4,scale_1.0_rot_180_flip_1,0.1375328153371811,0.34712493419647217,0.5153422355651855
42,1,400 ppm 3 2,d4,scale_1.0_rot_180_flip_1,0.4536333680152893,0.17891505360603333,0.36745163798332214
42,1,800 ppm 3 9,d4,scale_1.0_rot_180_flip_1,0.348965585231781,0.14393197000026703,0.507102370262146
42,1,1000 ppm 5 1,d4,scale_1.0_rot_180_flip_1,0.13719743490219116,0.47497522830963135,0.3878272771835327
42,1,800 ppm 4 5,d4,scale_1.0_rot_180_flip_1,0.1621384471654892,0.37823164463043213,0.4596298933029175
42,1,800 ppm 2 1,d4,scale_1.0_rot_180_flip_1,0.2234364002943039,0.30194520950317383,0.47461840510368347
42,1,400 ppm 1 5,d4,scale_1.0_rot_180_flip_1,0.31431835889816284,0.19753192365169525,0.4881497323513031
42,1,400 ppm 4 8,d4,scale_1.0_rot_180_flip_1,0.3109547197818756,0.1974906027317047,0.49155470728874207
42,1,800 ppm 3 4,d4,scale_1.0_rot_180_flip_1,0.15468347072601318,0.38734447956085205,0.45797210931777954
42,1,1000 ppm 2 1,d4,scale_1.0_rot_180_flip_1,0.15673603117465973,0.7998383045196533,0.04342561587691307
42,1,400 ppm 3 10,d4,scale_1.0_rot_180_flip_1,0.5444009900093079,0.2998470366001129,0.15575195848941803
42,1,1000 ppm 3 3,d4,scale_1.0_rot_180_flip_1,0.21470165252685547,0.3179861307144165,0.46731218695640564
42,1,c 9,d4,scale_1.0_rot_180_flip_1,0.7370283007621765,0.044082239270210266,0.21888943016529083
42,1,800 ppm 3 3,d4,scale_1.0_rot_180_flip_1,0.017951935529708862,0.10693150758743286,0.8751165270805359
42,1,800 ppm 2 9,d4,scale_1.0_rot_180_flip_1,0.018241742625832558,0.024402977898716927,0.957355260848999
42,1,600 ppm 2 9,d4,scale_1.0_rot_180_flip_1,0.03353998437523842,0.1351596564054489,0.8313003778457642
42,1,400 ppm 2 10,d4,scale_1.0_rot_180_flip_1,0.06710664182901382,0.5802375674247742,0.3526557981967926
42,1,800 ppm 4 7,d4,scale_1.0_rot_180_flip_1,0.4168945252895355,0.16923007369041443,0.41387543082237244
42,1,1000 ppm 2 7,d4,scale_1.0_rot_180_flip_1,0.17756208777427673,0.741000771522522,0.08143715560436249
42,1,800 ppm 5 9,d4,scale_1.0_rot_180_flip_1,0.3711967468261719,0.4834545850753784,0.1453487128019333
42,1,600 ppm 3 6,d4,scale_1.0_rot_180_flip_1,0.15224812924861908,0.7661693096160889,0.08158253133296967
42,1,1000 ppm 1 5,d4,scale_1.0_rot_180_flip_1,0.3311108946800232,0.2855795621871948,0.383309543132782
42,1,600 ppm 5 10,d4,scale_1.0_rot_180_flip_1,0.4229971468448639,0.4835326075553894,0.09347031265497208
42,1,600 ppm 2 5,d4,scale_1.0_rot_180_flip_1,0.007697538938373327,0.05086473748087883,0.9414377808570862
42,1,800 ppm 1 10,d4,scale_1.0_rot_180_flip_1,0.01983964443206787,0.05596936121582985,0.9241909980773926
42,1,1000 ppm 3 8,d4,scale_1.0_rot_180_flip_1,0.12778139114379883,0.26094290614128113,0.6112757325172424
42,1,800 ppm 2 3,d4,scale_1.0_rot_180_flip_1,0.07414373010396957,0.08220423758029938,0.8436520099639893
42,1,1000 ppm 5 7,d4,scale_1.0_rot_180_flip_1,0.2106885462999344,0.17537294328212738,0.6139385104179382
42,1,400 ppm 1 3,d4,scale_1.0_rot_180_flip_1,0.13885675370693207,0.12238761782646179,0.7387555837631226
42,1,800 ppm 4 6,d4,scale_1.0_rot_180_flip_1,0.19640617072582245,0.568570077419281,0.23502378165721893
42,1,600 ppm 5 4,d4,scale_1.0_rot_180_flip_1,0.2409171611070633,0.15145817399024963,0.6076246500015259
42,1,400 ppm 2 7,d4,scale_1.0_rot_180_flip_1,0.1090197041630745,0.7886226177215576,0.1023576483130455
42,1,1000 ppm 5 9,d4,scale_1.0_rot_180_flip_1,0.044169630855321884,0.3819369375705719,0.5738934278488159
42,1,400 ppm 5 8,d4,scale_1.0_rot_180_flip_1,0.06413032114505768,0.150902658700943,0.7849670648574829
42,1,c 4,d4,scale_1.0_rot_180_flip_1,0.8907191753387451,0.04947119578719139,0.059809666126966476
42,1,1000 ppm 1 8,d4,scale_1.0_rot_180_flip_1,0.12915247678756714,0.5565488934516907,0.3142986595630646
42,1,c 3,d4,scale_1.0_rot_180_flip_1,0.5759982466697693,0.09258104860782623,0.3314207196235657
42,1,800 ppm 1 9,d4,scale_1.0_rot_180_flip_1,0.08217008411884308,0.5548194050788879,0.3630105257034302
42,1,1000 ppm 3 2,d4,scale_1.0_rot_180_flip_1,0.30121028423309326,0.4530295133590698,0.24576020240783691
42,1,1000 ppm 5 4,d4,scale_1.0_rot_180_flip_1,0.03778613731265068,0.07367796450853348,0.8885359168052673
42,1,1000 ppm 3 5,d4,scale_1.0_rot_180_flip_1,0.145262211561203,0.42621201276779175,0.4285258650779724
42,1,800 ppm 1 4,d4,scale_1.0_rot_180_flip_1,0.07328496873378754,0.18913818895816803,0.7375769019126892
42,1,1000 ppm 1 7,d4,scale_1.0_rot_180_flip_1,0.029714277014136314,0.026156393811106682,0.9441293478012085
42,1,1000 ppm 3 4,d4,scale_1.0_rot_180_flip_1,0.5559106469154358,0.09401256591081619,0.3500767648220062
42,1,400 ppm 5 1,d4,scale_1.0_rot_180_flip_1,0.455829381942749,0.4795287847518921,0.06464187800884247
42,1,1000 ppm 2 4,d4,scale_1.0_rot_180_flip_1,0.2687073051929474,0.2679155766963959,0.46337708830833435
42,1,600 ppm 5 5,d4,scale_1.0_rot_270_flip_0,0.7808961868286133,0.06827671080827713,0.1508270651102066
42,1,1000 ppm 4 3,d4,scale_1.0_rot_270_flip_0,0.06870028376579285,0.10746142268180847,0.8238382935523987
42,1,1000 ppm 3 9,d4,scale_1.0_rot_270_flip_0,0.09035312384366989,0.3021291196346283,0.6075177788734436
42,1,1000 ppm 3 10,d4,scale_1.0_rot_270_flip_0,0.10931546241044998,0.16424725949764252,0.7264372706413269
42,1,600 ppm 3 7,d4,scale_1.0_rot_270_flip_0,0.14867150783538818,0.4050452411174774,0.4462833106517792
42,1,800 ppm 5 7,d4,scale_1.0_rot_270_flip_0,0.03878888115286827,0.04717547446489334,0.9140356779098511
42,1,400 ppm 4 4,d4,scale_1.0_rot_270_flip_0,0.24071559309959412,0.1903456747531891,0.5689387917518616
42,1,800 ppm 2 8,d4,scale_1.0_rot_270_flip_0,0.1749579906463623,0.29764455556869507,0.5273974537849426
42,1,400 ppm 3 2,d4,scale_1.0_rot_270_flip_0,0.4920545518398285,0.16799114644527435,0.33995434641838074
42,1,800 ppm 3 9,d4,scale_1.0_rot_270_flip_0,0.17788109183311462,0.13633838295936584,0.6857805252075195
42,1,1000 ppm 5 1,d4,scale_1.0_rot_270_flip_0,0.07530083507299423,0.35956060886383057,0.5651385188102722
42,1,800 ppm 4 5,d4,scale_1.0_rot_270_flip_0,0.07178425788879395,0.23801329731941223,0.6902024745941162
42,1,800 ppm 2 1,d4,scale_1.0_rot_270_flip_0,0.31618136167526245,0.2547200322151184,0.42909860610961914
42,1,400 ppm 1 5,d4,scale_1.0_rot_270_flip_0,0.1265755444765091,0.06915458291769028,0.8042699694633484
42,1,400 ppm 4 8,d4,scale_1.0_rot_270_flip_0,0.2560526132583618,0.21747948229312897,0.5264678597450256
42,1,800 ppm 3 4,d4,scale_1.0_rot_270_flip_0,0.12620387971401215,0.16295088827610016,0.7108452320098877
42,1,1000 ppm 2 1,d4,scale_1.0_rot_270_flip_0,0.1822003424167633,0.7352513670921326,0.08254822343587875
42,1,400 ppm 3 10,d4,scale_1.0_rot_270_flip_0,0.445010781288147,0.3778170943260193,0.17717209458351135
42,1,1000 ppm 3 3,d4,scale_1.0_rot_270_flip_0,0.2157854437828064,0.15743385255336761,0.6267806887626648
42,1,c 9,d4,scale_1.0_rot_270_flip_0,0.6944711208343506,0.06315290927886963,0.24237602949142456
42,1,800 ppm 3 3,d4,scale_1.0_rot_270_flip_0,0.011761621572077274,0.09109368920326233,0.8971446752548218
42,1,800 ppm 2 9,d4,scale_1.0_rot_270_flip_0,0.04830966144800186,0.019148847088217735,0.9325414896011353
42,1,600 ppm 2 9,d4,scale_1.0_rot_270_flip_0,0.029920928180217743,0.14396469295024872,0.8261143565177917
42,1,400 ppm 2 10,d4,scale_1.0_rot_270_flip_0,0.0484735369682312,0.4344349503517151,0.5170915126800537
42,1,800 ppm 4 7,d4,scale_1.0_rot_270_flip_0,0.3032284080982208,0.11732814460992813,0.5794434547424316
42,1,1000 ppm 2 7,d4,scale_1.0_rot_270_flip_0,0.09718196839094162,0.7581568956375122,0.14466114342212677
42,1,800 ppm 5 9,d4,scale_1.0_rot_270_flip_0,0.3740648925304413,0.3367396891117096,0.2891954481601715
42,1,600 ppm 3 6,d4,scale_1.0_rot_270_flip_0,0.2152392566204071,0.7167049050331116,0.06805587559938431
42,1,1000 ppm 1 5,d4,scale_1.0_rot_270_flip_0,0.3077333867549896,0.22560232877731323,0.46666428446769714
42,1,600 ppm 5 10,d4,scale_1.0_rot_270_flip_0,0.26480868458747864,0.6037430167198181,0.13144829869270325
42,1,600 ppm 2 5,d4,scale_1.0_rot_270_flip_0,0.005540181417018175,0.045681074261665344,0.9487788081169128
42,1,800 ppm 1 10,d4,scale_1.0_rot_270_flip_0,0.052973635494709015,0.12580625712871552,0.8212200999259949
42,1,1000 ppm 3 8,d4,scale_1.0_rot_270_flip_0,0.11903394013643265,0.17890894412994385,0.7020571231842041
42,1,800 ppm 2 3,d4,scale_1.0_rot_270_flip_0,0.09665565937757492,0.12206431478261948,0.7812800407409668
42,1,1000 ppm 5 7,d4,scale_1.0_rot_270_flip_0,0.2764926254749298,0.21218553185462952,0.5113218426704407
42,1,400 ppm 1 3,d4,scale_1.0_rot_270_flip_0,0.08785299211740494,0.04999489337205887,0.862152099609375
42,1,800 ppm 4 6,d4,scale_1.0_rot_270_flip_0,0.21843087673187256,0.4457933306694031,0.33577582240104675
42,1,600 ppm 5 4,d4,scale_1.0_rot_270_flip_0,0.4142407774925232,0.2546124756336212,0.3311467468738556
42,1,400 ppm 2 7,d4,scale_1.0_rot_270_flip_0,0.08006038516759872,0.5521473288536072,0.3677922487258911
42,1,1000 ppm 5 9,d4,scale_1.0_rot_270_flip_0,0.028366228565573692,0.25519460439682007,0.7164391279220581
42,1,400 ppm 5 8,d4,scale_1.0_rot_270_flip_0,0.05546542629599571,0.06441300362348557,0.8801215291023254
42,1,c 4,d4,scale_1.0_rot_270_flip_0,0.7004351615905762,0.05822499841451645,0.24133984744548798
42,1,1000 ppm 1 8,d4,scale_1.0_rot_270_flip_0,0.13898959755897522,0.3657947778701782,0.49521562457084656
42,1,c 3,d4,scale_1.0_rot_270_flip_0,0.5019897818565369,0.0743076279759407,0.42370253801345825
42,1,800 ppm 1 9,d4,scale_1.0_rot_270_flip_0,0.06919661164283752,0.19652695953845978,0.7342764735221863
42,1,1000 ppm 3 2,d4,scale_1.0_rot_270_flip_0,0.17545656859874725,0.21386374533176422,0.6106796860694885
42,1,1000 ppm 5 4,d4,scale_1.0_rot_270_flip_0,0.04340571165084839,0.09192501753568649,0.8646692037582397
42,1,1000 ppm 3 5,d4,scale_1.0_rot_270_flip_0,0.1253841370344162,0.4128574728965759,0.46175840497016907
42,1,800 ppm 1 4,d4,scale_1.0_rot_270_flip_0,0.04185463860630989,0.11887817084789276,0.8392671942710876
42,1,1000 ppm 1 7,d4,scale_1.0_rot_270_flip_0,0.06093365699052811,0.037627771496772766,0.9014385938644409
42,1,1000 ppm 3 4,d4,scale_1.0_rot_270_flip_0,0.4015953838825226,0.08850251138210297,0.5099021196365356
42,1,400 ppm 5 1,d4,scale_1.0_rot_270_flip_0,0.39860600233078003,0.5175008177757263,0.08389319479465485
42,1,1000 ppm 2 4,d4,scale_1.0_rot_270_flip_0,0.2040548175573349,0.25804877281188965,0.5378963947296143
42,1,600 ppm 5 5,d4,scale_1.0_rot_270_flip_1,0.7594055533409119,0.043939560651779175,0.19665485620498657
42,1,1000 ppm 4 3,d4,scale_1.0_rot_270_flip_1,0.07885421067476273,0.1262945830821991,0.7948512434959412
42,1,1000 ppm 3 9,d4,scale_1.0_rot_270_flip_1,0.05999109894037247,0.22174900770187378,0.7182599306106567
42,1,1000 ppm 3 10,d4,scale_1.0_rot_270_flip_1,0.12989090383052826,0.16111399233341217,0.7089951634407043
42,1,600 ppm 3 7,d4,scale_1.0_rot_270_flip_1,0.15399180352687836,0.4913918972015381,0.35461628437042236
42,1,800 ppm 5 7,d4,scale_1.0_rot_270_flip_1,0.03593134880065918,0.039198391139507294,0.9248701930046082
42,1,400 ppm 4 4,d4,scale_1.0_rot_270_flip_1,0.3822828531265259,0.20727890729904175,0.41043826937675476
42,1,800 ppm 2 8,d4,scale_1.0_rot_270_flip_1,0.19994419813156128,0.19641686975955963,0.6036388874053955
42,1,400 ppm 3 2,d4,scale_1.0_rot_270_flip_1,0.3723360002040863,0.17181043326854706,0.4558536112308502
42,1,800 ppm 3 9,d4,scale_1.0_rot_270_flip_1,0.18236832320690155,0.12456636875867844,0.6930652856826782
42,1,1000 ppm 5 1,d4,scale_1.0_rot_270_flip_1,0.09798864275217056,0.2941245138645172,0.6078868508338928
42,1,800 ppm 4 5,d4,scale_1.0_rot_270_flip_1,0.0742533728480339,0.2689015865325928,0.6568450927734375
42,1,800 ppm 2 1,d4,scale_1.0_rot_270_flip_1,0.3466118276119232,0.2191610038280487,0.43422722816467285
42,1,400 ppm 1 5,d4,scale_1.0_rot_270_flip_1,0.10824192315340042,0.05499320849776268,0.8367648720741272
42,1,400 ppm 4 8,d4,scale_1.0_rot_270_flip_1,0.28509828448295593,0.2769680321216583,0.43793365359306335
42,1,800 ppm 3 4,d4,scale_1.0_rot_270_flip_1,0.14671799540519714,0.1993899941444397,0.6538919806480408
42,1,1000 ppm 2 1,d4,scale_1.0_rot_270_flip_1,0.1967816799879074,0.6649602055549622,0.13825814425945282
42,1,400 ppm 3 10,d4,scale_1.0_rot_270_flip_1,0.6125767827033997,0.21836364269256592,0.1690596044063568
42,1,1000 ppm 3 3,d4,scale_1.0_rot_270_flip_1,0.18500284850597382,0.14486905932426453,0.6701281070709229
42,1,c 9,d4,scale_1.0_rot_270_flip_1,0.7321567535400391,0.06623167544603348,0.20161159336566925
42,1,800 ppm 3 3,d4,scale_1.0_rot_270_flip_1,0.015032704919576645,0.10336563736200333,0.8816016316413879
42,1,800 ppm 2 9,d4,scale_1.0_rot_270_flip_1,0.04226955026388168,0.019631780683994293,0.938098669052124
42,1,600 ppm 2 9,d4,scale_1.0_rot_270_flip_1,0.031865909695625305,0.14286372065544128,0.8252703547477722
42,1,400 ppm 2 10,d4,scale_1.0_rot_270_flip_1,0.049494076520204544,0.46769601106643677,0.4828099310398102
42,1,800 ppm 4 7,d4,scale_1.0_rot_270_flip_1,0.2916027307510376,0.13368608057498932,0.5747112035751343
42,1,1000 ppm 2 7,d4,scale_1.0_rot_270_flip_1,0.09965561330318451,0.6565757393836975,0.24376866221427917
42,1,800 ppm 5 9,d4,scale_1.0_rot_270_flip_1,0.24476511776447296,0.353071928024292,0.40216299891471863
42,1,600 ppm 3 6,d4,scale_1.0_rot_270_flip_1,0.19127389788627625,0.7486258149147034,0.06010032817721367
42,1,1000 ppm 1 5,d4,scale_1.0_rot_270_flip_1,0.28446054458618164,0.16065743565559387,0.5548820495605469
42,1,600 ppm 5 10,d4,scale_1.0_rot_270_flip_1,0.34216272830963135,0.4683989882469177,0.18943825364112854
42,1,600 ppm 2 5,d4,scale_1.0_rot_270_flip_1,0.007163939997553825,0.062493838369846344,0.9303421974182129
42,1,800 ppm 1 10,d4,scale_1.0_rot_270_flip_1,0.05621038004755974,0.07511907070875168,0.868670642375946
42,1,1000 ppm 3 8,d4,scale_1.0_rot_270_flip_1,0.15119263529777527,0.24543161690235138,0.6033757328987122
42,1,800 ppm 2 3,d4,scale_1.0_rot_270_flip_1,0.10923353582620621,0.11158250272274017,0.7791839838027954
42,1,1000 ppm 5 7,d4,scale_1.0_rot_270_flip_1,0.27841830253601074,0.22152142226696014,0.5000602602958679
42,1,400 ppm 1 3,d4,scale_1.0_rot_270_flip_1,0.14062422513961792,0.11758596450090408,0.7417898178100586
42,1,800 ppm 4 6,d4,scale_1.0_rot_270_flip_1,0.19455251097679138,0.4424082934856415,0.36303919553756714
42,1,600 ppm 5 4,d4,scale_1.0_rot_270_flip_1,0.41454699635505676,0.27670812606811523,0.3087449073791504
42,1,400 ppm 2 7,d4,scale_1.0_rot_270_flip_1,0.08699584007263184,0.5413517951965332,0.3716523349285126
42,1,1000 ppm 5 9,d4,scale_1.0_rot_270_flip_1,0.017558326944708824,0.13569694757461548,0.8467447757720947
42,1,400 ppm 5 8,d4,scale_1.0_rot_270_flip_1,0.07911887019872665,0.05886863172054291,0.8620124459266663
42,1,c 4,d4,scale_1.0_rot_270_flip_1,0.7771485447883606,0.04432831332087517,0.17852312326431274
42,1,1000 ppm 1 8,d4,scale_1.0_rot_270_flip_1,0.18993262946605682,0.41951489448547363,0.39055243134498596
42,1,c 3,d4,scale_1.0_rot_270_flip_1,0.5026229619979858,0.09252456575632095,0.4048524498939514
42,1,800 ppm 1 9,d4,scale_1.0_rot_270_flip_1,0.04470297321677208,0.18550220131874084,0.7697948813438416
42,1,1000 ppm 3 2,d4,scale_1.0_rot_270_flip_1,0.19972965121269226,0.2894495725631714,0.5108208060264587
42,1,1000 ppm 5 4,d4,scale_1.0_rot_270_flip_1,0.05825725942850113,0.0743306577205658,0.8674120903015137
42,1,1000 ppm 3 5,d4,scale_1.0_rot_270_flip_1,0.10192357003688812,0.5429599285125732,0.3551165461540222
42,1,800 ppm 1 4,d4,scale_1.0_rot_270_flip_1,0.05078612267971039,0.17240366339683533,0.7768101096153259
42,1,1000 ppm 1 7,d4,scale_1.0_rot_270_flip_1,0.061828091740608215,0.04903102293610573,0.8891408443450928
42,1,1000 ppm 3 4,d4,scale_1.0_rot_270_flip_1,0.39986541867256165,0.069829061627388,0.5303055644035339
42,1,400 ppm 5 1,d4,scale_1.0_rot_270_flip_1,0.3711877465248108,0.5384286046028137,0.09038359671831131
42,1,1000 ppm 2 4,d4,scale_1.0_rot_270_flip_1,0.16931115090847015,0.31368914246559143,0.5169997215270996
42,1,600 ppm 5 5,scale,scale_1.0_rot_0_flip_0,0.8576175570487976,0.059133950620889664,0.0832485482096672
42,1,1000 ppm 4 3,scale,scale_1.0_rot_0_flip_0,0.14647962152957916,0.20761926472187042,0.6459012031555176
42,1,1000 ppm 3 9,scale,scale_1.0_rot_0_flip_0,0.04879070445895195,0.21574793756008148,0.735461413860321
42,1,1000 ppm 3 10,scale,scale_1.0_rot_0_flip_0,0.1404523104429245,0.4938299357891083,0.3657177686691284
42,1,600 ppm 3 7,scale,scale_1.0_rot_0_flip_0,0.23761142790317535,0.6380325555801392,0.1243559867143631
42,1,800 ppm 5 7,scale,scale_1.0_rot_0_flip_0,0.21809877455234528,0.2806883752346039,0.5012128353118896
42,1,400 ppm 4 4,scale,scale_1.0_rot_0_flip_0,0.5229372978210449,0.1533048301935196,0.32375791668891907
42,1,800 ppm 2 8,scale,scale_1.0_rot_0_flip_0,0.23595471680164337,0.6310604214668274,0.13298484683036804
42,1,400 ppm 3 2,scale,scale_1.0_rot_0_flip_0,0.6930844783782959,0.19040268659591675,0.11651281267404556
42,1,800 ppm 3 9,scale,scale_1.0_rot_0_flip_0,0.5515708327293396,0.10830044746398926,0.34012869000434875
42,1,1000 ppm 5 1,scale,scale_1.0_rot_0_flip_0,0.15048038959503174,0.7868475317955017,0.06267213076353073
42,1,800 ppm 4 5,scale,scale_1.0_rot_0_flip_0,0.2523086369037628,0.4951406717300415,0.25255072116851807
42,1,800 ppm 2 1,scale,scale_1.0_rot_0_flip_0,0.4165378510951996,0.30621078610420227,0.27725136280059814
42,1,400 ppm 1 5,scale,scale_1.0_rot_0_flip_0,0.5288330316543579,0.213148832321167,0.2580181062221527
42,1,400 ppm 4 8,scale,scale_1.0_rot_0_flip_0,0.509874165058136,0.2531326711177826,0.23699314892292023
42,1,800 ppm 3 4,scale,scale_1.0_rot_0_flip_0,0.20592041313648224,0.3900895416736603,0.4039899706840515
42,1,1000 ppm 2 1,scale,scale_1.0_rot_0_flip_0,0.18552479147911072,0.7951077818870544,0.01936742290854454
42,1,400 ppm 3 10,scale,scale_1.0_rot_0_flip_0,0.6109861731529236,0.2965812683105469,0.09243257343769073
42,1,1000 ppm 3 3,scale,scale_1.0_rot_0_flip_0,0.4445591866970062,0.3545396029949188,0.20090122520923615
42,1,c 9,scale,scale_1.0_rot_0_flip_0,0.9348200559616089,0.04047618433833122,0.02470376342535019
42,1,800 ppm 3 3,scale,scale_1.0_rot_0_flip_0,0.025167115032672882,0.20084033906459808,0.7739924788475037
42,1,800 ppm 2 9,scale,scale_1.0_rot_0_flip_0,0.05230656638741493,0.12218472361564636,0.825508713722229
42,1,600 ppm 2 9,scale,scale_1.0_rot_0_flip_0,0.07246314734220505,0.2511235177516937,0.676413357257843
42,1,400 ppm 2 10,scale,scale_1.0_rot_0_flip_0,0.14574193954467773,0.6302398443222046,0.22401821613311768
42,1,800 ppm 4 7,scale,scale_1.0_rot_0_flip_0,0.6572060585021973,0.20299147069454193,0.1398024708032608
42,1,1000 ppm 2 7,scale,scale_1.0_rot_0_flip_0,0.16436047852039337,0.717028021812439,0.11861152946949005
42,1,800 ppm 5 9,scale,scale_1.0_rot_0_flip_0,0.37214380502700806,0.280610591173172,0.34724563360214233
42,1,600 ppm 3 6,scale,scale_1.0_rot_0_flip_0,0.21611905097961426,0.6827548742294312,0.10112607479095459
42,1,1000 ppm 1 5,scale,scale_1.0_rot_0_flip_0,0.3744358718395233,0.17247940599918365,0.4530847668647766
42,1,600 ppm 5 10,scale,scale_1.0_rot_0_flip_0,0.2902209758758545,0.6450095772743225,0.06476946920156479
42,1,600 ppm 2 5,scale,scale_1.0_rot_0_flip_0,0.01043776422739029,0.0935666561126709,0.895995557308197
42,1,800 ppm 1 10,scale,scale_1.0_rot_0_flip_0,0.14348872005939484,0.12731163203716278,0.7291995882987976
42,1,1000 ppm 3 8,scale,scale_1.0_rot_0_flip_0,0.30941227078437805,0.26950156688690186,0.4210861027240753
42,1,800 ppm 2 3,scale,scale_1.0_rot_0_flip_0,0.32317277789115906,0.2947365641593933,0.38209065794944763
42,1,1000 ppm 5 7,scale,scale_1.0_rot_0_flip_0,0.5206083655357361,0.19004176557064056,0.28934991359710693
42,1,400 ppm 1 3,scale,scale_1.0_rot_0_flip_0,0.18918955326080322,0.11497417092323303,0.6958363056182861
42,1,800 ppm 4 6,scale,scale_1.0_rot_0_flip_0,0.28682252764701843,0.6458585858345032,0.0673188865184784
42,1,600 ppm 5 4,scale,scale_1.0_rot_0_flip_0,0.48721936345100403,0.28430500626564026,0.2284756749868393
42,1,400 ppm 2 7,scale,scale_1.0_rot_0_flip_0,0.059925176203250885,0.8343062996864319,0.10576850920915604
42,1,1000 ppm 5 9,scale,scale_1.0_rot_0_flip_0,0.06052058935165405,0.5599781274795532,0.37950125336647034
42,1,400 ppm 5 8,scale,scale_1.0_rot_0_flip_0,0.25597381591796875,0.2391263246536255,0.5048998594284058
42,1,c 4,scale,scale_1.0_rot_0_flip_0,0.9375609159469604,0.04503493010997772,0.017404040321707726
42,1,1000 ppm 1 8,scale,scale_1.0_rot_0_flip_0,0.2994656264781952,0.5342556834220886,0.1662786602973938
42,1,c 3,scale,scale_1.0_rot_0_flip_0,0.7412415146827698,0.11743447929620743,0.14132393896579742
42,1,800 ppm 1 9,scale,scale_1.0_rot_0_flip_0,0.12905290722846985,0.5562299489974976,0.314717173576355
42,1,1000 ppm 3 2,scale,scale_1.0_rot_0_flip_0,0.48413553833961487,0.21804839372634888,0.29781606793403625
42,1,1000 ppm 5 4,scale,scale_1.0_rot_0_flip_0,0.2248365730047226,0.18584467470645905,0.5893187522888184
42,1,1000 ppm 3 5,scale,scale_1.0_rot_0_flip_0,0.27365192770957947,0.5667627453804016,0.15958528220653534
42,1,800 ppm 1 4,scale,scale_1.0_rot_0_flip_0,0.08276402950286865,0.34815114736557007,0.5690847635269165
42,1,1000 ppm 1 7,scale,scale_1.0_rot_0_flip_0,0.04605387523770332,0.022264113649725914,0.9316820502281189
42,1,1000 ppm 3 4,scale,scale_1.0_rot_0_flip_0,0.6880151629447937,0.17326697707176208,0.1387178897857666
42,1,400 ppm 5 1,scale,scale_1.0_rot_0_flip_0,0.621111273765564,0.366784930229187,0.012103806249797344
42,1,1000 ppm 2 4,scale,scale_1.0_rot_0_flip_0,0.34848716855049133,0.4722265601158142,0.17928628623485565
42,1,600 ppm 5 5,scale,scale_1.25_rot_0_flip_0,0.6936466693878174,0.17138655483722687,0.13496677577495575
42,1,1000 ppm 4 3,scale,scale_1.25_rot_0_flip_0,0.27664026618003845,0.31581953167915344,0.4075401723384857
42,1,1000 ppm 3 9,scale,scale_1.25_rot_0_flip_0,0.03795476630330086,0.19141234457492828,0.7706329226493835
42,1,1000 ppm 3 10,scale,scale_1.25_rot_0_flip_0,0.1630832999944687,0.5680968761444092,0.2688198387622833
42,1,600 ppm 3 7,scale,scale_1.25_rot_0_flip_0,0.13687242567539215,0.7552109360694885,0.10791659355163574
42,1,800 ppm 5 7,scale,scale_1.25_rot_0_flip_0,0.10835766047239304,0.2552269697189331,0.6364153623580933
42,1,400 ppm 4 4,scale,scale_1.25_rot_0_flip_0,0.46004921197891235,0.20078054070472717,0.3391702473163605
42,1,800 ppm 2 8,scale,scale_1.25_rot_0_flip_0,0.14810362458229065,0.7240634560585022,0.12783293426036835
42,1,400 ppm 3 2,scale,scale_1.25_rot_0_flip_0,0.6578203439712524,0.22399821877479553,0.1181814968585968
42,1,800 ppm 3 9,scale,scale_1.25_rot_0_flip_0,0.5098045468330383,0.10292642563581467,0.3872690200805664
42,1,1000 ppm 5 1,scale,scale_1.25_rot_0_flip_0,0.1720442771911621,0.7618908286094666,0.06606484204530716
42,1,800 ppm 4 5,scale,scale_1.25_rot_0_flip_0,0.135936439037323,0.5084851384162903,0.3555784523487091
42,1,800 ppm 2 1,scale,scale_1.25_rot_0_flip_0,0.20387740433216095,0.3763861060142517,0.41973650455474854
42,1,400 ppm 1 5,scale,scale_1.25_rot_0_flip_0,0.542624831199646,0.22925758361816406,0.22811764478683472
42,1,400 ppm 4 8,scale,scale_1.25_rot_0_flip_0,0.5057722926139832,0.33684688806533813,0.1573808342218399
42,1,800 ppm 3 4,scale,scale_1.25_rot_0_flip_0,0.2015383541584015,0.4479866027832031,0.35047513246536255
42,1,1000 ppm 2 1,scale,scale_1.25_rot_0_flip_0,0.2875354290008545,0.7018061876296997,0.010658391751348972
42,1,400 ppm 3 10,scale,scale_1.25_rot_0_flip_0,0.553229808807373,0.3763643801212311,0.07040579617023468
42,1,1000 ppm 3 3,scale,scale_1.25_rot_0_flip_0,0.24533942341804504,0.442685604095459,0.31197500228881836
42,1,c 9,scale,scale_1.25_rot_0_flip_0,0.9068779349327087,0.07357669621706009,0.01954539120197296
42,1,800 ppm 3 3,scale,scale_1.25_rot_0_flip_0,0.06659849733114243,0.4022297263145447,0.5311717391014099
42,1,800 ppm 2 9,scale,scale_1.25_rot_0_flip_0,0.0318414643406868,0.0756995752453804,0.8924589157104492
42,1,600 ppm 2 9,scale,scale_1.25_rot_0_flip_0,0.1020948737859726,0.25847071409225464,0.6394343972206116
42,1,400 ppm 2 10,scale,scale_1.25_rot_0_flip_0,0.1043924018740654,0.6909000277519226,0.2047075480222702
42,1,800 ppm 4 7,scale,scale_1.25_rot_0_flip_0,0.5171349048614502,0.27667564153671265,0.20618949830532074
42,1,1000 ppm 2 7,scale,scale_1.25_rot_0_flip_0,0.17457620799541473,0.7273032069206238,0.09812061488628387
42,1,800 ppm 5 9,scale,scale_1.25_rot_0_flip_0,0.34138405323028564,0.29995259642601013,0.35866332054138184
42,1,600 ppm 3 6,scale,scale_1.25_rot_0_flip_0,0.22039690613746643,0.6894749999046326,0.09012804925441742
42,1,1000 ppm 1 5,scale,scale_1.25_rot_0_flip_0,0.26285773515701294,0.1521044224500656,0.5850378274917603
42,1,600 ppm 5 10,scale,scale_1.25_rot_0_flip_0,0.2368796020746231,0.7277446389198303,0.035375695675611496
42,1,600 ppm 2 5,scale,scale_1.25_rot_0_flip_0,0.011739235371351242,0.1185251846909523,0.8697355389595032
42,1,800 ppm 1 10,scale,scale_1.25_rot_0_flip_0,0.1721191257238388,0.15065087378025055,0.6772300601005554
42,1,1000 ppm 3 8,scale,scale_1.25_rot_0_flip_0,0.2871790826320648,0.36068710684776306,0.3521338105201721
42,1,800 ppm 2 3,scale,scale_1.25_rot_0_flip_0,0.24564886093139648,0.4273158311843872,0.3270353078842163
42,1,1000 ppm 5 7,scale,scale_1.25_rot_0_flip_0,0.5531587600708008,0.21120503544807434,0.23563621938228607
42,1,400 ppm 1 3,scale,scale_1.25_rot_0_flip_0,0.24816928803920746,0.17654746770858765,0.5752832889556885
42,1,800 ppm 4 6,scale,scale_1.25_rot_0_flip_0,0.30543315410614014,0.5962609052658081,0.09830595552921295
42,1,600 ppm 5 4,scale,scale_1.25_rot_0_flip_0,0.31366240978240967,0.41816195845603943,0.2681756615638733
42,1,400 ppm 2 7,scale,scale_1.25_rot_0_flip_0,0.09293025732040405,0.7993982434272766,0.10767149925231934
42,1,1000 ppm 5 9,scale,scale_1.25_rot_0_flip_0,0.09922076016664505,0.43384474515914917,0.4669345021247864
42,1,400 ppm 5 8,scale,scale_1.25_rot_0_flip_0,0.19342978298664093,0.2469983845949173,0.5595718026161194
42,1,c 4,scale,scale_1.25_rot_0_flip_0,0.9286246299743652,0.04917559772729874,0.02219976857304573
42,1,1000 ppm 1 8,scale,scale_1.25_rot_0_flip_0,0.35728830099105835,0.5606684684753418,0.08204327523708344
42,1,c 3,scale,scale_1.25_rot_0_flip_0,0.6896726489067078,0.1316511631011963,0.17867612838745117
42,1,800 ppm 1 9,scale,scale_1.25_rot_0_flip_0,0.13629353046417236,0.65328449010849,0.21042200922966003
42,1,1000 ppm 3 2,scale,scale_1.25_rot_0_flip_0,0.6342145204544067,0.1399756520986557,0.22580979764461517
42,1,1000 ppm 5 4,scale,scale_1.25_rot_0_flip_0,0.23165057599544525,0.28628963232040405,0.4820598065853119
42,1,1000 ppm 3 5,scale,scale_1.25_rot_0_flip_0,0.1869267225265503,0.693270742893219,0.1198025494813919
42,1,800 ppm 1 4,scale,scale_1.25_rot_0_flip_0,0.06174655631184578,0.3825203478336334,0.5557330846786499
42,1,1000 ppm 1 7,scale,scale_1.25_rot_0_flip_0,0.03244124352931976,0.03353701904416084,0.9340217113494873
42,1,1000 ppm 3 4,scale,scale_1.25_rot_0_flip_0,0.5769379734992981,0.24879077076911926,0.17427121102809906
42,1,400 ppm 5 1,scale,scale_1.25_rot_0_flip_0,0.606544554233551,0.37865811586380005,0.014797346666455269
42,1,1000 ppm 2 4,scale,scale_1.25_rot_0_flip_0,0.2771944999694824,0.48315995931625366,0.23964546620845795
42,2,800 ppm 4 4,single,scale_1.0_rot_0_flip_0,0.26722994446754456,0.3216443657875061,0.41112565994262695
42,2,400 ppm 1 10,single,scale_1.0_rot_0_flip_0,0.3393326699733734,0.17936091125011444,0.48130637407302856
42,2,c 8,single,scale_1.0_rot_0_flip_0,0.8845312595367432,0.08340434730052948,0.032064374536275864
42,2,800 ppm 5 8,single,scale_1.0_rot_0_flip_0,0.23958462476730347,0.6477506756782532,0.11266469955444336
42,2,600 ppm 3 4,single,scale_1.0_rot_0_flip_0,0.3237535357475281,0.4959665834903717,0.18027988076210022
42,2,1000 ppm 2 10,single,scale_1.0_rot_0_flip_0,0.2917872369289398,0.4055810570716858,0.302631676197052
42,2,800 ppm 3 1,single,scale_1.0_rot_0_flip_0,0.4618176817893982,0.22504909336566925,0.313133180141449
42,2,400 ppm 4 3,single,scale_1.0_rot_0_flip_0,0.5837580561637878,0.1554332822561264,0.2608085870742798
42,2,600 ppm 1 2,single,scale_1.0_rot_0_flip_0,0.14345411956310272,0.6964587569236755,0.16008713841438293
42,2,400 ppm 3 7,single,scale_1.0_rot_0_flip_0,0.7519334554672241,0.06259141862392426,0.185475155711174
42,2,600 ppm 2 10,single,scale_1.0_rot_0_flip_0,0.050727564841508865,0.08073089271783829,0.8685414791107178
42,2,800 ppm 5 5,single,scale_1.0_rot_0_flip_0,0.1379140317440033,0.20603172481060028,0.6560541987419128
42,2,400 ppm 5 2,single,scale_1.0_rot_0_flip_0,0.5689868330955505,0.33389943838119507,0.09711368381977081
42,2,800 ppm 1 2,single,scale_1.0_rot_0_flip_0,0.06486223638057709,0.20048128068447113,0.7346564531326294
42,2,600 ppm 3 5,single,scale_1.0_rot_0_flip_0,0.3404676616191864,0.5151117444038391,0.1444205492734909
42,2,800 ppm 2 5,single,scale_1.0_rot_0_flip_0,0.5501163005828857,0.4058927297592163,0.04399096593260765
42,2,1000 ppm 5 3,single,scale_1.0_rot_0_flip_0,0.45596247911453247,0.34854331612586975,0.19549421966075897
42,2,400 ppm 5 10,single,scale_1.0_rot_0_flip_0,0.0776933953166008,0.07901906222105026,0.843287467956543
42,2,1000 ppm 2 5,single,scale_1.0_rot_0_flip_0,0.26621541380882263,0.4259944558143616,0.3077901303768158
42,2,400 ppm 2 4,single,scale_1.0_rot_0_flip_0,0.4419310986995697,0.20665457844734192,0.351414293050766
42,2,600 ppm 4 6,single,scale_1.0_rot_0_flip_0,0.6999419927597046,0.1543961465358734,0.14566189050674438
42,2,c 6,single,scale_1.0_rot_0_flip_0,0.8596838116645813,0.06595969200134277,0.0743565708398819
42,2,800 ppm 1 7,single,scale_1.0_rot_0_flip_0,0.08248089253902435,0.7522934675216675,0.16522566974163055
42,2,1000 ppm 5 2,single,scale_1.0_rot_0_flip_0,0.25705686211586,0.41078951954841614,0.3321536183357239
42,2,600 ppm 2 1,single,scale_1.0_rot_0_flip_0,0.061578936874866486,0.15857799351215363,0.7798430323600769
42,2,400 ppm 4 1,single,scale_1.0_rot_0_flip_0,0.5357267260551453,0.31231099367141724,0.1519622653722763
42,2,600 ppm 4 4,single,scale_1.0_rot_0_flip_0,0.157180055975914,0.2740742862224579,0.5687456130981445
42,2,600 ppm 2 8,single,scale_1.0_rot_0_flip_0,0.32229939103126526,0.5677109360694885,0.109989695250988
42,2,400 ppm 1 6,single,scale_1.0_rot_0_flip_0,0.3669384717941284,0.553103506565094,0.07995804399251938
42,2,1000 ppm 4 9,single,scale_1.0_rot_0_flip_0,0.0371825285255909,0.03494644537568092,0.9278711080551147
42,2,400 ppm 3 9,single,scale_1.0_rot_0_flip_0,0.4412609040737152,0.3882000148296356,0.17053905129432678
42,2,600 ppm 2 6,single,scale_1.0_rot_0_flip_0,0.016779599711298943,0.024110862985253334,0.9591094255447388
42,2,600 ppm 4 5,single,scale_1.0_rot_0_flip_0,0.11962912976741791,0.3047332763671875,0.5756376385688782
42,2,600 ppm 4 9,single,scale_1.0_rot_0_flip_0,0.24506105482578278,0.24520015716552734,0.5097388029098511
42,2,400 ppm 2 9,single,scale_1.0_rot_0_flip_0,0.5681690573692322,0.27795666456222534,0.15387436747550964
42,2,800 ppm 1 1,single,scale_1.0_rot_0_flip_0,0.2502953112125397,0.19919392466545105,0.550510823726654
42,2,1000 ppm 4 5,single,scale_1.0_rot_0_flip_0,0.30528202652931213,0.2341783046722412,0.46053963899612427
42,2,1000 ppm 1 1,single,scale_1.0_rot_0_flip_0,0.2350408434867859,0.15997421741485596,0.6049849987030029
42,2,600 ppm 1 8,single,scale_1.0_rot_0_flip_0,0.669585108757019,0.1991068422794342,0.13130806386470795
42,2,600 ppm 5 7,single,scale_1.0_rot_0_flip_0,0.5442662239074707,0.3250975012779236,0.13063623011112213
42,2,1000 ppm 2 8,single,scale_1.0_rot_0_flip_0,0.017346827313303947,0.14634232223033905,0.836310863494873
42,2,600 ppm 1 5,single,scale_1.0_rot_0_flip_0,0.2821924090385437,0.5902613401412964,0.1275462657213211
42,2,600 ppm 1 9,single,scale_1.0_rot_0_flip_0,0.2847682535648346,0.47707608342170715,0.23815563321113586
42,2,600 ppm 2 2,single,scale_1.0_rot_0_flip_0,0.09927527606487274,0.14112520217895508,0.759599506855011
42,2,600 ppm 5 2,single,scale_1.0_rot_0_flip_0,0.5416070818901062,0.1479516625404358,0.310441255569458
42,2,800 ppm 4 9,single,scale_1.0_rot_0_flip_0,0.34019607305526733,0.4710976183414459,0.18870630860328674
42,2,600 ppm 2 4,single,scale_1.0_rot_0_flip_0,0.09682127088308334,0.11843477934598923,0.7847439050674438
42,2,600 ppm 4 7,single,scale_1.0_rot_0_flip_0,0.4091930091381073,0.17540551722049713,0.41540151834487915
42,2,1000 ppm 5 8,single,scale_1.0_rot_0_flip_0,0.2958467900753021,0.31280893087387085,0.39134424924850464
42,2,600 ppm 5 3,single,scale_1.0_rot_0_flip_0,0.13066965341567993,0.23888316750526428,0.6304472088813782
42,2,1000 ppm 4 4,single,scale_1.0_rot_0_flip_0,0.1684054285287857,0.23164793848991394,0.5999466180801392
42,2,1000 ppm 4 7,single,scale_1.0_rot_0_flip_0,0.06633938103914261,0.12611155211925507,0.8075490593910217
42,2,800 ppm 4 4,d4,scale_1.0_rot_0_flip_0,0.26722994446754456,0.3216443657875061,0.41112565994262695
42,2,400 ppm 1 10,d4,scale_1.0_rot_0_flip_0,0.3393326699733734,0.17936091125011444,0.48130637407302856
42,2,c 8,d4,scale_1.0_rot_0_flip_0,0.8845312595367432,0.08340434730052948,0.032064374536275864
42,2,800 ppm 5 8,d4,scale_1.0_rot_0_flip_0,0.23958462476730347,0.6477506756782532,0.11266469955444336
42,2,600 ppm 3 4,d4,scale_1.0_rot_0_flip_0,0.3237535357475281,0.4959665834903717,0.18027988076210022
42,2,1000 ppm 2 10,d4,scale_1.0_rot_0_flip_0,0.2917872369289398,0.4055810570716858,0.302631676197052
42,2,800 ppm 3 1,d4,scale_1.0_rot_0_flip_0,0.4618176817893982,0.22504909336566925,0.313133180141449
42,2,400 ppm 4 3,d4,scale_1.0_rot_0_flip_0,0.5837580561637878,0.1554332822561264,0.2608085870742798
42,2,600 ppm 1 2,d4,scale_1.0_rot_0_flip_0,0.14345411956310272,0.6964587569236755,0.16008713841438293
42,2,400 ppm 3 7,d4,scale_1.0_rot_0_flip_0,0.7519334554672241,0.06259141862392426,0.185475155711174
42,2,600 ppm 2 10,d4,scale_1.0_rot_0_flip_0,0.050727564841508865,0.08073089271783829,0.8685414791107178
42,2,800 ppm 5 5,d4,scale_1.0_rot_0_flip_0,0.1379140317440033,0.20603172481060028,0.6560541987419128
42,2,400 ppm 5 2,d4,scale_1.0_rot_0_flip_0,0.5689868330955505,0.33389943838119507,0.09711368381977081
42,2,800 ppm 1 2,d4,scale_1.0_rot_0_flip_0,0.06486223638057709,0.20048128068447113,0.7346564531326294
42,2,600 ppm 3 5,d4,scale_1.0_rot_0_flip_0,0.3404676616191864,0.5151117444038391,0.1444205492734909
42,2,800 ppm 2 5,d4,scale_1.0_rot_0_flip_0,0.5501163005828857,0.4058927297592163,0.04399096593260765
42,2,1000 ppm 5 3,d4,scale_1.0_rot_0_flip_0,0.45596247911453247,0.34854331612586975,0.19549421966075897
42,2,400 ppm 5 10,d4,scale_1.0_rot_0_flip_0,0.0776933953166008,0.07901906222105026,0.843287467956543
42,2,1000 ppm 2 5,d4,scale_1.0_rot_0_flip_0,0.26621541380882263,0.4259944558143616,0.3077901303768158
42,2,400 ppm 2 4,d4,scale_1.0_rot_0_flip_0,0.4419310986995697,0.20665457844734192,0.351414293050766
42,2,600 ppm 4 6,d4,scale_1.0_rot_0_flip_0,0.6999419927597046,0.1543961465358734,0.14566189050674438
42,2,c 6,d4,scale_1.0_rot_0_flip_0,0.8596838116645813,0.06595969200134277,0.0743565708398819
42,2,800 ppm 1 7,d4,scale_1.0_rot_0_flip_0,0.08248089253902435,0.7522934675216675,0.16522566974163055
42,2,1000 ppm 5 2,d4,scale_1.0_rot_0_flip_0,0.25705686211586,0.41078951954841614,0.3321536183357239
42,2,600 ppm 2 1,d4,scale_1.0_rot_0_flip_0,0.061578936874866486,0.15857799351215363,0.7798430323600769
42,2,400 ppm 4 1,d4,scale_1.0_rot_0_flip_0,0.5357267260551453,0.31231099367141724,0.1519622653722763
42,2,600 ppm 4 4,d4,scale_1.0_rot_0_flip_0,0.157180055975914,0.2740742862224579,0.5687456130981445
42,2,600 ppm 2 8,d4,scale_1.0_rot_0_flip_0,0.32229939103126526,0.5677109360694885,0.109989695250988
42,2,400 ppm 1 6,d4,scale_1.0_rot_0_flip_0,0.3669384717941284,0.553103506565094,0.07995804399251938
42,2,1000 ppm 4 9,d4,scale_1.0_rot_0_flip_0,0.0371825285255909,0.03494644537568092,0.9278711080551147
42,2,400 ppm 3 9,d4,scale_1.0_rot_0_flip_0,0.4412609040737152,0.3882000148296356,0.17053905129432678
42,2,600 ppm 2 6,d4,scale_1.0_rot_0_flip_0,0.016779599711298943,0.024110862985253334,0.9591094255447388
42,2,600 ppm 4 5,d4,scale_1.0_rot_0_flip_0,0.11962912976741791,0.3047332763671875,0.5756376385688782
42,2,600 ppm 4 9,d4,scale_1.0_rot_0_flip_0,0.24506105482578278,0.24520015716552734,0.5097388029098511
42,2,400 ppm 2 9,d4,scale_1.0_rot_0_flip_0,0.5681690573692322,0.27795666456222534,0.15387436747550964
42,2,800 ppm 1 1,d4,scale_1.0_rot_0_flip_0,0.2502953112125397,0.19919392466545105,0.550510823726654
42,2,1000 ppm 4 5,d4,scale_1.0_rot_0_flip_0,0.30528202652931213,0.2341783046722412,0.46053963899612427
42,2,1000 ppm 1 1,d4,scale_1.0_rot_0_flip_0,0.2350408434867859,0.15997421741485596,0.6049849987030029
42,2,600 ppm 1 8,d4,scale_1.0_rot_0_flip_0,0.669585108757019,0.1991068422794342,0.13130806386470795
42,2,600 ppm 5 7,d4,scale_1.0_rot_0_flip_0,0.5442662239074707,0.3250975012779236,0.13063623011112213
42,2,1000 ppm 2 8,d4,scale_1.0_rot_0_flip_0,0.017346827313303947,0.14634232223033905,0.836310863494873
42,2,600 ppm 1 5,d4,scale_1.0_rot_0_flip_0,0.2821924090385437,0.5902613401412964,0.1275462657213211
42,2,600 ppm 1 9,d4,scale_1.0_rot_0_flip_0,0.2847682535648346,0.47707608342170715,0.23815563321113586
42,2,600 ppm 2 2,d4,scale_1.0_rot_0_flip_0,0.09927527606487274,0.14112520217895508,0.759599506855011
42,2,600 ppm 5 2,d4,scale_1.0_rot_0_flip_0,0.5416070818901062,0.1479516625404358,0.310441255569458
42,2,800 ppm 4 9,d4,scale_1.0_rot_0_flip_0,0.34019607305526733,0.4710976183414459,0.18870630860328674
42,2,600 ppm 2 4,d4,scale_1.0_rot_0_flip_0,0.09682127088308334,0.11843477934598923,0.7847439050674438
42,2,600 ppm 4 7,d4,scale_1.0_rot_0_flip_0,0.4091930091381073,0.17540551722049713,0.41540151834487915
42,2,1000 ppm 5 8,d4,scale_1.0_rot_0_flip_0,0.2958467900753021,0.31280893087387085,0.39134424924850464
42,2,600 ppm 5 3,d4,scale_1.0_rot_0_flip_0,0.13066965341567993,0.23888316750526428,0.6304472088813782
42,2,1000 ppm 4 4,d4,scale_1.0_rot_0_flip_0,0.1684054285287857,0.23164793848991394,0.5999466180801392
42,2,1000 ppm 4 7,d4,scale_1.0_rot_0_flip_0,0.06633938103914261,0.12611155211925507,0.8075490593910217
42,2,800 ppm 4 4,d4,scale_1.0_rot_0_flip_1,0.3456450402736664,0.305977463722229,0.348377525806427
42,2,400 ppm 1 10,d4,scale_1.0_rot_0_flip_1,0.3640003800392151,0.14220432937145233,0.4937952160835266
42,2,c 8,d4,scale_1.0_rot_0_flip_1,0.8779070973396301,0.08859477192163467,0.033498093485832214
42,2,800 ppm 5 8,d4,scale_1.0_rot_0_flip_1,0.20823143422603607,0.6802192330360413,0.11154930293560028
42,2,600 ppm 3 4,d4,scale_1.0_rot_0_flip_1,0.3269120752811432,0.48982053995132446,0.18326741456985474
42,2,1000 ppm 2 10,d4,scale_1.0_rot_0_flip_1,0.31886279582977295,0.37768319249153137,0.30345404148101807
42,2,800 ppm 3 1,d4,scale_1.0_rot_0_flip_1,0.5044260621070862,0.20593415200710297,0.28963977098464966
42,2,400 ppm 4 3,d4,scale_1.0_rot_0_flip_1,0.5675373077392578,0.17030999064445496,0.2621527314186096
42,2,600 ppm 1 2,d4,scale_1.0_rot_0_flip_1,0.11071529984474182,0.699439525604248,0.18984510004520416
42,2,400 ppm 3 7,d4,scale_1.0_rot_0_flip_1,0.7381121516227722,0.07289308309555054,0.18899473547935486
42,2,600 ppm 2 10,d4,scale_1.0_rot_0_flip_1,0.060277774930000305,0.07091346383094788,0.8688087463378906
42,2,800 ppm 5 5,d4,scale_1.0_rot_0_flip_1,0.14403018355369568,0.2284216284751892,0.6275482177734375
42,2,400 ppm 5 2,d4,scale_1.0_rot_0_flip_1,0.5682846903800964,0.3221876621246338,0.10952767729759216
42,2,800 ppm 1 2,d4,scale_1.0_rot_0_flip_1,0.08171261101961136,0.16168446838855743,0.756602942943573
42,2,600 ppm 3 5,d4,scale_1.0_rot_0_flip_1,0.38659781217575073,0.4672774076461792,0.14612480998039246
42,2,800 ppm 2 5,d4,scale_1.0_rot_0_flip_1,0.5210376977920532,0.4385872483253479,0.0403749980032444
42,2,1000 ppm 5 3,d4,scale_1.0_rot_0_flip_1,0.4123881161212921,0.3932726979255676,0.19433918595314026
42,2,400 ppm 5 10,d4,scale_1.0_rot_0_flip_1,0.05021234601736069,0.06642238795757294,0.883365273475647
42,2,1000 ppm 2 5,d4,scale_1.0_rot_0_flip_1,0.35638535022735596,0.4010641574859619,0.24255044758319855
42,2,400 ppm 2 4,d4,scale_1.0_rot_0_flip_1,0.5080546736717224,0.1825421005487442,0.30940327048301697
42,2,600 ppm 4 6,d4,scale_1.0_rot_0_flip_1,0.7534247040748596,0.13472355902194977,0.11185172200202942
42,2,c 6,d4,scale_1.0_rot_0_flip_1,0.8528286814689636,0.07073116302490234,0.07644018530845642
42,2,800 ppm 1 7,d4,scale_1.0_rot_0_flip_1,0.07513904571533203,0.7107552886009216,0.21410571038722992
42,2,1000 ppm 5 2,d4,scale_1.0_rot_0_flip_1,0.25788116455078125,0.44004514813423157,0.3020736575126648
42,2,600 ppm 2 1,d4,scale_1.0_rot_0_flip_1,0.0783647671341896,0.1696493923664093,0.7519858479499817
42,2,400 ppm 4 1,d4,scale_1.0_rot_0_flip_1,0.4099346697330475,0.37462565302848816,0.21543967723846436
42,2,600 ppm 4 4,d4,scale_1.0_rot_0_flip_1,0.2076299786567688,0.25889715552330017,0.5334727764129639
42,2,600 ppm 2 8,d4,scale_1.0_rot_0_flip_1,0.38300687074661255,0.5150487422943115,0.10194438695907593
42,2,400 ppm 1 6,d4,scale_1.0_rot_0_flip_1,0.38526651263237,0.517387330532074,0.09734617918729782
42,2,1000 ppm 4 9,d4,scale_1.0_rot_0_flip_1,0.022036561742424965,0.033039797097444534,0.9449235796928406
42,2,400 ppm 3 9,d4,scale_1.0_rot_0_flip_1,0.4059107005596161,0.3675633370876312,0.22652597725391388
42,2,600 ppm 2 6,d4,scale_1.0_rot_0_flip_1,0.020220741629600525,0.029313242062926292,0.9504660367965698
42,2,600 ppm 4 5,d4,scale_1.0_rot_0_flip_1,0.11451122164726257,0.3831992745399475,0.5022895336151123
42,2,600 ppm 4 9,d4,scale_1.0_rot_0_flip_1,0.18916918337345123,0.23147647082805634,0.5793542861938477
42,2,400 ppm 2 9,d4,scale_1.0_rot_0_flip_1,0.501474916934967,0.3337481617927551,0.1647769957780838
42,2,800 ppm 1 1,d4,scale_1.0_rot_0_flip_1,0.30420297384262085,0.2784730792045593,0.4173239469528198
42,2,1000 ppm 4 5,d4,scale_1.0_rot_0_flip_1,0.37713220715522766,0.2807826101779938,0.3420851528644562
42,2,1000 ppm 1 1,d4,scale_1.0_rot_0_flip_1,0.24646496772766113,0.19850264489650726,0.5550323724746704
42,2,600 ppm 1 8,d4,scale_1.0_rot_0_flip_1,0.5851613283157349,0.25112098455429077,0.16371770203113556
42,2,600 ppm 5 7,d4,scale_1.0_rot_0_flip_1,0.550798773765564,0.29813167452812195,0.15106961131095886
42,2,1000 ppm 2 8,d4,scale_1.0_rot_0_flip_1,0.015477282926440239,0.13647638261318207,0.8480464220046997
42,2,600 ppm 1 5,d4,scale_1.0_rot_0_flip_1,0.2956956923007965,0.5673736929893494,0.13693059980869293
42,2,600 ppm 1 9,d4,scale_1.0_rot_0_flip_1,0.2536723017692566,0.5660006403923035,0.18032707273960114
42,2,600 ppm 2 2,d4,scale_1.0_rot_0_flip_1,0.10405857861042023,0.11705155670642853,0.7788898348808289
42,2,600 ppm 5 2,d4,scale_1.0_rot_0_flip_1,0.5234274864196777,0.1425829380750656,0.33398956060409546
42,2,800 ppm 4 9,d4,scale_1.0_rot_0_flip_1,0.33530592918395996,0.4708707332611084,0.19382338225841522
42,2,600 ppm 2 4,d4,scale_1.0_rot_0_flip_1,0.07845038920640945,0.09568389505147934,0.8258657455444336
42,2,600 ppm 4 7,d4,scale_1.0_rot_0_flip_1,0.3691478669643402,0.14500780403614044,0.485844224691391
42,2,1000 ppm 5 8,d4,scale_1.0_rot_0_flip_1,0.18428011238574982,0.3021121919155121,0.5136077404022217
42,2,600 ppm 5 3,d4,scale_1.0_rot_0_flip_1,0.2031812071800232,0.3330174684524536,0.4638012945652008
42,2,1000 ppm 4 4,d4,scale_1.0_rot_0_flip_1,0.17439822852611542,0.15274818241596222,0.6728535890579224
42,2,1000 ppm 4 7,d4,scale_1.0_rot_0_flip_1,0.04428493604063988,0.07988733053207397,0.8758276700973511
42,2,800 ppm 4 4,d4,scale_1.0_rot_90_flip_0,0.06525273621082306,0.1594420075416565,0.7753053307533264
42,2,400 ppm 1 10,d4,scale_1.0_rot_90_flip_0,0.26879775524139404,0.06523189693689346,0.6659703850746155
42,2,c 8,d4,scale_1.0_rot_90_flip_0,0.7113243937492371,0.11742894351482391,0.17124667763710022
42,2,800 ppm 5 8,d4,scale_1.0_rot_90_flip_0,0.08466683328151703,0.4871393144130707,0.4281938970088959
42,2,600 ppm 3 4,d4,scale_1.0_rot_90_flip_0,0.1536923050880432,0.2186429500579834,0.6276646852493286
42,2,1000 ppm 2 10,d4,scale_1.0_rot_90_flip_0,0.10286997258663177,0.13733744621276855,0.7597925066947937
42,2,800 ppm 3 1,d4,scale_1.0_rot_90_flip_0,0.15907172858715057,0.07552387565374374,0.7654043436050415
42,2,400 ppm 4 3,d4,scale_1.0_rot_90_flip_0,0.39492642879486084,0.10993203520774841,0.49514150619506836
42,2,600 ppm 1 2,d4,scale_1.0_rot_90_flip_0,0.12205655127763748,0.3486400842666626,0.5293033719062805
42,2,400 ppm 3 7,d4,scale_1.0_rot_90_flip_0,0.44818323850631714,0.04901968315243721,0.5027971267700195
42,2,600 ppm 2 10,d4,scale_1.0_rot_90_flip_0,0.060964472591876984,0.04474630579352379,0.8942891955375671
42,2,800 ppm 5 5,d4,scale_1.0_rot_90_flip_0,0.09009436517953873,0.21345341205596924,0.6964522004127502
42,2,400 ppm 5 2,d4,scale_1.0_rot_90_flip_0,0.34805628657341003,0.28258514404296875,0.3693585693836212
42,2,800 ppm 1 2,d4,scale_1.0_rot_90_flip_0,0.06653722375631332,0.14977292716503143,0.7836897969245911
42,2,600 ppm 3 5,d4,scale_1.0_rot_90_flip_0,0.3166678845882416,0.3190804719924927,0.36425167322158813
42,2,800 ppm 2 5,d4,scale_1.0_rot_90_flip_0,0.4370266795158386,0.2937771677970886,0.2691962420940399
42,2,1000 ppm 5 3,d4,scale_1.0_rot_90_flip_0,0.2827015817165375,0.3644285202026367,0.3528699278831482
42,2,400 ppm 5 10,d4,scale_1.0_rot_90_flip_0,0.021194756031036377,0.012359275482594967,0.9664459824562073
42,2,1000 ppm 2 5,d4,scale_1.0_rot_90_flip_0,0.1003703698515892,0.24603727459907532,0.6535922884941101
42,2,400 ppm 2 4,d4,scale_1.0_rot_90_flip_0,0.316486120223999,0.14266496896743774,0.5408489108085632
42,2,600 ppm 4 6,d4,scale_1.0_rot_90_flip_0,0.4185991883277893,0.11563698947429657,0.4657638370990753
42,2,c 6,d4,scale_1.0_rot_90_flip_0,0.575989842414856,0.12755738198757172,0.29645270109176636
42,2,800 ppm 1 7,d4,scale_1.0_rot_90_flip_0,0.05315307527780533,0.5475273728370667,0.3993195593357086
42,2,1000 ppm 5 2,d4,scale_1.0_rot_90_flip_0,0.1917281597852707,0.24764734506607056,0.5606244802474976
42,2,600 ppm 2 1,d4,scale_1.0_rot_90_flip_0,0.044889822602272034,0.0797267034649849,0.8753835558891296
42,2,400 ppm 4 1,d4,scale_1.0_rot_90_flip_0,0.3503672778606415,0.258723646402359,0.39090901613235474
42,2,600 ppm 4 4,d4,scale_1.0_rot_90_flip_0,0.13045182824134827,0.1434834748506546,0.7260646820068359
42,2,600 ppm 2 8,d4,scale_1.0_rot_90_flip_0,0.22666217386722565,0.38536545634269714,0.3879724442958832
42,2,400 ppm 1 6,d4,scale_1.0_rot_90_flip_0,0.23586316406726837,0.25672391057014465,0.5074129700660706
42,2,1000 ppm 4 9,d4,scale_1.0_rot_90_flip_0,0.174097940325737,0.23456579446792603,0.5913363099098206
42,2,400 ppm 3 9,d4,scale_1.0_rot_90_flip_0,0.2188541144132614,0.2531979978084564,0.5279478430747986
42,2,600 ppm 2 6,d4,scale_1.0_rot_90_flip_0,0.051729246973991394,0.040063805878162384,0.9082069396972656
42,2,600 ppm 4 5,d4,scale_1.0_rot_90_flip_0,0.033183544874191284,0.15581633150577545,0.8110001683235168
42,2,600 ppm 4 9,d4,scale_1.0_rot_90_flip_0,0.06294533610343933,0.1279849261045456,0.8090696930885315
42,2,400 ppm 2 9,d4,scale_1.0_rot_90_flip_0,0.3087543547153473,0.10381422936916351,0.5874314308166504
42,2,800 ppm 1 1,d4,scale_1.0_rot_90_flip_0,0.10916857421398163,0.19792215526103973,0.692909300327301
42,2,1000 ppm 4 5,d4,scale_1.0_rot_90_flip_0,0.13238732516765594,0.13010211288928986,0.7375105619430542
42,2,1000 ppm 1 1,d4,scale_1.0_rot_90_flip_0,0.14302802085876465,0.16765442490577698,0.689317524433136
42,2,600 ppm 1 8,d4,scale_1.0_rot_90_flip_0,0.37808671593666077,0.1905032992362976,0.43140995502471924
42,2,600 ppm 5 7,d4,scale_1.0_rot_90_flip_0,0.40860578417778015,0.20136265456676483,0.3900315463542938
42,2,1000 ppm 2 8,d4,scale_1.0_rot_90_flip_0,0.0321609228849411,0.3297709822654724,0.6380680799484253
42,2,600 ppm 1 5,d4,scale_1.0_rot_90_flip_0,0.2991431653499603,0.2836360037326813,0.4172208309173584
42,2,600 ppm 1 9,d4,scale_1.0_rot_90_flip_0,0.14938920736312866,0.2774522006511688,0.5731585621833801
42,2,600 ppm 2 2,d4,scale_1.0_rot_90_flip_0,0.0344424694776535,0.07500170171260834,0.8905557990074158
42,2,600 ppm 5 2,d4,scale_1.0_rot_90_flip_0,0.1439771056175232,0.0731005147099495,0.7829223871231079
42,2,800 ppm 4 9,d4,scale_1.0_rot_90_flip_0,0.23865842819213867,0.31873613595962524,0.44260549545288086
42,2,600 ppm 2 4,d4,scale_1.0_rot_90_flip_0,0.023576907813549042,0.03110451251268387,0.9453185200691223
42,2,600 ppm 4 7,d4,scale_1.0_rot_90_flip_0,0.08905394375324249,0.04509779438376427,0.8658483624458313
42,2,1000 ppm 5 8,d4,scale_1.0_rot_90_flip_0,0.0501941554248333,0.05909267067909241,0.8907132148742676
42,2,600 ppm 5 3,d4,scale_1.0_rot_90_flip_0,0.05976860225200653,0.12583507597446442,0.8143962621688843
42,2,1000 ppm 4 4,d4,scale_1.0_rot_90_flip_0,0.04502861574292183,0.04129348695278168,0.9136779308319092
42,2,1000 ppm 4 7,d4,scale_1.0_rot_90_flip_0,0.030230829492211342,0.06285271793603897,0.9069164395332336
42,2,800 ppm 4 4,d4,scale_1.0_rot_90_flip_1,0.10045390576124191,0.15395097434520721,0.7455950379371643
42,2,400 ppm 1 10,d4,scale_1.0_rot_90_flip_1,0.2718972861766815,0.07506339251995087,0.6530393362045288
42,2,c 8,d4,scale_1.0_rot_90_flip_1,0.6862837672233582,0.13230058550834656,0.18141566216945648
42,2,800 ppm 5 8,d4,scale_1.0_rot_90_flip_1,0.06833753734827042,0.41029900312423706,0.5213634371757507
42,2,600 ppm 3 4,d4,scale_1.0_rot_90_flip_1,0.19635100662708282,0.20891447365283966,0.5947344899177551
42,2,1000 ppm 2 10,d4,scale_1.0_rot_90_flip_1,0.0998501256108284,0.13893182575702667,0.7612180709838867
42,2,800 ppm 3 1,d4,scale_1.0_rot_90_flip_1,0.19377094507217407,0.07578537613153458,0.7304437160491943
42,2,400 ppm 4 3,d4,scale_1.0_rot_90_flip_1,0.4223940968513489,0.08059771358966827,0.49700814485549927
42,2,600 ppm 1 2,d4,scale_1.0_rot_90_flip_1,0.10532170534133911,0.30493947863578796,0.5897388458251953
42,2,400 ppm 3 7,d4,scale_1.0_rot_90_flip_1,0.4753372371196747,0.05661064758896828,0.46805211901664734
42,2,600 ppm 2 10,d4,scale_1.0_rot_90_flip_1,0.04015924409031868,0.03702271729707718,0.9228180646896362
42,2,800 ppm 5 5,d4,scale_1.0_rot_90_flip_1,0.1144447773694992,0.20632559061050415,0.6792296171188354
42,2,400 ppm 5 2,d4,scale_1.0_rot_90_flip_1,0.3724604547023773,0.26713860034942627,0.3604010045528412
42,2,800 ppm 1 2,d4,scale_1.0_rot_90_flip_1,0.07387109845876694,0.1545301228761673,0.771598756313324
42,2,600 ppm 3 5,d4,scale_1.0_rot_90_flip_1,0.2859400808811188,0.29821881651878357,0.41584110260009766
42,2,800 ppm 2 5,d4,scale_1.0_rot_90_flip_1,0.36626702547073364,0.3483535051345825,0.28537943959236145
42,2,1000 ppm 5 3,d4,scale_1.0_rot_90_flip_1,0.318675696849823,0.20606625080108643,0.4752579927444458
42,2,400 ppm 5 10,d4,scale_1.0_rot_90_flip_1,0.022267088294029236,0.015252595767378807,0.9624803066253662
42,2,1000 ppm 2 5,d4,scale_1.0_rot_90_flip_1,0.11298239976167679,0.25303131341934204,0.6339862942695618
42,2,400 ppm 2 4,d4,scale_1.0_rot_90_flip_1,0.27873215079307556,0.08949530869722366,0.631772518157959
42,2,600 ppm 4 6,d4,scale_1.0_rot_90_flip_1,0.5206869840621948,0.10065209120512009,0.3786609172821045
42,2,c 6,d4,scale_1.0_rot_90_flip_1,0.5460151433944702,0.12113255262374878,0.33285224437713623
42,2,800 ppm 1 7,d4,scale_1.0_rot_90_flip_1,0.060258898884058,0.6116614937782288,0.32807961106300354
42,2,1000 ppm 5 2,d4,scale_1.0_rot_90_flip_1,0.17894822359085083,0.2250850945711136,0.595966637134552
42,2,600 ppm 2 1,d4,scale_1.0_rot_90_flip_1,0.04849785938858986,0.08732198178768158,0.8641802668571472
42,2,400 ppm 4 1,d4,scale_1.0_rot_90_flip_1,0.2602061927318573,0.27793943881988525,0.46185430884361267
42,2,600 ppm 4 4,d4,scale_1.0_rot_90_flip_1,0.10413766652345657,0.1808013767004013,0.7150610089302063
42,2,600 ppm 2 8,d4,scale_1.0_rot_90_flip_1,0.18966014683246613,0.3388030529022217,0.4715367555618286
42,2,400 ppm 1 6,d4,scale_1.0_rot_90_flip_1,0.2084336131811142,0.2899717092514038,0.5015946626663208
42,2,1000 ppm 4 9,d4,scale_1.0_rot_90_flip_1,0.1430044323205948,0.1824396550655365,0.6745558977127075
42,2,400 ppm 3 9,d4,scale_1.0_rot_90_flip_1,0.2707015872001648,0.18337532877922058,0.5459230542182922
42,2,600 ppm 2 6,d4,scale_1.0_rot_90_flip_1,0.07824120670557022,0.045883387327194214,0.8758754730224609
42,2,600 ppm 4 5,d4,scale_1.0_rot_90_flip_1,0.029909620061516762,0.10639190673828125,0.8636985421180725
42,2,600 ppm 4 9,d4,scale_1.0_rot_90_flip_1,0.07785724848508835,0.12646712362766266,0.7956756353378296
42,2,400 ppm 2 9,d4,scale_1.0_rot_90_flip_1,0.332882285118103,0.12062467634677887,0.5464930534362793
42,2,800 ppm 1 1,d4,scale_1.0_rot_90_flip_1,0.15323422849178314,0.24591583013534546,0.6008498668670654
42,2,1000 ppm 4 5,d4,scale_1.0_rot_90_flip_1,0.18659718334674835,0.1918155401945114,0.6215872168540955
42,2,1000 ppm 1 1,d4,scale_1.0_rot_90_flip_1,0.16204699873924255,0.13072550296783447,0.7072275280952454
42,2,600 ppm 1 8,d4,scale_1.0_rot_90_flip_1,0.32207125425338745,0.20518052577972412,0.4727482199668884
42,2,600 ppm 5 7,d4,scale_1.0_rot_90_flip_1,0.3796965777873993,0.18643546104431152,0.43386802077293396
42,2,1000 ppm 2 8,d4,scale_1.0_rot_90_flip_1,0.026553303003311157,0.3537284731864929,0.6197181940078735
42,2,600 ppm 1 5,d4,scale_1.0_rot_90_flip_1,0.2684597074985504,0.31721657514572144,0.41432374715805054
42,2,600 ppm 1 9,d4,scale_1.0_rot_90_flip_1,0.12395218759775162,0.26404252648353577,0.612005352973938
42,2,600 ppm 2 2,d4,scale_1.0_rot_90_flip_1,0.024549879133701324,0.06092675030231476,0.9145233631134033
42,2,600 ppm 5 2,d4,scale_1.0_rot_90_flip_1,0.10389558970928192,0.06481152772903442,0.8312928676605225
42,2,800 ppm 4 9,d4,scale_1.0_rot_90_flip_1,0.20627820491790771,0.3612295687198639,0.4324922263622284
42,2,600 ppm 2 4,d4,scale_1.0_rot_90_flip_1,0.025956708937883377,0.029752491042017937,0.9442908763885498
42,2,600 ppm 4 7,d4,scale_1.0_rot_90_flip_1,0.10082079470157623,0.05529346317052841,0.8438857197761536
42,2,1000 ppm 5 8,d4,scale_1.0_rot_90_flip_1,0.052918579429388046,0.07031270861625671,0.8767687082290649
42,2,600 ppm 5 3,d4,scale_1.0_rot_90_flip_1,0.08497408032417297,0.1196531355381012,0.7953728437423706
42,2,1000 ppm 4 4,d4,scale_1.0_rot_90_flip_1,0.04559357836842537,0.033541031181812286,0.9208654165267944
42,2,1000 ppm 4 7,d4,scale_1.0_rot_90_flip_1,0.03308214619755745,0.06442012637853622,0.9024977087974548
42,2,800 ppm 4 4,d4,scale_1.0_rot_180_flip_0,0.1236109733581543,0.16832071542739868,0.7080682516098022
42,2,400 ppm 1 10,d4,scale_1.0_rot_180_flip_0,0.2903411090373993,0.12453799694776535,0.5851209163665771
42,2,c 8,d4,scale_1.0_rot_180_flip_0,0.8169927597045898,0.06871625036001205,0.11429104208946228
42,2,800 ppm 5 8,d4,scale_1.0_rot_180_flip_0,0.1801222264766693,0.4925762414932251,0.3273015022277832
42,2,600 ppm 3 4,d4,scale_1.0_rot_180_flip_0,0.22169026732444763,0.32731038331985474,0.45099925994873047
42,2,1000 ppm 2 10,d4,scale_1.0_rot_180_flip_0,0.22990982234477997,0.18224628269672394,0.5878438949584961
42,2,800 ppm 3 1,d4,scale_1.0_rot_180_flip_0,0.29827457666397095,0.13803143799304962,0.5636940002441406
42,2,400 ppm 4 3,d4,scale_1.0_rot_180_flip_0,0.3558415174484253,0.2289976179599762,0.4151608943939209
42,2,600 ppm 1 2,d4,scale_1.0_rot_180_flip_0,0.08263280242681503,0.5533987879753113,0.3639684319496155
42,2,400 ppm 3 7,d4,scale_1.0_rot_180_flip_0,0.6289466023445129,0.08180136978626251,0.28925204277038574
42,2,600 ppm 2 10,d4,scale_1.0_rot_180_flip_0,0.17313602566719055,0.08849476277828217,0.7383692860603333
42,2,800 ppm 5 5,d4,scale_1.0_rot_180_flip_0,0.03157331049442291,0.055815260857343674,0.9126113653182983
42,2,400 ppm 5 2,d4,scale_1.0_rot_180_flip_0,0.352268248796463,0.2589288353919983,0.3888029158115387
42,2,800 ppm 1 2,d4,scale_1.0_rot_180_flip_0,0.06185929477214813,0.12995575368404388,0.8081849813461304
42,2,600 ppm 3 5,d4,scale_1.0_rot_180_flip_0,0.33943599462509155,0.4154333770275116,0.24513064324855804
42,2,800 ppm 2 5,d4,scale_1.0_rot_180_flip_0,0.5022303462028503,0.297453910112381,0.2003156840801239
42,2,1000 ppm 5 3,d4,scale_1.0_rot_180_flip_0,0.3077944219112396,0.27712684869766235,0.41507866978645325
42,2,400 ppm 5 10,d4,scale_1.0_rot_180_flip_0,0.07171157002449036,0.07797852158546448,0.8503099083900452
42,2,1000 ppm 2 5,d4,scale_1.0_rot_180_flip_0,0.24380788207054138,0.4113374948501587,0.34485456347465515
42,2,400 ppm 2 4,d4,scale_1.0_rot_180_flip_0,0.3522129952907562,0.10324841737747192,0.5445386171340942
42,2,600 ppm 4 6,d4,scale_1.0_rot_180_flip_0,0.3595278263092041,0.12945249676704407,0.5110197067260742
42,2,c 6,d4,scale_1.0_rot_180_flip_0,0.7181864380836487,0.06117026135325432,0.2206432968378067
42,2,800 ppm 1 7,d4,scale_1.0_rot_180_flip_0,0.06153564527630806,0.2557843029499054,0.682680070400238
42,2,1000 ppm 5 2,d4,scale_1.0_rot_180_flip_0,0.11654689908027649,0.3782329261302948,0.5052201747894287
42,2,600 ppm 2 1,d4,scale_1.0_rot_180_flip_0,0.027284808456897736,0.07765453308820724,0.895060658454895
42,2,400 ppm 4 1,d4,scale_1.0_rot_180_flip_0,0.3081783950328827,0.2939292788505554,0.3978922963142395
42,2,600 ppm 4 4,d4,scale_1.0_rot_180_flip_0,0.1485316902399063,0.25267156958580017,0.5987967848777771
42,2,600 ppm 2 8,d4,scale_1.0_rot_180_flip_0,0.4439866244792938,0.31923893094062805,0.23677445948123932
42,2,400 ppm 1 6,d4,scale_1.0_rot_180_flip_0,0.267168253660202,0.40160322189331055,0.33122849464416504
42,2,1000 ppm 4 9,d4,scale_1.0_rot_180_flip_0,0.0206052977591753,0.04263265058398247,0.9367620944976807
42,2,400 ppm 3 9,d4,scale_1.0_rot_180_flip_0,0.3271450698375702,0.26057204604148865,0.41228288412094116
42,2,600 ppm 2 6,d4,scale_1.0_rot_180_flip_0,0.029082434251904488,0.03692825138568878,0.933989405632019
42,2,600 ppm 4 5,d4,scale_1.0_rot_180_flip_0,0.03430735319852829,0.12571021914482117,0.8399825096130371
42,2,600 ppm 4 9,d4,scale_1.0_rot_180_flip_0,0.12700825929641724,0.20157113671302795,0.6714206337928772
42,2,400 ppm 2 9,d4,scale_1.0_rot_180_flip_0,0.30416688323020935,0.16175580024719238,0.5340772867202759
42,2,800 ppm 1 1,d4,scale_1.0_rot_180_flip_0,0.21712782979011536,0.28958767652511597,0.49328458309173584
42,2,1000 ppm 4 5,d4,scale_1.0_rot_180_flip_0,0.1582406908273697,0.15508390963077545,0.6866754293441772
42,2,1000 ppm 1 1,d4,scale_1.0_rot_180_flip_0,0.1130843386054039,0.13033998012542725,0.7565756440162659
42,2,600 ppm 1 8,d4,scale_1.0_rot_180_flip_0,0.49515727162361145,0.21314029395580292,0.2917024791240692
42,2,600 ppm 5 7,d4,scale_1.0_rot_180_flip_0,0.4180867075920105,0.3112640976905823,0.27064913511276245
42,2,1000 ppm 2 8,d4,scale_1.0_rot_180_flip_0,0.01110068429261446,0.12168436497449875,0.8672149777412415
42,2,600 ppm 1 5,d4,scale_1.0_rot_180_flip_0,0.3718714118003845,0.4246804416179657,0.20344816148281097
42,2,600 ppm 1 9,d4,scale_1.0_rot_180_flip_0,0.1786513328552246,0.3772865831851959,0.44406211376190186
42,2,600 ppm 2 2,d4,scale_1.0_rot_180_flip_0,0.057265765964984894,0.0844249278306961,0.8583093285560608
42,2,600 ppm 5 2,d4,scale_1.0_rot_180_flip_0,0.28441470861434937,0.08725341409444809,0.6283318400382996
42,2,800 ppm 4 9,d4,scale_1.0_rot_180_flip_0,0.24495930969715118,0.4393067955970764,0.315733939409256
42,2,600 ppm 2 4,d4,scale_1.0_rot_180_flip_0,0.06026966869831085,0.06438394635915756,0.8753464818000793
42,2,600 ppm 4 7,d4,scale_1.0_rot_180_flip_0,0.17373910546302795,0.06750703603029251,0.7587538957595825
42,2,1000 ppm 5 8,d4,scale_1.0_rot_180_flip_0,0.06680592894554138,0.07577365636825562,0.8574203252792358
42,2,600 ppm 5 3,d4,scale_1.0_rot_180_flip_0,0.09222976863384247,0.0981743335723877,0.8095958232879639
42,2,1000 ppm 4 4,d4,scale_1.0_rot_180_flip_0,0.08936632424592972,0.09942279756069183,0.8112108111381531
42,2,1000 ppm 4 7,d4,scale_1.0_rot_180_flip_0,0.03972505033016205,0.11688366532325745,0.8433912396430969
42,2,800 ppm 4 4,d4,scale_1.0_rot_180_flip_1,0.17820987105369568,0.16061139106750488,0.661178708076477
42,2,400 ppm 1 10,d4,scale_1.0_rot_180_flip_1,0.3118819296360016,0.1586783230304718,0.5294397473335266
42,2,c 8,d4,scale_1.0_rot_180_flip_1,0.8142092227935791,0.06769941002130508,0.11809143424034119
42,2,800 ppm 5 8,d4,scale_1.0_rot_180_flip_1,0.19223032891750336,0.5468955039978027,0.2608741521835327
42,2,600 ppm 3 4,d4,scale_1.0_rot_180_flip_1,0.20666278898715973,0.34200266003608704,0.45133450627326965
42,2,1000 ppm 2 10,d4,scale_1.0_rot_180_flip_1,0.261369526386261,0.1625034660100937,0.5761269927024841
42,2,800 ppm 3 1,d4,scale_1.0_rot_180_flip_1,0.2514292001724243,0.13861432671546936,0.6099564433097839
42,2,400 ppm 4 3,d4,scale_1.0_rot_180_flip_1,0.39030879735946655,0.21551164984703064,0.39417949318885803
42,2,600 ppm 1 2,d4,scale_1.0_rot_180_flip_1,0.09140299260616302,0.5517005324363708,0.3568965196609497
42,2,400 ppm 3 7,d4,scale_1.0_rot_180_flip_1,0.6374455690383911,0.08529714494943619,0.2772572636604309
42,2,600 ppm 2 10,d4,scale_1.0_rot_180_flip_1,0.22921039164066315,0.12126261740922928,0.6495269536972046
42,2,800 ppm 5 5,d4,scale_1.0_rot_180_flip_1,0.026582708582282066,0.04679306223988533,0.9266242384910583
42,2,400 ppm 5 2,d4,scale_1.0_rot_180_flip_1,0.31463828682899475,0.3005465865135193,0.3848150968551636
42,2,800 ppm 1 2,d4,scale_1.0_rot_180_flip_1,0.06487021595239639,0.16180194914340973,0.7733278274536133
42,2,600 ppm 3 5,d4,scale_1.0_rot_180_flip_1,0.3912038207054138,0.33563852310180664,0.27315759658813477
42,2,800 ppm 2 5,d4,scale_1.0_rot_180_flip_1,0.4111587405204773,0.3913682699203491,0.1974729597568512
42,2,1000 ppm 5 3,d4,scale_1.0_rot_180_flip_1,0.24170872569084167,0.28716567158699036,0.47112566232681274
42,2,400 ppm 5 10,d4,scale_1.0_rot_180_flip_1,0.07344941049814224,0.0800991803407669,0.8464513421058655
42,2,1000 ppm 2 5,d4,scale_1.0_rot_180_flip_1,0.22248846292495728,0.37135839462280273,0.40615314245224
42,2,400 ppm 2 4,d4,scale_1.0_rot_180_flip_1,0.27123895287513733,0.09821739047765732,0.6305436491966248
42,2,600 ppm 4 6,d4,scale_1.0_rot_180_flip_1,0.39695021510124207,0.1324228048324585,0.47062698006629944
42,2,c 6,d4,scale_1.0_rot_180_flip_1,0.7068637609481812,0.07118915766477585,0.22194702923297882
42,2,800 ppm 1 7,d4,scale_1.0_rot_180_flip_1,0.05954927206039429,0.26650065183639526,0.6739501357078552
42,2,1000 ppm 5 2,d4,scale_1.0_rot_180_flip_1,0.12872175872325897,0.2674439549446106,0.6038342714309692
42,2,600 ppm 2 1,d4,scale_1.0_rot_180_flip_1,0.030982669442892075,0.07787556201219559,0.8911417722702026
42,2,400 ppm 4 1,d4,scale_1.0_rot_180_flip_1,0.3682836592197418,0.2704440653324127,0.36127230525016785
42,2,600 ppm 4 4,d4,scale_1.0_rot_180_flip_1,0.20875757932662964,0.2432662844657898,0.5479760766029358
42,2,600 ppm 2 8,d4,scale_1.0_rot_180_flip_1,0.31378522515296936,0.37266895174980164,0.313545823097229
42,2,400 ppm 1 6,d4,scale_1.0_rot_180_flip_1,0.23368854820728302,0.48485836386680603,0.2814531624317169
42,2,1000 ppm 4 9,d4,scale_1.0_rot_180_flip_1,0.0234728641808033,0.04027717933058739,0.9362499713897705
42,2,400 ppm 3 9,d4,scale_1.0_rot_180_flip_1,0.33782175183296204,0.29073867201805115,0.3714395761489868
42,2,600 ppm 2 6,d4,scale_1.0_rot_180_flip_1,0.029887879267334938,0.024879835546016693,0.9452322125434875
42,2,600 ppm 4 5,d4,scale_1.0_rot_180_flip_1,0.03783632069826126,0.19079141318798065,0.7713722586631775
42,2,600 ppm 4 9,d4,scale_1.0_rot_180_flip_1,0.14971648156642914,0.23976930975914001,0.6105141639709473
42,2,400 ppm 2 9,d4,scale_1.0_rot_180_flip_1,0.32238873839378357,0.19604597985744476,0.48156532645225525
42,2,800 ppm 1 1,d4,scale_1.0_rot_180_flip_1,0.16698883473873138,0.1783873289823532,0.6546239256858826
42,2,1000 ppm 4 5,d4,scale_1.0_rot_180_flip_1,0.1227121651172638,0.17822791635990143,0.6990598440170288
42,2,1000 ppm 1 1,d4,scale_1.0_rot_180_flip_1,0.12071823328733444,0.16248328983783722,0.7167984843254089
42,2,600 ppm 1 8,d4,scale_1.0_rot_180_flip_1,0.5089178085327148,0.28948119282722473,0.20160098373889923
42,2,600 ppm 5 7,d4,scale_1.0_rot_180_flip_1,0.4389171302318573,0.3214259445667267,0.23965692520141602
42,2,1000 ppm 2 8,d4,scale_1.0_rot_180_flip_1,0.010289696045219898,0.138764888048172,0.8509454131126404
42,2,600 ppm 1 5,d4,scale_1.0_rot_180_flip_1,0.39154931902885437,0.36475250124931335,0.24369817972183228
42,2,600 ppm 1 9,d4,scale_1.0_rot_180_flip_1,0.19138118624687195,0.3369826376438141,0.47163617610931396
42,2,600 ppm 2 2,d4,scale_1.0_rot_180_flip_1,0.06552913039922714,0.1126495823264122,0.8218213319778442
42,2,600 ppm 5 2,d4,scale_1.0_rot_180_flip_1,0.28240323066711426,0.054646123200654984,0.6629506349563599
42,2,800 ppm 4 9,d4,scale_1.0_rot_180_flip_1,0.23727571964263916,0.4525073170661926,0.3102169334888458
42,2,600 ppm 2 4,d4,scale_1.0_rot_180_flip_1,0.0526338666677475,0.08967499434947968,0.8576911687850952
42,2,600 ppm 4 7,d4,scale_1.0_rot_180_flip_1,0.16009877622127533,0.06392723321914673,0.775973916053772
42,2,1000 ppm 5 8,d4,scale_1.0_rot_180_flip_1,0.0652480348944664,0.09292381256818771,0.8418281674385071
42,2,600 ppm 5 3,d4,scale_1.0_rot_180_flip_1,0.08390133827924728,0.11783039569854736,0.79826819896698
42,2,1000 ppm 4 4,d4,scale_1.0_rot_180_flip_1,0.10651155561208725,0.11064428091049194,0.7828441262245178
42,2,1000 ppm 4 7,d4,scale_1.0_rot_180_flip_1,0.03361724689602852,0.07195958495140076,0.8944231867790222
42,2,800 ppm 4 4,d4,scale_1.0_rot_270_flip_0,0.08751020580530167,0.12160778790712357,0.7908820509910583
42,2,400 ppm 1 10,d4,scale_1.0_rot_270_flip_0,0.2620849311351776,0.11257856339216232,0.6253364682197571
42,2,c 8,d4,scale_1.0_rot_270_flip_0,0.7478469014167786,0.10662032663822174,0.14553271234035492
42,2,800 ppm 5 8,d4,scale_1.0_rot_270_flip_0,0.13714928925037384,0.41158825159072876,0.451262503862381
42,2,600 ppm 3 4,d4,scale_1.0_rot_270_flip_0,0.18978428840637207,0.19002851843833923,0.6201872229576111
42,2,1000 ppm 2 10,d4,scale_1.0_rot_270_flip_0,0.08342818170785904,0.16140684485435486,0.7551649808883667
42,2,800 ppm 3 1,d4,scale_1.0_rot_270_flip_0,0.11824320256710052,0.0683552697300911,0.8134015202522278
42,2,400 ppm 4 3,d4,scale_1.0_rot_270_flip_0,0.2904220521450043,0.13892781734466553,0.5706501603126526
42,2,600 ppm 1 2,d4,scale_1.0_rot_270_flip_0,0.054664693772792816,0.1820017695426941,0.7633334994316101
42,2,400 ppm 3 7,d4,scale_1.0_rot_270_flip_0,0.49045035243034363,0.07144713401794434,0.4381025433540344
42,2,600 ppm 2 10,d4,scale_1.0_rot_270_flip_0,0.026445450261235237,0.02394900470972061,0.9496055841445923
42,2,800 ppm 5 5,d4,scale_1.0_rot_270_flip_0,0.07306750118732452,0.10422967374324799,0.8227027654647827
42,2,400 ppm 5 2,d4,scale_1.0_rot_270_flip_0,0.3610110282897949,0.22082313895225525,0.41816583275794983
42,2,800 ppm 1 2,d4,scale_1.0_rot_270_flip_0,0.06997903436422348,0.20515504479408264,0.7248659133911133
42,2,600 ppm 3 5,d4,scale_1.0_rot_270_flip_0,0.21160705387592316,0.21617452800273895,0.5722184181213379
42,2,800 ppm 2 5,d4,scale_1.0_rot_270_flip_0,0.2970503270626068,0.46862873435020447,0.23432090878486633
42,2,1000 ppm 5 3,d4,scale_1.0_rot_270_flip_0,0.2813814878463745,0.1280840039253235,0.590534508228302
42,2,400 ppm 5 10,d4,scale_1.0_rot_270_flip_0,0.02312747947871685,0.017493177205324173,0.959379255771637
42,2,1000 ppm 2 5,d4,scale_1.0_rot_270_flip_0,0.08142567425966263,0.2360435128211975,0.6825308203697205
42,2,400 ppm 2 4,d4,scale_1.0_rot_270_flip_0,0.24722152948379517,0.12391141802072525,0.6288670301437378
42,2,600 ppm 4 6,d4,scale_1.0_rot_270_flip_0,0.3898717761039734,0.1062576100230217,0.5038706064224243
42,2,c 6,d4,scale_1.0_rot_270_flip_0,0.5564867854118347,0.11481136828660965,0.32870185375213623
42,2,800 ppm 1 7,d4,scale_1.0_rot_270_flip_0,0.09880944341421127,0.3968982398509979,0.504292368888855
42,2,1000 ppm 5 2,d4,scale_1.0_rot_270_flip_0,0.15287598967552185,0.21729350090026855,0.6298304796218872
42,2,600 ppm 2 1,d4,scale_1.0_rot_270_flip_0,0.03356660157442093,0.07779461145401001,0.8886387944221497
42,2,400 ppm 4 1,d4,scale_1.0_rot_270_flip_0,0.3351981043815613,0.2103903591632843,0.4544115364551544
42,2,600 ppm 4 4,d4,scale_1.0_rot_270_flip_0,0.0802488699555397,0.11342728137969971,0.8063238859176636
42,2,600 ppm 2 8,d4,scale_1.0_rot_270_flip_0,0.189264714717865,0.37143802642822266,0.43929725885391235
42,2,400 ppm 1 6,d4,scale_1.0_rot_270_flip_0,0.257720410823822,0.42180636525154114,0.32047319412231445
42,2,1000 ppm 4 9,d4,scale_1.0_rot_270_flip_0,0.052250441163778305,0.09390633553266525,0.8538432121276855
42,2,400 ppm 3 9,d4,scale_1.0_rot_270_flip_0,0.29380303621292114,0.3580436706542969,0.348153293132782
42,2,600 ppm 2 6,d4,scale_1.0_rot_270_flip_0,0.10070953518152237,0.1240752711892128,0.7752152681350708
42,2,600 ppm 4 5,d4,scale_1.0_rot_270_flip_0,0.019446423277258873,0.0919242650270462,0.8886292576789856
42,2,600 ppm 4 9,d4,scale_1.0_rot_270_flip_0,0.17134124040603638,0.2357499748468399,0.5929087996482849
42,2,400 ppm 2 9,d4,scale_1.0_rot_270_flip_0,0.3688350319862366,0.15386013686656952,0.4773048460483551
42,2,800 ppm 1 1,d4,scale_1.0_rot_270_flip_0,0.14864353835582733,0.09021854400634766,0.7611379623413086
42,2,1000 ppm 4 5,d4,scale_1.0_rot_270_flip_0,0.08831792324781418,0.06275101751089096,0.8489310145378113
42,2,1000 ppm 1 1,d4,scale_1.0_rot_270_flip_0,0.09123335778713226,0.1280686855316162,0.7806980013847351
42,2,600 ppm 1 8,d4,scale_1.0_rot_270_flip_0,0.398233026266098,0.19066105782985687,0.4111058712005615
42,2,600 ppm 5 7,d4,scale_1.0_rot_270_flip_0,0.43763911724090576,0.17983469367027283,0.3825261890888214
42,2,1000 ppm 2 8,d4,scale_1.0_rot_270_flip_0,0.07466909289360046,0.24777299165725708,0.6775578856468201
42,2,600 ppm 1 5,d4,scale_1.0_rot_270_flip_0,0.1946854591369629,0.33253881335258484,0.4727756679058075
42,2,600 ppm 1 9,d4,scale_1.0_rot_270_flip_0,0.18246078491210938,0.2859971523284912,0.5315420031547546
42,2,600 ppm 2 2,d4,scale_1.0_rot_270_flip_0,0.06845928728580475,0.06596670299768448,0.865574061870575
42,2,600 ppm 5 2,d4,scale_1.0_rot_270_flip_0,0.07749886065721512,0.06172841414809227,0.8607727885246277
42,2,800 ppm 4 9,d4,scale_1.0_rot_270_flip_0,0.21716095507144928,0.36867475509643555,0.41416430473327637
42,2,600 ppm 2 4,d4,scale_1.0_rot_270_flip_0,0.043158695101737976,0.05424343794584274,0.9025979042053223
42,2,600 ppm 4 7,d4,scale_1.0_rot_270_flip_0,0.06120121106505394,0.04432525858283043,0.8944735527038574
42,2,1000 ppm 5 8,d4,scale_1.0_rot_270_flip_0,0.07460786402225494,0.06549057364463806,0.8599015474319458
42,2,600 ppm 5 3,d4,scale_1.0_rot_270_flip_0,0.06870938837528229,0.08894176781177521,0.8423488140106201
42,2,1000 ppm 4 4,d4,scale_1.0_rot_270_flip_0,0.03390193730592728,0.04014646261930466,0.9259515404701233
42,2,1000 ppm 4 7,d4,scale_1.0_rot_270_flip_0,0.03326716274023056,0.04352506622672081,0.9232077598571777
42,2,800 ppm 4 4,d4,scale_1.0_rot_270_flip_1,0.06944121420383453,0.10518768429756165,0.8253710865974426
42,2,400 ppm 1 10,d4,scale_1.0_rot_270_flip_1,0.21520297229290009,0.13691510260105133,0.6478818655014038
42,2,c 8,d4,scale_1.0_rot_270_flip_1,0.7257534265518188,0.09770714491605759,0.17653949558734894
42,2,800 ppm 5 8,d4,scale_1.0_rot_270_flip_1,0.14754880964756012,0.4295738935470581,0.42287734150886536
42,2,600 ppm 3 4,d4,scale_1.0_rot_270_flip_1,0.1633191853761673,0.16285912692546844,0.6738216876983643
42,2,1000 ppm 2 10,d4,scale_1.0_rot_270_flip_1,0.07867921143770218,0.0924602672457695,0.8288605213165283
42,2,800 ppm 3 1,d4,scale_1.0_rot_270_flip_1,0.1202598512172699,0.07879883795976639,0.8009412884712219
42,2,400 ppm 4 3,d4,scale_1.0_rot_270_flip_1,0.2214333862066269,0.145403653383255,0.6331629753112793
42,2,600 ppm 1 2,d4,scale_1.0_rot_270_flip_1,0.06491000950336456,0.2894792854785919,0.6456106901168823
42,2,400 ppm 3 7,d4,scale_1.0_rot_270_flip_1,0.4459882974624634,0.06394854187965393,0.4900631606578827
42,2,600 ppm 2 10,d4,scale_1.0_rot_270_flip_1,0.030032208189368248,0.02407788671553135,0.945889949798584
42,2,800 ppm 5 5,d4,scale_1.0_rot_270_flip_1,0.08155011385679245,0.12642085552215576,0.7920290231704712
42,2,400 ppm 5 2,d4,scale_1.0_rot_270_flip_1,0.39695778489112854,0.1990615427494049,0.40398064255714417
42,2,800 ppm 1 2,d4,scale_1.0_rot_270_flip_1,0.06568017601966858,0.18823781609535217,0.746082067489624
42,2,600 ppm 3 5,d4,scale_1.0_rot_270_flip_1,0.1666208803653717,0.1976199448108673,0.635759174823761
42,2,800 ppm 2 5,d4,scale_1.0_rot_270_flip_1,0.32544514536857605,0.3542754054069519,0.32027941942214966
42,2,1000 ppm 5 3,d4,scale_1.0_rot_270_flip_1,0.2625390887260437,0.14929421246051788,0.5881666541099548
42,2,400 ppm 5 10,d4,scale_1.0_rot_270_flip_1,0.027501584962010384,0.025630896911025047,0.9468676447868347
42,2,1000 ppm 2 5,d4,scale_1.0_rot_270_flip_1,0.09033434838056564,0.21918249130249023,0.6904831528663635
42,2,400 ppm 2 4,d4,scale_1.0_rot_270_flip_1,0.19139011204242706,0.09328073263168335,0.715329110622406
42,2,600 ppm 4 6,d4,scale_1.0_rot_270_flip_1,0.3401307761669159,0.14805687963962555,0.5118123292922974
42,2,c 6,d4,scale_1.0_rot_270_flip_1,0.5438758730888367,0.11448495835065842,0.34163913130760193
42,2,800 ppm 1 7,d4,scale_1.0_rot_270_flip_1,0.07308418303728104,0.35592055320739746,0.5709952712059021
42,2,1000 ppm 5 2,d4,scale_1.0_rot_270_flip_1,0.16058972477912903,0.2656935751438141,0.5737167000770569
42,2,600 ppm 2 1,d4,scale_1.0_rot_270_flip_1,0.026275118812918663,0.07680545747280121,0.8969193696975708
42,2,400 ppm 4 1,d4,scale_1.0_rot_270_flip_1,0.3212282359600067,0.2452908158302307,0.43348097801208496
42,2,600 ppm 4 4,d4,scale_1.0_rot_270_flip_1,0.07617639005184174,0.14100281894207,0.7828207015991211
42,2,600 ppm 2 8,d4,scale_1.0_rot_270_flip_1,0.17094001173973083,0.3908554017543793,0.43820467591285706
42,2,400 ppm 1 6,d4,scale_1.0_rot_270_flip_1,0.22441449761390686,0.35828879475593567,0.41729670763015747
42,2,1000 ppm 4 9,d4,scale_1.0_rot_270_flip_1,0.05891076475381851,0.07632766664028168,0.8647616505622864
42,2,400 ppm 3 9,d4,scale_1.0_rot_270_flip_1,0.25355127453804016,0.3266124129295349,0.4198363423347473
42,2,600 ppm 2 6,d4,scale_1.0_rot_270_flip_1,0.16562527418136597,0.11808235198259354,0.7162924408912659
42,2,600 ppm 4 5,d4,scale_1.0_rot_270_flip_1,0.02267540991306305,0.08717759698629379,0.8901469707489014
42,2,600 ppm 4 9,d4,scale_1.0_rot_270_flip_1,0.14061331748962402,0.18973512947559357,0.6696515679359436
42,2,400 ppm 2 9,d4,scale_1.0_rot_270_flip_1,0.3418869078159332,0.18658404052257538,0.471529096364975
42,2,800 ppm 1 1,d4,scale_1.0_rot_270_flip_1,0.15855416655540466,0.12435842305421829,0.71708744764328
42,2,1000 ppm 4 5,d4,scale_1.0_rot_270_flip_1,0.08906954526901245,0.0941368043422699,0.8167936205863953
42,2,1000 ppm 1 1,d4,scale_1.0_rot_270_flip_1,0.07001479715108871,0.06812136620283127,0.8618638515472412
42,2,600 ppm 1 8,d4,scale_1.0_rot_270_flip_1,0.40703874826431274,0.20499694347381592,0.38796424865722656
42,2,600 ppm 5 7,d4,scale_1.0_rot_270_flip_1,0.4739346504211426,0.1630750149488449,0.3629903197288513
42,2,1000 ppm 2 8,d4,scale_1.0_rot_270_flip_1,0.04828229174017906,0.21450872719287872,0.7372089624404907
42,2,600 ppm 1 5,d4,scale_1.0_rot_270_flip_1,0.24231629073619843,0.3936716616153717,0.3640120029449463
42,2,600 ppm 1 9,d4,scale_1.0_rot_270_flip_1,0.13954374194145203,0.23551872372627258,0.6249375343322754
42,2,600 ppm 2 2,d4,scale_1.0_rot_270_flip_1,0.06547403335571289,0.06252551078796387,0.8720004558563232
42,2,600 ppm 5 2,d4,scale_1.0_rot_270_flip_1,0.08240298926830292,0.09684231877326965,0.8207547068595886
42,2,800 ppm 4 9,d4,scale_1.0_rot_270_flip_1,0.19005508720874786,0.39298108220100403,0.4169638156890869
42,2,600 ppm 2 4,d4,scale_1.0_rot_270_flip_1,0.043839361518621445,0.05582365393638611,0.9003369808197021
42,2,600 ppm 4 7,d4,scale_1.0_rot_270_flip_1,0.056904952973127365,0.05021689832210541,0.8928781151771545
42,2,1000 ppm 5 8,d4,scale_1.0_rot_270_flip_1,0.05843707174062729,0.06698594242334366,0.8745769262313843
42,2,600 ppm 5 3,d4,scale_1.0_rot_270_flip_1,0.06207667291164398,0.07178055495023727,0.866142749786377
42,2,1000 ppm 4 4,d4,scale_1.0_rot_270_flip_1,0.026651713997125626,0.03222247213125229,0.9411258101463318
42,2,1000 ppm 4 7,d4,scale_1.0_rot_270_flip_1,0.047559309750795364,0.047222256660461426,0.9052184820175171
42,2,800 ppm 4 4,scale,scale_1.0_rot_0_flip_0,0.26722994446754456,0.3216443657875061,0.41112565994262695
42,2,400 ppm 1 10,scale,scale_1.0_rot_0_flip_0,0.3393326699733734,0.17936091125011444,0.48130637407302856
42,2,c 8,scale,scale_1.0_rot_0_flip_0,0.8845312595367432,0.08340434730052948,0.032064374536275864
42,2,800 ppm 5 8,scale,scale_1.0_rot_0_flip_0,0.23958462476730347,0.6477506756782532,0.11266469955444336
42,2,600 ppm 3 4,scale,scale_1.0_rot_0_flip_0,0.3237535357475281,0.4959665834903717,0.18027988076210022
42,2,1000 ppm 2 10,scale,scale_1.0_rot_0_flip_0,0.2917872369289398,0.4055810570716858,0.302631676197052
42,2,800 ppm 3 1,scale,scale_1.0_rot_0_flip_0,0.4618176817893982,0.22504909336566925,0.313133180141449
42,2,400 ppm 4 3,scale,scale_1.0_rot_0_flip_0,0.5837580561637878,0.1554332822561264,0.2608085870742798
42,2,600 ppm 1 2,scale,scale_1.0_rot_0_flip_0,0.14345411956310272,0.6964587569236755,0.16008713841438293
42,2,400 ppm 3 7,scale,scale_1.0_rot_0_flip_0,0.7519334554672241,0.06259141862392426,0.185475155711174
42,2,600 ppm 2 10,scale,scale_1.0_rot_0_flip_0,0.050727564841508865,0.08073089271783829,0.8685414791107178
42,2,800 ppm 5 5,scale,scale_1.0_rot_0_flip_0,0.1379140317440033,0.20603172481060028,0.6560541987419128
42,2,400 ppm 5 2,scale,scale_1.0_rot_0_flip_0,0.5689868330955505,0.33389943838119507,0.09711368381977081
42,2,800 ppm 1 2,scale,scale_1.0_rot_0_flip_0,0.06486223638057709,0.20048128068447113,0.7346564531326294
42,2,600 ppm 3 5,scale,scale_1.0_rot_0_flip_0,0.3404676616191864,0.5151117444038391,0.1444205492734909
42,2,800 ppm 2 5,scale,scale_1.0_rot_0_flip_0,0.5501163005828857,0.4058927297592163,0.04399096593260765
42,2,1000 ppm 5 3,scale,scale_1.0_rot_0_flip_0,0.45596247911453247,0.34854331612586975,0.19549421966075897
42,2,400 ppm 5 10,scale,scale_1.0_rot_0_flip_0,0.0776933953166008,0.07901906222105026,0.843287467956543
42,2,1000 ppm 2 5,scale,scale_1.0_rot_0_flip_0,0.26621541380882263,0.4259944558143616,0.3077901303768158
42,2,400 ppm 2 4,scale,scale_1.0_rot_0_flip_0,0.4419310986995697,0.20665457844734192,0.351414293050766
42,2,600 ppm 4 6,scale,scale_1.0_rot_0_flip_0,0.6999419927597046,0.1543961465358734,0.14566189050674438
42,2,c 6,scale,scale_1.0_rot_0_flip_0,0.8596838116645813,0.06595969200134277,0.0743565708398819
42,2,800 ppm 1 7,scale,scale_1.0_rot_0_flip_0,0.08248089253902435,0.7522934675216675,0.16522566974163055
42,2,1000 ppm 5 2,scale,scale_1.0_rot_0_flip_0,0.25705686211586,0.41078951954841614,0.3321536183357239
42,2,600 ppm 2 1,scale,scale_1.0_rot_0_flip_0,0.061578936874866486,0.15857799351215363,0.7798430323600769
42,2,400 ppm 4 1,scale,scale_1.0_rot_0_flip_0,0.5357267260551453,0.31231099367141724,0.1519622653722763
42,2,600 ppm 4 4,scale,scale_1.0_rot_0_flip_0,0.157180055975914,0.2740742862224579,0.5687456130981445
42,2,600 ppm 2 8,scale,scale_1.0_rot_0_flip_0,0.32229939103126526,0.5677109360694885,0.109989695250988
42,2,400 ppm 1 6,scale,scale_1.0_rot_0_flip_0,0.3669384717941284,0.553103506565094,0.07995804399251938
42,2,1000 ppm 4 9,scale,scale_1.0_rot_0_flip_0,0.0371825285255909,0.03494644537568092,0.9278711080551147
42,2,400 ppm 3 9,scale,scale_1.0_rot_0_flip_0,0.4412609040737152,0.3882000148296356,0.17053905129432678
42,2,600 ppm 2 6,scale,scale_1.0_rot_0_flip_0,0.016779599711298943,0.024110862985253334,0.9591094255447388
42,2,600 ppm 4 5,scale,scale_1.0_rot_0_flip_0,0.11962912976741791,0.3047332763671875,0.5756376385688782
42,2,600 ppm 4 9,scale,scale_1.0_rot_0_flip_0,0.24506105482578278,0.24520015716552734,0.5097388029098511
42,2,400 ppm 2 9,scale,scale_1.0_rot_0_flip_0,0.5681690573692322,0.27795666456222534,0.15387436747550964
42,2,800 ppm 1 1,scale,scale_1.0_rot_0_flip_0,0.2502953112125397,0.19919392466545105,0.550510823726654
42,2,1000 ppm 4 5,scale,scale_1.0_rot_0_flip_0,0.30528202652931213,0.2341783046722412,0.46053963899612427
42,2,1000 ppm 1 1,scale,scale_1.0_rot_0_flip_0,0.2350408434867859,0.15997421741485596,0.6049849987030029
42,2,600 ppm 1 8,scale,scale_1.0_rot_0_flip_0,0.669585108757019,0.1991068422794342,0.13130806386470795
42,2,600 ppm 5 7,scale,scale_1.0_rot_0_flip_0,0.5442662239074707,0.3250975012779236,0.13063623011112213
42,2,1000 ppm 2 8,scale,scale_1.0_rot_0_flip_0,0.017346827313303947,0.14634232223033905,0.836310863494873
42,2,600 ppm 1 5,scale,scale_1.0_rot_0_flip_0,0.2821924090385437,0.5902613401412964,0.1275462657213211
42,2,600 ppm 1 9,scale,scale_1.0_rot_0_flip_0,0.2847682535648346,0.47707608342170715,0.23815563321113586
42,2,600 ppm 2 2,scale,scale_1.0_rot_0_flip_0,0.09927527606487274,0.14112520217895508,0.759599506855011
42,2,600 ppm 5 2,scale,scale_1.0_rot_0_flip_0,0.5416070818901062,0.1479516625404358,0.310441255569458
42,2,800 ppm 4 9,scale,scale_1.0_rot_0_flip_0,0.34019607305526733,0.4710976183414459,0.18870630860328674
42,2,600 ppm 2 4,scale,scale_1.0_rot_0_flip_0,0.09682127088308334,0.11843477934598923,0.7847439050674438
42,2,600 ppm 4 7,scale,scale_1.0_rot_0_flip_0,0.4091930091381073,0.17540551722049713,0.41540151834487915
42,2,1000 ppm 5 8,scale,scale_1.0_rot_0_flip_0,0.2958467900753021,0.31280893087387085,0.39134424924850464
42,2,600 ppm 5 3,scale,scale_1.0_rot_0_flip_0,0.13066965341567993,0.23888316750526428,0.6304472088813782
42,2,1000 ppm 4 4,scale,scale_1.0_rot_0_flip_0,0.1684054285287857,0.23164793848991394,0.5999466180801392
42,2,1000 ppm 4 7,scale,scale_1.0_rot_0_flip_0,0.06633938103914261,0.12611155211925507,0.8075490593910217
42,2,800 ppm 4 4,scale,scale_1.25_rot_0_flip_0,0.3205263316631317,0.37343934178352356,0.3060343265533447
42,2,400 ppm 1 10,scale,scale_1.25_rot_0_flip_0,0.4523645341396332,0.11643429100513458,0.43120110034942627
42,2,c 8,scale,scale_1.25_rot_0_flip_0,0.8768236041069031,0.08317030966281891,0.04000607132911682
42,2,800 ppm 5 8,scale,scale_1.25_rot_0_flip_0,0.25828906893730164,0.6105515360832214,0.13115940988063812
42,2,600 ppm 3 4,scale,scale_1.25_rot_0_flip_0,0.3529837429523468,0.4547073245048523,0.1923089176416397
42,2,1000 ppm 2 10,scale,scale_1.25_rot_0_flip_0,0.2936597168445587,0.4599931836128235,0.24634705483913422
42,2,800 ppm 3 1,scale,scale_1.25_rot_0_flip_0,0.41333726048469543,0.22431005537509918,0.3623526394367218
42,2,400 ppm 4 3,scale,scale_1.25_rot_0_flip_0,0.4932197332382202,0.22956083714962006,0.2772194743156433
42,2,600 ppm 1 2,scale,scale_1.25_rot_0_flip_0,0.17075496912002563,0.6620858907699585,0.16715912520885468
42,2,400 ppm 3 7,scale,scale_1.25_rot_0_flip_0,0.7167810797691345,0.0910215675830841,0.1921972930431366
42,2,600 ppm 2 10,scale,scale_1.25_rot_0_flip_0,0.02773304097354412,0.062317900359630585,0.9099491238594055
42,2,800 ppm 5 5,scale,scale_1.25_rot_0_flip_0,0.1502922624349594,0.11266451328992844,0.7370432019233704
42,2,400 ppm 5 2,scale,scale_1.25_rot_0_flip_0,0.46600738167762756,0.4338894486427307,0.10010313987731934
42,2,800 ppm 1 2,scale,scale_1.25_rot_0_flip_0,0.04949866980314255,0.2126767933368683,0.737824559211731
42,2,600 ppm 3 5,scale,scale_1.25_rot_0_flip_0,0.3435596823692322,0.5538937449455261,0.1025465801358223
42,2,800 ppm 2 5,scale,scale_1.25_rot_0_flip_0,0.46110183000564575,0.46098005771636963,0.0779181718826294
42,2,1000 ppm 5 3,scale,scale_1.25_rot_0_flip_0,0.46731191873550415,0.3429991900920868,0.18968889117240906
42,2,400 ppm 5 10,scale,scale_1.25_rot_0_flip_0,0.028499945998191833,0.03339705616235733,0.9381030201911926
42,2,1000 ppm 2 5,scale,scale_1.25_rot_0_flip_0,0.2013651579618454,0.3759642243385315,0.4226706922054291
42,2,400 ppm 2 4,scale,scale_1.25_rot_0_flip_0,0.3091624677181244,0.24756890535354614,0.44326862692832947
42,2,600 ppm 4 6,scale,scale_1.25_rot_0_flip_0,0.6963299512863159,0.15679500997066498,0.14687500894069672
42,2,c 6,scale,scale_1.25_rot_0_flip_0,0.8314581513404846,0.08890094608068466,0.07964083552360535
42,2,800 ppm 1 7,scale,scale_1.25_rot_0_flip_0,0.08518140763044357,0.6467964053153992,0.26802220940589905
42,2,1000 ppm 5 2,scale,scale_1.25_rot_0_flip_0,0.2384892702102661,0.41661471128463745,0.34489598870277405
42,2,600 ppm 2 1,scale,scale_1.25_rot_0_flip_0,0.08888927102088928,0.11956233531236649,0.7915483713150024
42,2,400 ppm 4 1,scale,scale_1.25_rot_0_flip_0,0.42476820945739746,0.32263219356536865,0.2525996267795563
42,2,600 ppm 4 4,scale,scale_1.25_rot_0_flip_0,0.15867282450199127,0.2535356283187866,0.5877915620803833
42,2,600 ppm 2 8,scale,scale_1.25_rot_0_flip_0,0.40492022037506104,0.5140186548233032,0.08106113970279694
42,2,400 ppm 1 6,scale,scale_1.25_rot_0_flip_0,0.3355589509010315,0.5550609827041626,0.10938004404306412
42,2,1000 ppm 4 9,scale,scale_1.25_rot_0_flip_0,0.05355069041252136,0.07223764806985855,0.8742117285728455
42,2,400 ppm 3 9,scale,scale_1.25_rot_0_flip_0,0.5411666631698608,0.28513258695602417,0.17370079457759857
42,2,600 ppm 2 6,scale,scale_1.25_rot_0_flip_0,0.01955241896212101,0.02802339754998684,0.952424168586731
42,2,600 ppm 4 5,scale,scale_1.25_rot_0_flip_0,0.06931433081626892,0.31328555941581726,0.6174001097679138
42,2,600 ppm 4 9,scale,scale_1.25_rot_0_flip_0,0.22835518419742584,0.27175918221473694,0.4998857080936432
42,2,400 ppm 2 9,scale,scale_1.25_rot_0_flip_0,0.5052034258842468,0.2574446499347687,0.2373519390821457
42,2,800 ppm 1 1,scale,scale_1.25_rot_0_flip_0,0.234785795211792,0.1470833569765091,0.6181309223175049
42,2,1000 ppm 4 5,scale,scale_1.25_rot_0_flip_0,0.23465560376644135,0.3423580229282379,0.42298635840415955
42,2,1000 ppm 1 1,scale,scale_1.25_rot_0_flip_0,0.16195623576641083,0.20656317472457886,0.6314805746078491
42,2,600 ppm 1 8,scale,scale_1.25_rot_0_flip_0,0.6528621315956116,0.19595816731452942,0.15117968618869781
42,2,600 ppm 5 7,scale,scale_1.25_rot_0_flip_0,0.5646152496337891,0.3330473005771637,0.10233747214078903
42,2,1000 ppm 2 8,scale,scale_1.25_rot_0_flip_0,0.03354800492525101,0.12674617767333984,0.8397058844566345
42,2,600 ppm 1 5,scale,scale_1.25_rot_0_flip_0,0.2371170073747635,0.6209976077079773,0.14188538491725922
42,2,600 ppm 1 9,scale,scale_1.25_rot_0_flip_0,0.2425769716501236,0.5048366189002991,0.2525864243507385
42,2,600 ppm 2 2,scale,scale_1.25_rot_0_flip_0,0.14426790177822113,0.13440221548080444,0.721329927444458
42,2,600 ppm 5 2,scale,scale_1.25_rot_0_flip_0,0.4882845878601074,0.20365475118160248,0.30806073546409607
42,2,800 ppm 4 9,scale,scale_1.25_rot_0_flip_0,0.26415008306503296,0.5299752354621887,0.20587465167045593
42,2,600 ppm 2 4,scale,scale_1.25_rot_0_flip_0,0.12208908796310425,0.11211150884628296,0.7657994031906128
42,2,600 ppm 4 7,scale,scale_1.25_rot_0_flip_0,0.42207255959510803,0.1493629813194275,0.4285644292831421
42,2,1000 ppm 5 8,scale,scale_1.25_rot_0_flip_0,0.15928642451763153,0.3811257779598236,0.4595877528190613
42,2,600 ppm 5 3,scale,scale_1.25_rot_0_flip_0,0.19378761947155,0.28118714690208435,0.5250252485275269
42,2,1000 ppm 4 4,scale,scale_1.25_rot_0_flip_0,0.12941013276576996,0.1901879757642746,0.6804018616676331
42,2,1000 ppm 4 7,scale,scale_1.25_rot_0_flip_0,0.06692243367433548,0.1460501253604889,0.7870274782180786
42,3,400 ppm 5 6,single,scale_1.0_rot_0_flip_0,0.7584354877471924,0.2213299572467804,0.020234599709510803
42,3,800 ppm 5 6,single,scale_1.0_rot_0_flip_0,0.05737478658556938,0.26364845037460327,0.6789767146110535
42,3,800 ppm 1 8,single,scale_1.0_rot_0_flip_0,0.2305753529071808,0.16730134189128876,0.6021233201026917
42,3,400 ppm 1 7,single,scale_1.0_rot_0_flip_0,0.4197569191455841,0.15695463120937347,0.4232884347438812
42,3,400 ppm 3 8,single,scale_1.0_rot_0_flip_0,0.7118882536888123,0.259537011384964,0.02857467159628868
42,3,1000 ppm 4 10,single,scale_1.0_rot_0_flip_0,0.13962584733963013,0.6326478719711304,0.2277262657880783
42,3,600 ppm 4 1,single,scale_1.0_rot_0_flip_0,0.7598569393157959,0.16761329770088196,0.07252977788448334
42,3,400 ppm 4 2,single,scale_1.0_rot_0_flip_0,0.28383970260620117,0.19834071397781372,0.5178195238113403
42,3,1000 ppm 3 7,single,scale_1.0_rot_0_flip_0,0.33553364872932434,0.6120160818099976,0.052450310438871384
42,3,800 ppm 4 1,single,scale_1.0_rot_0_flip_0,0.2891930937767029,0.04589749500155449,0.6649093627929688
42,3,600 ppm 1 10,single,scale_1.0_rot_0_flip_0,0.13006016612052917,0.3476407825946808,0.52229905128479
42,3,400 ppm 5 4,single,scale_1.0_rot_0_flip_0,0.5121501684188843,0.33755257725715637,0.15029726922512054
42,3,1000 ppm 1 10,single,scale_1.0_rot_0_flip_0,0.07217009365558624,0.09205013513565063,0.8357797861099243
42,3,800 ppm 5 1,single,scale_1.0_rot_0_flip_0,0.6744264960289001,0.26937249302864075,0.056200988590717316
42,3,1000 ppm 1 2,single,scale_1.0_rot_0_flip_0,0.452175110578537,0.27092546224594116,0.27689945697784424
42,3,800 ppm 4 10,single,scale_1.0_rot_0_flip_0,0.42825210094451904,0.4965285062789917,0.07521937787532806
42,3,800 ppm 3 10,single,scale_1.0_rot_0_flip_0,0.5969281792640686,0.34250763058662415,0.060564156621694565
42,3,600 ppm 4 2,single,scale_1.0_rot_0_flip_0,0.19995006918907166,0.5642582178115845,0.23579175770282745
42,3,600 ppm 5 9,single,scale_1.0_rot_0_flip_0,0.24027122557163239,0.28562024235725403,0.47410857677459717
42,3,600 ppm 4 3,single,scale_1.0_rot_0_flip_0,0.4738169014453888,0.25054171681404114,0.27564138174057007
42,3,600 ppm 2 3,single,scale_1.0_rot_0_flip_0,0.09293894469738007,0.10076770931482315,0.8062933087348938
42,3,400 ppm 1 8,single,scale_1.0_rot_0_flip_0,0.1739521324634552,0.14982885122299194,0.67621910572052
42,3,800 ppm 2 6,single,scale_1.0_rot_0_flip_0,0.3623286783695221,0.41560083627700806,0.22207048535346985
42,3,400 ppm 3 3,single,scale_1.0_rot_0_flip_0,0.8483225703239441,0.12702681124210358,0.024650609120726585
42,3,400 ppm 4 7,single,scale_1.0_rot_0_flip_0,0.42437127232551575,0.4017370045185089,0.17389173805713654
42,3,400 ppm 1 1,single,scale_1.0_rot_0_flip_0,0.8677592873573303,0.038324374705553055,0.09391629695892334
42,3,600 ppm 3 2,single,scale_1.0_rot_0_flip_0,0.5274379253387451,0.3421553671360016,0.1304067075252533
42,3,400 ppm 2 5,single,scale_1.0_rot_0_flip_0,0.6274853348731995,0.2962985932826996,0.07621609419584274
42,3,800 ppm 2 10,single,scale_1.0_rot_0_flip_0,0.11052978783845901,0.18699035048484802,0.7024798393249512
42,3,400 ppm 2 6,single,scale_1.0_rot_0_flip_0,0.4314078688621521,0.33995962142944336,0.22863247990608215
42,3,400 ppm 2 2,single,scale_1.0_rot_0_flip_0,0.8495786786079407,0.11784683167934418,0.03257454186677933
42,3,800 ppm 1 3,single,scale_1.0_rot_0_flip_0,0.1494496762752533,0.5154799222946167,0.33507040143013
42,3,400 ppm 5 7,single,scale_1.0_rot_0_flip_0,0.2760270833969116,0.23209750652313232,0.49187543988227844
42,3,1000 ppm 3 1,single,scale_1.0_rot_0_flip_0,0.43244117498397827,0.22995567321777344,0.3376031816005707
42,3,1000 ppm 2 9,single,scale_1.0_rot_0_flip_0,0.11811739951372147,0.5364256501197815,0.34545692801475525
42,3,1000 ppm 2 6,single,scale_1.0_rot_0_flip_0,0.2294124960899353,0.200313001871109,0.5702744722366333
42,3,400 ppm 2 1,single,scale_1.0_rot_0_flip_0,0.5954701900482178,0.3389184772968292,0.06561136245727539
42,3,800 ppm 4 2,single,scale_1.0_rot_0_flip_0,0.08992643654346466,0.06215876340866089,0.8479148149490356
42,3,800 ppm 1 6,single,scale_1.0_rot_0_flip_0,0.12250704318284988,0.34577861428260803,0.5317143797874451
42,3,800 ppm 4 3,single,scale_1.0_rot_0_flip_0,0.24454103410243988,0.6625626683235168,0.09289625287055969
42,3,1000 ppm 5 5,single,scale_1.0_rot_0_flip_0,0.14694620668888092,0.4957105815410614,0.3573431670665741
42,3,600 ppm 5 6,single,scale_1.0_rot_0_flip_0,0.595259964466095,0.2618858516216278,0.14285419881343842
42,3,400 ppm 5 3,single,scale_1.0_rot_0_flip_0,0.21009127795696259,0.25615110993385315,0.5337576866149902
42,3,600 ppm 1 6,single,scale_1.0_rot_0_flip_0,0.2700842618942261,0.3747383952140808,0.3551773428916931
42,3,1000 ppm 1 6,single,scale_1.0_rot_0_flip_0,0.17421631515026093,0.11835786700248718,0.7074258327484131
42,3,800 ppm 5 2,single,scale_1.0_rot_0_flip_0,0.10945262014865875,0.5715516209602356,0.31899574398994446
42,3,c 2,single,scale_1.0_rot_0_flip_0,0.8629109859466553,0.09735344350337982,0.03973560407757759
42,3,800 ppm 2 2,single,scale_1.0_rot_0_flip_0,0.41848212480545044,0.24989081919193268,0.3316270411014557
42,3,400 ppm 5 9,single,scale_1.0_rot_0_flip_0,0.02572089433670044,0.13746055960655212,0.836818516254425
42,3,400 ppm 2 8,single,scale_1.0_rot_0_flip_0,0.3461960256099701,0.4293665885925293,0.2244373857975006
42,3,400 ppm 1 4,single,scale_1.0_rot_0_flip_0,0.26159849762916565,0.26868748664855957,0.46971410512924194
42,3,1000 ppm 2 2,single,scale_1.0_rot_0_flip_0,0.615426242351532,0.24632884562015533,0.1382448971271515
42,3,400 ppm 5 6,d4,scale_1.0_rot_0_flip_0,0.7584354877471924,0.2213299572467804,0.020234599709510803
42,3,800 ppm 5 6,d4,scale_1.0_rot_0_flip_0,0.05737478658556938,0.26364845037460327,0.6789767146110535
42,3,800 ppm 1 8,d4,scale_1.0_rot_0_flip_0,0.2305753529071808,0.16730134189128876,0.6021233201026917
42,3,400 ppm 1 7,d4,scale_1.0_rot_0_flip_0,0.4197569191455841,0.15695463120937347,0.4232884347438812
42,3,400 ppm 3 8,d4,scale_1.0_rot_0_flip_0,0.7118882536888123,0.259537011384964,0.02857467159628868
42,3,1000 ppm 4 10,d4,scale_1.0_rot_0_flip_0,0.13962584733963013,0.6326478719711304,0.2277262657880783
42,3,600 ppm 4 1,d4,scale_1.0_rot_0_flip_0,0.7598569393157959,0.16761329770088196,0.07252977788448334
42,3,400 ppm 4 2,d4,scale_1.0_rot_0_flip_0,0.28383970260620117,0.19834071397781372,0.5178195238113403
42,3,1000 ppm 3 7,d4,scale_1.0_rot_0_flip_0,0.33553364872932434,0.6120160818099976,0.052450310438871384
42,3,800 ppm 4 1,d4,scale_1.0_rot_0_flip_0,0.2891930937767029,0.04589749500155449,0.6649093627929688
42,3,600 ppm 1 10,d4,scale_1.0_rot_0_flip_0,0.13006016612052917,0.3476407825946808,0.52229905128479
42,3,400 ppm 5 4,d4,scale_1.0_rot_0_flip_0,0.5121501684188843,0.33755257725715637,0.15029726922512054
42,3,1000 ppm 1 10,d4,scale_1.0_rot_0_flip_0,0.07217009365558624,0.09205013513565063,0.8357797861099243
42,3,800 ppm 5 1,d4,scale_1.0_rot_0_flip_0,0.6744264960289001,0.26937249302864075,0.056200988590717316
42,3,1000 ppm 1 2,d4,scale_1.0_rot_0_flip_0,0.452175110578537,0.27092546224594116,0.27689945697784424
42,3,800 ppm 4 10,d4,scale_1.0_rot_0_flip_0,0.42825210094451904,0.4965285062789917,0.07521937787532806
42,3,800 ppm 3 10,d4,scale_1.0_rot_0_flip_0,0.5969281792640686,0.34250763058662415,0.060564156621694565
42,3,600 ppm 4 2,d4,scale_1.0_rot_0_flip_0,0.19995006918907166,0.5642582178115845,0.23579175770282745
42,3,600 ppm 5 9,d4,scale_1.0_rot_0_flip_0,0.24027122557163239,0.28562024235725403,0.47410857677459717
42,3,600 ppm 4 3,d4,scale_1.0_rot_0_flip_0,0.4738169014453888,0.25054171681404114,0.27564138174057007
42,3,600 ppm 2 3,d4,scale_1.0_rot_0_flip_0,0.09293894469738007,0.10076770931482315,0.8062933087348938
42,3,400 ppm 1 8,d4,scale_1.0_rot_0_flip_0,0.1739521324634552,0.14982885122299194,0.67621910572052
42,3,800 ppm 2 6,d4,scale_1.0_rot_0_flip_0,0.3623286783695221,0.41560083627700806,0.22207048535346985
42,3,400 ppm 3 3,d4,scale_1.0_rot_0_flip_0,0.8483225703239441,0.12702681124210358,0.024650609120726585
42,3,400 ppm 4 7,d4,scale_1.0_rot_0_flip_0,0.42437127232551575,0.4017370045185089,0.17389173805713654
42,3,400 ppm 1 1,d4,scale_1.0_rot_0_flip_0,0.8677592873573303,0.038324374705553055,0.09391629695892334
42,3,600 ppm 3 2,d4,scale_1.0_rot_0_flip_0,0.5274379253387451,0.3421553671360016,0.1304067075252533
42,3,400 ppm 2 5,d4,scale_1.0_rot_0_flip_0,0.6274853348731995,0.2962985932826996,0.07621609419584274
42,3,800 ppm 2 10,d4,scale_1.0_rot_0_flip_0,0.11052978783845901,0.18699035048484802,0.7024798393249512
42,3,400 ppm 2 6,d4,scale_1.0_rot_0_flip_0,0.4314078688621521,0.33995962142944336,0.22863247990608215
42,3,400 ppm 2 2,d4,scale_1.0_rot_0_flip_0,0.8495786786079407,0.11784683167934418,0.03257454186677933
42,3,800 ppm 1 3,d4,scale_1.0_rot_0_flip_0,0.1494496762752533,0.5154799222946167,0.33507040143013
42,3,400 ppm 5 7,d4,scale_1.0_rot_0_flip_0,0.2760270833969116,0.23209750652313232,0.49187543988227844
42,3,1000 ppm 3 1,d4,scale_1.0_rot_0_flip_0,0.43244117498397827,0.22995567321777344,0.3376031816005707
42,3,1000 ppm 2 9,d4,scale_1.0_rot_0_flip_0,0.11811739951372147,0.5364256501197815,0.34545692801475525
42,3,1000 ppm 2 6,d4,scale_1.0_rot_0_flip_0,0.2294124960899353,0.200313001871109,0.5702744722366333
42,3,400 ppm 2 1,d4,scale_1.0_rot_0_flip_0,0.5954701900482178,0.3389184772968292,0.06561136245727539
42,3,800 ppm 4 2,d4,scale_1.0_rot_0_flip_0,0.08992643654346466,0.06215876340866089,0.8479148149490356
42,3,800 ppm 1 6,d4,scale_1.0_rot_0_flip_0,0.12250704318284988,0.34577861428260803,0.5317143797874451
42,3,800 ppm 4 3,d4,scale_1.0_rot_0_flip_0,0.24454103410243988,0.6625626683235168,0.09289625287055969
42,3,1000 ppm 5 5,d4,scale_1.0_rot_0_flip_0,0.14694620668888092,0.4957105815410614,0.3573431670665741
42,3,600 ppm 5 6,d4,scale_1.0_rot_0_flip_0,0.595259964466095,0.2618858516216278,0.14285419881343842
42,3,400 ppm 5 3,d4,scale_1.0_rot_0_flip_0,0.21009127795696259,0.25615110993385315,0.5337576866149902
42,3,600 ppm 1 6,d4,scale_1.0_rot_0_flip_0,0.2700842618942261,0.3747383952140808,0.3551773428916931
42,3,1000 ppm 1 6,d4,scale_1.0_rot_0_flip_0,0.17421631515026093,0.11835786700248718,0.7074258327484131
42,3,800 ppm 5 2,d4,scale_1.0_rot_0_flip_0,0.10945262014865875,0.5715516209602356,0.31899574398994446
42,3,c 2,d4,scale_1.0_rot_0_flip_0,0.8629109859466553,0.09735344350337982,0.03973560407757759
42,3,800 ppm 2 2,d4,scale_1.0_rot_0_flip_0,0.41848212480545044,0.24989081919193268,0.3316270411014557
42,3,400 ppm 5 9,d4,scale_1.0_rot_0_flip_0,0.02572089433670044,0.13746055960655212,0.836818516254425
42,3,400 ppm 2 8,d4,scale_1.0_rot_0_flip_0,0.3461960256099701,0.4293665885925293,0.2244373857975006
42,3,400 ppm 1 4,d4,scale_1.0_rot_0_flip_0,0.26159849762916565,0.26868748664855957,0.46971410512924194
42,3,1000 ppm 2 2,d4,scale_1.0_rot_0_flip_0,0.615426242351532,0.24632884562015533,0.1382448971271515
42,3,400 ppm 5 6,d4,scale_1.0_rot_0_flip_1,0.7523694634437561,0.23450849950313568,0.013121986761689186
42,3,800 ppm 5 6,d4,scale_1.0_rot_0_flip_1,0.05886702612042427,0.2867431938648224,0.6543897390365601
42,3,800 ppm 1 8,d4,scale_1.0_rot_0_flip_1,0.34909337759017944,0.14590804278850555,0.5049985647201538
42,3,400 ppm 1 7,d4,scale_1.0_rot_0_flip_1,0.4360811114311218,0.18533746898174286,0.3785814642906189
42,3,400 ppm 3 8,d4,scale_1.0_rot_0_flip_1,0.7291443347930908,0.24072790145874023,0.030127760022878647
42,3,1000 ppm 4 10,d4,scale_1.0_rot_0_flip_1,0.15464363992214203,0.6795175075531006,0.16583888232707977
42,3,600 ppm 4 1,d4,scale_1.0_rot_0_flip_1,0.7449877262115479,0.16032268106937408,0.09468958526849747
42,3,400 ppm 4 2,d4,scale_1.0_rot_0_flip_1,0.4132506847381592,0.21010532975196838,0.3766440153121948
42,3,1000 ppm 3 7,d4,scale_1.0_rot_0_flip_1,0.35550644993782043,0.602360188961029,0.042133379727602005
42,3,800 ppm 4 1,d4,scale_1.0_rot_0_flip_1,0.17254789173603058,0.02433899976313114,0.8031131029129028
42,3,600 ppm 1 10,d4,scale_1.0_rot_0_flip_1,0.1020139530301094,0.2995353639125824,0.5984506607055664
42,3,400 ppm 5 4,d4,scale_1.0_rot_0_flip_1,0.5022956132888794,0.2938762605190277,0.20382815599441528
42,3,1000 ppm 1 10,d4,scale_1.0_rot_0_flip_1,0.041521478444337845,0.07017537206411362,0.8883032202720642
42,3,800 ppm 5 1,d4,scale_1.0_rot_0_flip_1,0.5503966212272644,0.379759281873703,0.06984413415193558
42,3,1000 ppm 1 2,d4,scale_1.0_rot_0_flip_1,0.3290404975414276,0.3656303882598877,0.3053290843963623
42,3,800 ppm 4 10,d4,scale_1.0_rot_0_flip_1,0.47944191098213196,0.42262107133865356,0.09793700277805328
42,3,800 ppm 3 10,d4,scale_1.0_rot_0_flip_1,0.5612119436264038,0.3703939616680145,0.06839409470558167
42,3,600 ppm 4 2,d4,scale_1.0_rot_0_flip_1,0.26522406935691833,0.5067895650863647,0.2279863804578781
42,3,600 ppm 5 9,d4,scale_1.0_rot_0_flip_1,0.21926264464855194,0.20682819187641144,0.5739091038703918
42,3,600 ppm 4 3,d4,scale_1.0_rot_0_flip_1,0.48537757992744446,0.23166219890117645,0.2829601764678955
42,3,600 ppm 2 3,d4,scale_1.0_rot_0_flip_1,0.07191859185695648,0.08645209670066833,0.8416293263435364
42,3,400 ppm 1 8,d4,scale_1.0_rot_0_flip_1,0.21914267539978027,0.10976388305425644,0.6710934042930603
42,3,800 ppm 2 6,d4,scale_1.0_rot_0_flip_1,0.3122149705886841,0.4642818868160248,0.2235032171010971
42,3,400 ppm 3 3,d4,scale_1.0_rot_0_flip_1,0.8223772644996643,0.15211157500743866,0.025511115789413452
42,3,400 ppm 4 7,d4,scale_1.0_rot_0_flip_1,0.4512498378753662,0.3489556908607483,0.1997944712638855
42,3,400 ppm 1 1,d4,scale_1.0_rot_0_flip_1,0.8548237681388855,0.04441772401332855,0.10075844079256058
42,3,600 ppm 3 2,d4,scale_1.0_rot_0_flip_1,0.5687538385391235,0.3341826796531677,0.09706344455480576
42,3,400 ppm 2 5,d4,scale_1.0_rot_0_flip_1,0.552004337310791,0.3501417934894562,0.09785391390323639
42,3,800 ppm 2 10,d4,scale_1.0_rot_0_flip_1,0.13745100796222687,0.24807055294513702,0.6144784092903137
42,3,400 ppm 2 6,d4,scale_1.0_rot_0_flip_1,0.44332706928253174,0.3487478494644165,0.20792505145072937
42,3,400 ppm 2 2,d4,scale_1.0_rot_0_flip_1,0.8006017208099365,0.1611052006483078,0.03829304501414299
42,3,800 ppm 1 3,d4,scale_1.0_rot_0_flip_1,0.14975057542324066,0.5449961423873901,0.305253267288208
42,3,400 ppm 5 7,d4,scale_1.0_rot_0_flip_1,0.21378645300865173,0.24243967235088348,0.543773889541626
42,3,1000 ppm 3 1,d4,scale_1.0_rot_0_flip_1,0.5077717900276184,0.2253391444683075,0.2668890953063965
42,3,1000 ppm 2 9,d4,scale_1.0_rot_0_flip_1,0.22207096219062805,0.5526669025421143,0.2252621203660965
42,3,1000 ppm 2 6,d4,scale_1.0_rot_0_flip_1,0.20817069709300995,0.20813532173633575,0.5836939811706543
42,3,400 ppm 2 1,d4,scale_1.0_rot_0_flip_1,0.5017735362052917,0.41874605417251587,0.07948039472103119
42,3,800 ppm 4 2,d4,scale_1.0_rot_0_flip_1,0.08679445087909698,0.06586867570877075,0.8473368883132935
42,3,800 ppm 1 6,d4,scale_1.0_rot_0_flip_1,0.11623477190732956,0.27116861939430237,0.6125965714454651
42,3,800 ppm 4 3,d4,scale_1.0_rot_0_flip_1,0.3053121864795685,0.5830768346786499,0.11161097139120102
42,3,1000 ppm 5 5,d4,scale_1.0_rot_0_flip_1,0.17026138305664062,0.4996050000190735,0.3301336169242859
42,3,600 ppm 5 6,d4,scale_1.0_rot_0_flip_1,0.5565281510353088,0.30756399035453796,0.135907843708992
42,3,400 ppm 5 3,d4,scale_1.0_rot_0_flip_1,0.2025313824415207,0.2760736644268036,0.5213949680328369
42,3,600 ppm 1 6,d4,scale_1.0_rot_0_flip_1,0.21593210101127625,0.28890159726142883,0.49516627192497253
42,3,1000 ppm 1 6,d4,scale_1.0_rot_0_flip_1,0.2057141810655594,0.1458607316017151,0.6484251022338867
42,3,800 ppm 5 2,d4,scale_1.0_rot_0_flip_1,0.10520274192094803,0.5221043229103088,0.3726929724216461
42,3,c 2,d4,scale_1.0_rot_0_flip_1,0.8295509219169617,0.09868292510509491,0.07176618278026581
42,3,800 ppm 2 2,d4,scale_1.0_rot_0_flip_1,0.4488525986671448,0.21590855717658997,0.33523881435394287
42,3,400 ppm 5 9,d4,scale_1.0_rot_0_flip_1,0.017897317185997963,0.12491122633218765,0.8571915030479431
42,3,400 ppm 2 8,d4,scale_1.0_rot_0_flip_1,0.32868480682373047,0.4282571077346802,0.24305802583694458
42,3,400 ppm 1 4,d4,scale_1.0_rot_0_flip_1,0.25514015555381775,0.2581879198551178,0.48667192459106445
42,3,1000 ppm 2 2,d4,scale_1.0_rot_0_flip_1,0.5908579230308533,0.26975753903388977,0.13938455283641815
42,3,400 ppm 5 6,d4,scale_1.0_rot_90_flip_0,0.4088808298110962,0.3977412283420563,0.19337794184684753
42,3,800 ppm 5 6,d4,scale_1.0_rot_90_flip_0,0.02133997529745102,0.11534908413887024,0.8633109927177429
42,3,800 ppm 1 8,d4,scale_1.0_rot_90_flip_0,0.2971559762954712,0.36665382981300354,0.33619019389152527
42,3,400 ppm 1 7,d4,scale_1.0_rot_90_flip_0,0.3409428000450134,0.28690415620803833,0.372153103351593
42,3,400 ppm 3 8,d4,scale_1.0_rot_90_flip_0,0.4232122600078583,0.23714633285999298,0.33964136242866516
42,3,1000 ppm 4 10,d4,scale_1.0_rot_90_flip_0,0.09496258199214935,0.33424514532089233,0.5707923173904419
42,3,600 ppm 4 1,d4,scale_1.0_rot_90_flip_0,0.4406014680862427,0.13868072628974915,0.420717716217041
42,3,400 ppm 4 2,d4,scale_1.0_rot_90_flip_0,0.1944207102060318,0.09824078530073166,0.7073385715484619
42,3,1000 ppm 3 7,d4,scale_1.0_rot_90_flip_0,0.1815779209136963,0.628795862197876,0.18962620198726654
42,3,800 ppm 4 1,d4,scale_1.0_rot_90_flip_0,0.03183895722031593,0.00772041967138648,0.9604406952857971
42,3,600 ppm 1 10,d4,scale_1.0_rot_90_flip_0,0.1014414057135582,0.16865278780460358,0.7299058437347412
42,3,400 ppm 5 4,d4,scale_1.0_rot_90_flip_0,0.44099947810173035,0.40933534502983093,0.1496652066707611
42,3,1000 ppm 1 10,d4,scale_1.0_rot_90_flip_0,0.0076635126024484634,0.016755426302552223,0.9755810499191284
42,3,800 ppm 5 1,d4,scale_1.0_rot_90_flip_0,0.43136560916900635,0.1595468372106552,0.40908753871917725
42,3,1000 ppm 1 2,d4,scale_1.0_rot_90_flip_0,0.22226296365261078,0.3874082565307617,0.3903287649154663
42,3,800 ppm 4 10,d4,scale_1.0_rot_90_flip_0,0.2987646162509918,0.3038049340248108,0.3974304497241974
42,3,800 ppm 3 10,d4,scale_1.0_rot_90_flip_0,0.3318840265274048,0.3940948247909546,0.27402111887931824
42,3,600 ppm 4 2,d4,scale_1.0_rot_90_flip_0,0.06941010057926178,0.27842310070991516,0.6521668434143066
42,3,600 ppm 5 9,d4,scale_1.0_rot_90_flip_0,0.1180722787976265,0.10276483744382858,0.7791628837585449
42,3,600 ppm 4 3,d4,scale_1.0_rot_90_flip_0,0.41395142674446106,0.09759780019521713,0.4884507954120636
42,3,600 ppm 2 3,d4,scale_1.0_rot_90_flip_0,0.07049642503261566,0.10639092326164246,0.8231126666069031
42,3,400 ppm 1 8,d4,scale_1.0_rot_90_flip_0,0.11409925669431686,0.0887012854218483,0.7971994876861572
42,3,800 ppm 2 6,d4,scale_1.0_rot_90_flip_0,0.1719232201576233,0.10969369858503342,0.7183830738067627
42,3,400 ppm 3 3,d4,scale_1.0_rot_90_flip_0,0.5955761671066284,0.2663760781288147,0.13804781436920166
42,3,400 ppm 4 7,d4,scale_1.0_rot_90_flip_0,0.6564393043518066,0.1817062497138977,0.16185449063777924
42,3,400 ppm 1 1,d4,scale_1.0_rot_90_flip_0,0.67923903465271,0.04136066138744354,0.2794003188610077
42,3,600 ppm 3 2,d4,scale_1.0_rot_90_flip_0,0.1756596714258194,0.2469288408756256,0.5774114727973938
42,3,400 ppm 2 5,d4,scale_1.0_rot_90_flip_0,0.7034183144569397,0.11909111589193344,0.17749054729938507
42,3,800 ppm 2 10,d4,scale_1.0_rot_90_flip_0,0.04132184013724327,0.04014536365866661,0.9185328483581543
42,3,400 ppm 2 6,d4,scale_1.0_rot_90_flip_0,0.3384685516357422,0.17829331755638123,0.4832381308078766
42,3,400 ppm 2 2,d4,scale_1.0_rot_90_flip_0,0.6718698143959045,0.11944761127233505,0.208682581782341
42,3,800 ppm 1 3,d4,scale_1.0_rot_90_flip_0,0.10516968369483948,0.6806501150131226,0.21418026089668274
42,3,400 ppm 5 7,d4,scale_1.0_rot_90_flip_0,0.1521904468536377,0.15935106575489044,0.6884585022926331
42,3,1000 ppm 3 1,d4,scale_1.0_rot_90_flip_0,0.19090822339057922,0.339775949716568,0.46931585669517517
42,3,1000 ppm 2 9,d4,scale_1.0_rot_90_flip_0,0.061160169541835785,0.357433944940567,0.5814058780670166
42,3,1000 ppm 2 6,d4,scale_1.0_rot_90_flip_0,0.07854901254177094,0.04878992214798927,0.8726610541343689
42,3,400 ppm 2 1,d4,scale_1.0_rot_90_flip_0,0.4254150986671448,0.4197893738746643,0.15479549765586853
42,3,800 ppm 4 2,d4,scale_1.0_rot_90_flip_0,0.018805695697665215,0.02916339412331581,0.9520308971405029
42,3,800 ppm 1 6,d4,scale_1.0_rot_90_flip_0,0.10863568633794785,0.1668853908777237,0.7244789600372314
42,3,800 ppm 4 3,d4,scale_1.0_rot_90_flip_0,0.22433388233184814,0.3221445381641388,0.45352160930633545
42,3,1000 ppm 5 5,d4,scale_1.0_rot_90_flip_0,0.08427980542182922,0.2532760500907898,0.6624441742897034
42,3,600 ppm 5 6,d4,scale_1.0_rot_90_flip_0,0.24726742506027222,0.18389371037483215,0.5688388347625732
42,3,400 ppm 5 3,d4,scale_1.0_rot_90_flip_0,0.4921177625656128,0.22151516377925873,0.2863670587539673
42,3,600 ppm 1 6,d4,scale_1.0_rot_90_flip_0,0.053552981466054916,0.1432856023311615,0.8031615018844604
42,3,1000 ppm 1 6,d4,scale_1.0_rot_90_flip_0,0.12145733088254929,0.12440184503793716,0.7541408538818359
42,3,800 ppm 5 2,d4,scale_1.0_rot_90_flip_0,0.07135295122861862,0.3678607642650604,0.5607863068580627
42,3,c 2,d4,scale_1.0_rot_90_flip_0,0.6259139776229858,0.14348538219928741,0.23060061037540436
42,3,800 ppm 2 2,d4,scale_1.0_rot_90_flip_0,0.46841228008270264,0.13351428508758545,0.3980734944343567
42,3,400 ppm 5 9,d4,scale_1.0_rot_90_flip_0,0.030069971457123756,0.15829551219940186,0.8116345405578613
42,3,400 ppm 2 8,d4,scale_1.0_rot_90_flip_0,0.178950697183609,0.2477898746728897,0.5732594132423401
42,3,400 ppm 1 4,d4,scale_1.0_rot_90_flip_0,0.2693713307380676,0.10784570127725601,0.6227830052375793
42,3,1000 ppm 2 2,d4,scale_1.0_rot_90_flip_0,0.39269009232521057,0.24621759355068207,0.36109229922294617
42,3,400 ppm 5 6,d4,scale_1.0_rot_90_flip_1,0.4548044502735138,0.3418019115924835,0.20339363813400269
42,3,800 ppm 5 6,d4,scale_1.0_rot_90_flip_1,0.018804751336574554,0.11079248040914536,0.8704028129577637
42,3,800 ppm 1 8,d4,scale_1.0_rot_90_flip_1,0.2868563234806061,0.32722237706184387,0.38592126965522766
42,3,400 ppm 1 7,d4,scale_1.0_rot_90_flip_1,0.37774211168289185,0.28986749053001404,0.3323904275894165
42,3,400 ppm 3 8,d4,scale_1.0_rot_90_flip_1,0.4438417851924896,0.22044458985328674,0.33571356534957886
42,3,1000 ppm 4 10,d4,scale_1.0_rot_90_flip_1,0.06776159256696701,0.21411091089248657,0.7181275486946106
42,3,600 ppm 4 1,d4,scale_1.0_rot_90_flip_1,0.4873012900352478,0.16199332475662231,0.35070541501045227
42,3,400 ppm 4 2,d4,scale_1.0_rot_90_flip_1,0.28315964341163635,0.11585245281457901,0.6009879112243652
42,3,1000 ppm 3 7,d4,scale_1.0_rot_90_flip_1,0.24505732953548431,0.5543866753578186,0.2005559802055359
42,3,800 ppm 4 1,d4,scale_1.0_rot_90_flip_1,0.03370101749897003,0.010178768076002598,0.9561202526092529
42,3,600 ppm 1 10,d4,scale_1.0_rot_90_flip_1,0.1452254354953766,0.15727996826171875,0.697494626045227
42,3,400 ppm 5 4,d4,scale_1.0_rot_90_flip_1,0.4849945902824402,0.33754196763038635,0.17746339738368988
42,3,1000 ppm 1 10,d4,scale_1.0_rot_90_flip_1,0.006576829124242067,0.01273426041007042,0.9806889295578003
42,3,800 ppm 5 1,d4,scale_1.0_rot_90_flip_1,0.4755114018917084,0.19448857009410858,0.3300000727176666
42,3,1000 ppm 1 2,d4,scale_1.0_rot_90_flip_1,0.34813183546066284,0.3460039794445038,0.3058641850948334
42,3,800 ppm 4 10,d4,scale_1.0_rot_90_flip_1,0.3880346715450287,0.2554033696651459,0.35656195878982544
42,3,800 ppm 3 10,d4,scale_1.0_rot_90_flip_1,0.32757440209388733,0.4344439208507538,0.2379816472530365
42,3,600 ppm 4 2,d4,scale_1.0_rot_90_flip_1,0.0581166073679924,0.19591639935970306,0.7459669709205627
42,3,600 ppm 5 9,d4,scale_1.0_rot_90_flip_1,0.08159428089857101,0.10384322702884674,0.8145625591278076
42,3,600 ppm 4 3,d4,scale_1.0_rot_90_flip_1,0.3039672374725342,0.07555411010980606,0.620478630065918
42,3,600 ppm 2 3,d4,scale_1.0_rot_90_flip_1,0.07144884020090103,0.10926699638366699,0.8192841410636902
42,3,400 ppm 1 8,d4,scale_1.0_rot_90_flip_1,0.21257884800434113,0.14811334013938904,0.6393078565597534
42,3,800 ppm 2 6,d4,scale_1.0_rot_90_flip_1,0.16165542602539062,0.13618390262126923,0.702160656452179
42,3,400 ppm 3 3,d4,scale_1.0_rot_90_flip_1,0.5994794368743896,0.25823473930358887,0.1422857940196991
42,3,400 ppm 4 7,d4,scale_1.0_rot_90_flip_1,0.6107736825942993,0.20981107652187347,0.17941518127918243
42,3,400 ppm 1 1,d4,scale_1.0_rot_90_flip_1,0.7784499526023865,0.02947552129626274,0.19207456707954407
42,3,600 ppm 3 2,d4,scale_1.0_rot_90_flip_1,0.19593147933483124,0.25248435139656067,0.5515841841697693
42,3,400 ppm 2 5,d4,scale_1.0_rot_90_flip_1,0.6314916610717773,0.13367855548858643,0.23482975363731384
42,3,800 ppm 2 10,d4,scale_1.0_rot_90_flip_1,0.04004654660820961,0.045122355222702026,0.9148310422897339
42,3,400 ppm 2 6,d4,scale_1.0_rot_90_flip_1,0.36419394612312317,0.1939927339553833,0.44181331992149353
42,3,400 ppm 2 2,d4,scale_1.0_rot_90_flip_1,0.6679210662841797,0.09844966232776642,0.2336292564868927
42,3,800 ppm 1 3,d4,scale_1.0_rot_90_flip_1,0.1323511004447937,0.6742164492607117,0.19343240559101105
42,3,400 ppm 5 7,d4,scale_1.0_rot_90_flip_1,0.14798612892627716,0.18578119575977325,0.6662326455116272
42,3,1000 ppm 3 1,d4,scale_1.0_rot_90_flip_1,0.22433926165103912,0.2963593006134033,0.47930142283439636
42,3,1000 ppm 2 9,d4,scale_1.0_rot_90_flip_1,0.07103446871042252,0.40910887718200684,0.5198566317558289
42,3,1000 ppm 2 6,d4,scale_1.0_rot_90_flip_1,0.07116282731294632,0.029596608132123947,0.8992405533790588
42,3,400 ppm 2 1,d4,scale_1.0_rot_90_flip_1,0.37426310777664185,0.4539998471736908,0.1717369556427002
42,3,800 ppm 4 2,d4,scale_1.0_rot_90_flip_1,0.030619412660598755,0.039013754576444626,0.9303668737411499
42,3,800 ppm 1 6,d4,scale_1.0_rot_90_flip_1,0.19104264676570892,0.15409187972545624,0.6548654437065125
42,3,800 ppm 4 3,d4,scale_1.0_rot_90_flip_1,0.2382606565952301,0.29057565331459045,0.47116369009017944
42,3,1000 ppm 5 5,d4,scale_1.0_rot_90_flip_1,0.10604730248451233,0.2525440454483032,0.6414086222648621
42,3,600 ppm 5 6,d4,scale_1.0_rot_90_flip_1,0.3041582405567169,0.21005789935588837,0.48578381538391113
42,3,400 ppm 5 3,d4,scale_1.0_rot_90_flip_1,0.44482421875,0.2483690232038498,0.306806743144989
42,3,600 ppm 1 6,d4,scale_1.0_rot_90_flip_1,0.03210083395242691,0.14777594804763794,0.8201231360435486
42,3,1000 ppm 1 6,d4,scale_1.0_rot_90_flip_1,0.1829768866300583,0.15659242868423462,0.6604306697845459
42,3,800 ppm 5 2,d4,scale_1.0_rot_90_flip_1,0.05478924140334129,0.3553243577480316,0.5898864269256592
42,3,c 2,d4,scale_1.0_rot_90_flip_1,0.682736337184906,0.12475170195102692,0.19251196086406708
42,3,800 ppm 2 2,d4,scale_1.0_rot_90_flip_1,0.527383029460907,0.11279689520597458,0.35982006788253784
42,3,400 ppm 5 9,d4,scale_1.0_rot_90_flip_1,0.018465446308255196,0.16438625752925873,0.8171482682228088
42,3,400 ppm 2 8,d4,scale_1.0_rot_90_flip_1,0.25811004638671875,0.2892839312553406,0.45260605216026306
42,3,400 ppm 1 4,d4,scale_1.0_rot_90_flip_1,0.30582910776138306,0.09599435329437256,0.5981765985488892
42,3,1000 ppm 2 2,d4,scale_1.0_rot_90_flip_1,0.39886024594306946,0.22394749522209167,0.3771921992301941
42,3,400 ppm 5 6,d4,scale_1.0_rot_180_flip_0,0.7301873564720154,0.17731015384197235,0.09250248968601227
42,3,800 ppm 5 6,d4,scale_1.0_rot_180_flip_0,0.017398236319422722,0.07290448993444443,0.9096971750259399
42,3,800 ppm 1 8,d4,scale_1.0_rot_180_flip_0,0.330792635679245,0.2658371925354004,0.4033701717853546
42,3,400 ppm 1 7,d4,scale_1.0_rot_180_flip_0,0.510535478591919,0.29095205664634705,0.1985124796628952
42,3,400 ppm 3 8,d4,scale_1.0_rot_180_flip_0,0.4697098731994629,0.18194639682769775,0.34834370017051697
42,3,1000 ppm 4 10,d4,scale_1.0_rot_180_flip_0,0.07029729336500168,0.22213725745677948,0.707565426826477
42,3,600 ppm 4 1,d4,scale_1.0_rot_180_flip_0,0.5106633305549622,0.08383788913488388,0.40549880266189575
42,3,400 ppm 4 2,d4,scale_1.0_rot_180_flip_0,0.28663668036460876,0.10359591990709305,0.6097673773765564
42,3,1000 ppm 3 7,d4,scale_1.0_rot_180_flip_0,0.38219374418258667,0.4050162732601166,0.21278999745845795
42,3,800 ppm 4 1,d4,scale_1.0_rot_180_flip_0,0.1590539664030075,0.023863719776272774,0.8170822858810425
42,3,600 ppm 1 10,d4,scale_1.0_rot_180_flip_0,0.06383585929870605,0.10207438468933105,0.8340896964073181
42,3,400 ppm 5 4,d4,scale_1.0_rot_180_flip_0,0.5980304479598999,0.3255937695503235,0.07637578248977661
42,3,1000 ppm 1 10,d4,scale_1.0_rot_180_flip_0,0.009882170706987381,0.01589473895728588,0.9742230772972107
42,3,800 ppm 5 1,d4,scale_1.0_rot_180_flip_0,0.4509303569793701,0.1561218649148941,0.3929477334022522
42,3,1000 ppm 1 2,d4,scale_1.0_rot_180_flip_0,0.35048675537109375,0.4845948815345764,0.16491834819316864
42,3,800 ppm 4 10,d4,scale_1.0_rot_180_flip_0,0.484652578830719,0.2046404927968979,0.3107069730758667
42,3,800 ppm 3 10,d4,scale_1.0_rot_180_flip_0,0.4597802460193634,0.16945527493953705,0.3707644045352936
42,3,600 ppm 4 2,d4,scale_1.0_rot_180_flip_0,0.17511431872844696,0.11980126053094864,0.7050844430923462
42,3,600 ppm 5 9,d4,scale_1.0_rot_180_flip_0,0.08564607053995132,0.04655658081173897,0.867797315120697
42,3,600 ppm 4 3,d4,scale_1.0_rot_180_flip_0,0.3416210412979126,0.07204578816890717,0.586333155632019
42,3,600 ppm 2 3,d4,scale_1.0_rot_180_flip_0,0.09506227821111679,0.1969764083623886,0.70796138048172
42,3,400 ppm 1 8,d4,scale_1.0_rot_180_flip_0,0.32435619831085205,0.19784455001354218,0.47779926657676697
42,3,800 ppm 2 6,d4,scale_1.0_rot_180_flip_0,0.1255599558353424,0.06121345981955528,0.813226580619812
42,3,400 ppm 3 3,d4,scale_1.0_rot_180_flip_0,0.7757779955863953,0.133362278342247,0.09085965901613235
42,3,400 ppm 4 7,d4,scale_1.0_rot_180_flip_0,0.350786030292511,0.3470107316970825,0.3022032678127289
42,3,400 ppm 1 1,d4,scale_1.0_rot_180_flip_0,0.7906607985496521,0.01953846774995327,0.18980075418949127
42,3,600 ppm 3 2,d4,scale_1.0_rot_180_flip_0,0.4797022044658661,0.14873847365379333,0.3715592622756958
42,3,400 ppm 2 5,d4,scale_1.0_rot_180_flip_0,0.470598042011261,0.1714160442352295,0.35798588395118713
42,3,800 ppm 2 10,d4,scale_1.0_rot_180_flip_0,0.016694124788045883,0.02262488193809986,0.9606810212135315
42,3,400 ppm 2 6,d4,scale_1.0_rot_180_flip_0,0.30977004766464233,0.11257243156433105,0.5776575207710266
42,3,400 ppm 2 2,d4,scale_1.0_rot_180_flip_0,0.5286087989807129,0.08852632343769073,0.3828648328781128
42,3,800 ppm 1 3,d4,scale_1.0_rot_180_flip_0,0.15039457380771637,0.7067182064056396,0.14288724958896637
42,3,400 ppm 5 7,d4,scale_1.0_rot_180_flip_0,0.13149183988571167,0.08979730308055878,0.7787109017372131
42,3,1000 ppm 3 1,d4,scale_1.0_rot_180_flip_0,0.48526930809020996,0.4273734986782074,0.08735717087984085
42,3,1000 ppm 2 9,d4,scale_1.0_rot_180_flip_0,0.10357388108968735,0.1811545491218567,0.7152715921401978
42,3,1000 ppm 2 6,d4,scale_1.0_rot_180_flip_0,0.08646511286497116,0.046669770032167435,0.8668651580810547
42,3,400 ppm 2 1,d4,scale_1.0_rot_180_flip_0,0.510453999042511,0.26667270064353943,0.22287330031394958
42,3,800 ppm 4 2,d4,scale_1.0_rot_180_flip_0,0.03699235990643501,0.033970970660448074,0.9290367364883423
42,3,800 ppm 1 6,d4,scale_1.0_rot_180_flip_0,0.23470084369182587,0.3908223509788513,0.37447676062583923
42,3,800 ppm 4 3,d4,scale_1.0_rot_180_flip_0,0.2034660130739212,0.29142361879348755,0.5051103234291077
42,3,1000 ppm 5 5,d4,scale_1.0_rot_180_flip_0,0.09932609647512436,0.20697155594825745,0.6937023997306824
42,3,600 ppm 5 6,d4,scale_1.0_rot_180_flip_0,0.30419406294822693,0.10613427311182022,0.5896716713905334
42,3,400 ppm 5 3,d4,scale_1.0_rot_180_flip_0,0.2783098816871643,0.3343179225921631,0.38737210631370544
42,3,600 ppm 1 6,d4,scale_1.0_rot_180_flip_0,0.07645543664693832,0.07852542400360107,0.8450192213058472
42,3,1000 ppm 1 6,d4,scale_1.0_rot_180_flip_0,0.21651163697242737,0.18954481184482574,0.5939436554908752
42,3,800 ppm 5 2,d4,scale_1.0_rot_180_flip_0,0.052718959748744965,0.1713985800743103,0.7758824229240417
42,3,c 2,d4,scale_1.0_rot_180_flip_0,0.7794455289840698,0.03574685752391815,0.18480759859085083
42,3,800 ppm 2 2,d4,scale_1.0_rot_180_flip_0,0.16708219051361084,0.07509224116802216,0.7578256130218506
42,3,400 ppm 5 9,d4,scale_1.0_rot_180_flip_0,0.027873074635863304,0.24960476160049438,0.7225221395492554
42,3,400 ppm 2 8,d4,scale_1.0_rot_180_flip_0,0.28564518690109253,0.2020820826292038,0.5122727155685425
42,3,400 ppm 1 4,d4,scale_1.0_rot_180_flip_0,0.08817966282367706,0.08614356070756912,0.8256767392158508
42,3,1000 ppm 2 2,d4,scale_1.0_rot_180_flip_0,0.3355805575847626,0.1596992462873459,0.5047202110290527
42,3,400 ppm 5 6,d4,scale_1.0_rot_180_flip_1,0.6712440848350525,0.1812177300453186,0.1475382000207901
42,3,800 ppm 5 6,d4,scale_1.0_rot_180_flip_1,0.02162289246916771,0.07749202102422714,0.9008851051330566
42,3,800 ppm 1 8,d4,scale_1.0_rot_180_flip_1,0.2642732858657837,0.29597845673561096,0.43974822759628296
42,3,400 ppm 1 7,d4,scale_1.0_rot_180_flip_1,0.5362957119941711,0.3034589886665344,0.16024529933929443
42,3,400 ppm 3 8,d4,scale_1.0_rot_180_flip_1,0.5713397860527039,0.14197219908237457,0.28668802976608276
42,3,1000 ppm 4 10,d4,scale_1.0_rot_180_flip_1,0.10025500506162643,0.21812500059604645,0.6816200017929077
42,3,600 ppm 4 1,d4,scale_1.0_rot_180_flip_1,0.5654323101043701,0.06435295939445496,0.3702147603034973
42,3,400 ppm 4 2,d4,scale_1.0_rot_180_flip_1,0.2632712125778198,0.10607793927192688,0.6306508779525757
42,3,1000 ppm 3 7,d4,scale_1.0_rot_180_flip_1,0.38852179050445557,0.30723920464515686,0.30423903465270996
42,3,800 ppm 4 1,d4,scale_1.0_rot_180_flip_1,0.18441104888916016,0.021909639239311218,0.7936793565750122
42,3,600 ppm 1 10,d4,scale_1.0_rot_180_flip_1,0.08247306942939758,0.11292576789855957,0.8046011924743652
42,3,400 ppm 5 4,d4,scale_1.0_rot_180_flip_1,0.5357652306556702,0.39197003841400146,0.07226473838090897
42,3,1000 ppm 1 10,d4,scale_1.0_rot_180_flip_1,0.009909914806485176,0.01785868965089321,0.972231388092041
42,3,800 ppm 5 1,d4,scale_1.0_rot_180_flip_1,0.48805198073387146,0.1751299649477005,0.33681806921958923
42,3,1000 ppm 1 2,d4,scale_1.0_rot_180_flip_1,0.41952890157699585,0.44457730650901794,0.1358938366174698
42,3,800 ppm 4 10,d4,scale_1.0_rot_180_flip_1,0.49570536613464355,0.20526330173015594,0.29903125762939453
42,3,800 ppm 3 10,d4,scale_1.0_rot_180_flip_1,0.46821436285972595,0.1656300574541092,0.36615559458732605
42,3,600 ppm 4 2,d4,scale_1.0_rot_180_flip_1,0.08362257480621338,0.12135075032711029,0.7950266003608704
42,3,600 ppm 5 9,d4,scale_1.0_rot_180_flip_1,0.06899202615022659,0.054325170814991,0.8766827583312988
42,3,600 ppm 4 3,d4,scale_1.0_rot_180_flip_1,0.299612432718277,0.06399146467447281,0.6363961100578308
42,3,600 ppm 2 3,d4,scale_1.0_rot_180_flip_1,0.13305960595607758,0.19224046170711517,0.6746999025344849
42,3,400 ppm 1 8,d4,scale_1.0_rot_180_flip_1,0.328885942697525,0.1766415536403656,0.49447253346443176
42,3,800 ppm 2 6,d4,scale_1.0_rot_180_flip_1,0.13455843925476074,0.09113872796297073,0.7743028402328491
42,3,400 ppm 3 3,d4,scale_1.0_rot_180_flip_1,0.7547386288642883,0.13807886838912964,0.10718248784542084
42,3,400 ppm 4 7,d4,scale_1.0_rot_180_flip_1,0.3079572319984436,0.3645261228084564,0.3275166451931
42,3,400 ppm 1 1,d4,scale_1.0_rot_180_flip_1,0.7591760158538818,0.02181447297334671,0.21900950372219086
42,3,600 ppm 3 2,d4,scale_1.0_rot_180_flip_1,0.4737922251224518,0.14412972331047058,0.38207799196243286
42,3,400 ppm 2 5,d4,scale_1.0_rot_180_flip_1,0.42107439041137695,0.20978297293186188,0.36914268136024475
42,3,800 ppm 2 10,d4,scale_1.0_rot_180_flip_1,0.021040907129645348,0.024626564234495163,0.9543325304985046
42,3,400 ppm 2 6,d4,scale_1.0_rot_180_flip_1,0.31874382495880127,0.10918833315372467,0.57206791639328
42,3,400 ppm 2 2,d4,scale_1.0_rot_180_flip_1,0.6720926761627197,0.0885634645819664,0.23934389650821686
42,3,800 ppm 1 3,d4,scale_1.0_rot_180_flip_1,0.14826200902462006,0.7352524995803833,0.11648549884557724
42,3,400 ppm 5 7,d4,scale_1.0_rot_180_flip_1,0.09559419751167297,0.07940246909856796,0.8250033259391785
42,3,1000 ppm 3 1,d4,scale_1.0_rot_180_flip_1,0.43919506669044495,0.49681439995765686,0.0639905110001564
42,3,1000 ppm 2 9,d4,scale_1.0_rot_180_flip_1,0.11659693717956543,0.27002111077308655,0.6133819818496704
42,3,1000 ppm 2 6,d4,scale_1.0_rot_180_flip_1,0.11197800934314728,0.04802064225077629,0.8400013446807861
42,3,400 ppm 2 1,d4,scale_1.0_rot_180_flip_1,0.5688265562057495,0.2467675656080246,0.18440592288970947
42,3,800 ppm 4 2,d4,scale_1.0_rot_180_flip_1,0.048925891518592834,0.03687899559736252,0.9141950607299805
42,3,800 ppm 1 6,d4,scale_1.0_rot_180_flip_1,0.1250866800546646,0.31689074635505676,0.5580226182937622
42,3,800 ppm 4 3,d4,scale_1.0_rot_180_flip_1,0.27577704191207886,0.29865795373916626,0.4255650043487549
42,3,1000 ppm 5 5,d4,scale_1.0_rot_180_flip_1,0.05748344212770462,0.163963183760643,0.7785533666610718
42,3,600 ppm 5 6,d4,scale_1.0_rot_180_flip_1,0.34792861342430115,0.10030901432037354,0.5517624020576477
42,3,400 ppm 5 3,d4,scale_1.0_rot_180_flip_1,0.2834956645965576,0.3494545817375183,0.36704978346824646
42,3,600 ppm 1 6,d4,scale_1.0_rot_180_flip_1,0.0815901830792427,0.09926026314496994,0.8191494941711426
42,3,1000 ppm 1 6,d4,scale_1.0_rot_180_flip_1,0.26092979311943054,0.15624667704105377,0.5828235149383545
42,3,800 ppm 5 2,d4,scale_1.0_rot_180_flip_1,0.06493581831455231,0.17764729261398315,0.757416844367981
42,3,c 2,d4,scale_1.0_rot_180_flip_1,0.6970924139022827,0.0587480403482914,0.244159534573555
42,3,800 ppm 2 2,d4,scale_1.0_rot_180_flip_1,0.4152185320854187,0.07126178592443466,0.5135197043418884
42,3,400 ppm 5 9,d4,scale_1.0_rot_180_flip_1,0.024339405819773674,0.3204987347126007,0.6551617980003357
42,3,400 ppm 2 8,d4,scale_1.0_rot_180_flip_1,0.3349250853061676,0.1780543029308319,0.4870205819606781
42,3,400 ppm 1 4,d4,scale_1.0_rot_180_flip_1,0.17126893997192383,0.12752069532871246,0.7012103796005249
42,3,1000 ppm 2 2,d4,scale_1.0_rot_180_flip_1,0.3366042971611023,0.12917393445968628,0.5342217683792114
42,3,400 ppm 5 6,d4,scale_1.0_rot_270_flip_0,0.450998455286026,0.3758542835712433,0.1731473058462143
42,3,800 ppm 5 6,d4,scale_1.0_rot_270_flip_0,0.014997911639511585,0.04631882533431053,0.938683271408081
42,3,800 ppm 1 8,d4,scale_1.0_rot_270_flip_0,0.22783255577087402,0.1556212455034256,0.6165462136268616
42,3,400 ppm 1 7,d4,scale_1.0_rot_270_flip_0,0.22634093463420868,0.24343439936637878,0.5302246809005737
42,3,400 ppm 3 8,d4,scale_1.0_rot_270_flip_0,0.4815593659877777,0.2201189547777176,0.2983216643333435
42,3,1000 ppm 4 10,d4,scale_1.0_rot_270_flip_0,0.11335954070091248,0.31544142961502075,0.5711990594863892
42,3,600 ppm 4 1,d4,scale_1.0_rot_270_flip_0,0.6357957720756531,0.18232403695583344,0.18188023567199707
42,3,400 ppm 4 2,d4,scale_1.0_rot_270_flip_0,0.15997743606567383,0.08112702518701553,0.7588955163955688
42,3,1000 ppm 3 7,d4,scale_1.0_rot_270_flip_0,0.27316680550575256,0.4684732258319855,0.2583599388599396
42,3,800 ppm 4 1,d4,scale_1.0_rot_270_flip_0,0.05332887917757034,0.007818025536835194,0.9388530850410461
42,3,600 ppm 1 10,d4,scale_1.0_rot_270_flip_0,0.09049446135759354,0.09357167780399323,0.815933883190155
42,3,400 ppm 5 4,d4,scale_1.0_rot_270_flip_0,0.3351045250892639,0.39213037490844727,0.2727651596069336
42,3,1000 ppm 1 10,d4,scale_1.0_rot_270_flip_0,0.013057119213044643,0.021435819566249847,0.9655070304870605
42,3,800 ppm 5 1,d4,scale_1.0_rot_270_flip_0,0.41509974002838135,0.15782566368579865,0.4270745515823364
42,3,1000 ppm 1 2,d4,scale_1.0_rot_270_flip_0,0.2694031000137329,0.3515934646129608,0.3790034353733063
42,3,800 ppm 4 10,d4,scale_1.0_rot_270_flip_0,0.3161041736602783,0.4196828305721283,0.2642129361629486
42,3,800 ppm 3 10,d4,scale_1.0_rot_270_flip_0,0.4096602201461792,0.30641400814056396,0.2839258015155792
42,3,600 ppm 4 2,d4,scale_1.0_rot_270_flip_0,0.12067998945713043,0.2048901617527008,0.6744298338890076
42,3,600 ppm 5 9,d4,scale_1.0_rot_270_flip_0,0.03679850697517395,0.039138179272413254,0.9240633249282837
42,3,600 ppm 4 3,d4,scale_1.0_rot_270_flip_0,0.3775244355201721,0.1003352627158165,0.5221402645111084
42,3,600 ppm 2 3,d4,scale_1.0_rot_270_flip_0,0.10729268193244934,0.11575611680746078,0.776951253414154
42,3,400 ppm 1 8,d4,scale_1.0_rot_270_flip_0,0.19612106680870056,0.15035264194011688,0.653526246547699
42,3,800 ppm 2 6,d4,scale_1.0_rot_270_flip_0,0.13302329182624817,0.09869338572025299,0.7682833671569824
42,3,400 ppm 3 3,d4,scale_1.0_rot_270_flip_0,0.5955102443695068,0.21251368522644043,0.19197607040405273
42,3,400 ppm 4 7,d4,scale_1.0_rot_270_flip_0,0.43372485041618347,0.3437125086784363,0.22256268560886383
42,3,400 ppm 1 1,d4,scale_1.0_rot_270_flip_0,0.72369384765625,0.030864352360367775,0.24544185400009155
42,3,600 ppm 3 2,d4,scale_1.0_rot_270_flip_0,0.3721385598182678,0.2319275289773941,0.3959338963031769
42,3,400 ppm 2 5,d4,scale_1.0_rot_270_flip_0,0.4954121708869934,0.16714321076869965,0.3374446630477905
42,3,800 ppm 2 10,d4,scale_1.0_rot_270_flip_0,0.049464136362075806,0.05390201136469841,0.8966338634490967
42,3,400 ppm 2 6,d4,scale_1.0_rot_270_flip_0,0.2760618031024933,0.2121984362602234,0.5117396712303162
42,3,400 ppm 2 2,d4,scale_1.0_rot_270_flip_0,0.7455269694328308,0.08487937599420547,0.1695936620235443
42,3,800 ppm 1 3,d4,scale_1.0_rot_270_flip_0,0.08389516174793243,0.500485897064209,0.4156189262866974
42,3,400 ppm 5 7,d4,scale_1.0_rot_270_flip_0,0.1671673059463501,0.08298783004283905,0.7498448491096497
42,3,1000 ppm 3 1,d4,scale_1.0_rot_270_flip_0,0.2762244939804077,0.3123624920845032,0.4114130437374115
42,3,1000 ppm 2 9,d4,scale_1.0_rot_270_flip_0,0.04198615998029709,0.3073884844779968,0.6506253480911255
42,3,1000 ppm 2 6,d4,scale_1.0_rot_270_flip_0,0.06660936772823334,0.05344348028302193,0.8799471259117126
42,3,400 ppm 2 1,d4,scale_1.0_rot_270_flip_0,0.3535783886909485,0.3380642235279083,0.3083573877811432
42,3,800 ppm 4 2,d4,scale_1.0_rot_270_flip_0,0.031208638101816177,0.01820264756679535,0.9505887031555176
42,3,800 ppm 1 6,d4,scale_1.0_rot_270_flip_0,0.23280470073223114,0.5141292810440063,0.2530660629272461
42,3,800 ppm 4 3,d4,scale_1.0_rot_270_flip_0,0.17654292285442352,0.2475694864988327,0.5758875608444214
42,3,1000 ppm 5 5,d4,scale_1.0_rot_270_flip_0,0.10197202861309052,0.23004110157489777,0.6679868698120117
42,3,600 ppm 5 6,d4,scale_1.0_rot_270_flip_0,0.21418353915214539,0.16107530891895294,0.6247411370277405
42,3,400 ppm 5 3,d4,scale_1.0_rot_270_flip_0,0.6203570365905762,0.28744256496429443,0.09220043569803238
42,3,600 ppm 1 6,d4,scale_1.0_rot_270_flip_0,0.05349203571677208,0.17532776296138763,0.7711801528930664
42,3,1000 ppm 1 6,d4,scale_1.0_rot_270_flip_0,0.32825449109077454,0.3364194333553314,0.33532604575157166
42,3,800 ppm 5 2,d4,scale_1.0_rot_270_flip_0,0.06287418305873871,0.25968247652053833,0.6774433255195618
42,3,c 2,d4,scale_1.0_rot_270_flip_0,0.7404071092605591,0.09741732478141785,0.16217561066150665
42,3,800 ppm 2 2,d4,scale_1.0_rot_270_flip_0,0.3984203338623047,0.15017463266849518,0.45140495896339417
42,3,400 ppm 5 9,d4,scale_1.0_rot_270_flip_0,0.010908869095146656,0.12992852926254272,0.8591626286506653
42,3,400 ppm 2 8,d4,scale_1.0_rot_270_flip_0,0.2185937464237213,0.21445198357105255,0.5669543147087097
42,3,400 ppm 1 4,d4,scale_1.0_rot_270_flip_0,0.11065516620874405,0.110826276242733,0.778518557548523
42,3,1000 ppm 2 2,d4,scale_1.0_rot_270_flip_0,0.45538073778152466,0.24075947701931,0.30385977029800415
42,3,400 ppm 5 6,d4,scale_1.0_rot_270_flip_1,0.440979540348053,0.4186250865459442,0.140395388007164
42,3,800 ppm 5 6,d4,scale_1.0_rot_270_flip_1,0.016008347272872925,0.06649889796972275,0.9174927473068237
42,3,800 ppm 1 8,d4,scale_1.0_rot_270_flip_1,0.18357150256633759,0.15770725905895233,0.6587212085723877
42,3,400 ppm 1 7,d4,scale_1.0_rot_270_flip_1,0.2888970971107483,0.23494957387447357,0.47615325450897217
42,3,400 ppm 3 8,d4,scale_1.0_rot_270_flip_1,0.5098577737808228,0.16669146716594696,0.32345080375671387
42,3,1000 ppm 4 10,d4,scale_1.0_rot_270_flip_1,0.07799398899078369,0.2548646628856659,0.6671413779258728
42,3,600 ppm 4 1,d4,scale_1.0_rot_270_flip_1,0.5440554618835449,0.23469127714633942,0.22125321626663208
42,3,400 ppm 4 2,d4,scale_1.0_rot_270_flip_1,0.1751406043767929,0.05513753741979599,0.7697218656539917
42,3,1000 ppm 3 7,d4,scale_1.0_rot_270_flip_1,0.24696232378482819,0.4898432195186615,0.2631944417953491
42,3,800 ppm 4 1,d4,scale_1.0_rot_270_flip_1,0.06266295909881592,0.008306961506605148,0.9290300607681274
42,3,600 ppm 1 10,d4,scale_1.0_rot_270_flip_1,0.06789593398571014,0.10317882895469666,0.8289253115653992
42,3,400 ppm 5 4,d4,scale_1.0_rot_270_flip_1,0.4533635377883911,0.2469002902507782,0.2997362017631531
42,3,1000 ppm 1 10,d4,scale_1.0_rot_270_flip_1,0.012450703419744968,0.020722249522805214,0.9668270349502563
42,3,800 ppm 5 1,d4,scale_1.0_rot_270_flip_1,0.47709766030311584,0.1793406456708908,0.34356164932250977
42,3,1000 ppm 1 2,d4,scale_1.0_rot_270_flip_1,0.1815822720527649,0.38707301020622253,0.43134474754333496
42,3,800 ppm 4 10,d4,scale_1.0_rot_270_flip_1,0.32391616702079773,0.34946662187576294,0.32661721110343933
42,3,800 ppm 3 10,d4,scale_1.0_rot_270_flip_1,0.454276978969574,0.316475510597229,0.22924752533435822
42,3,600 ppm 4 2,d4,scale_1.0_rot_270_flip_1,0.10510800778865814,0.18933840095996857,0.7055535912513733
42,3,600 ppm 5 9,d4,scale_1.0_rot_270_flip_1,0.0763741284608841,0.06725764274597168,0.8563683032989502
42,3,600 ppm 4 3,d4,scale_1.0_rot_270_flip_1,0.3968370854854584,0.12704886496067047,0.47611406445503235
42,3,600 ppm 2 3,d4,scale_1.0_rot_270_flip_1,0.06603264808654785,0.07303030788898468,0.8609370589256287
42,3,400 ppm 1 8,d4,scale_1.0_rot_270_flip_1,0.21040093898773193,0.12911447882652283,0.6604846119880676
42,3,800 ppm 2 6,d4,scale_1.0_rot_270_flip_1,0.10932408273220062,0.10805827379226685,0.7826176881790161
42,3,400 ppm 3 3,d4,scale_1.0_rot_270_flip_1,0.6032885909080505,0.2367762178182602,0.15993523597717285
42,3,400 ppm 4 7,d4,scale_1.0_rot_270_flip_1,0.4699319005012512,0.31745272874832153,0.21261531114578247
42,3,400 ppm 1 1,d4,scale_1.0_rot_270_flip_1,0.7269207239151001,0.03372606262564659,0.23935317993164062
42,3,600 ppm 3 2,d4,scale_1.0_rot_270_flip_1,0.28613975644111633,0.23918402194976807,0.4746761620044708
42,3,400 ppm 2 5,d4,scale_1.0_rot_270_flip_1,0.497690886259079,0.15037012100219727,0.35193899273872375
42,3,800 ppm 2 10,d4,scale_1.0_rot_270_flip_1,0.04154215380549431,0.04327654466032982,0.9151812195777893
42,3,400 ppm 2 6,d4,scale_1.0_rot_270_flip_1,0.2700141370296478,0.24673107266426086,0.4832548201084137
42,3,400 ppm 2 2,d4,scale_1.0_rot_270_flip_1,0.7047114968299866,0.08119820803403854,0.21409036219120026
42,3,800 ppm 1 3,d4,scale_1.0_rot_270_flip_1,0.06256602704524994,0.5315460562705994,0.4058879315853119
42,3,400 ppm 5 7,d4,scale_1.0_rot_270_flip_1,0.1987241506576538,0.11739876866340637,0.6838771104812622
42,3,1000 ppm 3 1,d4,scale_1.0_rot_270_flip_1,0.20502091944217682,0.3711182773113251,0.4238608181476593
42,3,1000 ppm 2 9,d4,scale_1.0_rot_270_flip_1,0.04245908185839653,0.31347334384918213,0.6440675854682922
42,3,1000 ppm 2 6,d4,scale_1.0_rot_270_flip_1,0.04876530170440674,0.03789328783750534,0.9133414030075073
42,3,400 ppm 2 1,d4,scale_1.0_rot_270_flip_1,0.4714372754096985,0.33926206827163696,0.18930067121982574
42,3,800 ppm 4 2,d4,scale_1.0_rot_270_flip_1,0.033219996839761734,0.02220306545495987,0.9445770382881165
42,3,800 ppm 1 6,d4,scale_1.0_rot_270_flip_1,0.19085593521595,0.5194084644317627,0.2897355556488037
42,3,800 ppm 4 3,d4,scale_1.0_rot_270_flip_1,0.20530250668525696,0.3049076795578003,0.48978984355926514
42,3,1000 ppm 5 5,d4,scale_1.0_rot_270_flip_1,0.08057111501693726,0.15978507697582245,0.7596438527107239
42,3,600 ppm 5 6,d4,scale_1.0_rot_270_flip_1,0.18237081170082092,0.152507483959198,0.6651216745376587
42,3,400 ppm 5 3,d4,scale_1.0_rot_270_flip_1,0.5268992185592651,0.3631095588207245,0.10999124497175217
42,3,600 ppm 1 6,d4,scale_1.0_rot_270_flip_1,0.051482781767845154,0.17559826374053955,0.7729189991950989
42,3,1000 ppm 1 6,d4,scale_1.0_rot_270_flip_1,0.20070935785770416,0.37098774313926697,0.42830291390419006
42,3,800 ppm 5 2,d4,scale_1.0_rot_270_flip_1,0.05555427819490433,0.27829697728157043,0.6661487221717834
42,3,c 2,d4,scale_1.0_rot_270_flip_1,0.7560485601425171,0.09322909265756607,0.15072235465049744
42,3,800 ppm 2 2,d4,scale_1.0_rot_270_flip_1,0.4233947694301605,0.15087568759918213,0.42572954297065735
42,3,400 ppm 5 9,d4,scale_1.0_rot_270_flip_1,0.014212556183338165,0.10370590537786484,0.8820814490318298
42,3,400 ppm 2 8,d4,scale_1.0_rot_270_flip_1,0.18828633427619934,0.17870831489562988,0.6330053210258484
42,3,400 ppm 1 4,d4,scale_1.0_rot_270_flip_1,0.11054515093564987,0.10885994136333466,0.7805948853492737
42,3,1000 ppm 2 2,d4,scale_1.0_rot_270_flip_1,0.42815259099006653,0.22770430147647858,0.3441430926322937
42,3,400 ppm 5 6,scale,scale_1.0_rot_0_flip_0,0.7584354877471924,0.2213299572467804,0.020234599709510803
42,3,800 ppm 5 6,scale,scale_1.0_rot_0_flip_0,0.05737478658556938,0.26364845037460327,0.6789767146110535
42,3,800 ppm 1 8,scale,scale_1.0_rot_0_flip_0,0.2305753529071808,0.16730134189128876,0.6021233201026917
42,3,400 ppm 1 7,scale,scale_1.0_rot_0_flip_0,0.4197569191455841,0.15695463120937347,0.4232884347438812
42,3,400 ppm 3 8,scale,scale_1.0_rot_0_flip_0,0.7118882536888123,0.259537011384964,0.02857467159628868
42,3,1000 ppm 4 10,scale,scale_1.0_rot_0_flip_0,0.13962584733963013,0.6326478719711304,0.2277262657880783
42,3,600 ppm 4 1,scale,scale_1.0_rot_0_flip_0,0.7598569393157959,0.16761329770088196,0.07252977788448334
42,3,400 ppm 4 2,scale,scale_1.0_rot_0_flip_0,0.28383970260620117,0.19834071397781372,0.5178195238113403
42,3,1000 ppm 3 7,scale,scale_1.0_rot_0_flip_0,0.33553364872932434,0.6120160818099976,0.052450310438871384
42,3,800 ppm 4 1,scale,scale_1.0_rot_0_flip_0,0.2891930937767029,0.04589749500155449,0.6649093627929688
42,3,600 ppm 1 10,scale,scale_1.0_rot_0_flip_0,0.13006016612052917,0.3476407825946808,0.52229905128479
42,3,400 ppm 5 4,scale,scale_1.0_rot_0_flip_0,0.5121501684188843,0.33755257725715637,0.15029726922512054
42,3,1000 ppm 1 10,scale,scale_1.0_rot_0_flip_0,0.07217009365558624,0.09205013513565063,0.8357797861099243
42,3,800 ppm 5 1,scale,scale_1.0_rot_0_flip_0,0.6744264960289001,0.26937249302864075,0.056200988590717316
42,3,1000 ppm 1 2,scale,scale_1.0_rot_0_flip_0,0.452175110578537,0.27092546224594116,0.27689945697784424
42,3,800 ppm 4 10,scale,scale_1.0_rot_0_flip_0,0.42825210094451904,0.4965285062789917,0.07521937787532806
42,3,800 ppm 3 10,scale,scale_1.0_rot_0_flip_0,0.5969281792640686,0.34250763058662415,0.060564156621694565
42,3,600 ppm 4 2,scale,scale_1.0_rot_0_flip_0,0.19995006918907166,0.5642582178115845,0.23579175770282745
42,3,600 ppm 5 9,scale,scale_1.0_rot_0_flip_0,0.24027122557163239,0.28562024235725403,0.47410857677459717
42,3,600 ppm 4 3,scale,scale_1.0_rot_0_flip_0,0.4738169014453888,0.25054171681404114,0.27564138174057007
42,3,600 ppm 2 3,scale,scale_1.0_rot_0_flip_0,0.09293894469738007,0.10076770931482315,0.8062933087348938
42,3,400 ppm 1 8,scale,scale_1.0_rot_0_flip_0,0.1739521324634552,0.14982885122299194,0.67621910572052
42,3,800 ppm 2 6,scale,scale_1.0_rot_0_flip_0,0.3623286783695221,0.41560083627700806,0.22207048535346985
42,3,400 ppm 3 3,scale,scale_1.0_rot_0_flip_0,0.8483225703239441,0.12702681124210358,0.024650609120726585
42,3,400 ppm 4 7,scale,scale_1.0_rot_0_flip_0,0.42437127232551575,0.4017370045185089,0.17389173805713654
42,3,400 ppm 1 1,scale,scale_1.0_rot_0_flip_0,0.8677592873573303,0.038324374705553055,0.09391629695892334
42,3,600 ppm 3 2,scale,scale_1.0_rot_0_flip_0,0.5274379253387451,0.3421553671360016,0.1304067075252533
42,3,400 ppm 2 5,scale,scale_1.0_rot_0_flip_0,0.6274853348731995,0.2962985932826996,0.07621609419584274
42,3,800 ppm 2 10,scale,scale_1.0_rot_0_flip_0,0.11052978783845901,0.18699035048484802,0.7024798393249512
42,3,400 ppm 2 6,scale,scale_1.0_rot_0_flip_0,0.4314078688621521,0.33995962142944336,0.22863247990608215
42,3,400 ppm 2 2,scale,scale_1.0_rot_0_flip_0,0.8495786786079407,0.11784683167934418,0.03257454186677933
42,3,800 ppm 1 3,scale,scale_1.0_rot_0_flip_0,0.1494496762752533,0.5154799222946167,0.33507040143013
42,3,400 ppm 5 7,scale,scale_1.0_rot_0_flip_0,0.2760270833969116,0.23209750652313232,0.49187543988227844
42,3,1000 ppm 3 1,scale,scale_1.0_rot_0_flip_0,0.43244117498397827,0.22995567321777344,0.3376031816005707
42,3,1000 ppm 2 9,scale,scale_1.0_rot_0_flip_0,0.11811739951372147,0.5364256501197815,0.34545692801475525
42,3,1000 ppm 2 6,scale,scale_1.0_rot_0_flip_0,0.2294124960899353,0.200313001871109,0.5702744722366333
42,3,400 ppm 2 1,scale,scale_1.0_rot_0_flip_0,0.5954701900482178,0.3389184772968292,0.06561136245727539
42,3,800 ppm 4 2,scale,scale_1.0_rot_0_flip_0,0.08992643654346466,0.06215876340866089,0.8479148149490356
42,3,800 ppm 1 6,scale,scale_1.0_rot_0_flip_0,0.12250704318284988,0.34577861428260803,0.5317143797874451
42,3,800 ppm 4 3,scale,scale_1.0_rot_0_flip_0,0.24454103410243988,0.6625626683235168,0.09289625287055969
42,3,1000 ppm 5 5,scale,scale_1.0_rot_0_flip_0,0.14694620668888092,0.4957105815410614,0.3573431670665741
42,3,600 ppm 5 6,scale,scale_1.0_rot_0_flip_0,0.595259964466095,0.2618858516216278,0.14285419881343842
42,3,400 ppm 5 3,scale,scale_1.0_rot_0_flip_0,0.21009127795696259,0.25615110993385315,0.5337576866149902
42,3,600 ppm 1 6,scale,scale_1.0_rot_0_flip_0,0.2700842618942261,0.3747383952140808,0.3551773428916931
42,3,1000 ppm 1 6,scale,scale_1.0_rot_0_flip_0,0.17421631515026093,0.11835786700248718,0.7074258327484131
42,3,800 ppm 5 2,scale,scale_1.0_rot_0_flip_0,0.10945262014865875,0.5715516209602356,0.31899574398994446
42,3,c 2,scale,scale_1.0_rot_0_flip_0,0.8629109859466553,0.09735344350337982,0.03973560407757759
42,3,800 ppm 2 2,scale,scale_1.0_rot_0_flip_0,0.41848212480545044,0.24989081919193268,0.3316270411014557
42,3,400 ppm 5 9,scale,scale_1.0_rot_0_flip_0,0.02572089433670044,0.13746055960655212,0.836818516254425
42,3,400 ppm 2 8,scale,scale_1.0_rot_0_flip_0,0.3461960256099701,0.4293665885925293,0.2244373857975006
42,3,400 ppm 1 4,scale,scale_1.0_rot_0_flip_0,0.26159849762916565,0.26868748664855957,0.46971410512924194
42,3,1000 ppm 2 2,scale,scale_1.0_rot_0_flip_0,0.615426242351532,0.24632884562015533,0.1382448971271515
42,3,400 ppm 5 6,scale,scale_1.25_rot_0_flip_0,0.6908730864524841,0.28440889716148376,0.024718036875128746
42,3,800 ppm 5 6,scale,scale_1.25_rot_0_flip_0,0.036242298781871796,0.25208476185798645,0.7116729021072388
42,3,800 ppm 1 8,scale,scale_1.25_rot_0_flip_0,0.2530837655067444,0.18219201266765594,0.5647242069244385
42,3,400 ppm 1 7,scale,scale_1.25_rot_0_flip_0,0.49049147963523865,0.19148996472358704,0.3180185854434967
42,3,400 ppm 3 8,scale,scale_1.25_rot_0_flip_0,0.6518409848213196,0.27312856912612915,0.07503049075603485
42,3,1000 ppm 4 10,scale,scale_1.25_rot_0_flip_0,0.11388853192329407,0.6699434518814087,0.21616801619529724
42,3,600 ppm 4 1,scale,scale_1.25_rot_0_flip_0,0.6008824706077576,0.27468693256378174,0.1244305819272995
42,3,400 ppm 4 2,scale,scale_1.25_rot_0_flip_0,0.3260491192340851,0.19116343557834625,0.48278746008872986
42,3,1000 ppm 3 7,scale,scale_1.25_rot_0_flip_0,0.2841290235519409,0.6708176136016846,0.04505329206585884
42,3,800 ppm 4 1,scale,scale_1.25_rot_0_flip_0,0.26715514063835144,0.04418482631444931,0.6886600255966187
42,3,600 ppm 1 10,scale,scale_1.25_rot_0_flip_0,0.12056554853916168,0.35411012172698975,0.525324285030365
42,3,400 ppm 5 4,scale,scale_1.25_rot_0_flip_0,0.5363901257514954,0.2613247036933899,0.20228517055511475
42,3,1000 ppm 1 10,scale,scale_1.25_rot_0_flip_0,0.163953959941864,0.15795154869556427,0.6780945658683777
42,3,800 ppm 5 1,scale,scale_1.25_rot_0_flip_0,0.7161175608634949,0.23832464218139648,0.04555787146091461
42,3,1000 ppm 1 2,scale,scale_1.25_rot_0_flip_0,0.500298261642456,0.2627179026603699,0.2369837760925293
42,3,800 ppm 4 10,scale,scale_1.25_rot_0_flip_0,0.45032766461372375,0.40005388855934143,0.1496184915304184
42,3,800 ppm 3 10,scale,scale_1.25_rot_0_flip_0,0.477932870388031,0.37199610471725464,0.15007100999355316
42,3,600 ppm 4 2,scale,scale_1.25_rot_0_flip_0,0.3238086402416229,0.4146677851676941,0.26152360439300537
42,3,600 ppm 5 9,scale,scale_1.25_rot_0_flip_0,0.21556265652179718,0.30074721574783325,0.483690083026886
42,3,600 ppm 4 3,scale,scale_1.25_rot_0_flip_0,0.5832244753837585,0.17990940809249878,0.23686614632606506
42,3,600 ppm 2 3,scale,scale_1.25_rot_0_flip_0,0.06871747225522995,0.08934783190488815,0.8419346809387207
42,3,400 ppm 1 8,scale,scale_1.25_rot_0_flip_0,0.23410113155841827,0.2110162377357483,0.5548826456069946
42,3,800 ppm 2 6,scale,scale_1.25_rot_0_flip_0,0.2713652551174164,0.5260351896286011,0.20259954035282135
42,3,400 ppm 3 3,scale,scale_1.25_rot_0_flip_0,0.7900737524032593,0.17957137525081635,0.03035491146147251
42,3,400 ppm 4 7,scale,scale_1.25_rot_0_flip_0,0.4763377010822296,0.29114019870758057,0.232522115111351
42,3,400 ppm 1 1,scale,scale_1.25_rot_0_flip_0,0.8391159176826477,0.05660221353173256,0.10428186506032944
42,3,600 ppm 3 2,scale,scale_1.25_rot_0_flip_0,0.5623828768730164,0.33058932423591614,0.1070277988910675
42,3,400 ppm 2 5,scale,scale_1.25_rot_0_flip_0,0.6173925995826721,0.2533905804157257,0.1292167752981186
42,3,800 ppm 2 10,scale,scale_1.25_rot_0_flip_0,0.12410348653793335,0.22146488726139069,0.6544316411018372
42,3,400 ppm 2 6,scale,scale_1.25_rot_0_flip_0,0.3500120937824249,0.3481394350528717,0.30184850096702576
42,3,400 ppm 2 2,scale,scale_1.25_rot_0_flip_0,0.8714835047721863,0.10418744385242462,0.02432914450764656
42,3,800 ppm 1 3,scale,scale_1.25_rot_0_flip_0,0.10877837985754013,0.6101287603378296,0.2810928523540497
42,3,400 ppm 5 7,scale,scale_1.25_rot_0_flip_0,0.24423281848430634,0.2587602138519287,0.49700692296028137
42,3,1000 ppm 3 1,scale,scale_1.25_rot_0_flip_0,0.36892247200012207,0.2441951036453247,0.3868824541568756
42,3,1000 ppm 2 9,scale,scale_1.25_rot_0_flip_0,0.10178155452013016,0.46035903692245483,0.4378593862056732
42,3,1000 ppm 2 6,scale,scale_1.25_rot_0_flip_0,0.1350277066230774,0.14768944680690765,0.7172828316688538
42,3,400 ppm 2 1,scale,scale_1.25_rot_0_flip_0,0.5014567971229553,0.41887420415878296,0.07966899126768112
42,3,800 ppm 4 2,scale,scale_1.25_rot_0_flip_0,0.041429582983255386,0.04928607866168022,0.9092843532562256
42,3,800 ppm 1 6,scale,scale_1.25_rot_0_flip_0,0.15568605065345764,0.2848028540611267,0.5595110654830933
42,3,800 ppm 4 3,scale,scale_1.25_rot_0_flip_0,0.16972991824150085,0.7372592687606812,0.093010812997818
42,3,1000 ppm 5 5,scale,scale_1.25_rot_0_flip_0,0.11238260567188263,0.4661739468574524,0.42144346237182617
42,3,600 ppm 5 6,scale,scale_1.25_rot_0_flip_0,0.6187031865119934,0.20086906850337982,0.18042778968811035
42,3,400 ppm 5 3,scale,scale_1.25_rot_0_flip_0,0.4035901129245758,0.1917552649974823,0.4046545922756195
42,3,600 ppm 1 6,scale,scale_1.25_rot_0_flip_0,0.1449393779039383,0.364183247089386,0.49087730050086975
42,3,1000 ppm 1 6,scale,scale_1.25_rot_0_flip_0,0.20272387564182281,0.11065292358398438,0.686623215675354
42,3,800 ppm 5 2,scale,scale_1.25_rot_0_flip_0,0.052155010402202606,0.528488039970398,0.41935691237449646
42,3,c 2,scale,scale_1.25_rot_0_flip_0,0.8238664269447327,0.12799973785877228,0.048133861273527145
42,3,800 ppm 2 2,scale,scale_1.25_rot_0_flip_0,0.3632231652736664,0.23687072098255157,0.39990609884262085
42,3,400 ppm 5 9,scale,scale_1.25_rot_0_flip_0,0.011361314915120602,0.06491828709840775,0.9237204194068909
42,3,400 ppm 2 8,scale,scale_1.25_rot_0_flip_0,0.21480101346969604,0.4227883517742157,0.36241066455841064
42,3,400 ppm 1 4,scale,scale_1.25_rot_0_flip_0,0.37420469522476196,0.30335256457328796,0.3224427103996277
42,3,1000 ppm 2 2,scale,scale_1.25_rot_0_flip_0,0.5874016880989075,0.22995030879974365,0.1826479434967041
42,4,1000 ppm 1 3,single,scale_1.0_rot_0_flip_0,0.10528641194105148,0.21872355043888092,0.6759900450706482
42,4,400 ppm 4 6,single,scale_1.0_rot_0_flip_0,0.28333136439323425,0.5900896191596985,0.12657904624938965
42,4,600 ppm 3 1,single,scale_1.0_rot_0_flip_0,0.24607211351394653,0.26532429456710815,0.4886035621166229
42,4,400 ppm 3 5,single,scale_1.0_rot_0_flip_0,0.38351961970329285,0.43193963170051575,0.18454070389270782
42,4,c 10,single,scale_1.0_rot_0_flip_0,0.8017637729644775,0.12010633945465088,0.0781298577785492
42,4,400 ppm 1 2,single,scale_1.0_rot_0_flip_0,0.24120229482650757,0.4839217960834503,0.27487584948539734
42,4,800 ppm 2 4,single,scale_1.0_rot_0_flip_0,0.0677785649895668,0.915261447429657,0.016959980130195618
42,4,800 ppm 5 4,single,scale_1.0_rot_0_flip_0,0.13493365049362183,0.2814677655696869,0.5835986137390137
42,4,1000 ppm 1 4,single,scale_1.0_rot_0_flip_0,0.07082753628492355,0.4290640950202942,0.5001083612442017
42,4,1000 ppm 4 2,single,scale_1.0_rot_0_flip_0,0.25088900327682495,0.14404477179050446,0.605066180229187
42,4,400 ppm 2 3,single,scale_1.0_rot_0_flip_0,0.38865169882774353,0.5700955986976624,0.04125270992517471
42,4,600 ppm 1 3,single,scale_1.0_rot_0_flip_0,0.232863187789917,0.6420916318893433,0.12504521012306213
42,4,400 ppm 5 5,single,scale_1.0_rot_0_flip_0,0.12247611582279205,0.05174428969621658,0.8257795572280884
42,4,800 ppm 3 7,single,scale_1.0_rot_0_flip_0,0.18169987201690674,0.3176080882549286,0.5006920695304871
42,4,400 ppm 1 9,single,scale_1.0_rot_0_flip_0,0.18211668729782104,0.11183170229196548,0.7060515880584717
42,4,800 ppm 5 3,single,scale_1.0_rot_0_flip_0,0.06809673458337784,0.4614506661891937,0.4704526364803314
42,4,800 ppm 3 6,single,scale_1.0_rot_0_flip_0,0.351331502199173,0.46241268515586853,0.18625588715076447
42,4,1000 ppm 4 8,single,scale_1.0_rot_0_flip_0,0.01752539724111557,0.08227605372667313,0.9001985192298889
42,4,800 ppm 4 8,single,scale_1.0_rot_0_flip_0,0.42662352323532104,0.40637531876564026,0.1670011729001999
42,4,400 ppm 4 9,single,scale_1.0_rot_0_flip_0,0.10506468266248703,0.5773972272872925,0.3175380825996399
42,4,c 7,single,scale_1.0_rot_0_flip_0,0.8003625869750977,0.1582123339176178,0.04142509028315544
42,4,800 ppm 1 5,single,scale_1.0_rot_0_flip_0,0.08023279905319214,0.43643009662628174,0.4833371341228485
42,4,600 ppm 2 7,single,scale_1.0_rot_0_flip_0,0.1587231606245041,0.14157485961914062,0.6997019648551941
42,4,600 ppm 1 7,single,scale_1.0_rot_0_flip_0,0.5195631980895996,0.3298300802707672,0.15060670673847198
42,4,1000 ppm 3 6,single,scale_1.0_rot_0_flip_0,0.17743192613124847,0.21374371647834778,0.6088243126869202
42,4,1000 ppm 1 9,single,scale_1.0_rot_0_flip_0,0.05750250071287155,0.1221674382686615,0.8203301429748535
42,4,800 ppm 2 7,single,scale_1.0_rot_0_flip_0,0.002876082668080926,0.01601623371243477,0.9811076521873474
42,4,800 ppm 3 2,single,scale_1.0_rot_0_flip_0,0.37696295976638794,0.40210530161857605,0.2209317833185196
42,4,1000 ppm 4 6,single,scale_1.0_rot_0_flip_0,0.14957687258720398,0.11817935854196548,0.7322438359260559
42,4,600 ppm 1 4,single,scale_1.0_rot_0_flip_0,0.13453345000743866,0.849975049495697,0.01549153495579958
42,4,600 ppm 3 10,single,scale_1.0_rot_0_flip_0,0.39661356806755066,0.5006582140922546,0.1027282178401947
42,4,600 ppm 5 8,single,scale_1.0_rot_0_flip_0,0.31003040075302124,0.6718234419822693,0.018146155402064323
42,4,c 5,single,scale_1.0_rot_0_flip_0,0.5617240071296692,0.2638489603996277,0.17442704737186432
42,4,600 ppm 3 9,single,scale_1.0_rot_0_flip_0,0.6464559435844421,0.3146122694015503,0.03893183171749115
42,4,1000 ppm 5 10,single,scale_1.0_rot_0_flip_0,0.01894429512321949,0.140932098031044,0.8401236534118652
42,4,600 ppm 5 1,single,scale_1.0_rot_0_flip_0,0.7282240390777588,0.23028405010700226,0.04149189591407776
42,4,600 ppm 1 1,single,scale_1.0_rot_0_flip_0,0.36173951625823975,0.5252248644828796,0.11303563416004181
42,4,800 ppm 5 10,single,scale_1.0_rot_0_flip_0,0.553267240524292,0.3390931189060211,0.10763970017433167
42,4,400 ppm 4 5,single,scale_1.0_rot_0_flip_0,0.4356250464916229,0.44348180294036865,0.12089315056800842
42,4,600 ppm 3 8,single,scale_1.0_rot_0_flip_0,0.2840799391269684,0.41394126415252686,0.30197879672050476
42,4,800 ppm 3 8,single,scale_1.0_rot_0_flip_0,0.615381121635437,0.37027817964553833,0.014340673573315144
42,4,1000 ppm 5 6,single,scale_1.0_rot_0_flip_0,0.17845411598682404,0.512198805809021,0.3093470335006714
42,4,600 ppm 4 8,single,scale_1.0_rot_0_flip_0,0.11184924095869064,0.4042922258377075,0.48385846614837646
42,4,800 ppm 3 5,single,scale_1.0_rot_0_flip_0,0.5132626295089722,0.24806253612041473,0.2386748492717743
42,4,400 ppm 3 1,single,scale_1.0_rot_0_flip_0,0.7587392330169678,0.23256021738052368,0.008700505830347538
42,4,400 ppm 3 6,single,scale_1.0_rot_0_flip_0,0.7260209321975708,0.22599753737449646,0.047981519252061844
42,4,600 ppm 4 10,single,scale_1.0_rot_0_flip_0,0.5437313914299011,0.346769243478775,0.10949935019016266
42,4,1000 ppm 4 1,single,scale_1.0_rot_0_flip_0,0.05639823153614998,0.19944632053375244,0.7441554069519043
42,4,400 ppm 4 10,single,scale_1.0_rot_0_flip_0,0.12968112528324127,0.7828934192657471,0.08742548525333405
42,4,600 ppm 3 3,single,scale_1.0_rot_0_flip_0,0.24843120574951172,0.2683938145637512,0.48317500948905945
42,4,400 ppm 3 4,single,scale_1.0_rot_0_flip_0,0.271106094121933,0.5045484304428101,0.22434544563293457
42,4,1000 ppm 2 3,single,scale_1.0_rot_0_flip_0,0.3387552797794342,0.5747244358062744,0.08652031421661377
42,4,1000 ppm 1 3,d4,scale_1.0_rot_0_flip_0,0.10528641194105148,0.21872355043888092,0.6759900450706482
42,4,400 ppm 4 6,d4,scale_1.0_rot_0_flip_0,0.28333136439323425,0.5900896191596985,0.12657904624938965
42,4,600 ppm 3 1,d4,scale_1.0_rot_0_flip_0,0.24607211351394653,0.26532429456710815,0.4886035621166229
42,4,400 ppm 3 5,d4,scale_1.0_rot_0_flip_0,0.38351961970329285,0.43193963170051575,0.18454070389270782
42,4,c 10,d4,scale_1.0_rot_0_flip_0,0.8017637729644775,0.12010633945465088,0.0781298577785492
42,4,400 ppm 1 2,d4,scale_1.0_rot_0_flip_0,0.24120229482650757,0.4839217960834503,0.27487584948539734
42,4,800 ppm 2 4,d4,scale_1.0_rot_0_flip_0,0.0677785649895668,0.915261447429657,0.016959980130195618
42,4,800 ppm 5 4,d4,scale_1.0_rot_0_flip_0,0.13493365049362183,0.2814677655696869,0.5835986137390137
42,4,1000 ppm 1 4,d4,scale_1.0_rot_0_flip_0,0.07082753628492355,0.4290640950202942,0.5001083612442017
42,4,1000 ppm 4 2,d4,scale_1.0_rot_0_flip_0,0.25088900327682495,0.14404477179050446,0.605066180229187
42,4,400 ppm 2 3,d4,scale_1.0_rot_0_flip_0,0.38865169882774353,0.5700955986976624,0.04125270992517471
42,4,600 ppm 1 3,d4,scale_1.0_rot_0_flip_0,0.232863187789917,0.6420916318893433,0.12504521012306213
42,4,400 ppm 5 5,d4,scale_1.0_rot_0_flip_0,0.12247611582279205,0.05174428969621658,0.8257795572280884
42,4,800 ppm 3 7,d4,scale_1.0_rot_0_flip_0,0.18169987201690674,0.3176080882549286,0.5006920695304871
42,4,400 ppm 1 9,d4,scale_1.0_rot_0_flip_0,0.18211668729782104,0.11183170229196548,0.7060515880584717
42,4,800 ppm 5 3,d4,scale_1.0_rot_0_flip_0,0.06809673458337784,0.4614506661891937,0.4704526364803314
42,4,800 ppm 3 6,d4,scale_1.0_rot_0_flip_0,0.351331502199173,0.46241268515586853,0.18625588715076447
42,4,1000 ppm 4 8,d4,scale_1.0_rot_0_flip_0,0.01752539724111557,0.08227605372667313,0.9001985192298889
42,4,800 ppm 4 8,d4,scale_1.0_rot_0_flip_0,0.42662352323532104,0.40637531876564026,0.1670011729001999
42,4,400 ppm 4 9,d4,scale_1.0_rot_0_flip_0,0.10506468266248703,0.5773972272872925,0.3175380825996399
42,4,c 7,d4,scale_1.0_rot_0_flip_0,0.8003625869750977,0.1582123339176178,0.04142509028315544
42,4,800 ppm 1 5,d4,scale_1.0_rot_0_flip_0,0.08023279905319214,0.43643009662628174,0.4833371341228485
42,4,600 ppm 2 7,d4,scale_1.0_rot_0_flip_0,0.1587231606245041,0.14157485961914062,0.6997019648551941
42,4,600 ppm 1 7,d4,scale_1.0_rot_0_flip_0,0.5195631980895996,0.3298300802707672,0.15060670673847198
42,4,1000 ppm 3 6,d4,scale_1.0_rot_0_flip_0,0.17743192613124847,0.21374371647834778,0.6088243126869202
42,4,1000 ppm 1 9,d4,scale_1.0_rot_0_flip_0,0.05750250071287155,0.1221674382686615,0.8203301429748535
42,4,800 ppm 2 7,d4,scale_1.0_rot_0_flip_0,0.002876082668080926,0.01601623371243477,0.9811076521873474
42,4,800 ppm 3 2,d4,scale_1.0_rot_0_flip_0,0.37696295976638794,0.40210530161857605,0.2209317833185196
42,4,1000 ppm 4 6,d4,scale_1.0_rot_0_flip_0,0.14957687258720398,0.11817935854196548,0.7322438359260559
42,4,600 ppm 1 4,d4,scale_1.0_rot_0_flip_0,0.13453345000743866,0.849975049495697,0.01549153495579958
42,4,600 ppm 3 10,d4,scale_1.0_rot_0_flip_0,0.39661356806755066,0.5006582140922546,0.1027282178401947
42,4,600 ppm 5 8,d4,scale_1.0_rot_0_flip_0,0.31003040075302124,0.6718234419822693,0.018146155402064323
42,4,c 5,d4,scale_1.0_rot_0_flip_0,0.5617240071296692,0.2638489603996277,0.17442704737186432
42,4,600 ppm 3 9,d4,scale_1.0_rot_0_flip_0,0.6464559435844421,0.3146122694015503,0.03893183171749115
42,4,1000 ppm 5 10,d4,scale_1.0_rot_0_flip_0,0.01894429512321949,0.140932098031044,0.8401236534118652
42,4,600 ppm 5 1,d4,scale_1.0_rot_0_flip_0,0.7282240390777588,0.23028405010700226,0.04149189591407776
42,4,600 ppm 1 1,d4,scale_1.0_rot_0_flip_0,0.36173951625823975,0.5252248644828796,0.11303563416004181
42,4,800 ppm 5 10,d4,scale_1.0_rot_0_flip_0,0.553267240524292,0.3390931189060211,0.10763970017433167
42,4,400 ppm 4 5,d4,scale_1.0_rot_0_flip_0,0.4356250464916229,0.44348180294036865,0.12089315056800842
42,4,600 ppm 3 8,d4,scale_1.0_rot_0_flip_0,0.2840799391269684,0.41394126415252686,0.30197879672050476
42,4,800 ppm 3 8,d4,scale_1.0_rot_0_flip_0,0.615381121635437,0.37027817964553833,0.014340673573315144
42,4,1000 ppm 5 6,d4,scale_1.0_rot_0_flip_0,0.17845411598682404,0.512198805809021,0.3093470335006714
42,4,600 ppm 4 8,d4,scale_1.0_rot_0_flip_0,0.11184924095869064,0.4042922258377075,0.48385846614837646
42,4,800 ppm 3 5,d4,scale_1.0_rot_0_flip_0,0.5132626295089722,0.24806253612041473,0.2386748492717743
42,4,400 ppm 3 1,d4,scale_1.0_rot_0_flip_0,0.7587392330169678,0.23256021738052368,0.008700505830347538
42,4,400 ppm 3 6,d4,scale_1.0_rot_0_flip_0,0.7260209321975708,0.22599753737449646,0.047981519252061844
42,4,600 ppm 4 10,d4,scale_1.0_rot_0_flip_0,0.5437313914299011,0.346769243478775,0.10949935019016266
42,4,1000 ppm 4 1,d4,scale_1.0_rot_0_flip_0,0.05639823153614998,0.19944632053375244,0.7441554069519043
42,4,400 ppm 4 10,d4,scale_1.0_rot_0_flip_0,0.12968112528324127,0.7828934192657471,0.08742548525333405
42,4,600 ppm 3 3,d4,scale_1.0_rot_0_flip_0,0.24843120574951172,0.2683938145637512,0.48317500948905945
42,4,400 ppm 3 4,d4,scale_1.0_rot_0_flip_0,0.271106094121933,0.5045484304428101,0.22434544563293457
42,4,1000 ppm 2 3,d4,scale_1.0_rot_0_flip_0,0.3387552797794342,0.5747244358062744,0.08652031421661377
42,4,1000 ppm 1 3,d4,scale_1.0_rot_0_flip_1,0.05346538498997688,0.1247524842619896,0.8217821717262268
42,4,400 ppm 4 6,d4,scale_1.0_rot_0_flip_1,0.3652190864086151,0.5172450542449951,0.11753586679697037
42,4,600 ppm 3 1,d4,scale_1.0_rot_0_flip_1,0.22580452263355255,0.25718849897384644,0.5170069336891174
42,4,400 ppm 3 5,d4,scale_1.0_rot_0_flip_1,0.4910288453102112,0.3214012086391449,0.1875699758529663
42,4,c 10,d4,scale_1.0_rot_0_flip_1,0.8759398460388184,0.0882987529039383,0.03576136752963066
42,4,400 ppm 1 2,d4,scale_1.0_rot_0_flip_1,0.20928552746772766,0.4939974248409271,0.2967170774936676
42,4,800 ppm 2 4,d4,scale_1.0_rot_0_flip_1,0.04920803755521774,0.9322913885116577,0.018500512465834618
42,4,800 ppm 5 4,d4,scale_1.0_rot_0_flip_1,0.14913593232631683,0.3084244430065155,0.5424395799636841
42,4,1000 ppm 1 4,d4,scale_1.0_rot_0_flip_1,0.04175135865807533,0.3789418637752533,0.5793067812919617
42,4,1000 ppm 4 2,d4,scale_1.0_rot_0_flip_1,0.18016114830970764,0.18987919390201569,0.6299597024917603
42,4,400 ppm 2 3,d4,scale_1.0_rot_0_flip_1,0.24950969219207764,0.6992717385292053,0.051218561828136444
42,4,600 ppm 1 3,d4,scale_1.0_rot_0_flip_1,0.23077304661273956,0.6237210035324097,0.14550599455833435
42,4,400 ppm 5 5,d4,scale_1.0_rot_0_flip_1,0.20450399816036224,0.0625014454126358,0.732994556427002
42,4,800 ppm 3 7,d4,scale_1.0_rot_0_flip_1,0.15814262628555298,0.28097906708717346,0.560878336429596
42,4,400 ppm 1 9,d4,scale_1.0_rot_0_flip_1,0.1352817565202713,0.08024436980485916,0.7844738364219666
42,4,800 ppm 5 3,d4,scale_1.0_rot_0_flip_1,0.048276640474796295,0.38808754086494446,0.5636357665061951
42,4,800 ppm 3 6,d4,scale_1.0_rot_0_flip_1,0.34751877188682556,0.4471549093723297,0.20532628893852234
42,4,1000 ppm 4 8,d4,scale_1.0_rot_0_flip_1,0.014604649506509304,0.07829270511865616,0.9071027040481567
42,4,800 ppm 4 8,d4,scale_1.0_rot_0_flip_1,0.45760515332221985,0.34354984760284424,0.1988450437784195
42,4,400 ppm 4 9,d4,scale_1.0_rot_0_flip_1,0.06275821477174759,0.617865800857544,0.3193759620189667
42,4,c 7,d4,scale_1.0_rot_0_flip_1,0.7886320352554321,0.16223441064357758,0.04913357272744179
42,4,800 ppm 1 5,d4,scale_1.0_rot_0_flip_1,0.073365218937397,0.3892339766025543,0.5374007821083069
42,4,600 ppm 2 7,d4,scale_1.0_rot_0_flip_1,0.14610695838928223,0.16153758764266968,0.6923554539680481
42,4,600 ppm 1 7,d4,scale_1.0_rot_0_flip_1,0.4387839436531067,0.40995970368385315,0.15125633776187897
42,4,1000 ppm 3 6,d4,scale_1.0_rot_0_flip_1,0.2469673752784729,0.19669701159000397,0.5563356280326843
42,4,1000 ppm 1 9,d4,scale_1.0_rot_0_flip_1,0.052850980311632156,0.14684416353702545,0.8003048300743103
42,4,800 ppm 2 7,d4,scale_1.0_rot_0_flip_1,0.0035692898090928793,0.019850263372063637,0.9765805006027222
42,4,800 ppm 3 2,d4,scale_1.0_rot_0_flip_1,0.35939329862594604,0.4114873707294464,0.22911931574344635
42,4,1000 ppm 4 6,d4,scale_1.0_rot_0_flip_1,0.2396824061870575,0.17774274945259094,0.5825748443603516
42,4,600 ppm 1 4,d4,scale_1.0_rot_0_flip_1,0.13004045188426971,0.8513484001159668,0.01861119456589222
42,4,600 ppm 3 10,d4,scale_1.0_rot_0_flip_1,0.3332594633102417,0.4866814613342285,0.18005912005901337
42,4,600 ppm 5 8,d4,scale_1.0_rot_0_flip_1,0.2918236553668976,0.6879485249519348,0.020227761939167976
42,4,c 5,d4,scale_1.0_rot_0_flip_1,0.5594644546508789,0.27508437633514404,0.16545116901397705
42,4,600 ppm 3 9,d4,scale_1.0_rot_0_flip_1,0.6880481243133545,0.2694239318370819,0.042527906596660614
42,4,1000 ppm 5 10,d4,scale_1.0_rot_0_flip_1,0.02446235902607441,0.07835309207439423,0.8971846103668213
42,4,600 ppm 5 1,d4,scale_1.0_rot_0_flip_1,0.7852731943130493,0.17551016807556152,0.039216600358486176
42,4,600 ppm 1 1,d4,scale_1.0_rot_0_flip_1,0.3247075080871582,0.5849682688713074,0.09032419323921204
42,4,800 ppm 5 10,d4,scale_1.0_rot_0_flip_1,0.49511203169822693,0.36436620354652405,0.14052172005176544
42,4,400 ppm 4 5,d4,scale_1.0_rot_0_flip_1,0.39995110034942627,0.4691891670227051,0.13085973262786865
42,4,600 ppm 3 8,d4,scale_1.0_rot_0_flip_1,0.26107311248779297,0.48533377051353455,0.2535931468009949
42,4,800 ppm 3 8,d4,scale_1.0_rot_0_flip_1,0.5701313018798828,0.4163340926170349,0.013534612953662872
42,4,1000 ppm 5 6,d4,scale_1.0_rot_0_flip_1,0.12014464288949966,0.5439246892929077,0.3359307050704956
42,4,600 ppm 4 8,d4,scale_1.0_rot_0_flip_1,0.11849953234195709,0.4893497824668884,0.3921506702899933
42,4,800 ppm 3 5,d4,scale_1.0_rot_0_flip_1,0.38011646270751953,0.23022764921188354,0.3896558880805969
42,4,400 ppm 3 1,d4,scale_1.0_rot_0_flip_1,0.7762227058410645,0.21086850762367249,0.012908674776554108
42,4,400 ppm 3 6,d4,scale_1.0_rot_0_flip_1,0.7081731557846069,0.2414359301328659,0.05039085075259209
42,4,600 ppm 4 10,d4,scale_1.0_rot_0_flip_1,0.6010797023773193,0.2619403302669525,0.13697993755340576
42,4,1000 ppm 4 1,d4,scale_1.0_rot_0_flip_1,0.058220140635967255,0.129791721701622,0.811988115310669
42,4,400 ppm 4 10,d4,scale_1.0_rot_0_flip_1,0.1506560891866684,0.6991319060325623,0.15021200478076935
42,4,600 ppm 3 3,d4,scale_1.0_rot_0_flip_1,0.3705478310585022,0.31601765751838684,0.31343451142311096
42,4,400 ppm 3 4,d4,scale_1.0_rot_0_flip_1,0.2927413880825043,0.4782607853412628,0.22899778187274933
42,4,1000 ppm 2 3,d4,scale_1.0_rot_0_flip_1,0.3242931663990021,0.5935549139976501,0.08215194940567017
42,4,1000 ppm 1 3,d4,scale_1.0_rot_90_flip_0,0.035501688718795776,0.043127067387104034,0.9213712811470032
42,4,400 ppm 4 6,d4,scale_1.0_rot_90_flip_0,0.2732202410697937,0.5113222002983093,0.21545755863189697
42,4,600 ppm 3 1,d4,scale_1.0_rot_90_flip_0,0.02792641706764698,0.06529688090085983,0.9067766666412354
42,4,400 ppm 3 5,d4,scale_1.0_rot_90_flip_0,0.26021918654441833,0.2797214388847351,0.46005934476852417
42,4,c 10,d4,scale_1.0_rot_90_flip_0,0.6193159818649292,0.048128392547369,0.3325556814670563
42,4,400 ppm 1 2,d4,scale_1.0_rot_90_flip_0,0.11663475632667542,0.34498274326324463,0.5383824706077576
42,4,800 ppm 2 4,d4,scale_1.0_rot_90_flip_0,0.038988374173641205,0.8254895806312561,0.1355220228433609
42,4,800 ppm 5 4,d4,scale_1.0_rot_90_flip_0,0.18939711153507233,0.3955499529838562,0.4150529205799103
42,4,1000 ppm 1 4,d4,scale_1.0_rot_90_flip_0,0.025417987257242203,0.377953439950943,0.5966286063194275
42,4,1000 ppm 4 2,d4,scale_1.0_rot_90_flip_0,0.07857752591371536,0.08945661038160324,0.8319658637046814
42,4,400 ppm 2 3,d4,scale_1.0_rot_90_flip_0,0.1858637034893036,0.48788216710090637,0.32625409960746765
42,4,600 ppm 1 3,d4,scale_1.0_rot_90_flip_0,0.09144704788923264,0.5890139937400818,0.31953898072242737
42,4,400 ppm 5 5,d4,scale_1.0_rot_90_flip_0,0.22897394001483917,0.05477866157889366,0.7162473797798157
42,4,800 ppm 3 7,d4,scale_1.0_rot_90_flip_0,0.13710996508598328,0.27970898151397705,0.5831810235977173
42,4,400 ppm 1 9,d4,scale_1.0_rot_90_flip_0,0.15519224107265472,0.25868988037109375,0.5861178636550903
42,4,800 ppm 5 3,d4,scale_1.0_rot_90_flip_0,0.031922757625579834,0.253610223531723,0.7144671082496643
42,4,800 ppm 3 6,d4,scale_1.0_rot_90_flip_0,0.11798714101314545,0.12869597971439362,0.7533169388771057
42,4,1000 ppm 4 8,d4,scale_1.0_rot_90_flip_0,0.010758988559246063,0.03812773525714874,0.9511132836341858
42,4,800 ppm 4 8,d4,scale_1.0_rot_90_flip_0,0.16624923050403595,0.2001630812883377,0.6335877180099487
42,4,400 ppm 4 9,d4,scale_1.0_rot_90_flip_0,0.05146840214729309,0.35871392488479614,0.5898177027702332
42,4,c 7,d4,scale_1.0_rot_90_flip_0,0.6518633365631104,0.13524006307125092,0.21289664506912231
42,4,800 ppm 1 5,d4,scale_1.0_rot_90_flip_0,0.03306758031249046,0.30457594990730286,0.662356436252594
42,4,600 ppm 2 7,d4,scale_1.0_rot_90_flip_0,0.03091142326593399,0.02205139771103859,0.9470371603965759
42,4,600 ppm 1 7,d4,scale_1.0_rot_90_flip_0,0.170688658952713,0.30460456013679504,0.5247067809104919
42,4,1000 ppm 3 6,d4,scale_1.0_rot_90_flip_0,0.06502402573823929,0.10559175908565521,0.8293841481208801
42,4,1000 ppm 1 9,d4,scale_1.0_rot_90_flip_0,0.010088004171848297,0.02536552958190441,0.9645463824272156
42,4,800 ppm 2 7,d4,scale_1.0_rot_90_flip_0,0.01304532214999199,0.08330263942480087,0.903652012348175
42,4,800 ppm 3 2,d4,scale_1.0_rot_90_flip_0,0.25214511156082153,0.19877174496650696,0.5490831136703491
42,4,1000 ppm 4 6,d4,scale_1.0_rot_90_flip_0,0.07618137449026108,0.22275036573410034,0.7010682225227356
42,4,600 ppm 1 4,d4,scale_1.0_rot_90_flip_0,0.11024262011051178,0.7798511981964111,0.1099061518907547
42,4,600 ppm 3 10,d4,scale_1.0_rot_90_flip_0,0.25131139159202576,0.5248464345932007,0.22384215891361237
42,4,600 ppm 5 8,d4,scale_1.0_rot_90_flip_0,0.19298796355724335,0.7338428497314453,0.07316918671131134
42,4,c 5,d4,scale_1.0_rot_90_flip_0,0.19894979894161224,0.15932275354862213,0.6417273879051208
42,4,600 ppm 3 9,d4,scale_1.0_rot_90_flip_0,0.3065633773803711,0.27760618925094604,0.41583046317100525
42,4,1000 ppm 5 10,d4,scale_1.0_rot_90_flip_0,0.03090798854827881,0.21280458569526672,0.7562873959541321
42,4,600 ppm 5 1,d4,scale_1.0_rot_90_flip_0,0.5859543085098267,0.21389533579349518,0.20015034079551697
42,4,600 ppm 1 1,d4,scale_1.0_rot_90_flip_0,0.15124210715293884,0.5434300899505615,0.30532777309417725
42,4,800 ppm 5 10,d4,scale_1.0_rot_90_flip_0,0.3358266353607178,0.2640213966369629,0.40015196800231934
42,4,400 ppm 4 5,d4,scale_1.0_rot_90_flip_0,0.34537839889526367,0.48658716678619385,0.1680343896150589
42,4,600 ppm 3 8,d4,scale_1.0_rot_90_flip_0,0.1370978206396103,0.430534303188324,0.43236783146858215
42,4,800 ppm 3 8,d4,scale_1.0_rot_90_flip_0,0.4599257707595825,0.44726765155792236,0.09280657768249512
42,4,1000 ppm 5 6,d4,scale_1.0_rot_90_flip_0,0.015548281371593475,0.06392703205347061,0.9205247163772583
42,4,600 ppm 4 8,d4,scale_1.0_rot_90_flip_0,0.0437580943107605,0.12373152375221252,0.8325103521347046
42,4,800 ppm 3 5,d4,scale_1.0_rot_90_flip_0,0.4735977053642273,0.4725705087184906,0.0538318045437336
42,4,400 ppm 3 1,d4,scale_1.0_rot_90_flip_0,0.6250637173652649,0.2702358663082123,0.10470040142536163
42,4,400 ppm 3 6,d4,scale_1.0_rot_90_flip_0,0.449074923992157,0.20216430723667145,0.348760724067688
42,4,600 ppm 4 10,d4,scale_1.0_rot_90_flip_0,0.11149997264146805,0.14700859785079956,0.741491436958313
42,4,1000 ppm 4 1,d4,scale_1.0_rot_90_flip_0,0.0326443649828434,0.1417335867881775,0.8256221413612366
42,4,400 ppm 4 10,d4,scale_1.0_rot_90_flip_0,0.08828908950090408,0.49319908022880554,0.4185118079185486
42,4,600 ppm 3 3,d4,scale_1.0_rot_90_flip_0,0.16368263959884644,0.2540053427219391,0.5823119878768921
42,4,400 ppm 3 4,d4,scale_1.0_rot_90_flip_0,0.13972292840480804,0.41703155636787415,0.4432455003261566
42,4,1000 ppm 2 3,d4,scale_1.0_rot_90_flip_0,0.2749398350715637,0.5405989289283752,0.18446125090122223
42,4,1000 ppm 1 3,d4,scale_1.0_rot_90_flip_1,0.024875974282622337,0.03810110315680504,0.9370229244232178
42,4,400 ppm 4 6,d4,scale_1.0_rot_90_flip_1,0.260608047246933,0.4650476276874542,0.2743443250656128
42,4,600 ppm 3 1,d4,scale_1.0_rot_90_flip_1,0.03050902485847473,0.06542297452688217,0.9040680527687073
42,4,400 ppm 3 5,d4,scale_1.0_rot_90_flip_1,0.24943780899047852,0.35268494486808777,0.39787718653678894
42,4,c 10,d4,scale_1.0_rot_90_flip_1,0.7115330100059509,0.05652160942554474,0.23194533586502075
42,4,400 ppm 1 2,d4,scale_1.0_rot_90_flip_1,0.11812643706798553,0.3464573621749878,0.5354162454605103
42,4,800 ppm 2 4,d4,scale_1.0_rot_90_flip_1,0.0430239774286747,0.8216785192489624,0.135297492146492
42,4,800 ppm 5 4,d4,scale_1.0_rot_90_flip_1,0.19621910154819489,0.26836392283439636,0.5354169607162476
42,4,1000 ppm 1 4,d4,scale_1.0_rot_90_flip_1,0.02596203051507473,0.2673894762992859,0.7066484689712524
42,4,1000 ppm 4 2,d4,scale_1.0_rot_90_flip_1,0.060195256024599075,0.053712088614702225,0.8860927224159241
42,4,400 ppm 2 3,d4,scale_1.0_rot_90_flip_1,0.15335087478160858,0.4016015827655792,0.4450475573539734
42,4,600 ppm 1 3,d4,scale_1.0_rot_90_flip_1,0.06455432623624802,0.5802537798881531,0.3551919162273407
42,4,400 ppm 5 5,d4,scale_1.0_rot_90_flip_1,0.13672107458114624,0.03252498805522919,0.8307538628578186
42,4,800 ppm 3 7,d4,scale_1.0_rot_90_flip_1,0.11613596230745316,0.24405604600906372,0.6398079991340637
42,4,400 ppm 1 9,d4,scale_1.0_rot_90_flip_1,0.13282370567321777,0.2606790065765381,0.6064972877502441
42,4,800 ppm 5 3,d4,scale_1.0_rot_90_flip_1,0.02359527163207531,0.21529453992843628,0.7611101865768433
42,4,800 ppm 3 6,d4,scale_1.0_rot_90_flip_1,0.10845423489809036,0.13408896327018738,0.7574568390846252
42,4,1000 ppm 4 8,d4,scale_1.0_rot_90_flip_1,0.008240841329097748,0.0323108471930027,0.9594482779502869
42,4,800 ppm 4 8,d4,scale_1.0_rot_90_flip_1,0.1740051507949829,0.15498967468738556,0.6710051894187927
42,4,400 ppm 4 9,d4,scale_1.0_rot_90_flip_1,0.07259877771139145,0.3952464163303375,0.5321547985076904
42,4,c 7,d4,scale_1.0_rot_90_flip_1,0.5889514088630676,0.17490388453006744,0.2361447662115097
42,4,800 ppm 1 5,d4,scale_1.0_rot_90_flip_1,0.040162086486816406,0.3737594485282898,0.586078405380249
42,4,600 ppm 2 7,d4,scale_1.0_rot_90_flip_1,0.022013138979673386,0.017164355143904686,0.9608225226402283
42,4,600 ppm 1 7,d4,scale_1.0_rot_90_flip_1,0.199089914560318,0.3581785261631012,0.4427315890789032
42,4,1000 ppm 3 6,d4,scale_1.0_rot_90_flip_1,0.060989443212747574,0.12084612995386124,0.8181644082069397
42,4,1000 ppm 1 9,d4,scale_1.0_rot_90_flip_1,0.011518039740622044,0.02601127326488495,0.9624705910682678
42,4,800 ppm 2 7,d4,scale_1.0_rot_90_flip_1,0.007936332374811172,0.06175442412495613,0.9303092956542969
42,4,800 ppm 3 2,d4,scale_1.0_rot_90_flip_1,0.2669765055179596,0.14997349679470062,0.5830499529838562
42,4,1000 ppm 4 6,d4,scale_1.0_rot_90_flip_1,0.05972743034362793,0.1566467136144638,0.7836258411407471
42,4,600 ppm 1 4,d4,scale_1.0_rot_90_flip_1,0.0992162749171257,0.8372176885604858,0.06356609612703323
42,4,600 ppm 3 10,d4,scale_1.0_rot_90_flip_1,0.29541829228401184,0.4634510278701782,0.24113065004348755
42,4,600 ppm 5 8,d4,scale_1.0_rot_90_flip_1,0.20951946079730988,0.7293592095375061,0.06112141162157059
42,4,c 5,d4,scale_1.0_rot_90_flip_1,0.21482448279857635,0.12065480649471283,0.6645207405090332
42,4,600 ppm 3 9,d4,scale_1.0_rot_90_flip_1,0.3309310972690582,0.3035486042499542,0.3655203580856323
42,4,1000 ppm 5 10,d4,scale_1.0_rot_90_flip_1,0.03351480886340141,0.21592286229133606,0.750562310218811
42,4,600 ppm 5 1,d4,scale_1.0_rot_90_flip_1,0.5275542140007019,0.24397821724414825,0.2284676432609558
42,4,600 ppm 1 1,d4,scale_1.0_rot_90_flip_1,0.1476997435092926,0.5634846091270447,0.2888156771659851
42,4,800 ppm 5 10,d4,scale_1.0_rot_90_flip_1,0.32359617948532104,0.2437080293893814,0.4326957166194916
42,4,400 ppm 4 5,d4,scale_1.0_rot_90_flip_1,0.3119751811027527,0.45602911710739136,0.23199571669101715
42,4,600 ppm 3 8,d4,scale_1.0_rot_90_flip_1,0.1342986524105072,0.36757892370224,0.4981224238872528
42,4,800 ppm 3 8,d4,scale_1.0_rot_90_flip_1,0.48806458711624146,0.4350663721561432,0.07686910033226013
42,4,1000 ppm 5 6,d4,scale_1.0_rot_90_flip_1,0.013014468364417553,0.043206680566072464,0.9437788128852844
42,4,600 ppm 4 8,d4,scale_1.0_rot_90_flip_1,0.09710858017206192,0.21323268115520477,0.6896587610244751
42,4,800 ppm 3 5,d4,scale_1.0_rot_90_flip_1,0.48803073167800903,0.4285230040550232,0.08344622701406479
42,4,400 ppm 3 1,d4,scale_1.0_rot_90_flip_1,0.6490237712860107,0.25399184226989746,0.0969843938946724
42,4,400 ppm 3 6,d4,scale_1.0_rot_90_flip_1,0.3960549831390381,0.2488154172897339,0.3551296293735504
42,4,600 ppm 4 10,d4,scale_1.0_rot_90_flip_1,0.11226960271596909,0.17387354373931885,0.7138568758964539
42,4,1000 ppm 4 1,d4,scale_1.0_rot_90_flip_1,0.02494513802230358,0.11926569789648056,0.8557891845703125
42,4,400 ppm 4 10,d4,scale_1.0_rot_90_flip_1,0.0926271378993988,0.39650624990463257,0.5108665823936462
42,4,600 ppm 3 3,d4,scale_1.0_rot_90_flip_1,0.19359822571277618,0.2488436996936798,0.5575580596923828
42,4,400 ppm 3 4,d4,scale_1.0_rot_90_flip_1,0.16774550080299377,0.3392927944660187,0.49296170473098755
42,4,1000 ppm 2 3,d4,scale_1.0_rot_90_flip_1,0.2808299660682678,0.5884861946105957,0.1306837946176529
42,4,1000 ppm 1 3,d4,scale_1.0_rot_180_flip_0,0.04628758132457733,0.15199628472328186,0.8017160892486572
42,4,400 ppm 4 6,d4,scale_1.0_rot_180_flip_0,0.1808302253484726,0.5779994130134583,0.24117034673690796
42,4,600 ppm 3 1,d4,scale_1.0_rot_180_flip_0,0.11421249806880951,0.23669828474521637,0.6490892171859741
42,4,400 ppm 3 5,d4,scale_1.0_rot_180_flip_0,0.3704986572265625,0.33544522523880005,0.29405608773231506
42,4,c 10,d4,scale_1.0_rot_180_flip_0,0.7379115223884583,0.08028353750705719,0.1818048506975174
42,4,400 ppm 1 2,d4,scale_1.0_rot_180_flip_0,0.09318039566278458,0.32213276624679565,0.584686815738678
42,4,800 ppm 2 4,d4,scale_1.0_rot_180_flip_0,0.03142711892724037,0.7585318684577942,0.21004098653793335
42,4,800 ppm 5 4,d4,scale_1.0_rot_180_flip_0,0.11666533350944519,0.2874230146408081,0.5959116816520691
42,4,1000 ppm 1 4,d4,scale_1.0_rot_180_flip_0,0.01666882634162903,0.35280296206474304,0.6305281519889832
42,4,1000 ppm 4 2,d4,scale_1.0_rot_180_flip_0,0.10268881916999817,0.11490721255540848,0.7824040055274963
42,4,400 ppm 2 3,d4,scale_1.0_rot_180_flip_0,0.2006596475839615,0.6586440205574036,0.14069636166095734
42,4,600 ppm 1 3,d4,scale_1.0_rot_180_flip_0,0.1195470541715622,0.4773932993412018,0.4030596911907196
42,4,400 ppm 5 5,d4,scale_1.0_rot_180_flip_0,0.33490756154060364,0.1473749727010727,0.5177174806594849
42,4,800 ppm 3 7,d4,scale_1.0_rot_180_flip_0,0.15975645184516907,0.1893356442451477,0.6509078145027161
42,4,400 ppm 1 9,d4,scale_1.0_rot_180_flip_0,0.16404709219932556,0.17631050944328308,0.6596423983573914
42,4,800 ppm 5 3,d4,scale_1.0_rot_180_flip_0,0.028948374092578888,0.2083180546760559,0.7627335786819458
42,4,800 ppm 3 6,d4,scale_1.0_rot_180_flip_0,0.32254770398139954,0.40005216002464294,0.2774001359939575
42,4,1000 ppm 4 8,d4,scale_1.0_rot_180_flip_0,0.013654254376888275,0.05531387776136398,0.9310318231582642
42,4,800 ppm 4 8,d4,scale_1.0_rot_180_flip_0,0.3483754098415375,0.2890714704990387,0.36255306005477905
42,4,400 ppm 4 9,d4,scale_1.0_rot_180_flip_0,0.07442038506269455,0.26110032200813293,0.6644793152809143
42,4,c 7,d4,scale_1.0_rot_180_flip_0,0.7813650965690613,0.06990128010511398,0.14873361587524414
42,4,800 ppm 1 5,d4,scale_1.0_rot_180_flip_0,0.0672025978565216,0.24651527404785156,0.6862821578979492
42,4,600 ppm 2 7,d4,scale_1.0_rot_180_flip_0,0.05729839950799942,0.09035080671310425,0.8523507714271545
42,4,600 ppm 1 7,d4,scale_1.0_rot_180_flip_0,0.282649964094162,0.3843880593776703,0.3329620063304901
42,4,1000 ppm 3 6,d4,scale_1.0_rot_180_flip_0,0.07178404182195663,0.11094503849744797,0.8172708749771118
42,4,1000 ppm 1 9,d4,scale_1.0_rot_180_flip_0,0.018934616819024086,0.049302857369184494,0.9317625761032104
42,4,800 ppm 2 7,d4,scale_1.0_rot_180_flip_0,0.0031047528609633446,0.014805776067078114,0.9820894002914429
42,4,800 ppm 3 2,d4,scale_1.0_rot_180_flip_0,0.1555769443511963,0.23151639103889465,0.6129066348075867
42,4,1000 ppm 4 6,d4,scale_1.0_rot_180_flip_0,0.03997476026415825,0.09017250686883926,0.8698527812957764
42,4,600 ppm 1 4,d4,scale_1.0_rot_180_flip_0,0.15304553508758545,0.7935217618942261,0.05343272164463997
42,4,600 ppm 3 10,d4,scale_1.0_rot_180_flip_0,0.30019399523735046,0.4013924300670624,0.29841360449790955
42,4,600 ppm 5 8,d4,scale_1.0_rot_180_flip_0,0.2365877479314804,0.7368196845054626,0.026592588052153587
42,4,c 5,d4,scale_1.0_rot_180_flip_0,0.21506059169769287,0.1414947658777237,0.6434445977210999
42,4,600 ppm 3 9,d4,scale_1.0_rot_180_flip_0,0.478313148021698,0.3774871528148651,0.14419972896575928
42,4,1000 ppm 5 10,d4,scale_1.0_rot_180_flip_0,0.01441156305372715,0.08845264464616776,0.897135853767395
42,4,600 ppm 5 1,d4,scale_1.0_rot_180_flip_0,0.7304814457893372,0.16777892410755157,0.10173957794904709
42,4,600 ppm 1 1,d4,scale_1.0_rot_180_flip_0,0.26339295506477356,0.4611649513244629,0.27544209361076355
42,4,800 ppm 5 10,d4,scale_1.0_rot_180_flip_0,0.3969920575618744,0.2259361296892166,0.3770717978477478
42,4,400 ppm 4 5,d4,scale_1.0_rot_180_flip_0,0.2463071197271347,0.28604820370674133,0.46764466166496277
42,4,600 ppm 3 8,d4,scale_1.0_rot_180_flip_0,0.1425548940896988,0.2585068345069885,0.5989382863044739
42,4,800 ppm 3 8,d4,scale_1.0_rot_180_flip_0,0.505875289440155,0.4495084285736084,0.044616278260946274
42,4,1000 ppm 5 6,d4,scale_1.0_rot_180_flip_0,0.03873049095273018,0.18115660548210144,0.7801128625869751
42,4,600 ppm 4 8,d4,scale_1.0_rot_180_flip_0,0.10269615054130554,0.24969053268432617,0.6476132869720459
42,4,800 ppm 3 5,d4,scale_1.0_rot_180_flip_0,0.38164979219436646,0.310545414686203,0.30780479311943054
42,4,400 ppm 3 1,d4,scale_1.0_rot_180_flip_0,0.7509521245956421,0.22075574100017548,0.028292106464505196
42,4,400 ppm 3 6,d4,scale_1.0_rot_180_flip_0,0.6998741030693054,0.16938145458698273,0.13074439764022827
42,4,600 ppm 4 10,d4,scale_1.0_rot_180_flip_0,0.36528584361076355,0.25741589069366455,0.3772982954978943
42,4,1000 ppm 4 1,d4,scale_1.0_rot_180_flip_0,0.06253446638584137,0.2522806227207184,0.685184895992279
42,4,400 ppm 4 10,d4,scale_1.0_rot_180_flip_0,0.10767791420221329,0.2896655797958374,0.6026565432548523
42,4,600 ppm 3 3,d4,scale_1.0_rot_180_flip_0,0.18252621591091156,0.15250460803508759,0.6649691462516785
42,4,400 ppm 3 4,d4,scale_1.0_rot_180_flip_0,0.2468862235546112,0.4174429178237915,0.3356708586215973
42,4,1000 ppm 2 3,d4,scale_1.0_rot_180_flip_0,0.23750817775726318,0.5178847908973694,0.24460703134536743
42,4,1000 ppm 1 3,d4,scale_1.0_rot_180_flip_1,0.056454580277204514,0.13113150000572205,0.8124138712882996
42,4,400 ppm 4 6,d4,scale_1.0_rot_180_flip_1,0.18016180396080017,0.5068586468696594,0.312979519367218
42,4,600 ppm 3 1,d4,scale_1.0_rot_180_flip_1,0.09700427204370499,0.259027898311615,0.6439678072929382
42,4,400 ppm 3 5,d4,scale_1.0_rot_180_flip_1,0.39715757966041565,0.30469268560409546,0.2981497347354889
42,4,c 10,d4,scale_1.0_rot_180_flip_1,0.6922776699066162,0.07548675686120987,0.23223555088043213
42,4,400 ppm 1 2,d4,scale_1.0_rot_180_flip_1,0.07879170775413513,0.2027023434638977,0.7185059785842896
42,4,800 ppm 2 4,d4,scale_1.0_rot_180_flip_1,0.03992500156164169,0.7498220801353455,0.21025295555591583
42,4,800 ppm 5 4,d4,scale_1.0_rot_180_flip_1,0.13703598082065582,0.3495713472366333,0.5133926272392273
42,4,1000 ppm 1 4,d4,scale_1.0_rot_180_flip_1,0.02191520854830742,0.38962432742118835,0.5884605050086975
42,4,1000 ppm 4 2,d4,scale_1.0_rot_180_flip_1,0.16254816949367523,0.16029831767082214,0.677153468132019
42,4,400 ppm 2 3,d4,scale_1.0_rot_180_flip_1,0.19682705402374268,0.6612417101860046,0.14193125069141388
42,4,600 ppm 1 3,d4,scale_1.0_rot_180_flip_1,0.16766226291656494,0.5567966103553772,0.27554115653038025
42,4,400 ppm 5 5,d4,scale_1.0_rot_180_flip_1,0.2303733080625534,0.09446101635694504,0.6751656532287598
42,4,800 ppm 3 7,d4,scale_1.0_rot_180_flip_1,0.11043491214513779,0.16310034692287445,0.7264648079872131
42,4,400 ppm 1 9,d4,scale_1.0_rot_180_flip_1,0.16522116959095,0.15645146369934082,0.6783273816108704
42,4,800 ppm 5 3,d4,scale_1.0_rot_180_flip_1,0.024110818281769753,0.18816475570201874,0.7877244353294373
42,4,800 ppm 3 6,d4,scale_1.0_rot_180_flip_1,0.20099817216396332,0.3855662941932678,0.41343557834625244
42,4,1000 ppm 4 8,d4,scale_1.0_rot_180_flip_1,0.0158587247133255,0.07447630912065506,0.9096649289131165
42,4,800 ppm 4 8,d4,scale_1.0_rot_180_flip_1,0.3415692150592804,0.22343315184116364,0.4349976181983948
42,4,400 ppm 4 9,d4,scale_1.0_rot_180_flip_1,0.10249470174312592,0.35598018765449524,0.5415250658988953
42,4,c 7,d4,scale_1.0_rot_180_flip_1,0.7603057622909546,0.07751858979463577,0.16217562556266785
42,4,800 ppm 1 5,d4,scale_1.0_rot_180_flip_1,0.08827181905508041,0.21846745908260345,0.693260669708252
42,4,600 ppm 2 7,d4,scale_1.0_rot_180_flip_1,0.045701369643211365,0.07051178067922592,0.8837868571281433
42,4,600 ppm 1 7,d4,scale_1.0_rot_180_flip_1,0.2459419071674347,0.46375560760498047,0.2903025150299072
42,4,1000 ppm 3 6,d4,scale_1.0_rot_180_flip_1,0.05390416458249092,0.0926474928855896,0.8534483909606934
42,4,1000 ppm 1 9,d4,scale_1.0_rot_180_flip_1,0.013336801901459694,0.02930479124188423,0.9573584198951721
42,4,800 ppm 2 7,d4,scale_1.0_rot_180_flip_1,0.001993070589378476,0.006227173376828432,0.9917797446250916
42,4,800 ppm 3 2,d4,scale_1.0_rot_180_flip_1,0.2609177231788635,0.26498913764953613,0.47409310936927795
42,4,1000 ppm 4 6,d4,scale_1.0_rot_180_flip_1,0.028903955593705177,0.05725915729999542,0.9138368964195251
42,4,600 ppm 1 4,d4,scale_1.0_rot_180_flip_1,0.206526979804039,0.7391349673271179,0.05433810502290726
42,4,600 ppm 3 10,d4,scale_1.0_rot_180_flip_1,0.29827556014060974,0.5108144283294678,0.19091004133224487
42,4,600 ppm 5 8,d4,scale_1.0_rot_180_flip_1,0.19833038747310638,0.7735074758529663,0.028162159025669098
42,4,c 5,d4,scale_1.0_rot_180_flip_1,0.31162622570991516,0.1507413238286972,0.5376324653625488
42,4,600 ppm 3 9,d4,scale_1.0_rot_180_flip_1,0.559695303440094,0.3341419994831085,0.10616273432970047
42,4,1000 ppm 5 10,d4,scale_1.0_rot_180_flip_1,0.015250504948198795,0.10588767379522324,0.8788618445396423
42,4,600 ppm 5 1,d4,scale_1.0_rot_180_flip_1,0.7420998811721802,0.15274731814861298,0.10515282303094864
42,4,600 ppm 1 1,d4,scale_1.0_rot_180_flip_1,0.2845688462257385,0.415474534034729,0.2999565601348877
42,4,800 ppm 5 10,d4,scale_1.0_rot_180_flip_1,0.49066850543022156,0.20492033660411835,0.3044111132621765
42,4,400 ppm 4 5,d4,scale_1.0_rot_180_flip_1,0.3949742019176483,0.36899974942207336,0.23602606356143951
42,4,600 ppm 3 8,d4,scale_1.0_rot_180_flip_1,0.18816514313220978,0.3304140567779541,0.4814208447933197
42,4,800 ppm 3 8,d4,scale_1.0_rot_180_flip_1,0.5122347474098206,0.41554123163223267,0.07222399860620499
42,4,1000 ppm 5 6,d4,scale_1.0_rot_180_flip_1,0.06099522486329079,0.21494652330875397,0.7240582704544067
42,4,600 ppm 4 8,d4,scale_1.0_rot_180_flip_1,0.05331363156437874,0.20069880783557892,0.745987594127655
42,4,800 ppm 3 5,d4,scale_1.0_rot_180_flip_1,0.42988014221191406,0.2986011505126953,0.27151867747306824
42,4,400 ppm 3 1,d4,scale_1.0_rot_180_flip_1,0.8243875503540039,0.14866119623184204,0.026951350271701813
42,4,400 ppm 3 6,d4,scale_1.0_rot_180_flip_1,0.6569982171058655,0.1776847541332245,0.16531698405742645
42,4,600 ppm 4 10,d4,scale_1.0_rot_180_flip_1,0.4437882602214813,0.29404711723327637,0.2621645927429199
42,4,1000 ppm 4 1,d4,scale_1.0_rot_180_flip_1,0.04553261026740074,0.2024957835674286,0.7519716024398804
42,4,400 ppm 4 10,d4,scale_1.0_rot_180_flip_1,0.11952291429042816,0.3298305571079254,0.5506465435028076
42,4,600 ppm 3 3,d4,scale_1.0_rot_180_flip_1,0.21609880030155182,0.16162648797035217,0.6222746968269348
42,4,400 ppm 3 4,d4,scale_1.0_rot_180_flip_1,0.20060570538043976,0.5646921396255493,0.23470212519168854
42,4,1000 ppm 2 3,d4,scale_1.0_rot_180_flip_1,0.2682763338088989,0.4911448061466217,0.24057887494564056
42,4,1000 ppm 1 3,d4,scale_1.0_rot_270_flip_0,0.0371134988963604,0.0679912194609642,0.8948953151702881
42,4,400 ppm 4 6,d4,scale_1.0_rot_270_flip_0,0.19146551191806793,0.36678841710090637,0.4417460858821869
42,4,600 ppm 3 1,d4,scale_1.0_rot_270_flip_0,0.025585003197193146,0.04279510676860809,0.9316198825836182
42,4,400 ppm 3 5,d4,scale_1.0_rot_270_flip_0,0.4593075215816498,0.24694857001304626,0.29374387860298157
42,4,c 10,d4,scale_1.0_rot_270_flip_0,0.6179198622703552,0.08033990859985352,0.30174028873443604
42,4,400 ppm 1 2,d4,scale_1.0_rot_270_flip_0,0.07237233966588974,0.29373449087142944,0.6338931918144226
42,4,800 ppm 2 4,d4,scale_1.0_rot_270_flip_0,0.036045704036951065,0.8405230045318604,0.12343127280473709
42,4,800 ppm 5 4,d4,scale_1.0_rot_270_flip_0,0.09036629647016525,0.2988138794898987,0.6108197569847107
42,4,1000 ppm 1 4,d4,scale_1.0_rot_270_flip_0,0.021410826593637466,0.26255643367767334,0.7160327434539795
42,4,1000 ppm 4 2,d4,scale_1.0_rot_270_flip_0,0.07980324327945709,0.06675917655229568,0.853437602519989
42,4,400 ppm 2 3,d4,scale_1.0_rot_270_flip_0,0.1087697222828865,0.5863223075866699,0.30490797758102417
42,4,600 ppm 1 3,d4,scale_1.0_rot_270_flip_0,0.059009138494729996,0.3979681730270386,0.5430226922035217
42,4,400 ppm 5 5,d4,scale_1.0_rot_270_flip_0,0.11238443851470947,0.05378791317343712,0.8338276743888855
42,4,800 ppm 3 7,d4,scale_1.0_rot_270_flip_0,0.11682256311178207,0.3701784610748291,0.5129989385604858
42,4,400 ppm 1 9,d4,scale_1.0_rot_270_flip_0,0.24645400047302246,0.3611076772212982,0.3924383223056793
42,4,800 ppm 5 3,d4,scale_1.0_rot_270_flip_0,0.016496537253260612,0.19055652618408203,0.7929469347000122
42,4,800 ppm 3 6,d4,scale_1.0_rot_270_flip_0,0.16377492249011993,0.2511672377586365,0.5850578546524048
42,4,1000 ppm 4 8,d4,scale_1.0_rot_270_flip_0,0.007526537403464317,0.03783438727259636,0.9546391367912292
42,4,800 ppm 4 8,d4,scale_1.0_rot_270_flip_0,0.1723182648420334,0.23118901252746582,0.5964927673339844
42,4,400 ppm 4 9,d4,scale_1.0_rot_270_flip_0,0.04228080064058304,0.1883891373872757,0.7693300843238831
42,4,c 7,d4,scale_1.0_rot_270_flip_0,0.7305575013160706,0.07289548218250275,0.19654704630374908
42,4,800 ppm 1 5,d4,scale_1.0_rot_270_flip_0,0.01824597269296646,0.17525696754455566,0.8064970374107361
42,4,600 ppm 2 7,d4,scale_1.0_rot_270_flip_0,0.017407409846782684,0.009100264869630337,0.9734923839569092
42,4,600 ppm 1 7,d4,scale_1.0_rot_270_flip_0,0.14233574271202087,0.22360166907310486,0.6340625882148743
42,4,1000 ppm 3 6,d4,scale_1.0_rot_270_flip_0,0.049206074327230453,0.07326558977365494,0.8775283098220825
42,4,1000 ppm 1 9,d4,scale_1.0_rot_270_flip_0,0.008371098898351192,0.029977407306432724,0.9616515040397644
42,4,800 ppm 2 7,d4,scale_1.0_rot_270_flip_0,0.004555857740342617,0.017771583050489426,0.9776726365089417
42,4,800 ppm 3 2,d4,scale_1.0_rot_270_flip_0,0.0812256708741188,0.14494138956069946,0.7738329768180847
42,4,1000 ppm 4 6,d4,scale_1.0_rot_270_flip_0,0.03670395165681839,0.09184468537569046,0.8714513182640076
42,4,600 ppm 1 4,d4,scale_1.0_rot_270_flip_0,0.12568043172359467,0.7836512923240662,0.09066829085350037
42,4,600 ppm 3 10,d4,scale_1.0_rot_270_flip_0,0.2705458104610443,0.5724390149116516,0.1570151448249817
42,4,600 ppm 5 8,d4,scale_1.0_rot_270_flip_0,0.1861768215894699,0.7416571378707886,0.07216601073741913
42,4,c 5,d4,scale_1.0_rot_270_flip_0,0.17710842192173004,0.14218741655349731,0.6807042360305786
42,4,600 ppm 3 9,d4,scale_1.0_rot_270_flip_0,0.32243338227272034,0.28296610713005066,0.394600510597229
42,4,1000 ppm 5 10,d4,scale_1.0_rot_270_flip_0,0.019982052966952324,0.18807931244373322,0.7919386029243469
42,4,600 ppm 5 1,d4,scale_1.0_rot_270_flip_0,0.5900921821594238,0.15430057048797607,0.2556072175502777
42,4,600 ppm 1 1,d4,scale_1.0_rot_270_flip_0,0.18908995389938354,0.4003918468952179,0.41051819920539856
42,4,800 ppm 5 10,d4,scale_1.0_rot_270_flip_0,0.3453318178653717,0.18672744929790497,0.4679407477378845
42,4,400 ppm 4 5,d4,scale_1.0_rot_270_flip_0,0.29186582565307617,0.3917377293109894,0.31639644503593445
42,4,600 ppm 3 8,d4,scale_1.0_rot_270_flip_0,0.07214190065860748,0.19538582861423492,0.73247230052948
42,4,800 ppm 3 8,d4,scale_1.0_rot_270_flip_0,0.39973995089530945,0.4696885347366333,0.13057148456573486
42,4,1000 ppm 5 6,d4,scale_1.0_rot_270_flip_0,0.013395863585174084,0.03507896140217781,0.9515252113342285
42,4,600 ppm 4 8,d4,scale_1.0_rot_270_flip_0,0.05421355366706848,0.2271709442138672,0.7186154723167419
42,4,800 ppm 3 5,d4,scale_1.0_rot_270_flip_0,0.5055660009384155,0.27248942852020264,0.22194458544254303
42,4,400 ppm 3 1,d4,scale_1.0_rot_270_flip_0,0.588661253452301,0.2642058730125427,0.14713279902935028
42,4,400 ppm 3 6,d4,scale_1.0_rot_270_flip_0,0.46499910950660706,0.17629274725914001,0.35870811343193054
42,4,600 ppm 4 10,d4,scale_1.0_rot_270_flip_0,0.24922296404838562,0.19093279540538788,0.5598441958427429
42,4,1000 ppm 4 1,d4,scale_1.0_rot_270_flip_0,0.019706549122929573,0.08894133567810059,0.8913521766662598
42,4,400 ppm 4 10,d4,scale_1.0_rot_270_flip_0,0.07922646403312683,0.47455036640167236,0.4462231993675232
42,4,600 ppm 3 3,d4,scale_1.0_rot_270_flip_0,0.18193259835243225,0.129172220826149,0.6888951063156128
42,4,400 ppm 3 4,d4,scale_1.0_rot_270_flip_0,0.17269279062747955,0.30009737610816956,0.5272098779678345
42,4,1000 ppm 2 3,d4,scale_1.0_rot_270_flip_0,0.21013247966766357,0.5814324617385864,0.2084350734949112
42,4,1000 ppm 1 3,d4,scale_1.0_rot_270_flip_1,0.024183202534914017,0.05408729240298271,0.921729564666748
42,4,400 ppm 4 6,d4,scale_1.0_rot_270_flip_1,0.23289740085601807,0.3863563537597656,0.38074618577957153
42,4,600 ppm 3 1,d4,scale_1.0_rot_270_flip_1,0.028681451454758644,0.044769883155822754,0.9265486001968384
42,4,400 ppm 3 5,d4,scale_1.0_rot_270_flip_1,0.3449670374393463,0.2441982626914978,0.4108346998691559
42,4,c 10,d4,scale_1.0_rot_270_flip_1,0.6304474472999573,0.09214372932910919,0.27740880846977234
42,4,400 ppm 1 2,d4,scale_1.0_rot_270_flip_1,0.07004831731319427,0.29345130920410156,0.6365004181861877
42,4,800 ppm 2 4,d4,scale_1.0_rot_270_flip_1,0.033225446939468384,0.8581135869026184,0.10866091400384903
42,4,800 ppm 5 4,d4,scale_1.0_rot_270_flip_1,0.17113232612609863,0.22962962090969086,0.5992380380630493
42,4,1000 ppm 1 4,d4,scale_1.0_rot_270_flip_1,0.017639435827732086,0.33762767910957336,0.6447328925132751
42,4,1000 ppm 4 2,d4,scale_1.0_rot_270_flip_1,0.02949642762541771,0.02596691995859146,0.9445366859436035
42,4,400 ppm 2 3,d4,scale_1.0_rot_270_flip_1,0.12315017729997635,0.5197630524635315,0.35708677768707275
42,4,600 ppm 1 3,d4,scale_1.0_rot_270_flip_1,0.05806347355246544,0.47054895758628845,0.4713875949382782
42,4,400 ppm 5 5,d4,scale_1.0_rot_270_flip_1,0.09983140975236893,0.04636010527610779,0.8538085222244263
42,4,800 ppm 3 7,d4,scale_1.0_rot_270_flip_1,0.09172356873750687,0.24445556104183197,0.6638208031654358
42,4,400 ppm 1 9,d4,scale_1.0_rot_270_flip_1,0.2019103616476059,0.34497421979904175,0.4531153440475464
42,4,800 ppm 5 3,d4,scale_1.0_rot_270_flip_1,0.019686371088027954,0.2844892144203186,0.695824384689331
42,4,800 ppm 3 6,d4,scale_1.0_rot_270_flip_1,0.13388687372207642,0.27085626125335693,0.5952568650245667
42,4,1000 ppm 4 8,d4,scale_1.0_rot_270_flip_1,0.007386530749499798,0.028843075037002563,0.96377032995224
42,4,800 ppm 4 8,d4,scale_1.0_rot_270_flip_1,0.16261699795722961,0.2426394820213318,0.5947434902191162
42,4,400 ppm 4 9,d4,scale_1.0_rot_270_flip_1,0.03233221918344498,0.18357256054878235,0.7840952277183533
42,4,c 7,d4,scale_1.0_rot_270_flip_1,0.6840901970863342,0.06457138806581497,0.2513384521007538
42,4,800 ppm 1 5,d4,scale_1.0_rot_270_flip_1,0.021120542660355568,0.15316182374954224,0.8257176876068115
42,4,600 ppm 2 7,d4,scale_1.0_rot_270_flip_1,0.023343095555901527,0.017000894993543625,0.9596560597419739
42,4,600 ppm 1 7,d4,scale_1.0_rot_270_flip_1,0.16705641150474548,0.2383759468793869,0.594567596912384
42,4,1000 ppm 3 6,d4,scale_1.0_rot_270_flip_1,0.04181249067187309,0.06444857269525528,0.8937389850616455
42,4,1000 ppm 1 9,d4,scale_1.0_rot_270_flip_1,0.00628094794228673,0.02486807480454445,0.9688510894775391
42,4,800 ppm 2 7,d4,scale_1.0_rot_270_flip_1,0.003009889042004943,0.015073240734636784,0.9819168448448181
42,4,800 ppm 3 2,d4,scale_1.0_rot_270_flip_1,0.13104063272476196,0.1686580926179886,0.7003012895584106
42,4,1000 ppm 4 6,d4,scale_1.0_rot_270_flip_1,0.029144102707505226,0.0777629017829895,0.8930929899215698
42,4,600 ppm 1 4,d4,scale_1.0_rot_270_flip_1,0.08690125495195389,0.8426380753517151,0.07046063244342804
42,4,600 ppm 3 10,d4,scale_1.0_rot_270_flip_1,0.25370147824287415,0.5199962854385376,0.22630225121974945
42,4,600 ppm 5 8,d4,scale_1.0_rot_270_flip_1,0.20374108850955963,0.7299917340278625,0.06626719236373901
42,4,c 5,d4,scale_1.0_rot_270_flip_1,0.22082188725471497,0.16483891010284424,0.6143392324447632
42,4,600 ppm 3 9,d4,scale_1.0_rot_270_flip_1,0.4018246531486511,0.334755003452301,0.26342037320137024
42,4,1000 ppm 5 10,d4,scale_1.0_rot_270_flip_1,0.03526166081428528,0.2995166778564453,0.6652216911315918
42,4,600 ppm 5 1,d4,scale_1.0_rot_270_flip_1,0.5411927700042725,0.18365879356861115,0.2751484811306
42,4,600 ppm 1 1,d4,scale_1.0_rot_270_flip_1,0.18402652442455292,0.4166702628135681,0.39930322766304016
42,4,800 ppm 5 10,d4,scale_1.0_rot_270_flip_1,0.23832854628562927,0.1595730185508728,0.6020984053611755
42,4,400 ppm 4 5,d4,scale_1.0_rot_270_flip_1,0.3227294087409973,0.4142242670059204,0.26304638385772705
42,4,600 ppm 3 8,d4,scale_1.0_rot_270_flip_1,0.0388278029859066,0.1482659876346588,0.8129061460494995
42,4,800 ppm 3 8,d4,scale_1.0_rot_270_flip_1,0.47534289956092834,0.4159202575683594,0.10873681306838989
42,4,1000 ppm 5 6,d4,scale_1.0_rot_270_flip_1,0.015742527320981026,0.03903931379318237,0.9452180862426758
42,4,600 ppm 4 8,d4,scale_1.0_rot_270_flip_1,0.06151128560304642,0.18992209434509277,0.7485666275024414
42,4,800 ppm 3 5,d4,scale_1.0_rot_270_flip_1,0.520891010761261,0.2565402090549469,0.22256878018379211
42,4,400 ppm 3 1,d4,scale_1.0_rot_270_flip_1,0.6045517325401306,0.2623232901096344,0.1331249624490738
42,4,400 ppm 3 6,d4,scale_1.0_rot_270_flip_1,0.385664165019989,0.29729124903678894,0.3170446455478668
42,4,600 ppm 4 10,d4,scale_1.0_rot_270_flip_1,0.18951717019081116,0.14484350383281708,0.665639340877533
42,4,1000 ppm 4 1,d4,scale_1.0_rot_270_flip_1,0.016924623399972916,0.06283637136220932,0.9202390313148499
42,4,400 ppm 4 10,d4,scale_1.0_rot_270_flip_1,0.049453120678663254,0.41124314069747925,0.5393037796020508
42,4,600 ppm 3 3,d4,scale_1.0_rot_270_flip_1,0.22554101049900055,0.1289600282907486,0.6454989910125732
42,4,400 ppm 3 4,d4,scale_1.0_rot_270_flip_1,0.14195260405540466,0.3412943482398987,0.5167530179023743
42,4,1000 ppm 2 3,d4,scale_1.0_rot_270_flip_1,0.19793246686458588,0.5831133127212524,0.21895425021648407
42,4,1000 ppm 1 3,scale,scale_1.0_rot_0_flip_0,0.10528641194105148,0.21872355043888092,0.6759900450706482
42,4,400 ppm 4 6,scale,scale_1.0_rot_0_flip_0,0.28333136439323425,0.5900896191596985,0.12657904624938965
42,4,600 ppm 3 1,scale,scale_1.0_rot_0_flip_0,0.24607211351394653,0.26532429456710815,0.4886035621166229
42,4,400 ppm 3 5,scale,scale_1.0_rot_0_flip_0,0.38351961970329285,0.43193963170051575,0.18454070389270782
42,4,c 10,scale,scale_1.0_rot_0_flip_0,0.8017637729644775,0.12010633945465088,0.0781298577785492
42,4,400 ppm 1 2,scale,scale_1.0_rot_0_flip_0,0.24120229482650757,0.4839217960834503,0.27487584948539734
42,4,800 ppm 2 4,scale,scale_1.0_rot_0_flip_0,0.0677785649895668,0.915261447429657,0.016959980130195618
42,4,800 ppm 5 4,scale,scale_1.0_rot_0_flip_0,0.13493365049362183,0.2814677655696869,0.5835986137390137
42,4,1000 ppm 1 4,scale,scale_1.0_rot_0_flip_0,0.07082753628492355,0.4290640950202942,0.5001083612442017
42,4,1000 ppm 4 2,scale,scale_1.0_rot_0_flip_0,0.25088900327682495,0.14404477179050446,0.605066180229187
42,4,400 ppm 2 3,scale,scale_1.0_rot_0_flip_0,0.38865169882774353,0.5700955986976624,0.04125270992517471
42,4,600 ppm 1 3,scale,scale_1.0_rot_0_flip_0,0.232863187789917,0.6420916318893433,0.12504521012306213
42,4,400 ppm 5 5,scale,scale_1.0_rot_0_flip_0,0.12247611582279205,0.05174428969621658,0.8257795572280884
42,4,800 ppm 3 7,scale,scale_1.0_rot_0_flip_0,0.18169987201690674,0.3176080882549286,0.5006920695304871
42,4,400 ppm 1 9,scale,scale_1.0_rot_0_flip_0,0.18211668729782104,0.11183170229196548,0.7060515880584717
42,4,800 ppm 5 3,scale,scale_1.0_rot_0_flip_0,0.06809673458337784,0.4614506661891937,0.4704526364803314
42,4,800 ppm 3 6,scale,scale_1.0_rot_0_flip_0,0.351331502199173,0.46241268515586853,0.18625588715076447
42,4,1000 ppm 4 8,scale,scale_1.0_rot_0_flip_0,0.01752539724111557,0.08227605372667313,0.9001985192298889
42,4,800 ppm 4 8,scale,scale_1.0_rot_0_flip_0,0.42662352323532104,0.40637531876564026,0.1670011729001999
42,4,400 ppm 4 9,scale,scale_1.0_rot_0_flip_0,0.10506468266248703,0.5773972272872925,0.3175380825996399
42,4,c 7,scale,scale_1.0_rot_0_flip_0,0.8003625869750977,0.1582123339176178,0.04142509028315544
42,4,800 ppm 1 5,scale,scale_1.0_rot_0_flip_0,0.08023279905319214,0.43643009662628174,0.4833371341228485
42,4,600 ppm 2 7,scale,scale_1.0_rot_0_flip_0,0.1587231606245041,0.14157485961914062,0.6997019648551941
42,4,600 ppm 1 7,scale,scale_1.0_rot_0_flip_0,0.5195631980895996,0.3298300802707672,0.15060670673847198
42,4,1000 ppm 3 6,scale,scale_1.0_rot_0_flip_0,0.17743192613124847,0.21374371647834778,0.6088243126869202
42,4,1000 ppm 1 9,scale,scale_1.0_rot_0_flip_0,0.05750250071287155,0.1221674382686615,0.8203301429748535
42,4,800 ppm 2 7,scale,scale_1.0_rot_0_flip_0,0.002876082668080926,0.01601623371243477,0.9811076521873474
42,4,800 ppm 3 2,scale,scale_1.0_rot_0_flip_0,0.37696295976638794,0.40210530161857605,0.2209317833185196
42,4,1000 ppm 4 6,scale,scale_1.0_rot_0_flip_0,0.14957687258720398,0.11817935854196548,0.7322438359260559
42,4,600 ppm 1 4,scale,scale_1.0_rot_0_flip_0,0.13453345000743866,0.849975049495697,0.01549153495579958
42,4,600 ppm 3 10,scale,scale_1.0_rot_0_flip_0,0.39661356806755066,0.5006582140922546,0.1027282178401947
42,4,600 ppm 5 8,scale,scale_1.0_rot_0_flip_0,0.31003040075302124,0.6718234419822693,0.018146155402064323
42,4,c 5,scale,scale_1.0_rot_0_flip_0,0.5617240071296692,0.2638489603996277,0.17442704737186432
42,4,600 ppm 3 9,scale,scale_1.0_rot_0_flip_0,0.6464559435844421,0.3146122694015503,0.03893183171749115
42,4,1000 ppm 5 10,scale,scale_1.0_rot_0_flip_0,0.01894429512321949,0.140932098031044,0.8401236534118652
42,4,600 ppm 5 1,scale,scale_1.0_rot_0_flip_0,0.7282240390777588,0.23028405010700226,0.04149189591407776
42,4,600 ppm 1 1,scale,scale_1.0_rot_0_flip_0,0.36173951625823975,0.5252248644828796,0.11303563416004181
42,4,800 ppm 5 10,scale,scale_1.0_rot_0_flip_0,0.553267240524292,0.3390931189060211,0.10763970017433167
42,4,400 ppm 4 5,scale,scale_1.0_rot_0_flip_0,0.4356250464916229,0.44348180294036865,0.12089315056800842
42,4,600 ppm 3 8,scale,scale_1.0_rot_0_flip_0,0.2840799391269684,0.41394126415252686,0.30197879672050476
42,4,800 ppm 3 8,scale,scale_1.0_rot_0_flip_0,0.615381121635437,0.37027817964553833,0.014340673573315144
42,4,1000 ppm 5 6,scale,scale_1.0_rot_0_flip_0,0.17845411598682404,0.512198805809021,0.3093470335006714
42,4,600 ppm 4 8,scale,scale_1.0_rot_0_flip_0,0.11184924095869064,0.4042922258377075,0.48385846614837646
42,4,800 ppm 3 5,scale,scale_1.0_rot_0_flip_0,0.5132626295089722,0.24806253612041473,0.2386748492717743
42,4,400 ppm 3 1,scale,scale_1.0_rot_0_flip_0,0.7587392330169678,0.23256021738052368,0.008700505830347538
42,4,400 ppm 3 6,scale,scale_1.0_rot_0_flip_0,0.7260209321975708,0.22599753737449646,0.047981519252061844
42,4,600 ppm 4 10,scale,scale_1.0_rot_0_flip_0,0.5437313914299011,0.346769243478775,0.10949935019016266
42,4,1000 ppm 4 1,scale,scale_1.0_rot_0_flip_0,0.05639823153614998,0.19944632053375244,0.7441554069519043
42,4,400 ppm 4 10,scale,scale_1.0_rot_0_flip_0,0.12968112528324127,0.7828934192657471,0.08742548525333405
42,4,600 ppm 3 3,scale,scale_1.0_rot_0_flip_0,0.24843120574951172,0.2683938145637512,0.48317500948905945
42,4,400 ppm 3 4,scale,scale_1.0_rot_0_flip_0,0.271106094121933,0.5045484304428101,0.22434544563293457
42,4,1000 ppm 2 3,scale,scale_1.0_rot_0_flip_0,0.3387552797794342,0.5747244358062744,0.08652031421661377
42,4,1000 ppm 1 3,scale,scale_1.25_rot_0_flip_0,0.15508918464183807,0.1994374543428421,0.6454733610153198
42,4,400 ppm 4 6,scale,scale_1.25_rot_0_flip_0,0.40781480073928833,0.45176786184310913,0.14041736721992493
42,4,600 ppm 3 1,scale,scale_1.25_rot_0_flip_0,0.2045886218547821,0.28919023275375366,0.5062211155891418
42,4,400 ppm 3 5,scale,scale_1.25_rot_0_flip_0,0.3305061161518097,0.3376297056674957,0.3318641483783722
42,4,c 10,scale,scale_1.25_rot_0_flip_0,0.8661847114562988,0.07434332370758057,0.05947190523147583
42,4,400 ppm 1 2,scale,scale_1.25_rot_0_flip_0,0.16182373464107513,0.4999758005142212,0.33820047974586487
42,4,800 ppm 2 4,scale,scale_1.25_rot_0_flip_0,0.047559402883052826,0.9204263091087341,0.03201431408524513
42,4,800 ppm 5 4,scale,scale_1.25_rot_0_flip_0,0.06513436883687973,0.21191145479679108,0.7229540944099426
42,4,1000 ppm 1 4,scale,scale_1.25_rot_0_flip_0,0.05778544023633003,0.48947620391845703,0.4527384042739868
42,4,1000 ppm 4 2,scale,scale_1.25_rot_0_flip_0,0.10794106870889664,0.12184519320726395,0.7702137231826782
42,4,400 ppm 2 3,scale,scale_1.25_rot_0_flip_0,0.2733965814113617,0.6768643856048584,0.04973900318145752
42,4,600 ppm 1 3,scale,scale_1.25_rot_0_flip_0,0.1557350605726242,0.746035635471344,0.098229318857193
42,4,400 ppm 5 5,scale,scale_1.25_rot_0_flip_0,0.07611575722694397,0.05490412190556526,0.8689801692962646
42,4,800 ppm 3 7,scale,scale_1.25_rot_0_flip_0,0.2093338519334793,0.4388423264026642,0.3518237769603729
42,4,400 ppm 1 9,scale,scale_1.25_rot_0_flip_0,0.13171552121639252,0.09569942206144333,0.7725850343704224
42,4,800 ppm 5 3,scale,scale_1.25_rot_0_flip_0,0.09120704978704453,0.3952682316303253,0.5135247707366943
42,4,800 ppm 3 6,scale,scale_1.25_rot_0_flip_0,0.35002121329307556,0.30117183923721313,0.3488069772720337
42,4,1000 ppm 4 8,scale,scale_1.25_rot_0_flip_0,0.018104063346982002,0.1492888480424881,0.832607090473175
42,4,800 ppm 4 8,scale,scale_1.25_rot_0_flip_0,0.35323333740234375,0.5115939378738403,0.13517268002033234
42,4,400 ppm 4 9,scale,scale_1.25_rot_0_flip_0,0.12867294251918793,0.5921900868415833,0.27913698554039
42,4,c 7,scale,scale_1.25_rot_0_flip_0,0.7338117957115173,0.21102935075759888,0.055158790200948715
42,4,800 ppm 1 5,scale,scale_1.25_rot_0_flip_0,0.05166807398200035,0.4724287688732147,0.47590315341949463
42,4,600 ppm 2 7,scale,scale_1.25_rot_0_flip_0,0.10156385600566864,0.12307021766901016,0.775365948677063
42,4,600 ppm 1 7,scale,scale_1.25_rot_0_flip_0,0.32788771390914917,0.4001252055168152,0.27198708057403564
42,4,1000 ppm 3 6,scale,scale_1.25_rot_0_flip_0,0.14097221195697784,0.262019544839859,0.5970082879066467
42,4,1000 ppm 1 9,scale,scale_1.25_rot_0_flip_0,0.05005037784576416,0.09383942931890488,0.8561102151870728
42,4,800 ppm 2 7,scale,scale_1.25_rot_0_flip_0,0.005024420563131571,0.016201481223106384,0.9787741303443909
42,4,800 ppm 3 2,scale,scale_1.25_rot_0_flip_0,0.2689517140388489,0.49924036860466003,0.2318078875541687
42,4,1000 ppm 4 6,scale,scale_1.25_rot_0_flip_0,0.1057390496134758,0.13648152351379395,0.7577794194221497
42,4,600 ppm 1 4,scale,scale_1.25_rot_0_flip_0,0.1373244673013687,0.8412877321243286,0.021387828513979912
42,4,600 ppm 3 10,scale,scale_1.25_rot_0_flip_0,0.2389959990978241,0.600883960723877,0.16012008488178253
42,4,600 ppm 5 8,scale,scale_1.25_rot_0_flip_0,0.2487175613641739,0.7323102355003357,0.018972141668200493
42,4,c 5,scale,scale_1.25_rot_0_flip_0,0.5986064672470093,0.24072737991809845,0.16066615283489227
42,4,600 ppm 3 9,scale,scale_1.25_rot_0_flip_0,0.4866238534450531,0.42351850867271423,0.08985760062932968
42,4,1000 ppm 5 10,scale,scale_1.25_rot_0_flip_0,0.015695927664637566,0.11805952340364456,0.8662446141242981
42,4,600 ppm 5 1,scale,scale_1.25_rot_0_flip_0,0.8510721325874329,0.12019121646881104,0.02873665653169155
42,4,600 ppm 1 1,scale,scale_1.25_rot_0_flip_0,0.2782500982284546,0.5250377655029297,0.1967121809720993
42,4,800 ppm 5 10,scale,scale_1.25_rot_0_flip_0,0.4312046468257904,0.3406369686126709,0.2281583547592163
42,4,400 ppm 4 5,scale,scale_1.25_rot_0_flip_0,0.4734262228012085,0.4039549231529236,0.12261887639760971
42,4,600 ppm 3 8,scale,scale_1.25_rot_0_flip_0,0.192546084523201,0.441459596157074,0.3659943640232086
42,4,800 ppm 3 8,scale,scale_1.25_rot_0_flip_0,0.5511184930801392,0.4217098653316498,0.027171600610017776
42,4,1000 ppm 5 6,scale,scale_1.25_rot_0_flip_0,0.06677592545747757,0.5876870155334473,0.34553706645965576
42,4,600 ppm 4 8,scale,scale_1.25_rot_0_flip_0,0.08260945230722427,0.42360395193099976,0.49378660321235657
42,4,800 ppm 3 5,scale,scale_1.25_rot_0_flip_0,0.5125402212142944,0.1837225705385208,0.3037372827529907
42,4,400 ppm 3 1,scale,scale_1.25_rot_0_flip_0,0.7504310011863708,0.2326488345861435,0.016920151188969612
42,4,400 ppm 3 6,scale,scale_1.25_rot_0_flip_0,0.6183591485023499,0.2282886803150177,0.15335221588611603
42,4,600 ppm 4 10,scale,scale_1.25_rot_0_flip_0,0.5440390110015869,0.3095305860042572,0.14643046259880066
42,4,1000 ppm 4 1,scale,scale_1.25_rot_0_flip_0,0.031022652983665466,0.10046125948429108,0.8685160875320435
42,4,400 ppm 4 10,scale,scale_1.25_rot_0_flip_0,0.17275986075401306,0.6970130801200867,0.13022708892822266
42,4,600 ppm 3 3,scale,scale_1.25_rot_0_flip_0,0.3391907215118408,0.20470967888832092,0.4560995101928711
42,4,400 ppm 3 4,scale,scale_1.25_rot_0_flip_0,0.2661455273628235,0.5311779379844666,0.20267657935619354
42,4,1000 ppm 2 3,scale,scale_1.25_rot_0_flip_0,0.3260946273803711,0.5871897339820862,0.08671559393405914
