seed,fold,sample_id,mode,view,prediction
42,1,600 ppm 5 5,single,scale_1.0_rot_0_flip_0,3.7631349563598633
42,1,1000 ppm 4 3,single,scale_1.0_rot_0_flip_0,4.116982936859131
42,1,1000 ppm 3 9,single,scale_1.0_rot_0_flip_0,4.160128593444824
42,1,1000 ppm 3 10,single,scale_1.0_rot_0_flip_0,3.5600407123565674
42,1,600 ppm 3 7,single,scale_1.0_rot_0_flip_0,2.9610588550567627
42,1,800 ppm 5 7,single,scale_1.0_rot_0_flip_0,3.5443849563598633
42,1,400 ppm 4 4,single,scale_1.0_rot_0_flip_0,3.389674186706543
42,1,800 ppm 2 8,single,scale_1.0_rot_0_flip_0,3.8383641242980957
42,1,400 ppm 3 2,single,scale_1.0_rot_0_flip_0,3.0123050212860107
42,1,800 ppm 3 9,single,scale_1.0_rot_0_flip_0,3.3774800300598145
42,1,1000 ppm 5 1,single,scale_1.0_rot_0_flip_0,3.6306145191192627
42,1,800 ppm 4 5,single,scale_1.0_rot_0_flip_0,3.196885824203491
42,1,800 ppm 2 1,single,scale_1.0_rot_0_flip_0,3.3455734252929688
42,1,400 ppm 1 5,single,scale_1.0_rot_0_flip_0,3.77163028717041
42,1,400 ppm 4 8,single,scale_1.0_rot_0_flip_0,2.5193357467651367
42,1,800 ppm 3 4,single,scale_1.0_rot_0_flip_0,3.0020551681518555
42,1,1000 ppm 2 1,single,scale_1.0_rot_0_flip_0,3.576037645339966
42,1,400 ppm 3 10,single,scale_1.0_rot_0_flip_0,3.2465596199035645
42,1,1000 ppm 3 3,single,scale_1.0_rot_0_flip_0,3.555405378341675
42,1,c 9,single,scale_1.0_rot_0_flip_0,2.606397867202759
42,1,800 ppm 3 3,single,scale_1.0_rot_0_flip_0,3.605522632598877
42,1,800 ppm 2 9,single,scale_1.0_rot_0_flip_0,3.6155717372894287
42,1,600 ppm 2 9,single,scale_1.0_rot_0_flip_0,3.93772029876709
42,1,400 ppm 2 10,single,scale_1.0_rot_0_flip_0,3.429321050643921
42,1,800 ppm 4 7,single,scale_1.0_rot_0_flip_0,3.5008420944213867
42,1,1000 ppm 2 7,single,scale_1.0_rot_0_flip_0,3.760308265686035
42,1,800 ppm 5 9,single,scale_1.0_rot_0_flip_0,4.210862159729004
42,1,600 ppm 3 6,single,scale_1.0_rot_0_flip_0,3.2215607166290283
42,1,1000 ppm 1 5,single,scale_1.0_rot_0_flip_0,3.746018409729004
42,1,600 ppm 5 10,single,scale_1.0_rot_0_flip_0,2.952366352081299
42,1,600 ppm 2 5,single,scale_1.0_rot_0_flip_0,4.4241132736206055
42,1,800 ppm 1 10,single,scale_1.0_rot_0_flip_0,4.069206237792969
42,1,1000 ppm 3 8,single,scale_1.0_rot_0_flip_0,3.752976894378662
42,1,800 ppm 2 3,single,scale_1.0_rot_0_flip_0,4.025091171264648
42,1,1000 ppm 5 7,single,scale_1.0_rot_0_flip_0,3.8072798252105713
42,1,400 ppm 1 3,single,scale_1.0_rot_0_flip_0,3.9047017097473145
42,1,800 ppm 4 6,single,scale_1.0_rot_0_flip_0,3.265038251876831
42,1,600 ppm 5 4,single,scale_1.0_rot_0_flip_0,3.296135663986206
42,1,400 ppm 2 7,single,scale_1.0_rot_0_flip_0,3.399686574935913
42,1,1000 ppm 5 9,single,scale_1.0_rot_0_flip_0,3.457695722579956
42,1,400 ppm 5 8,single,scale_1.0_rot_0_flip_0,4.390151023864746
42,1,c 4,single,scale_1.0_rot_0_flip_0,2.721086025238037
42,1,1000 ppm 1 8,single,scale_1.0_rot_0_flip_0,3.257413148880005
42,1,c 3,single,scale_1.0_rot_0_flip_0,2.9800524711608887
42,1,800 ppm 1 9,single,scale_1.0_rot_0_flip_0,4.518917083740234
42,1,1000 ppm 3 2,single,scale_1.0_rot_0_flip_0,3.594698905944824
42,1,1000 ppm 5 4,single,scale_1.0_rot_0_flip_0,3.655144691467285
42,1,1000 ppm 3 5,single,scale_1.0_rot_0_flip_0,4.200653076171875
42,1,800 ppm 1 4,single,scale_1.0_rot_0_flip_0,3.973062038421631
42,1,1000 ppm 1 7,single,scale_1.0_rot_0_flip_0,5.254125595092773
42,1,1000 ppm 3 4,single,scale_1.0_rot_0_flip_0,3.8169875144958496
42,1,400 ppm 5 1,single,scale_1.0_rot_0_flip_0,3.668015718460083
42,1,1000 ppm 2 4,single,scale_1.0_rot_0_flip_0,3.65812349319458
42,1,600 ppm 5 5,d4,scale_1.0_rot_0_flip_0,3.7631349563598633
42,1,1000 ppm 4 3,d4,scale_1.0_rot_0_flip_0,4.116982936859131
42,1,1000 ppm 3 9,d4,scale_1.0_rot_0_flip_0,4.160128593444824
42,1,1000 ppm 3 10,d4,scale_1.0_rot_0_flip_0,3.5600407123565674
42,1,600 ppm 3 7,d4,scale_1.0_rot_0_flip_0,2.9610588550567627
42,1,800 ppm 5 7,d4,scale_1.0_rot_0_flip_0,3.5443849563598633
42,1,400 ppm 4 4,d4,scale_1.0_rot_0_flip_0,3.389674186706543
42,1,800 ppm 2 8,d4,scale_1.0_rot_0_flip_0,3.8383641242980957
42,1,400 ppm 3 2,d4,scale_1.0_rot_0_flip_0,3.0123050212860107
42,1,800 ppm 3 9,d4,scale_1.0_rot_0_flip_0,3.3774800300598145
42,1,1000 ppm 5 1,d4,scale_1.0_rot_0_flip_0,3.6306145191192627
42,1,800 ppm 4 5,d4,scale_1.0_rot_0_flip_0,3.196885824203491
42,1,800 ppm 2 1,d4,scale_1.0_rot_0_flip_0,3.3455734252929688
42,1,400 ppm 1 5,d4,scale_1.0_rot_0_flip_0,3.77163028717041
42,1,400 ppm 4 8,d4,scale_1.0_rot_0_flip_0,2.5193357467651367
42,1,800 ppm 3 4,d4,scale_1.0_rot_0_flip_0,3.0020551681518555
42,1,1000 ppm 2 1,d4,scale_1.0_rot_0_flip_0,3.576037645339966
42,1,400 ppm 3 10,d4,scale_1.0_rot_0_flip_0,3.2465596199035645
42,1,1000 ppm 3 3,d4,scale_1.0_rot_0_flip_0,3.555405378341675
42,1,c 9,d4,scale_1.0_rot_0_flip_0,2.606397867202759
42,1,800 ppm 3 3,d4,scale_1.0_rot_0_flip_0,3.605522632598877
42,1,800 ppm 2 9,d4,scale_1.0_rot_0_flip_0,3.6155717372894287
42,1,600 ppm 2 9,d4,scale_1.0_rot_0_flip_0,3.93772029876709
42,1,400 ppm 2 10,d4,scale_1.0_rot_0_flip_0,3.429321050643921
42,1,800 ppm 4 7,d4,scale_1.0_rot_0_flip_0,3.5008420944213867
42,1,1000 ppm 2 7,d4,scale_1.0_rot_0_flip_0,3.760308265686035
42,1,800 ppm 5 9,d4,scale_1.0_rot_0_flip_0,4.210862159729004
42,1,600 ppm 3 6,d4,scale_1.0_rot_0_flip_0,3.2215607166290283
42,1,1000 ppm 1 5,d4,scale_1.0_rot_0_flip_0,3.746018409729004
42,1,600 ppm 5 10,d4,scale_1.0_rot_0_flip_0,2.952366352081299
42,1,600 ppm 2 5,d4,scale_1.0_rot_0_flip_0,4.4241132736206055
42,1,800 ppm 1 10,d4,scale_1.0_rot_0_flip_0,4.069206237792969
42,1,1000 ppm 3 8,d4,scale_1.0_rot_0_flip_0,3.752976894378662
42,1,800 ppm 2 3,d4,scale_1.0_rot_0_flip_0,4.025091171264648
42,1,1000 ppm 5 7,d4,scale_1.0_rot_0_flip_0,3.8072798252105713
42,1,400 ppm 1 3,d4,scale_1.0_rot_0_flip_0,3.9047017097473145
42,1,800 ppm 4 6,d4,scale_1.0_rot_0_flip_0,3.265038251876831
42,1,600 ppm 5 4,d4,scale_1.0_rot_0_flip_0,3.296135663986206
42,1,400 ppm 2 7,d4,scale_1.0_rot_0_flip_0,3.399686574935913
42,1,1000 ppm 5 9,d4,scale_1.0_rot_0_flip_0,3.457695722579956
42,1,400 ppm 5 8,d4,scale_1.0_rot_0_flip_0,4.390151023864746
42,1,c 4,d4,scale_1.0_rot_0_flip_0,2.721086025238037
42,1,1000 ppm 1 8,d4,scale_1.0_rot_0_flip_0,3.257413148880005
42,1,c 3,d4,scale_1.0_rot_0_flip_0,2.9800524711608887
42,1,800 ppm 1 9,d4,scale_1.0_rot_0_flip_0,4.518917083740234
42,1,1000 ppm 3 2,d4,scale_1.0_rot_0_flip_0,3.594698905944824
42,1,1000 ppm 5 4,d4,scale_1.0_rot_0_flip_0,3.655144691467285
42,1,1000 ppm 3 5,d4,scale_1.0_rot_0_flip_0,4.200653076171875
42,1,800 ppm 1 4,d4,scale_1.0_rot_0_flip_0,3.973062038421631
42,1,1000 ppm 1 7,d4,scale_1.0_rot_0_flip_0,5.254125595092773
42,1,1000 ppm 3 4,d4,scale_1.0_rot_0_flip_0,3.8169875144958496
42,1,400 ppm 5 1,d4,scale_1.0_rot_0_flip_0,3.668015718460083
42,1,1000 ppm 2 4,d4,scale_1.0_rot_0_flip_0,3.65812349319458
42,1,600 ppm 5 5,d4,scale_1.0_rot_0_flip_1,3.840583086013794
42,1,1000 ppm 4 3,d4,scale_1.0_rot_0_flip_1,4.117092132568359
42,1,1000 ppm 3 9,d4,scale_1.0_rot_0_flip_1,4.074501991271973
42,1,1000 ppm 3 10,d4,scale_1.0_rot_0_flip_1,3.366682529449463
42,1,600 ppm 3 7,d4,scale_1.0_rot_0_flip_1,2.8177876472473145
42,1,800 ppm 5 7,d4,scale_1.0_rot_0_flip_1,3.836813449859619
42,1,400 ppm 4 4,d4,scale_1.0_rot_0_flip_1,3.214226722717285
42,1,800 ppm 2 8,d4,scale_1.0_rot_0_flip_1,3.840214967727661
42,1,400 ppm 3 2,d4,scale_1.0_rot_0_flip_1,3.172776460647583
42,1,800 ppm 3 9,d4,scale_1.0_rot_0_flip_1,3.0309505462646484
42,1,1000 ppm 5 1,d4,scale_1.0_rot_0_flip_1,3.3409996032714844
42,1,800 ppm 4 5,d4,scale_1.0_rot_0_flip_1,3.1966001987457275
42,1,800 ppm 2 1,d4,scale_1.0_rot_0_flip_1,3.481670379638672
42,1,400 ppm 1 5,d4,scale_1.0_rot_0_flip_1,3.6759893894195557
42,1,400 ppm 4 8,d4,scale_1.0_rot_0_flip_1,2.4567770957946777
42,1,800 ppm 3 4,d4,scale_1.0_rot_0_flip_1,2.930281400680542
42,1,1000 ppm 2 1,d4,scale_1.0_rot_0_flip_1,3.6800882816314697
42,1,400 ppm 3 10,d4,scale_1.0_rot_0_flip_1,3.3402199745178223
42,1,1000 ppm 3 3,d4,scale_1.0_rot_0_flip_1,3.718871593475342
42,1,c 9,d4,scale_1.0_rot_0_flip_1,2.705244302749634
42,1,800 ppm 3 3,d4,scale_1.0_rot_0_flip_1,3.703690767288208
42,1,800 ppm 2 9,d4,scale_1.0_rot_0_flip_1,3.6898858547210693
42,1,600 ppm 2 9,d4,scale_1.0_rot_0_flip_1,3.6791226863861084
42,1,400 ppm 2 10,d4,scale_1.0_rot_0_flip_1,3.380549907684326
42,1,800 ppm 4 7,d4,scale_1.0_rot_0_flip_1,3.3715574741363525
42,1,1000 ppm 2 7,d4,scale_1.0_rot_0_flip_1,3.776409149169922
42,1,800 ppm 5 9,d4,scale_1.0_rot_0_flip_1,3.95228910446167
42,1,600 ppm 3 6,d4,scale_1.0_rot_0_flip_1,3.69515323638916
42,1,1000 ppm 1 5,d4,scale_1.0_rot_0_flip_1,3.5585780143737793
42,1,600 ppm 5 10,d4,scale_1.0_rot_0_flip_1,2.5387887954711914
42,1,600 ppm 2 5,d4,scale_1.0_rot_0_flip_1,4.401498794555664
42,1,800 ppm 1 10,d4,scale_1.0_rot_0_flip_1,3.7547998428344727
42,1,1000 ppm 3 8,d4,scale_1.0_rot_0_flip_1,3.6494827270507812
42,1,800 ppm 2 3,d4,scale_1.0_rot_0_flip_1,3.9957594871520996
42,1,1000 ppm 5 7,d4,scale_1.0_rot_0_flip_1,3.700458526611328
42,1,400 ppm 1 3,d4,scale_1.0_rot_0_flip_1,3.6940319538116455
42,1,800 ppm 4 6,d4,scale_1.0_rot_0_flip_1,3.390941619873047
42,1,600 ppm 5 4,d4,scale_1.0_rot_0_flip_1,2.9701547622680664
42,1,400 ppm 2 7,d4,scale_1.0_rot_0_flip_1,3.601665496826172
42,1,1000 ppm 5 9,d4,scale_1.0_rot_0_flip_1,3.848616600036621
42,1,400 ppm 5 8,d4,scale_1.0_rot_0_flip_1,4.201181888580322
42,1,c 4,d4,scale_1.0_rot_0_flip_1,2.700408458709717
42,1,1000 ppm 1 8,d4,scale_1.0_rot_0_flip_1,3.4155807495117188
42,1,c 3,d4,scale_1.0_rot_0_flip_1,2.794153928756714
42,1,800 ppm 1 9,d4,scale_1.0_rot_0_flip_1,4.347837448120117
42,1,1000 ppm 3 2,d4,scale_1.0_rot_0_flip_1,3.44386625289917
42,1,1000 ppm 5 4,d4,scale_1.0_rot_0_flip_1,3.530313491821289
42,1,1000 ppm 3 5,d4,scale_1.0_rot_0_flip_1,4.075339317321777
42,1,800 ppm 1 4,d4,scale_1.0_rot_0_flip_1,4.087830543518066
42,1,1000 ppm 1 7,d4,scale_1.0_rot_0_flip_1,5.085005760192871
42,1,1000 ppm 3 4,d4,scale_1.0_rot_0_flip_1,3.5801520347595215
42,1,400 ppm 5 1,d4,scale_1.0_rot_0_flip_1,3.6701130867004395
42,1,1000 ppm 2 4,d4,scale_1.0_rot_0_flip_1,3.684891700744629
42,1,600 ppm 5 5,d4,scale_1.0_rot_90_flip_0,4.197718620300293
42,1,1000 ppm 4 3,d4,scale_1.0_rot_90_flip_0,4.176084518432617
42,1,1000 ppm 3 9,d4,scale_1.0_rot_90_flip_0,4.720587730407715
42,1,1000 ppm 3 10,d4,scale_1.0_rot_90_flip_0,3.7358176708221436
42,1,600 ppm 3 7,d4,scale_1.0_rot_90_flip_0,3.3634555339813232
42,1,800 ppm 5 7,d4,scale_1.0_rot_90_flip_0,3.7331252098083496
42,1,400 ppm 4 4,d4,scale_1.0_rot_90_flip_0,3.6123504638671875
42,1,800 ppm 2 8,d4,scale_1.0_rot_90_flip_0,4.134734153747559
42,1,400 ppm 3 2,d4,scale_1.0_rot_90_flip_0,3.603156089782715
42,1,800 ppm 3 9,d4,scale_1.0_rot_90_flip_0,3.4637584686279297
42,1,1000 ppm 5 1,d4,scale_1.0_rot_90_flip_0,3.7320265769958496
42,1,800 ppm 4 5,d4,scale_1.0_rot_90_flip_0,3.5959506034851074
42,1,800 ppm 2 1,d4,scale_1.0_rot_90_flip_0,3.807096242904663
42,1,400 ppm 1 5,d4,scale_1.0_rot_90_flip_0,3.958724021911621
42,1,400 ppm 4 8,d4,scale_1.0_rot_90_flip_0,2.887380599975586
42,1,800 ppm 3 4,d4,scale_1.0_rot_90_flip_0,3.1653051376342773
42,1,1000 ppm 2 1,d4,scale_1.0_rot_90_flip_0,4.116903781890869
42,1,400 ppm 3 10,d4,scale_1.0_rot_90_flip_0,3.78267240524292
42,1,1000 ppm 3 3,d4,scale_1.0_rot_90_flip_0,3.8112850189208984
42,1,c 9,d4,scale_1.0_rot_90_flip_0,2.7195804119110107
42,1,800 ppm 3 3,d4,scale_1.0_rot_90_flip_0,3.531846046447754
42,1,800 ppm 2 9,d4,scale_1.0_rot_90_flip_0,3.907909631729126
42,1,600 ppm 2 9,d4,scale_1.0_rot_90_flip_0,4.160777568817139
42,1,400 ppm 2 10,d4,scale_1.0_rot_90_flip_0,3.905684232711792
42,1,800 ppm 4 7,d4,scale_1.0_rot_90_flip_0,3.6995317935943604
42,1,1000 ppm 2 7,d4,scale_1.0_rot_90_flip_0,4.380279541015625
42,1,800 ppm 5 9,d4,scale_1.0_rot_90_flip_0,4.5412821769714355
42,1,600 ppm 3 6,d4,scale_1.0_rot_90_flip_0,2.959038019180298
42,1,1000 ppm 1 5,d4,scale_1.0_rot_90_flip_0,3.371602773666382
42,1,600 ppm 5 10,d4,scale_1.0_rot_90_flip_0,3.200180768966675
42,1,600 ppm 2 5,d4,scale_1.0_rot_90_flip_0,4.575478553771973
42,1,800 ppm 1 10,d4,scale_1.0_rot_90_flip_0,4.310705184936523
42,1,1000 ppm 3 8,d4,scale_1.0_rot_90_flip_0,4.111685752868652
42,1,800 ppm 2 3,d4,scale_1.0_rot_90_flip_0,4.068789005279541
42,1,1000 ppm 5 7,d4,scale_1.0_rot_90_flip_0,4.23748779296875
42,1,400 ppm 1 3,d4,scale_1.0_rot_90_flip_0,3.6183884143829346
42,1,800 ppm 4 6,d4,scale_1.0_rot_90_flip_0,3.6958770751953125
42,1,600 ppm 5 4,d4,scale_1.0_rot_90_flip_0,3.3712944984436035
42,1,400 ppm 2 7,d4,scale_1.0_rot_90_flip_0,4.170109272003174
42,1,1000 ppm 5 9,d4,scale_1.0_rot_90_flip_0,3.925607681274414
42,1,400 ppm 5 8,d4,scale_1.0_rot_90_flip_0,4.499500751495361
42,1,c 4,d4,scale_1.0_rot_90_flip_0,3.136259078979492
42,1,1000 ppm 1 8,d4,scale_1.0_rot_90_flip_0,3.834202289581299
42,1,c 3,d4,scale_1.0_rot_90_flip_0,3.616083860397339
42,1,800 ppm 1 9,d4,scale_1.0_rot_90_flip_0,4.394618988037109
42,1,1000 ppm 3 2,d4,scale_1.0_rot_90_flip_0,3.6287386417388916
42,1,1000 ppm 5 4,d4,scale_1.0_rot_90_flip_0,4.0334858894348145
42,1,1000 ppm 3 5,d4,scale_1.0_rot_90_flip_0,4.296580791473389
42,1,800 ppm 1 4,d4,scale_1.0_rot_90_flip_0,3.9988765716552734
42,1,1000 ppm 1 7,d4,scale_1.0_rot_90_flip_0,4.879811763763428
42,1,1000 ppm 3 4,d4,scale_1.0_rot_90_flip_0,4.164668560028076
42,1,400 ppm 5 1,d4,scale_1.0_rot_90_flip_0,4.105736255645752
42,1,1000 ppm 2 4,d4,scale_1.0_rot_90_flip_0,3.648871660232544
42,1,600 ppm 5 5,d4,scale_1.0_rot_90_flip_1,3.9484786987304688
42,1,1000 ppm 4 3,d4,scale_1.0_rot_90_flip_1,4.548810005187988
42,1,1000 ppm 3 9,d4,scale_1.0_rot_90_flip_1,4.647099494934082
42,1,1000 ppm 3 10,d4,scale_1.0_rot_90_flip_1,3.8704605102539062
42,1,600 ppm 3 7,d4,scale_1.0_rot_90_flip_1,3.390761375427246
42,1,800 ppm 5 7,d4,scale_1.0_rot_90_flip_1,3.6041383743286133
42,1,400 ppm 4 4,d4,scale_1.0_rot_90_flip_1,3.599245071411133
42,1,800 ppm 2 8,d4,scale_1.0_rot_90_flip_1,3.7631642818450928
42,1,400 ppm 3 2,d4,scale_1.0_rot_90_flip_1,3.526989459991455
42,1,800 ppm 3 9,d4,scale_1.0_rot_90_flip_1,3.3599748611450195
42,1,1000 ppm 5 1,d4,scale_1.0_rot_90_flip_1,3.657811403274536
42,1,800 ppm 4 5,d4,scale_1.0_rot_90_flip_1,3.615421772003174
42,1,800 ppm 2 1,d4,scale_1.0_rot_90_flip_1,3.611185073852539
42,1,400 ppm 1 5,d4,scale_1.0_rot_90_flip_1,3.8047237396240234
42,1,400 ppm 4 8,d4,scale_1.0_rot_90_flip_1,2.8321595191955566
42,1,800 ppm 3 4,d4,scale_1.0_rot_90_flip_1,2.9743103981018066
42,1,1000 ppm 2 1,d4,scale_1.0_rot_90_flip_1,3.8220248222351074
42,1,400 ppm 3 10,d4,scale_1.0_rot_90_flip_1,3.8489198684692383
42,1,1000 ppm 3 3,d4,scale_1.0_rot_90_flip_1,3.7449231147766113
42,1,c 9,d4,scale_1.0_rot_90_flip_1,2.8263401985168457
42,1,800 ppm 3 3,d4,scale_1.0_rot_90_flip_1,3.389528274536133
42,1,800 ppm 2 9,d4,scale_1.0_rot_90_flip_1,3.8440585136413574
42,1,600 ppm 2 9,d4,scale_1.0_rot_90_flip_1,4.020009994506836
42,1,400 ppm 2 10,d4,scale_1.0_rot_90_flip_1,4.1011738777160645
42,1,800 ppm 4 7,d4,scale_1.0_rot_90_flip_1,3.717658281326294
42,1,1000 ppm 2 7,d4,scale_1.0_rot_90_flip_1,4.504087924957275
42,1,800 ppm 5 9,d4,scale_1.0_rot_90_flip_1,4.050907611846924
42,1,600 ppm 3 6,d4,scale_1.0_rot_90_flip_1,2.832592487335205
42,1,1000 ppm 1 5,d4,scale_1.0_rot_90_flip_1,3.579692840576172
42,1,600 ppm 5 10,d4,scale_1.0_rot_90_flip_1,3.2847228050231934
42,1,600 ppm 2 5,d4,scale_1.0_rot_90_flip_1,4.579164981842041
42,1,800 ppm 1 10,d4,scale_1.0_rot_90_flip_1,4.40605354309082
42,1,1000 ppm 3 8,d4,scale_1.0_rot_90_flip_1,4.38614559173584
42,1,800 ppm 2 3,d4,scale_1.0_rot_90_flip_1,4.09146785736084
42,1,1000 ppm 5 7,d4,scale_1.0_rot_90_flip_1,3.845372200012207
42,1,400 ppm 1 3,d4,scale_1.0_rot_90_flip_1,3.924894332885742
42,1,800 ppm 4 6,d4,scale_1.0_rot_90_flip_1,3.626384973526001
42,1,600 ppm 5 4,d4,scale_1.0_rot_90_flip_1,3.2992281913757324
42,1,400 ppm 2 7,d4,scale_1.0_rot_90_flip_1,4.174455642700195
42,1,1000 ppm 5 9,d4,scale_1.0_rot_90_flip_1,4.00186824798584
42,1,400 ppm 5 8,d4,scale_1.0_rot_90_flip_1,4.48136043548584
42,1,c 4,d4,scale_1.0_rot_90_flip_1,3.1237196922302246
42,1,1000 ppm 1 8,d4,scale_1.0_rot_90_flip_1,3.246617317199707
42,1,c 3,d4,scale_1.0_rot_90_flip_1,3.481701374053955
42,1,800 ppm 1 9,d4,scale_1.0_rot_90_flip_1,4.357859134674072
42,1,1000 ppm 3 2,d4,scale_1.0_rot_90_flip_1,3.6677513122558594
42,1,1000 ppm 5 4,d4,scale_1.0_rot_90_flip_1,4.202056884765625
42,1,1000 ppm 3 5,d4,scale_1.0_rot_90_flip_1,4.148585319519043
42,1,800 ppm 1 4,d4,scale_1.0_rot_90_flip_1,3.917613983154297
42,1,1000 ppm 1 7,d4,scale_1.0_rot_90_flip_1,4.336432456970215
42,1,1000 ppm 3 4,d4,scale_1.0_rot_90_flip_1,4.30514669418335
42,1,400 ppm 5 1,d4,scale_1.0_rot_90_flip_1,3.939208984375
42,1,1000 ppm 2 4,d4,scale_1.0_rot_90_flip_1,3.892646074295044
42,1,600 ppm 5 5,d4,scale_1.0_rot_180_flip_0,3.8767495155334473
42,1,1000 ppm 4 3,d4,scale_1.0_rot_180_flip_0,4.0096635818481445
42,1,1000 ppm 3 9,d4,scale_1.0_rot_180_flip_0,4.006986618041992
42,1,1000 ppm 3 10,d4,scale_1.0_rot_180_flip_0,3.712517499923706
42,1,600 ppm 3 7,d4,scale_1.0_rot_180_flip_0,3.1254396438598633
42,1,800 ppm 5 7,d4,scale_1.0_rot_180_flip_0,3.2500178813934326
42,1,400 ppm 4 4,d4,scale_1.0_rot_180_flip_0,3.2781777381896973
42,1,800 ppm 2 8,d4,scale_1.0_rot_180_flip_0,3.5893332958221436
42,1,400 ppm 3 2,d4,scale_1.0_rot_180_flip_0,3.0612292289733887
42,1,800 ppm 3 9,d4,scale_1.0_rot_180_flip_0,3.1648569107055664
42,1,1000 ppm 5 1,d4,scale_1.0_rot_180_flip_0,3.4783835411071777
42,1,800 ppm 4 5,d4,scale_1.0_rot_180_flip_0,3.0824801921844482
42,1,800 ppm 2 1,d4,scale_1.0_rot_180_flip_0,3.4052798748016357
42,1,400 ppm 1 5,d4,scale_1.0_rot_180_flip_0,3.5305535793304443
42,1,400 ppm 4 8,d4,scale_1.0_rot_180_flip_0,2.4169325828552246
42,1,800 ppm 3 4,d4,scale_1.0_rot_180_flip_0,2.751005172729492
42,1,1000 ppm 2 1,d4,scale_1.0_rot_180_flip_0,3.438756227493286
42,1,400 ppm 3 10,d4,scale_1.0_rot_180_flip_0,3.8547523021698
42,1,1000 ppm 3 3,d4,scale_1.0_rot_180_flip_0,3.439182996749878
42,1,c 9,d4,scale_1.0_rot_180_flip_0,2.583371162414551
42,1,800 ppm 3 3,d4,scale_1.0_rot_180_flip_0,3.4505414962768555
42,1,800 ppm 2 9,d4,scale_1.0_rot_180_flip_0,3.4828262329101562
42,1,600 ppm 2 9,d4,scale_1.0_rot_180_flip_0,3.5024378299713135
42,1,400 ppm 2 10,d4,scale_1.0_rot_180_flip_0,3.558680295944214
42,1,800 ppm 4 7,d4,scale_1.0_rot_180_flip_0,3.5867960453033447
42,1,1000 ppm 2 7,d4,scale_1.0_rot_180_flip_0,3.8343257904052734
42,1,800 ppm 5 9,d4,scale_1.0_rot_180_flip_0,4.081476211547852
42,1,600 ppm 3 6,d4,scale_1.0_rot_180_flip_0,3.2504327297210693
42,1,1000 ppm 1 5,d4,scale_1.0_rot_180_flip_0,3.852001905441284
42,1,600 ppm 5 10,d4,scale_1.0_rot_180_flip_0,3.0775954723358154
42,1,600 ppm 2 5,d4,scale_1.0_rot_180_flip_0,4.154465675354004
42,1,800 ppm 1 10,d4,scale_1.0_rot_180_flip_0,3.596544027328491
42,1,1000 ppm 3 8,d4,scale_1.0_rot_180_flip_0,3.690312147140503
42,1,800 ppm 2 3,d4,scale_1.0_rot_180_flip_0,3.6287569999694824
42,1,1000 ppm 5 7,d4,scale_1.0_rot_180_flip_0,3.576735258102417
42,1,400 ppm 1 3,d4,scale_1.0_rot_180_flip_0,3.889387607574463
42,1,800 ppm 4 6,d4,scale_1.0_rot_180_flip_0,3.0229873657226562
42,1,600 ppm 5 4,d4,scale_1.0_rot_180_flip_0,3.155616283416748
42,1,400 ppm 2 7,d4,scale_1.0_rot_180_flip_0,3.819796085357666
42,1,1000 ppm 5 9,d4,scale_1.0_rot_180_flip_0,3.4298739433288574
42,1,400 ppm 5 8,d4,scale_1.0_rot_180_flip_0,3.9813079833984375
42,1,c 4,d4,scale_1.0_rot_180_flip_0,2.6889023780822754
42,1,1000 ppm 1 8,d4,scale_1.0_rot_180_flip_0,3.4904067516326904
42,1,c 3,d4,scale_1.0_rot_180_flip_0,2.4650065898895264
42,1,800 ppm 1 9,d4,scale_1.0_rot_180_flip_0,4.559535980224609
42,1,1000 ppm 3 2,d4,scale_1.0_rot_180_flip_0,3.454972982406616
42,1,1000 ppm 5 4,d4,scale_1.0_rot_180_flip_0,3.4070754051208496
42,1,1000 ppm 3 5,d4,scale_1.0_rot_180_flip_0,4.137331008911133
42,1,800 ppm 1 4,d4,scale_1.0_rot_180_flip_0,3.7923200130462646
42,1,1000 ppm 1 7,d4,scale_1.0_rot_180_flip_0,4.933379173278809
42,1,1000 ppm 3 4,d4,scale_1.0_rot_180_flip_0,3.9008917808532715
42,1,400 ppm 5 1,d4,scale_1.0_rot_180_flip_0,3.5983963012695312
42,1,1000 ppm 2 4,d4,scale_1.0_rot_180_flip_0,3.509157657623291
42,1,600 ppm 5 5,d4,scale_1.0_rot_180_flip_1,3.5941033363342285
42,1,1000 ppm 4 3,d4,scale_1.0_rot_180_flip_1,4.230737686157227
42,1,1000 ppm 3 9,d4,scale_1.0_rot_180_flip_1,4.127924919128418
42,1,1000 ppm 3 10,d4,scale_1.0_rot_180_flip_1,3.4418907165527344
42,1,600 ppm 3 7,d4,scale_1.0_rot_180_flip_1,3.2275567054748535
42,1,800 ppm 5 7,d4,scale_1.0_rot_180_flip_1,3.109811782836914
42,1,400 ppm 4 4,d4,scale_1.0_rot_180_flip_1,3.46130108833313
42,1,800 ppm 2 8,d4,scale_1.0_rot_180_flip_1,4.067964553833008
42,1,400 ppm 3 2,d4,scale_1.0_rot_180_flip_1,3.3182599544525146
42,1,800 ppm 3 9,d4,scale_1.0_rot_180_flip_1,2.946521282196045
42,1,1000 ppm 5 1,d4,scale_1.0_rot_180_flip_1,3.519045829772949
42,1,800 ppm 4 5,d4,scale_1.0_rot_180_flip_1,3.2889981269836426
42,1,800 ppm 2 1,d4,scale_1.0_rot_180_flip_1,3.3720791339874268
42,1,400 ppm 1 5,d4,scale_1.0_rot_180_flip_1,3.787916660308838
42,1,400 ppm 4 8,d4,scale_1.0_rot_180_flip_1,2.500443458557129
42,1,800 ppm 3 4,d4,scale_1.0_rot_180_flip_1,2.974107265472412
42,1,1000 ppm 2 1,d4,scale_1.0_rot_180_flip_1,3.7020082473754883
42,1,400 ppm 3 10,d4,scale_1.0_rot_180_flip_1,3.894369602203369
42,1,1000 ppm 3 3,d4,scale_1.0_rot_180_flip_1,3.299509286880493
42,1,c 9,d4,scale_1.0_rot_180_flip_1,2.697493553161621
42,1,800 ppm 3 3,d4,scale_1.0_rot_180_flip_1,3.5622386932373047
42,1,800 ppm 2 9,d4,scale_1.0_rot_180_flip_1,3.656588554382324
42,1,600 ppm 2 9,d4,scale_1.0_rot_180_flip_1,3.877068519592285
42,1,400 ppm 2 10,d4,scale_1.0_rot_180_flip_1,3.610492706298828
42,1,800 ppm 4 7,d4,scale_1.0_rot_180_flip_1,3.812999725341797
42,1,1000 ppm 2 7,d4,scale_1.0_rot_180_flip_1,3.870619773864746
42,1,800 ppm 5 9,d4,scale_1.0_rot_180_flip_1,4.214900970458984
42,1,600 ppm 3 6,d4,scale_1.0_rot_180_flip_1,3.1990838050842285
42,1,1000 ppm 1 5,d4,scale_1.0_rot_180_flip_1,3.750309944152832
42,1,600 ppm 5 10,d4,scale_1.0_rot_180_flip_1,3.2593255043029785
42,1,600 ppm 2 5,d4,scale_1.0_rot_180_flip_1,4.092713356018066
42,1,800 ppm 1 10,d4,scale_1.0_rot_180_flip_1,3.601019859313965
42,1,1000 ppm 3 8,d4,scale_1.0_rot_180_flip_1,3.6308741569519043
42,1,800 ppm 2 3,d4,scale_1.0_rot_180_flip_1,3.7434067726135254
42,1,1000 ppm 5 7,d4,scale_1.0_rot_180_flip_1,3.4412076473236084
42,1,400 ppm 1 3,d4,scale_1.0_rot_180_flip_1,3.6087875366210938
42,1,800 ppm 4 6,d4,scale_1.0_rot_180_flip_1,3.36191725730896
42,1,600 ppm 5 4,d4,scale_1.0_rot_180_flip_1,3.3474624156951904
42,1,400 ppm 2 7,d4,scale_1.0_rot_180_flip_1,3.5582833290100098
42,1,1000 ppm 5 9,d4,scale_1.0_rot_180_flip_1,3.3476431369781494
42,1,400 ppm 5 8,d4,scale_1.0_rot_180_flip_1,4.250556468963623
42,1,c 4,d4,scale_1.0_rot_180_flip_1,2.491032600402832
42,1,1000 ppm 1 8,d4,scale_1.0_rot_180_flip_1,3.5581512451171875
42,1,c 3,d4,scale_1.0_rot_180_flip_1,2.5245437622070312
42,1,800 ppm 1 9,d4,scale_1.0_rot_180_flip_1,4.572404384613037
42,1,1000 ppm 3 2,d4,scale_1.0_rot_180_flip_1,3.3052589893341064
42,1,1000 ppm 5 4,d4,scale_1.0_rot_180_flip_1,3.524282217025757
42,1,1000 ppm 3 5,d4,scale_1.0_rot_180_flip_1,4.029747009277344
42,1,800 ppm 1 4,d4,scale_1.0_rot_180_flip_1,3.8850903511047363
42,1,1000 ppm 1 7,d4,scale_1.0_rot_180_flip_1,4.803674697875977
42,1,1000 ppm 3 4,d4,scale_1.0_rot_180_flip_1,4.050262451171875
42,1,400 ppm 5 1,d4,scale_1.0_rot_180_flip_1,3.6052136421203613
42,1,1000 ppm 2 4,d4,scale_1.0_rot_180_flip_1,3.4154021739959717
42,1,600 ppm 5 5,d4,scale_1.0_rot_270_flip_0,4.53388786315918
42,1,1000 ppm 4 3,d4,scale_1.0_rot_270_flip_0,4.110767841339111
42,1,1000 ppm 3 9,d4,scale_1.0_rot_270_flip_0,4.559318542480469
42,1,1000 ppm 3 10,d4,scale_1.0_rot_270_flip_0,3.534176826477051
42,1,600 ppm 3 7,d4,scale_1.0_rot_270_flip_0,3.333432674407959
42,1,800 ppm 5 7,d4,scale_1.0_rot_270_flip_0,3.217531204223633
42,1,400 ppm 4 4,d4,scale_1.0_rot_270_flip_0,3.817368984222412
42,1,800 ppm 2 8,d4,scale_1.0_rot_270_flip_0,4.24343204498291
42,1,400 ppm 3 2,d4,scale_1.0_rot_270_flip_0,3.5299463272094727
42,1,800 ppm 3 9,d4,scale_1.0_rot_270_flip_0,3.657623291015625
42,1,1000 ppm 5 1,d4,scale_1.0_rot_270_flip_0,4.007491111755371
42,1,800 ppm 4 5,d4,scale_1.0_rot_270_flip_0,3.482344627380371
42,1,800 ppm 2 1,d4,scale_1.0_rot_270_flip_0,3.8134195804595947
42,1,400 ppm 1 5,d4,scale_1.0_rot_270_flip_0,3.5385818481445312
42,1,400 ppm 4 8,d4,scale_1.0_rot_270_flip_0,2.998910665512085
42,1,800 ppm 3 4,d4,scale_1.0_rot_270_flip_0,2.7700722217559814
42,1,1000 ppm 2 1,d4,scale_1.0_rot_270_flip_0,3.8102364540100098
42,1,400 ppm 3 10,d4,scale_1.0_rot_270_flip_0,3.7122647762298584
42,1,1000 ppm 3 3,d4,scale_1.0_rot_270_flip_0,3.7291641235351562
42,1,c 9,d4,scale_1.0_rot_270_flip_0,2.8093438148498535
42,1,800 ppm 3 3,d4,scale_1.0_rot_270_flip_0,3.846665859222412
42,1,800 ppm 2 9,d4,scale_1.0_rot_270_flip_0,3.741403579711914
42,1,600 ppm 2 9,d4,scale_1.0_rot_270_flip_0,4.061763286590576
42,1,400 ppm 2 10,d4,scale_1.0_rot_270_flip_0,3.6105880737304688
42,1,800 ppm 4 7,d4,scale_1.0_rot_270_flip_0,4.1158246994018555
42,1,1000 ppm 2 7,d4,scale_1.0_rot_270_flip_0,4.59415340423584
42,1,800 ppm 5 9,d4,scale_1.0_rot_270_flip_0,4.070889472961426
42,1,600 ppm 3 6,d4,scale_1.0_rot_270_flip_0,2.7864012718200684
42,1,1000 ppm 1 5,d4,scale_1.0_rot_270_flip_0,3.2861151695251465
42,1,600 ppm 5 10,d4,scale_1.0_rot_270_flip_0,3.2790136337280273
42,1,600 ppm 2 5,d4,scale_1.0_rot_270_flip_0,4.649314880371094
42,1,800 ppm 1 10,d4,scale_1.0_rot_270_flip_0,4.125584125518799
42,1,1000 ppm 3 8,d4,scale_1.0_rot_270_flip_0,4.107773780822754
42,1,800 ppm 2 3,d4,scale_1.0_rot_270_flip_0,4.128028392791748
42,1,1000 ppm 5 7,d4,scale_1.0_rot_270_flip_0,4.1055498123168945
42,1,400 ppm 1 3,d4,scale_1.0_rot_270_flip_0,4.169101715087891
42,1,800 ppm 4 6,d4,scale_1.0_rot_270_flip_0,3.6172757148742676
42,1,600 ppm 5 4,d4,scale_1.0_rot_270_flip_0,3.263828754425049
42,1,400 ppm 2 7,d4,scale_1.0_rot_270_flip_0,3.657364845275879
42,1,1000 ppm 5 9,d4,scale_1.0_rot_270_flip_0,4.112078666687012
42,1,400 ppm 5 8,d4,scale_1.0_rot_270_flip_0,4.3245110511779785
42,1,c 4,d4,scale_1.0_rot_270_flip_0,2.96065616607666
42,1,1000 ppm 1 8,d4,scale_1.0_rot_270_flip_0,3.497487783432007
42,1,c 3,d4,scale_1.0_rot_270_flip_0,3.032778739929199
42,1,800 ppm 1 9,d4,scale_1.0_rot_270_flip_0,4.592491626739502
42,1,1000 ppm 3 2,d4,scale_1.0_rot_270_flip_0,4.118366241455078
42,1,1000 ppm 5 4,d4,scale_1.0_rot_270_flip_0,4.362472057342529
42,1,1000 ppm 3 5,d4,scale_1.0_rot_270_flip_0,4.338715553283691
42,1,800 ppm 1 4,d4,scale_1.0_rot_270_flip_0,3.9308857917785645
42,1,1000 ppm 1 7,d4,scale_1.0_rot_270_flip_0,4.533596038818359
42,1,1000 ppm 3 4,d4,scale_1.0_rot_270_flip_0,4.105555534362793
42,1,400 ppm 5 1,d4,scale_1.0_rot_270_flip_0,4.220244407653809
42,1,1000 ppm 2 4,d4,scale_1.0_rot_270_flip_0,3.880556106567383
42,1,600 ppm 5 5,d4,scale_1.0_rot_270_flip_1,4.436883449554443
42,1,1000 ppm 4 3,d4,scale_1.0_rot_270_flip_1,4.1423234939575195
42,1,1000 ppm 3 9,d4,scale_1.0_rot_270_flip_1,4.509151458740234
42,1,1000 ppm 3 10,d4,scale_1.0_rot_270_flip_1,3.651498794555664
42,1,600 ppm 3 7,d4,scale_1.0_rot_270_flip_1,3.4497475624084473
42,1,800 ppm 5 7,d4,scale_1.0_rot_270_flip_1,3.687138795852661
42,1,400 ppm 4 4,d4,scale_1.0_rot_270_flip_1,3.902245044708252
42,1,800 ppm 2 8,d4,scale_1.0_rot_270_flip_1,4.222280979156494
42,1,400 ppm 3 2,d4,scale_1.0_rot_270_flip_1,3.258373975753784
42,1,800 ppm 3 9,d4,scale_1.0_rot_270_flip_1,3.644554615020752
42,1,1000 ppm 5 1,d4,scale_1.0_rot_270_flip_1,3.7604708671569824
42,1,800 ppm 4 5,d4,scale_1.0_rot_270_flip_1,3.9634227752685547
42,1,800 ppm 2 1,d4,scale_1.0_rot_270_flip_1,3.7660086154937744
42,1,400 ppm 1 5,d4,scale_1.0_rot_270_flip_1,3.64329195022583
42,1,400 ppm 4 8,d4,scale_1.0_rot_270_flip_1,2.8795900344848633
42,1,800 ppm 3 4,d4,scale_1.0_rot_270_flip_1,2.8513879776000977
42,1,1000 ppm 2 1,d4,scale_1.0_rot_270_flip_1,4.163447380065918
42,1,400 ppm 3 10,d4,scale_1.0_rot_270_flip_1,3.611455202102661
42,1,1000 ppm 3 3,d4,scale_1.0_rot_270_flip_1,3.4121146202087402
42,1,c 9,d4,scale_1.0_rot_270_flip_1,2.927774667739868
42,1,800 ppm 3 3,d4,scale_1.0_rot_270_flip_1,3.837110757827759
42,1,800 ppm 2 9,d4,scale_1.0_rot_270_flip_1,3.7133102416992188
42,1,600 ppm 2 9,d4,scale_1.0_rot_270_flip_1,3.9575295448303223
42,1,400 ppm 2 10,d4,scale_1.0_rot_270_flip_1,3.6578893661499023
42,1,800 ppm 4 7,d4,scale_1.0_rot_270_flip_1,3.858229398727417
42,1,1000 ppm 2 7,d4,scale_1.0_rot_270_flip_1,4.441282749176025
42,1,800 ppm 5 9,d4,scale_1.0_rot_270_flip_1,4.0794830322265625
42,1,600 ppm 3 6,d4,scale_1.0_rot_270_flip_1,2.8963921070098877
42,1,1000 ppm 1 5,d4,scale_1.0_rot_270_flip_1,3.266742706298828
42,1,600 ppm 5 10,d4,scale_1.0_rot_270_flip_1,3.384644031524658
42,1,600 ppm 2 5,d4,scale_1.0_rot_270_flip_1,4.6358137130737305
42,1,800 ppm 1 10,d4,scale_1.0_rot_270_flip_1,4.086298942565918
42,1,1000 ppm 3 8,d4,scale_1.0_rot_270_flip_1,4.126202583312988
42,1,800 ppm 2 3,d4,scale_1.0_rot_270_flip_1,4.141158103942871
42,1,1000 ppm 5 7,d4,scale_1.0_rot_270_flip_1,4.289829254150391
42,1,400 ppm 1 3,d4,scale_1.0_rot_270_flip_1,4.147915840148926
42,1,800 ppm 4 6,d4,scale_1.0_rot_270_flip_1,3.7455880641937256
42,1,600 ppm 5 4,d4,scale_1.0_rot_270_flip_1,3.6875343322753906
42,1,400 ppm 2 7,d4,scale_1.0_rot_270_flip_1,4.0081562995910645
42,1,1000 ppm 5 9,d4,scale_1.0_rot_270_flip_1,4.354709148406982
42,1,400 ppm 5 8,d4,scale_1.0_rot_270_flip_1,4.547807216644287
42,1,c 4,d4,scale_1.0_rot_270_flip_1,2.797794818878174
42,1,1000 ppm 1 8,d4,scale_1.0_rot_270_flip_1,3.722428798675537
42,1,c 3,d4,scale_1.0_rot_270_flip_1,3.5176780223846436
42,1,800 ppm 1 9,d4,scale_1.0_rot_270_flip_1,4.5334954261779785
42,1,1000 ppm 3 2,d4,scale_1.0_rot_270_flip_1,3.9966816902160645
42,1,1000 ppm 5 4,d4,scale_1.0_rot_270_flip_1,4.33579158782959
42,1,1000 ppm 3 5,d4,scale_1.0_rot_270_flip_1,4.622395038604736
42,1,800 ppm 1 4,d4,scale_1.0_rot_270_flip_1,4.488164901733398
42,1,1000 ppm 1 7,d4,scale_1.0_rot_270_flip_1,4.803447246551514
42,1,1000 ppm 3 4,d4,scale_1.0_rot_270_flip_1,3.7729451656341553
42,1,400 ppm 5 1,d4,scale_1.0_rot_270_flip_1,4.239593505859375
42,1,1000 ppm 2 4,d4,scale_1.0_rot_270_flip_1,3.7586424350738525
42,2,800 ppm 4 4,single,scale_1.0_rot_0_flip_0,2.1566600799560547
42,2,400 ppm 1 10,single,scale_1.0_rot_0_flip_0,2.332808494567871
42,2,c 8,single,scale_1.0_rot_0_flip_0,0.15055784583091736
42,2,800 ppm 5 8,single,scale_1.0_rot_0_flip_0,3.2814133167266846
42,2,600 ppm 3 4,single,scale_1.0_rot_0_flip_0,2.974295139312744
42,2,1000 ppm 2 10,single,scale_1.0_rot_0_flip_0,3.181201457977295
42,2,800 ppm 3 1,single,scale_1.0_rot_0_flip_0,1.9712401628494263
42,2,400 ppm 4 3,single,scale_1.0_rot_0_flip_0,2.03867244720459
42,2,600 ppm 1 2,single,scale_1.0_rot_0_flip_0,2.275219202041626
42,2,400 ppm 3 7,single,scale_1.0_rot_0_flip_0,1.2906790971755981
42,2,600 ppm 2 10,single,scale_1.0_rot_0_flip_0,4.070577144622803
42,2,800 ppm 5 5,single,scale_1.0_rot_0_flip_0,3.2828755378723145
42,2,400 ppm 5 2,single,scale_1.0_rot_0_flip_0,2.0365235805511475
42,2,800 ppm 1 2,single,scale_1.0_rot_0_flip_0,3.7202298641204834
42,2,600 ppm 3 5,single,scale_1.0_rot_0_flip_0,1.4295334815979004
42,2,800 ppm 2 5,single,scale_1.0_rot_0_flip_0,1.7111570835113525
42,2,1000 ppm 5 3,single,scale_1.0_rot_0_flip_0,1.8735101222991943
42,2,400 ppm 5 10,single,scale_1.0_rot_0_flip_0,3.3538665771484375
42,2,1000 ppm 2 5,single,scale_1.0_rot_0_flip_0,3.1459097862243652
42,2,400 ppm 2 4,single,scale_1.0_rot_0_flip_0,3.137272357940674
42,2,600 ppm 4 6,single,scale_1.0_rot_0_flip_0,2.5845956802368164
42,2,c 6,single,scale_1.0_rot_0_flip_0,0.7094428539276123
42,2,800 ppm 1 7,single,scale_1.0_rot_0_flip_0,3.076206922531128
42,2,1000 ppm 5 2,single,scale_1.0_rot_0_flip_0,2.8796191215515137
42,2,600 ppm 2 1,single,scale_1.0_rot_0_flip_0,3.5638301372528076
42,2,400 ppm 4 1,single,scale_1.0_rot_0_flip_0,3.171860933303833
42,2,600 ppm 4 4,single,scale_1.0_rot_0_flip_0,2.181452751159668
42,2,600 ppm 2 8,single,scale_1.0_rot_0_flip_0,2.680009126663208
42,2,400 ppm 1 6,single,scale_1.0_rot_0_flip_0,2.6790173053741455
42,2,1000 ppm 4 9,single,scale_1.0_rot_0_flip_0,4.829365253448486
42,2,400 ppm 3 9,single,scale_1.0_rot_0_flip_0,1.5346107482910156
42,2,600 ppm 2 6,single,scale_1.0_rot_0_flip_0,4.803114414215088
42,2,600 ppm 4 5,single,scale_1.0_rot_0_flip_0,2.7634637355804443
42,2,600 ppm 4 9,single,scale_1.0_rot_0_flip_0,3.5956621170043945
42,2,400 ppm 2 9,single,scale_1.0_rot_0_flip_0,3.141364812850952
42,2,800 ppm 1 1,single,scale_1.0_rot_0_flip_0,3.2830114364624023
42,2,1000 ppm 4 5,single,scale_1.0_rot_0_flip_0,2.54937744140625
42,2,1000 ppm 1 1,single,scale_1.0_rot_0_flip_0,2.7019848823547363
42,2,600 ppm 1 8,single,scale_1.0_rot_0_flip_0,2.4964077472686768
42,2,600 ppm 5 7,single,scale_1.0_rot_0_flip_0,1.7236840724945068
42,2,1000 ppm 2 8,single,scale_1.0_rot_0_flip_0,5.190288543701172
42,2,600 ppm 1 5,single,scale_1.0_rot_0_flip_0,3.120307207107544
42,2,600 ppm 1 9,single,scale_1.0_rot_0_flip_0,2.674687623977661
42,2,600 ppm 2 2,single,scale_1.0_rot_0_flip_0,3.971278429031372
42,2,600 ppm 5 2,single,scale_1.0_rot_0_flip_0,1.4284006357192993
42,2,800 ppm 4 9,single,scale_1.0_rot_0_flip_0,2.0065929889678955
42,2,600 ppm 2 4,single,scale_1.0_rot_0_flip_0,3.2675795555114746
42,2,600 ppm 4 7,single,scale_1.0_rot_0_flip_0,2.652437210083008
42,2,1000 ppm 5 8,single,scale_1.0_rot_0_flip_0,3.879241466522217
42,2,600 ppm 5 3,single,scale_1.0_rot_0_flip_0,3.1213033199310303
42,2,1000 ppm 4 4,single,scale_1.0_rot_0_flip_0,3.42637300491333
42,2,1000 ppm 4 7,single,scale_1.0_rot_0_flip_0,3.089801073074341
42,2,800 ppm 4 4,d4,scale_1.0_rot_0_flip_0,2.1566600799560547
42,2,400 ppm 1 10,d4,scale_1.0_rot_0_flip_0,2.332808494567871
42,2,c 8,d4,scale_1.0_rot_0_flip_0,0.15055784583091736
42,2,800 ppm 5 8,d4,scale_1.0_rot_0_flip_0,3.2814133167266846
42,2,600 ppm 3 4,d4,scale_1.0_rot_0_flip_0,2.974295139312744
42,2,1000 ppm 2 10,d4,scale_1.0_rot_0_flip_0,3.181201457977295
42,2,800 ppm 3 1,d4,scale_1.0_rot_0_flip_0,1.9712401628494263
42,2,400 ppm 4 3,d4,scale_1.0_rot_0_flip_0,2.03867244720459
42,2,600 ppm 1 2,d4,scale_1.0_rot_0_flip_0,2.275219202041626
42,2,400 ppm 3 7,d4,scale_1.0_rot_0_flip_0,1.2906790971755981
42,2,600 ppm 2 10,d4,scale_1.0_rot_0_flip_0,4.070577144622803
42,2,800 ppm 5 5,d4,scale_1.0_rot_0_flip_0,3.2828755378723145
42,2,400 ppm 5 2,d4,scale_1.0_rot_0_flip_0,2.0365235805511475
42,2,800 ppm 1 2,d4,scale_1.0_rot_0_flip_0,3.7202298641204834
42,2,600 ppm 3 5,d4,scale_1.0_rot_0_flip_0,1.4295334815979004
42,2,800 ppm 2 5,d4,scale_1.0_rot_0_flip_0,1.7111570835113525
42,2,1000 ppm 5 3,d4,scale_1.0_rot_0_flip_0,1.8735101222991943
42,2,400 ppm 5 10,d4,scale_1.0_rot_0_flip_0,3.3538665771484375
42,2,1000 ppm 2 5,d4,scale_1.0_rot_0_flip_0,3.1459097862243652
42,2,400 ppm 2 4,d4,scale_1.0_rot_0_flip_0,3.137272357940674
42,2,600 ppm 4 6,d4,scale_1.0_rot_0_flip_0,2.5845956802368164
42,2,c 6,d4,scale_1.0_rot_0_flip_0,0.7094428539276123
42,2,800 ppm 1 7,d4,scale_1.0_rot_0_flip_0,3.076206922531128
42,2,1000 ppm 5 2,d4,scale_1.0_rot_0_flip_0,2.8796191215515137
42,2,600 ppm 2 1,d4,scale_1.0_rot_0_flip_0,3.5638301372528076
42,2,400 ppm 4 1,d4,scale_1.0_rot_0_flip_0,3.171860933303833
42,2,600 ppm 4 4,d4,scale_1.0_rot_0_flip_0,2.181452751159668
42,2,600 ppm 2 8,d4,scale_1.0_rot_0_flip_0,2.680009126663208
42,2,400 ppm 1 6,d4,scale_1.0_rot_0_flip_0,2.6790173053741455
42,2,1000 ppm 4 9,d4,scale_1.0_rot_0_flip_0,4.829365253448486
42,2,400 ppm 3 9,d4,scale_1.0_rot_0_flip_0,1.5346107482910156
42,2,600 ppm 2 6,d4,scale_1.0_rot_0_flip_0,4.803114414215088
42,2,600 ppm 4 5,d4,scale_1.0_rot_0_flip_0,2.7634637355804443
42,2,600 ppm 4 9,d4,scale_1.0_rot_0_flip_0,3.5956621170043945
42,2,400 ppm 2 9,d4,scale_1.0_rot_0_flip_0,3.141364812850952
42,2,800 ppm 1 1,d4,scale_1.0_rot_0_flip_0,3.2830114364624023
42,2,1000 ppm 4 5,d4,scale_1.0_rot_0_flip_0,2.54937744140625
42,2,1000 ppm 1 1,d4,scale_1.0_rot_0_flip_0,2.7019848823547363
42,2,600 ppm 1 8,d4,scale_1.0_rot_0_flip_0,2.4964077472686768
42,2,600 ppm 5 7,d4,scale_1.0_rot_0_flip_0,1.7236840724945068
42,2,1000 ppm 2 8,d4,scale_1.0_rot_0_flip_0,5.190288543701172
42,2,600 ppm 1 5,d4,scale_1.0_rot_0_flip_0,3.120307207107544
42,2,600 ppm 1 9,d4,scale_1.0_rot_0_flip_0,2.674687623977661
42,2,600 ppm 2 2,d4,scale_1.0_rot_0_flip_0,3.971278429031372
42,2,600 ppm 5 2,d4,scale_1.0_rot_0_flip_0,1.4284006357192993
42,2,800 ppm 4 9,d4,scale_1.0_rot_0_flip_0,2.0065929889678955
42,2,600 ppm 2 4,d4,scale_1.0_rot_0_flip_0,3.2675795555114746
42,2,600 ppm 4 7,d4,scale_1.0_rot_0_flip_0,2.652437210083008
42,2,1000 ppm 5 8,d4,scale_1.0_rot_0_flip_0,3.879241466522217
42,2,600 ppm 5 3,d4,scale_1.0_rot_0_flip_0,3.1213033199310303
42,2,1000 ppm 4 4,d4,scale_1.0_rot_0_flip_0,3.42637300491333
42,2,1000 ppm 4 7,d4,scale_1.0_rot_0_flip_0,3.089801073074341
42,2,800 ppm 4 4,d4,scale_1.0_rot_0_flip_1,2.5393447875976562
42,2,400 ppm 1 10,d4,scale_1.0_rot_0_flip_1,2.7046821117401123
42,2,c 8,d4,scale_1.0_rot_0_flip_1,0.1362612545490265
42,2,800 ppm 5 8,d4,scale_1.0_rot_0_flip_1,2.967674970626831
42,2,600 ppm 3 4,d4,scale_1.0_rot_0_flip_1,3.001817226409912
42,2,1000 ppm 2 10,d4,scale_1.0_rot_0_flip_1,3.0082945823669434
42,2,800 ppm 3 1,d4,scale_1.0_rot_0_flip_1,1.8842790126800537
42,2,400 ppm 4 3,d4,scale_1.0_rot_0_flip_1,2.1262409687042236
42,2,600 ppm 1 2,d4,scale_1.0_rot_0_flip_1,2.2517454624176025
42,2,400 ppm 3 7,d4,scale_1.0_rot_0_flip_1,1.026496171951294
42,2,600 ppm 2 10,d4,scale_1.0_rot_0_flip_1,4.2366790771484375
42,2,800 ppm 5 5,d4,scale_1.0_rot_0_flip_1,3.653473377227783
42,2,400 ppm 5 2,d4,scale_1.0_rot_0_flip_1,2.4646430015563965
42,2,800 ppm 1 2,d4,scale_1.0_rot_0_flip_1,2.8916220664978027
42,2,600 ppm 3 5,d4,scale_1.0_rot_0_flip_1,1.3840267658233643
42,2,800 ppm 2 5,d4,scale_1.0_rot_0_flip_1,1.6833806037902832
42,2,1000 ppm 5 3,d4,scale_1.0_rot_0_flip_1,1.925130844116211
42,2,400 ppm 5 10,d4,scale_1.0_rot_0_flip_1,3.4860141277313232
42,2,1000 ppm 2 5,d4,scale_1.0_rot_0_flip_1,3.0722548961639404
42,2,400 ppm 2 4,d4,scale_1.0_rot_0_flip_1,3.208101749420166
42,2,600 ppm 4 6,d4,scale_1.0_rot_0_flip_1,2.097989082336426
42,2,c 6,d4,scale_1.0_rot_0_flip_1,0.5370233058929443
42,2,800 ppm 1 7,d4,scale_1.0_rot_0_flip_1,2.9326624870300293
42,2,1000 ppm 5 2,d4,scale_1.0_rot_0_flip_1,2.8392138481140137
42,2,600 ppm 2 1,d4,scale_1.0_rot_0_flip_1,3.4804725646972656
42,2,400 ppm 4 1,d4,scale_1.0_rot_0_flip_1,3.346170663833618
42,2,600 ppm 4 4,d4,scale_1.0_rot_0_flip_1,2.396317720413208
42,2,600 ppm 2 8,d4,scale_1.0_rot_0_flip_1,2.7625515460968018
42,2,400 ppm 1 6,d4,scale_1.0_rot_0_flip_1,2.6468207836151123
42,2,1000 ppm 4 9,d4,scale_1.0_rot_0_flip_1,4.416672706604004
42,2,400 ppm 3 9,d4,scale_1.0_rot_0_flip_1,2.170319080352783
42,2,600 ppm 2 6,d4,scale_1.0_rot_0_flip_1,4.34917688369751
42,2,600 ppm 4 5,d4,scale_1.0_rot_0_flip_1,2.1788082122802734
42,2,600 ppm 4 9,d4,scale_1.0_rot_0_flip_1,4.074304580688477
42,2,400 ppm 2 9,d4,scale_1.0_rot_0_flip_1,2.8601951599121094
42,2,800 ppm 1 1,d4,scale_1.0_rot_0_flip_1,3.2737905979156494
42,2,1000 ppm 4 5,d4,scale_1.0_rot_0_flip_1,2.613591194152832
42,2,1000 ppm 1 1,d4,scale_1.0_rot_0_flip_1,2.3558125495910645
42,2,600 ppm 1 8,d4,scale_1.0_rot_0_flip_1,2.3765499591827393
42,2,600 ppm 5 7,d4,scale_1.0_rot_0_flip_1,1.8688130378723145
42,2,1000 ppm 2 8,d4,scale_1.0_rot_0_flip_1,4.736886978149414
42,2,600 ppm 1 5,d4,scale_1.0_rot_0_flip_1,3.4581072330474854
42,2,600 ppm 1 9,d4,scale_1.0_rot_0_flip_1,2.5792441368103027
42,2,600 ppm 2 2,d4,scale_1.0_rot_0_flip_1,4.367469787597656
42,2,600 ppm 5 2,d4,scale_1.0_rot_0_flip_1,1.517181396484375
42,2,800 ppm 4 9,d4,scale_1.0_rot_0_flip_1,2.0915474891662598
42,2,600 ppm 2 4,d4,scale_1.0_rot_0_flip_1,3.069586992263794
42,2,600 ppm 4 7,d4,scale_1.0_rot_0_flip_1,2.591712236404419
42,2,1000 ppm 5 8,d4,scale_1.0_rot_0_flip_1,4.30562162399292
42,2,600 ppm 5 3,d4,scale_1.0_rot_0_flip_1,2.777761697769165
42,2,1000 ppm 4 4,d4,scale_1.0_rot_0_flip_1,3.350234031677246
42,2,1000 ppm 4 7,d4,scale_1.0_rot_0_flip_1,3.640852451324463
42,2,800 ppm 4 4,d4,scale_1.0_rot_90_flip_0,3.2985243797302246
42,2,400 ppm 1 10,d4,scale_1.0_rot_90_flip_0,2.64658784866333
42,2,c 8,d4,scale_1.0_rot_90_flip_0,0.4698549807071686
42,2,800 ppm 5 8,d4,scale_1.0_rot_90_flip_0,4.344212532043457
42,2,600 ppm 3 4,d4,scale_1.0_rot_90_flip_0,3.3636057376861572
42,2,1000 ppm 2 10,d4,scale_1.0_rot_90_flip_0,4.138169288635254
42,2,800 ppm 3 1,d4,scale_1.0_rot_90_flip_0,2.696807622909546
42,2,400 ppm 4 3,d4,scale_1.0_rot_90_flip_0,2.528165102005005
42,2,600 ppm 1 2,d4,scale_1.0_rot_90_flip_0,3.040041923522949
42,2,400 ppm 3 7,d4,scale_1.0_rot_90_flip_0,1.36879563331604
42,2,600 ppm 2 10,d4,scale_1.0_rot_90_flip_0,4.552412033081055
42,2,800 ppm 5 5,d4,scale_1.0_rot_90_flip_0,2.921577215194702
42,2,400 ppm 5 2,d4,scale_1.0_rot_90_flip_0,2.791659116744995
42,2,800 ppm 1 2,d4,scale_1.0_rot_90_flip_0,3.1928441524505615
42,2,600 ppm 3 5,d4,scale_1.0_rot_90_flip_0,2.0667431354522705
42,2,800 ppm 2 5,d4,scale_1.0_rot_90_flip_0,2.595885753631592
42,2,1000 ppm 5 3,d4,scale_1.0_rot_90_flip_0,1.8888616561889648
42,2,400 ppm 5 10,d4,scale_1.0_rot_90_flip_0,5.0074591636657715
42,2,1000 ppm 2 5,d4,scale_1.0_rot_90_flip_0,3.9857518672943115
42,2,400 ppm 2 4,d4,scale_1.0_rot_90_flip_0,3.2802510261535645
42,2,600 ppm 4 6,d4,scale_1.0_rot_90_flip_0,2.3380918502807617
42,2,c 6,d4,scale_1.0_rot_90_flip_0,0.8208777904510498
42,2,800 ppm 1 7,d4,scale_1.0_rot_90_flip_0,2.7924749851226807
42,2,1000 ppm 5 2,d4,scale_1.0_rot_90_flip_0,3.450687885284424
42,2,600 ppm 2 1,d4,scale_1.0_rot_90_flip_0,3.9008708000183105
42,2,400 ppm 4 1,d4,scale_1.0_rot_90_flip_0,3.8646373748779297
42,2,600 ppm 4 4,d4,scale_1.0_rot_90_flip_0,3.08581280708313
42,2,600 ppm 2 8,d4,scale_1.0_rot_90_flip_0,3.594137668609619
42,2,400 ppm 1 6,d4,scale_1.0_rot_90_flip_0,2.306307792663574
42,2,1000 ppm 4 9,d4,scale_1.0_rot_90_flip_0,4.03485631942749
42,2,400 ppm 3 9,d4,scale_1.0_rot_90_flip_0,2.6733596324920654
42,2,600 ppm 2 6,d4,scale_1.0_rot_90_flip_0,4.072277545928955
42,2,600 ppm 4 5,d4,scale_1.0_rot_90_flip_0,2.939023971557617
42,2,600 ppm 4 9,d4,scale_1.0_rot_90_flip_0,4.594445705413818
42,2,400 ppm 2 9,d4,scale_1.0_rot_90_flip_0,2.1264593601226807
42,2,800 ppm 1 1,d4,scale_1.0_rot_90_flip_0,4.297922611236572
42,2,1000 ppm 4 5,d4,scale_1.0_rot_90_flip_0,3.1518564224243164
42,2,1000 ppm 1 1,d4,scale_1.0_rot_90_flip_0,2.8913228511810303
42,2,600 ppm 1 8,d4,scale_1.0_rot_90_flip_0,3.1903505325317383
42,2,600 ppm 5 7,d4,scale_1.0_rot_90_flip_0,2.3612353801727295
42,2,1000 ppm 2 8,d4,scale_1.0_rot_90_flip_0,4.1874871253967285
42,2,600 ppm 1 5,d4,scale_1.0_rot_90_flip_0,3.5667717456817627
42,2,600 ppm 1 9,d4,scale_1.0_rot_90_flip_0,2.3986306190490723
42,2,600 ppm 2 2,d4,scale_1.0_rot_90_flip_0,4.8278117179870605
42,2,600 ppm 5 2,d4,scale_1.0_rot_90_flip_0,2.4131016731262207
42,2,800 ppm 4 9,d4,scale_1.0_rot_90_flip_0,2.7551605701446533
42,2,600 ppm 2 4,d4,scale_1.0_rot_90_flip_0,4.544689655303955
42,2,600 ppm 4 7,d4,scale_1.0_rot_90_flip_0,3.3769888877868652
42,2,1000 ppm 5 8,d4,scale_1.0_rot_90_flip_0,5.6386308670043945
42,2,600 ppm 5 3,d4,scale_1.0_rot_90_flip_0,3.249687910079956
42,2,1000 ppm 4 4,d4,scale_1.0_rot_90_flip_0,4.046609878540039
42,2,1000 ppm 4 7,d4,scale_1.0_rot_90_flip_0,3.9470067024230957
42,2,800 ppm 4 4,d4,scale_1.0_rot_90_flip_1,3.195796012878418
42,2,400 ppm 1 10,d4,scale_1.0_rot_90_flip_1,2.5567450523376465
42,2,c 8,d4,scale_1.0_rot_90_flip_1,0.5593000650405884
42,2,800 ppm 5 8,d4,scale_1.0_rot_90_flip_1,4.561685085296631
42,2,600 ppm 3 4,d4,scale_1.0_rot_90_flip_1,3.5296852588653564
42,2,1000 ppm 2 10,d4,scale_1.0_rot_90_flip_1,4.796159267425537
42,2,800 ppm 3 1,d4,scale_1.0_rot_90_flip_1,2.8554868698120117
42,2,400 ppm 4 3,d4,scale_1.0_rot_90_flip_1,2.4469666481018066
42,2,600 ppm 1 2,d4,scale_1.0_rot_90_flip_1,2.889862298965454
42,2,400 ppm 3 7,d4,scale_1.0_rot_90_flip_1,1.6829121112823486
42,2,600 ppm 2 10,d4,scale_1.0_rot_90_flip_1,4.902778148651123
42,2,800 ppm 5 5,d4,scale_1.0_rot_90_flip_1,3.0266637802124023
42,2,400 ppm 5 2,d4,scale_1.0_rot_90_flip_1,2.6591074466705322
42,2,800 ppm 1 2,d4,scale_1.0_rot_90_flip_1,3.320080280303955
42,2,600 ppm 3 5,d4,scale_1.0_rot_90_flip_1,1.4795455932617188
42,2,800 ppm 2 5,d4,scale_1.0_rot_90_flip_1,2.540931224822998
42,2,1000 ppm 5 3,d4,scale_1.0_rot_90_flip_1,1.5564448833465576
42,2,400 ppm 5 10,d4,scale_1.0_rot_90_flip_1,4.003913402557373
42,2,1000 ppm 2 5,d4,scale_1.0_rot_90_flip_1,4.448300838470459
42,2,400 ppm 2 4,d4,scale_1.0_rot_90_flip_1,3.6646785736083984
42,2,600 ppm 4 6,d4,scale_1.0_rot_90_flip_1,2.533402919769287
42,2,c 6,d4,scale_1.0_rot_90_flip_1,0.9550135135650635
42,2,800 ppm 1 7,d4,scale_1.0_rot_90_flip_1,2.8997693061828613
42,2,1000 ppm 5 2,d4,scale_1.0_rot_90_flip_1,3.5931754112243652
42,2,600 ppm 2 1,d4,scale_1.0_rot_90_flip_1,3.6298983097076416
42,2,400 ppm 4 1,d4,scale_1.0_rot_90_flip_1,3.99580717086792
42,2,600 ppm 4 4,d4,scale_1.0_rot_90_flip_1,2.8013434410095215
42,2,600 ppm 2 8,d4,scale_1.0_rot_90_flip_1,3.969944477081299
42,2,400 ppm 1 6,d4,scale_1.0_rot_90_flip_1,2.562553644180298
42,2,1000 ppm 4 9,d4,scale_1.0_rot_90_flip_1,4.295404434204102
42,2,400 ppm 3 9,d4,scale_1.0_rot_90_flip_1,2.224153518676758
42,2,600 ppm 2 6,d4,scale_1.0_rot_90_flip_1,3.9923572540283203
42,2,600 ppm 4 5,d4,scale_1.0_rot_90_flip_1,3.068936586380005
42,2,600 ppm 4 9,d4,scale_1.0_rot_90_flip_1,4.613130569458008
42,2,400 ppm 2 9,d4,scale_1.0_rot_90_flip_1,2.404099941253662
42,2,800 ppm 1 1,d4,scale_1.0_rot_90_flip_1,3.759981632232666
42,2,1000 ppm 4 5,d4,scale_1.0_rot_90_flip_1,3.1166200637817383
42,2,1000 ppm 1 1,d4,scale_1.0_rot_90_flip_1,2.5157294273376465
42,2,600 ppm 1 8,d4,scale_1.0_rot_90_flip_1,2.7321009635925293
42,2,600 ppm 5 7,d4,scale_1.0_rot_90_flip_1,2.787529468536377
42,2,1000 ppm 2 8,d4,scale_1.0_rot_90_flip_1,4.289713382720947
42,2,600 ppm 1 5,d4,scale_1.0_rot_90_flip_1,3.5827813148498535
42,2,600 ppm 1 9,d4,scale_1.0_rot_90_flip_1,2.9878923892974854
42,2,600 ppm 2 2,d4,scale_1.0_rot_90_flip_1,4.788309574127197
42,2,600 ppm 5 2,d4,scale_1.0_rot_90_flip_1,1.824392557144165
42,2,800 ppm 4 9,d4,scale_1.0_rot_90_flip_1,3.264183521270752
42,2,600 ppm 2 4,d4,scale_1.0_rot_90_flip_1,4.209248065948486
42,2,600 ppm 4 7,d4,scale_1.0_rot_90_flip_1,3.5568010807037354
42,2,1000 ppm 5 8,d4,scale_1.0_rot_90_flip_1,5.546618938446045
42,2,600 ppm 5 3,d4,scale_1.0_rot_90_flip_1,2.9659712314605713
42,2,1000 ppm 4 4,d4,scale_1.0_rot_90_flip_1,3.7320151329040527
42,2,1000 ppm 4 7,d4,scale_1.0_rot_90_flip_1,3.6284728050231934
42,2,800 ppm 4 4,d4,scale_1.0_rot_180_flip_0,2.9037532806396484
42,2,400 ppm 1 10,d4,scale_1.0_rot_180_flip_0,1.964289665222168
42,2,c 8,d4,scale_1.0_rot_180_flip_0,-0.03216438740491867
42,2,800 ppm 5 8,d4,scale_1.0_rot_180_flip_0,3.6108460426330566
42,2,600 ppm 3 4,d4,scale_1.0_rot_180_flip_0,3.3532185554504395
42,2,1000 ppm 2 10,d4,scale_1.0_rot_180_flip_0,3.099182605743408
42,2,800 ppm 3 1,d4,scale_1.0_rot_180_flip_0,2.547874927520752
42,2,400 ppm 4 3,d4,scale_1.0_rot_180_flip_0,1.7192281484603882
42,2,600 ppm 1 2,d4,scale_1.0_rot_180_flip_0,2.7392332553863525
42,2,400 ppm 3 7,d4,scale_1.0_rot_180_flip_0,1.4709181785583496
42,2,600 ppm 2 10,d4,scale_1.0_rot_180_flip_0,4.470294952392578
42,2,800 ppm 5 5,d4,scale_1.0_rot_180_flip_0,3.544163465499878
42,2,400 ppm 5 2,d4,scale_1.0_rot_180_flip_0,2.0827245712280273
42,2,800 ppm 1 2,d4,scale_1.0_rot_180_flip_0,3.8779478073120117
42,2,600 ppm 3 5,d4,scale_1.0_rot_180_flip_0,2.1738758087158203
42,2,800 ppm 2 5,d4,scale_1.0_rot_180_flip_0,2.0074856281280518
42,2,1000 ppm 5 3,d4,scale_1.0_rot_180_flip_0,2.01123046875
42,2,400 ppm 5 10,d4,scale_1.0_rot_180_flip_0,3.8880867958068848
42,2,1000 ppm 2 5,d4,scale_1.0_rot_180_flip_0,3.336622476577759
42,2,400 ppm 2 4,d4,scale_1.0_rot_180_flip_0,2.971217155456543
42,2,600 ppm 4 6,d4,scale_1.0_rot_180_flip_0,2.7438278198242188
42,2,c 6,d4,scale_1.0_rot_180_flip_0,0.3398844003677368
42,2,800 ppm 1 7,d4,scale_1.0_rot_180_flip_0,2.8189494609832764
42,2,1000 ppm 5 2,d4,scale_1.0_rot_180_flip_0,3.3214550018310547
42,2,600 ppm 2 1,d4,scale_1.0_rot_180_flip_0,3.1236953735351562
42,2,400 ppm 4 1,d4,scale_1.0_rot_180_flip_0,3.780608654022217
42,2,600 ppm 4 4,d4,scale_1.0_rot_180_flip_0,2.727067232131958
42,2,600 ppm 2 8,d4,scale_1.0_rot_180_flip_0,3.2409753799438477
42,2,400 ppm 1 6,d4,scale_1.0_rot_180_flip_0,2.5656559467315674
42,2,1000 ppm 4 9,d4,scale_1.0_rot_180_flip_0,4.664239406585693
42,2,400 ppm 3 9,d4,scale_1.0_rot_180_flip_0,2.0525155067443848
42,2,600 ppm 2 6,d4,scale_1.0_rot_180_flip_0,4.947121620178223
42,2,600 ppm 4 5,d4,scale_1.0_rot_180_flip_0,2.793741464614868
42,2,600 ppm 4 9,d4,scale_1.0_rot_180_flip_0,3.41489839553833
42,2,400 ppm 2 9,d4,scale_1.0_rot_180_flip_0,2.1755473613739014
42,2,800 ppm 1 1,d4,scale_1.0_rot_180_flip_0,3.2300403118133545
42,2,1000 ppm 4 5,d4,scale_1.0_rot_180_flip_0,2.4635472297668457
42,2,1000 ppm 1 1,d4,scale_1.0_rot_180_flip_0,2.5072407722473145
42,2,600 ppm 1 8,d4,scale_1.0_rot_180_flip_0,2.4148058891296387
42,2,600 ppm 5 7,d4,scale_1.0_rot_180_flip_0,2.2538654804229736
42,2,1000 ppm 2 8,d4,scale_1.0_rot_180_flip_0,5.313339710235596
42,2,600 ppm 1 5,d4,scale_1.0_rot_180_flip_0,3.2599077224731445
42,2,600 ppm 1 9,d4,scale_1.0_rot_180_flip_0,2.643012523651123
42,2,600 ppm 2 2,d4,scale_1.0_rot_180_flip_0,3.8675179481506348
42,2,600 ppm 5 2,d4,scale_1.0_rot_180_flip_0,2.1170802116394043
42,2,800 ppm 4 9,d4,scale_1.0_rot_180_flip_0,2.4154932498931885
42,2,600 ppm 2 4,d4,scale_1.0_rot_180_flip_0,3.4440407752990723
42,2,600 ppm 4 7,d4,scale_1.0_rot_180_flip_0,3.2920188903808594
42,2,1000 ppm 5 8,d4,scale_1.0_rot_180_flip_0,4.35502290725708
42,2,600 ppm 5 3,d4,scale_1.0_rot_180_flip_0,2.822317600250244
42,2,1000 ppm 4 4,d4,scale_1.0_rot_180_flip_0,2.7350635528564453
42,2,1000 ppm 4 7,d4,scale_1.0_rot_180_flip_0,3.7528934478759766
42,2,800 ppm 4 4,d4,scale_1.0_rot_180_flip_1,2.6442623138427734
42,2,400 ppm 1 10,d4,scale_1.0_rot_180_flip_1,1.7906349897384644
42,2,c 8,d4,scale_1.0_rot_180_flip_1,0.21617886424064636
42,2,800 ppm 5 8,d4,scale_1.0_rot_180_flip_1,3.633841037750244
42,2,600 ppm 3 4,d4,scale_1.0_rot_180_flip_1,2.7952942848205566
42,2,1000 ppm 2 10,d4,scale_1.0_rot_180_flip_1,3.06526255607605
42,2,800 ppm 3 1,d4,scale_1.0_rot_180_flip_1,2.4057722091674805
42,2,400 ppm 4 3,d4,scale_1.0_rot_180_flip_1,1.9317941665649414
42,2,600 ppm 1 2,d4,scale_1.0_rot_180_flip_1,2.6947975158691406
42,2,400 ppm 3 7,d4,scale_1.0_rot_180_flip_1,1.1207674741744995
42,2,600 ppm 2 10,d4,scale_1.0_rot_180_flip_1,4.005243301391602
42,2,800 ppm 5 5,d4,scale_1.0_rot_180_flip_1,3.3230648040771484
42,2,400 ppm 5 2,d4,scale_1.0_rot_180_flip_1,2.046339988708496
42,2,800 ppm 1 2,d4,scale_1.0_rot_180_flip_1,3.421173572540283
42,2,600 ppm 3 5,d4,scale_1.0_rot_180_flip_1,1.9566903114318848
42,2,800 ppm 2 5,d4,scale_1.0_rot_180_flip_1,1.7473376989364624
42,2,1000 ppm 5 3,d4,scale_1.0_rot_180_flip_1,2.2626678943634033
42,2,400 ppm 5 10,d4,scale_1.0_rot_180_flip_1,4.018950462341309
42,2,1000 ppm 2 5,d4,scale_1.0_rot_180_flip_1,3.292442560195923
42,2,400 ppm 2 4,d4,scale_1.0_rot_180_flip_1,3.371269464492798
42,2,600 ppm 4 6,d4,scale_1.0_rot_180_flip_1,2.967507839202881
42,2,c 6,d4,scale_1.0_rot_180_flip_1,0.3956652581691742
42,2,800 ppm 1 7,d4,scale_1.0_rot_180_flip_1,3.1278157234191895
42,2,1000 ppm 5 2,d4,scale_1.0_rot_180_flip_1,3.577784538269043
42,2,600 ppm 2 1,d4,scale_1.0_rot_180_flip_1,3.11600399017334
42,2,400 ppm 4 1,d4,scale_1.0_rot_180_flip_1,3.4607605934143066
42,2,600 ppm 4 4,d4,scale_1.0_rot_180_flip_1,2.3065154552459717
42,2,600 ppm 2 8,d4,scale_1.0_rot_180_flip_1,3.2534284591674805
42,2,400 ppm 1 6,d4,scale_1.0_rot_180_flip_1,2.5536487102508545
42,2,1000 ppm 4 9,d4,scale_1.0_rot_180_flip_1,4.453227996826172
42,2,400 ppm 3 9,d4,scale_1.0_rot_180_flip_1,1.7212272882461548
42,2,600 ppm 2 6,d4,scale_1.0_rot_180_flip_1,5.2658371925354
42,2,600 ppm 4 5,d4,scale_1.0_rot_180_flip_1,2.7228593826293945
42,2,600 ppm 4 9,d4,scale_1.0_rot_180_flip_1,3.087371349334717
42,2,400 ppm 2 9,d4,scale_1.0_rot_180_flip_1,2.1334338188171387
42,2,800 ppm 1 1,d4,scale_1.0_rot_180_flip_1,2.6659440994262695
42,2,1000 ppm 4 5,d4,scale_1.0_rot_180_flip_1,2.666348695755005
42,2,1000 ppm 1 1,d4,scale_1.0_rot_180_flip_1,2.590546131134033
42,2,600 ppm 1 8,d4,scale_1.0_rot_180_flip_1,2.1003026962280273
42,2,600 ppm 5 7,d4,scale_1.0_rot_180_flip_1,2.416442632675171
42,2,1000 ppm 2 8,d4,scale_1.0_rot_180_flip_1,4.844499588012695
42,2,600 ppm 1 5,d4,scale_1.0_rot_180_flip_1,3.6422529220581055
42,2,600 ppm 1 9,d4,scale_1.0_rot_180_flip_1,3.263531446456909
42,2,600 ppm 2 2,d4,scale_1.0_rot_180_flip_1,3.872572898864746
42,2,600 ppm 5 2,d4,scale_1.0_rot_180_flip_1,2.2669310569763184
42,2,800 ppm 4 9,d4,scale_1.0_rot_180_flip_1,2.4366912841796875
42,2,600 ppm 2 4,d4,scale_1.0_rot_180_flip_1,3.293520450592041
42,2,600 ppm 4 7,d4,scale_1.0_rot_180_flip_1,3.1017696857452393
42,2,1000 ppm 5 8,d4,scale_1.0_rot_180_flip_1,4.08134126663208
42,2,600 ppm 5 3,d4,scale_1.0_rot_180_flip_1,2.766380786895752
42,2,1000 ppm 4 4,d4,scale_1.0_rot_180_flip_1,3.1534554958343506
42,2,1000 ppm 4 7,d4,scale_1.0_rot_180_flip_1,3.052098274230957
42,2,800 ppm 4 4,d4,scale_1.0_rot_270_flip_0,2.972580909729004
42,2,400 ppm 1 10,d4,scale_1.0_rot_270_flip_0,2.3807449340820312
42,2,c 8,d4,scale_1.0_rot_270_flip_0,0.7501410245895386
42,2,800 ppm 5 8,d4,scale_1.0_rot_270_flip_0,5.310896873474121
42,2,600 ppm 3 4,d4,scale_1.0_rot_270_flip_0,3.58522629737854
42,2,1000 ppm 2 10,d4,scale_1.0_rot_270_flip_0,3.6958892345428467
42,2,800 ppm 3 1,d4,scale_1.0_rot_270_flip_0,2.312664031982422
42,2,400 ppm 4 3,d4,scale_1.0_rot_270_flip_0,2.482513904571533
42,2,600 ppm 1 2,d4,scale_1.0_rot_270_flip_0,3.026524066925049
42,2,400 ppm 3 7,d4,scale_1.0_rot_270_flip_0,2.0064632892608643
42,2,600 ppm 2 10,d4,scale_1.0_rot_270_flip_0,4.493612766265869
42,2,800 ppm 5 5,d4,scale_1.0_rot_270_flip_0,4.008869171142578
42,2,400 ppm 5 2,d4,scale_1.0_rot_270_flip_0,3.5088181495666504
42,2,800 ppm 1 2,d4,scale_1.0_rot_270_flip_0,3.5963730812072754
42,2,600 ppm 3 5,d4,scale_1.0_rot_270_flip_0,2.2517194747924805
42,2,800 ppm 2 5,d4,scale_1.0_rot_270_flip_0,2.2050652503967285
42,2,1000 ppm 5 3,d4,scale_1.0_rot_270_flip_0,2.9907948970794678
42,2,400 ppm 5 10,d4,scale_1.0_rot_270_flip_0,4.252965450286865
42,2,1000 ppm 2 5,d4,scale_1.0_rot_270_flip_0,4.269291400909424
42,2,400 ppm 2 4,d4,scale_1.0_rot_270_flip_0,3.285163402557373
42,2,600 ppm 4 6,d4,scale_1.0_rot_270_flip_0,2.7225708961486816
42,2,c 6,d4,scale_1.0_rot_270_flip_0,0.9657609462738037
42,2,800 ppm 1 7,d4,scale_1.0_rot_270_flip_0,2.8324437141418457
42,2,1000 ppm 5 2,d4,scale_1.0_rot_270_flip_0,3.63352632522583
42,2,600 ppm 2 1,d4,scale_1.0_rot_270_flip_0,3.382294178009033
42,2,400 ppm 4 1,d4,scale_1.0_rot_270_flip_0,4.452775478363037
42,2,600 ppm 4 4,d4,scale_1.0_rot_270_flip_0,2.7269883155822754
42,2,600 ppm 2 8,d4,scale_1.0_rot_270_flip_0,4.228537559509277
42,2,400 ppm 1 6,d4,scale_1.0_rot_270_flip_0,2.5431606769561768
42,2,1000 ppm 4 9,d4,scale_1.0_rot_270_flip_0,3.529254674911499
42,2,400 ppm 3 9,d4,scale_1.0_rot_270_flip_0,1.9485480785369873
42,2,600 ppm 2 6,d4,scale_1.0_rot_270_flip_0,4.222290992736816
42,2,600 ppm 4 5,d4,scale_1.0_rot_270_flip_0,3.12532377243042
42,2,600 ppm 4 9,d4,scale_1.0_rot_270_flip_0,4.265464782714844
42,2,400 ppm 2 9,d4,scale_1.0_rot_270_flip_0,2.641468048095703
42,2,800 ppm 1 1,d4,scale_1.0_rot_270_flip_0,4.463630199432373
42,2,1000 ppm 4 5,d4,scale_1.0_rot_270_flip_0,2.9981141090393066
42,2,1000 ppm 1 1,d4,scale_1.0_rot_270_flip_0,3.416438579559326
42,2,600 ppm 1 8,d4,scale_1.0_rot_270_flip_0,3.4978225231170654
42,2,600 ppm 5 7,d4,scale_1.0_rot_270_flip_0,2.597390651702881
42,2,1000 ppm 2 8,d4,scale_1.0_rot_270_flip_0,4.640097141265869
42,2,600 ppm 1 5,d4,scale_1.0_rot_270_flip_0,4.188638687133789
42,2,600 ppm 1 9,d4,scale_1.0_rot_270_flip_0,3.537217617034912
42,2,600 ppm 2 2,d4,scale_1.0_rot_270_flip_0,4.840540409088135
42,2,600 ppm 5 2,d4,scale_1.0_rot_270_flip_0,2.5525803565979004
42,2,800 ppm 4 9,d4,scale_1.0_rot_270_flip_0,2.96897029876709
42,2,600 ppm 2 4,d4,scale_1.0_rot_270_flip_0,4.275684356689453
42,2,600 ppm 4 7,d4,scale_1.0_rot_270_flip_0,2.99733304977417
42,2,1000 ppm 5 8,d4,scale_1.0_rot_270_flip_0,4.563640594482422
42,2,600 ppm 5 3,d4,scale_1.0_rot_270_flip_0,3.484269618988037
42,2,1000 ppm 4 4,d4,scale_1.0_rot_270_flip_0,4.057746887207031
42,2,1000 ppm 4 7,d4,scale_1.0_rot_270_flip_0,3.810309410095215
42,2,800 ppm 4 4,d4,scale_1.0_rot_270_flip_1,2.644550085067749
42,2,400 ppm 1 10,d4,scale_1.0_rot_270_flip_1,2.2369706630706787
42,2,c 8,d4,scale_1.0_rot_270_flip_1,1.099442720413208
42,2,800 ppm 5 8,d4,scale_1.0_rot_270_flip_1,4.966498374938965
42,2,600 ppm 3 4,d4,scale_1.0_rot_270_flip_1,3.5670485496520996
42,2,1000 ppm 2 10,d4,scale_1.0_rot_270_flip_1,3.5528504848480225
42,2,800 ppm 3 1,d4,scale_1.0_rot_270_flip_1,2.2361230850219727
42,2,400 ppm 4 3,d4,scale_1.0_rot_270_flip_1,2.7937240600585938
42,2,600 ppm 1 2,d4,scale_1.0_rot_270_flip_1,2.981398344039917
42,2,400 ppm 3 7,d4,scale_1.0_rot_270_flip_1,1.9247782230377197
42,2,600 ppm 2 10,d4,scale_1.0_rot_270_flip_1,4.824629783630371
42,2,800 ppm 5 5,d4,scale_1.0_rot_270_flip_1,3.8517396450042725
42,2,400 ppm 5 2,d4,scale_1.0_rot_270_flip_1,3.2673661708831787
42,2,800 ppm 1 2,d4,scale_1.0_rot_270_flip_1,3.9020907878875732
42,2,600 ppm 3 5,d4,scale_1.0_rot_270_flip_1,2.56636905670166
42,2,800 ppm 2 5,d4,scale_1.0_rot_270_flip_1,2.6298835277557373
42,2,1000 ppm 5 3,d4,scale_1.0_rot_270_flip_1,2.7639782428741455
42,2,400 ppm 5 10,d4,scale_1.0_rot_270_flip_1,4.663705825805664
42,2,1000 ppm 2 5,d4,scale_1.0_rot_270_flip_1,3.6467974185943604
42,2,400 ppm 2 4,d4,scale_1.0_rot_270_flip_1,3.304060935974121
42,2,600 ppm 4 6,d4,scale_1.0_rot_270_flip_1,2.5721259117126465
42,2,c 6,d4,scale_1.0_rot_270_flip_1,0.980393648147583
42,2,800 ppm 1 7,d4,scale_1.0_rot_270_flip_1,2.7668800354003906
42,2,1000 ppm 5 2,d4,scale_1.0_rot_270_flip_1,3.579538345336914
42,2,600 ppm 2 1,d4,scale_1.0_rot_270_flip_1,2.8098788261413574
42,2,400 ppm 4 1,d4,scale_1.0_rot_270_flip_1,4.207808017730713
42,2,600 ppm 4 4,d4,scale_1.0_rot_270_flip_1,2.9215972423553467
42,2,600 ppm 2 8,d4,scale_1.0_rot_270_flip_1,4.0052618980407715
42,2,400 ppm 1 6,d4,scale_1.0_rot_270_flip_1,2.951498508453369
42,2,1000 ppm 4 9,d4,scale_1.0_rot_270_flip_1,4.114773273468018
42,2,400 ppm 3 9,d4,scale_1.0_rot_270_flip_1,2.0777947902679443
42,2,600 ppm 2 6,d4,scale_1.0_rot_270_flip_1,4.280999660491943
42,2,600 ppm 4 5,d4,scale_1.0_rot_270_flip_1,3.4731295108795166
42,2,600 ppm 4 9,d4,scale_1.0_rot_270_flip_1,4.45651388168335
42,2,400 ppm 2 9,d4,scale_1.0_rot_270_flip_1,2.6631946563720703
42,2,800 ppm 1 1,d4,scale_1.0_rot_270_flip_1,5.21904993057251
42,2,1000 ppm 4 5,d4,scale_1.0_rot_270_flip_1,3.1509454250335693
42,2,1000 ppm 1 1,d4,scale_1.0_rot_270_flip_1,3.7223093509674072
42,2,600 ppm 1 8,d4,scale_1.0_rot_270_flip_1,3.5411641597747803
42,2,600 ppm 5 7,d4,scale_1.0_rot_270_flip_1,2.365556001663208
42,2,1000 ppm 2 8,d4,scale_1.0_rot_270_flip_1,4.607776165008545
42,2,600 ppm 1 5,d4,scale_1.0_rot_270_flip_1,4.008236408233643
42,2,600 ppm 1 9,d4,scale_1.0_rot_270_flip_1,2.918067693710327
42,2,600 ppm 2 2,d4,scale_1.0_rot_270_flip_1,4.375027656555176
42,2,600 ppm 5 2,d4,scale_1.0_rot_270_flip_1,2.6377081871032715
42,2,800 ppm 4 9,d4,scale_1.0_rot_270_flip_1,3.2234511375427246
42,2,600 ppm 2 4,d4,scale_1.0_rot_270_flip_1,4.217631816864014
42,2,600 ppm 4 7,d4,scale_1.0_rot_270_flip_1,3.043724298477173
42,2,1000 ppm 5 8,d4,scale_1.0_rot_270_flip_1,4.837512016296387
42,2,600 ppm 5 3,d4,scale_1.0_rot_270_flip_1,3.2986984252929688
42,2,1000 ppm 4 4,d4,scale_1.0_rot_270_flip_1,3.8644306659698486
42,2,1000 ppm 4 7,d4,scale_1.0_rot_270_flip_1,3.5257601737976074
42,3,400 ppm 5 6,single,scale_1.0_rot_0_flip_0,2.215721368789673
42,3,800 ppm 5 6,single,scale_1.0_rot_0_flip_0,4.904461860656738
42,3,800 ppm 1 8,single,scale_1.0_rot_0_flip_0,3.8070409297943115
42,3,400 ppm 1 7,single,scale_1.0_rot_0_flip_0,4.27325439453125
42,3,400 ppm 3 8,single,scale_1.0_rot_0_flip_0,2.6553122997283936
42,3,1000 ppm 4 10,single,scale_1.0_rot_0_flip_0,3.8155455589294434
42,3,600 ppm 4 1,single,scale_1.0_rot_0_flip_0,2.5257341861724854
42,3,400 ppm 4 2,single,scale_1.0_rot_0_flip_0,3.7138092517852783
42,3,1000 ppm 3 7,single,scale_1.0_rot_0_flip_0,3.0239651203155518
42,3,800 ppm 4 1,single,scale_1.0_rot_0_flip_0,4.366664886474609
42,3,600 ppm 1 10,single,scale_1.0_rot_0_flip_0,3.961289405822754
42,3,400 ppm 5 4,single,scale_1.0_rot_0_flip_0,3.6732404232025146
42,3,1000 ppm 1 10,single,scale_1.0_rot_0_flip_0,4.569275856018066
42,3,800 ppm 5 1,single,scale_1.0_rot_0_flip_0,2.931574583053589
42,3,1000 ppm 1 2,single,scale_1.0_rot_0_flip_0,2.8641364574432373
42,3,800 ppm 4 10,single,scale_1.0_rot_0_flip_0,2.115286111831665
42,3,800 ppm 3 10,single,scale_1.0_rot_0_flip_0,2.0946857929229736
42,3,600 ppm 4 2,single,scale_1.0_rot_0_flip_0,4.457624435424805
42,3,600 ppm 5 9,single,scale_1.0_rot_0_flip_0,5.412443161010742
42,3,600 ppm 4 3,single,scale_1.0_rot_0_flip_0,3.9721009731292725
42,3,600 ppm 2 3,single,scale_1.0_rot_0_flip_0,5.901696681976318
42,3,400 ppm 1 8,single,scale_1.0_rot_0_flip_0,4.4389729499816895
42,3,800 ppm 2 6,single,scale_1.0_rot_0_flip_0,2.47520112991333
42,3,400 ppm 3 3,single,scale_1.0_rot_0_flip_0,2.5051634311676025
42,3,400 ppm 4 7,single,scale_1.0_rot_0_flip_0,2.2543277740478516
42,3,400 ppm 1 1,single,scale_1.0_rot_0_flip_0,2.197781801223755
42,3,600 ppm 3 2,single,scale_1.0_rot_0_flip_0,2.323887825012207
42,3,400 ppm 2 5,single,scale_1.0_rot_0_flip_0,1.8027061223983765
42,3,800 ppm 2 10,single,scale_1.0_rot_0_flip_0,3.5466253757476807
42,3,400 ppm 2 6,single,scale_1.0_rot_0_flip_0,3.037212610244751
42,3,400 ppm 2 2,single,scale_1.0_rot_0_flip_0,2.441972255706787
42,3,800 ppm 1 3,single,scale_1.0_rot_0_flip_0,2.9331514835357666
42,3,400 ppm 5 7,single,scale_1.0_rot_0_flip_0,3.5375869274139404
42,3,1000 ppm 3 1,single,scale_1.0_rot_0_flip_0,3.749810218811035
42,3,1000 ppm 2 9,single,scale_1.0_rot_0_flip_0,4.040780544281006
42,3,1000 ppm 2 6,single,scale_1.0_rot_0_flip_0,3.3446366786956787
42,3,400 ppm 2 1,single,scale_1.0_rot_0_flip_0,2.4329755306243896
42,3,800 ppm 4 2,single,scale_1.0_rot_0_flip_0,6.0282793045043945
42,3,800 ppm 1 6,single,scale_1.0_rot_0_flip_0,3.552795648574829
42,3,800 ppm 4 3,single,scale_1.0_rot_0_flip_0,3.6827425956726074
42,3,1000 ppm 5 5,single,scale_1.0_rot_0_flip_0,4.620031356811523
42,3,600 ppm 5 6,single,scale_1.0_rot_0_flip_0,3.0043580532073975
42,3,400 ppm 5 3,single,scale_1.0_rot_0_flip_0,5.049784183502197
42,3,600 ppm 1 6,single,scale_1.0_rot_0_flip_0,5.085148334503174
42,3,1000 ppm 1 6,single,scale_1.0_rot_0_flip_0,4.598509788513184
42,3,800 ppm 5 2,single,scale_1.0_rot_0_flip_0,3.354053258895874
42,3,c 2,single,scale_1.0_rot_0_flip_0,1.6226603984832764
42,3,800 ppm 2 2,single,scale_1.0_rot_0_flip_0,2.620971441268921
42,3,400 ppm 5 9,single,scale_1.0_rot_0_flip_0,5.08071756362915
42,3,400 ppm 2 8,single,scale_1.0_rot_0_flip_0,2.8080620765686035
42,3,400 ppm 1 4,single,scale_1.0_rot_0_flip_0,3.1535003185272217
42,3,1000 ppm 2 2,single,scale_1.0_rot_0_flip_0,2.8540241718292236
42,3,400 ppm 5 6,d4,scale_1.0_rot_0_flip_0,2.215721368789673
42,3,800 ppm 5 6,d4,scale_1.0_rot_0_flip_0,4.904461860656738
42,3,800 ppm 1 8,d4,scale_1.0_rot_0_flip_0,3.8070409297943115
42,3,400 ppm 1 7,d4,scale_1.0_rot_0_flip_0,4.27325439453125
42,3,400 ppm 3 8,d4,scale_1.0_rot_0_flip_0,2.6553122997283936
42,3,1000 ppm 4 10,d4,scale_1.0_rot_0_flip_0,3.8155455589294434
42,3,600 ppm 4 1,d4,scale_1.0_rot_0_flip_0,2.5257341861724854
42,3,400 ppm 4 2,d4,scale_1.0_rot_0_flip_0,3.7138092517852783
42,3,1000 ppm 3 7,d4,scale_1.0_rot_0_flip_0,3.0239651203155518
42,3,800 ppm 4 1,d4,scale_1.0_rot_0_flip_0,4.366664886474609
42,3,600 ppm 1 10,d4,scale_1.0_rot_0_flip_0,3.961289405822754
42,3,400 ppm 5 4,d4,scale_1.0_rot_0_flip_0,3.6732404232025146
42,3,1000 ppm 1 10,d4,scale_1.0_rot_0_flip_0,4.569275856018066
42,3,800 ppm 5 1,d4,scale_1.0_rot_0_flip_0,2.931574583053589
42,3,1000 ppm 1 2,d4,scale_1.0_rot_0_flip_0,2.8641364574432373
42,3,800 ppm 4 10,d4,scale_1.0_rot_0_flip_0,2.115286111831665
42,3,800 ppm 3 10,d4,scale_1.0_rot_0_flip_0,2.0946857929229736
42,3,600 ppm 4 2,d4,scale_1.0_rot_0_flip_0,4.457624435424805
42,3,600 ppm 5 9,d4,scale_1.0_rot_0_flip_0,5.412443161010742
42,3,600 ppm 4 3,d4,scale_1.0_rot_0_flip_0,3.9721009731292725
42,3,600 ppm 2 3,d4,scale_1.0_rot_0_flip_0,5.901696681976318
42,3,400 ppm 1 8,d4,scale_1.0_rot_0_flip_0,4.4389729499816895
42,3,800 ppm 2 6,d4,scale_1.0_rot_0_flip_0,2.47520112991333
42,3,400 ppm 3 3,d4,scale_1.0_rot_0_flip_0,2.5051634311676025
42,3,400 ppm 4 7,d4,scale_1.0_rot_0_flip_0,2.2543277740478516
42,3,400 ppm 1 1,d4,scale_1.0_rot_0_flip_0,2.197781801223755
42,3,600 ppm 3 2,d4,scale_1.0_rot_0_flip_0,2.323887825012207
42,3,400 ppm 2 5,d4,scale_1.0_rot_0_flip_0,1.8027061223983765
42,3,800 ppm 2 10,d4,scale_1.0_rot_0_flip_0,3.5466253757476807
42,3,400 ppm 2 6,d4,scale_1.0_rot_0_flip_0,3.037212610244751
42,3,400 ppm 2 2,d4,scale_1.0_rot_0_flip_0,2.441972255706787
42,3,800 ppm 1 3,d4,scale_1.0_rot_0_flip_0,2.9331514835357666
42,3,400 ppm 5 7,d4,scale_1.0_rot_0_flip_0,3.5375869274139404
42,3,1000 ppm 3 1,d4,scale_1.0_rot_0_flip_0,3.749810218811035
42,3,1000 ppm 2 9,d4,scale_1.0_rot_0_flip_0,4.040780544281006
42,3,1000 ppm 2 6,d4,scale_1.0_rot_0_flip_0,3.3446366786956787
42,3,400 ppm 2 1,d4,scale_1.0_rot_0_flip_0,2.4329755306243896
42,3,800 ppm 4 2,d4,scale_1.0_rot_0_flip_0,6.0282793045043945
42,3,800 ppm 1 6,d4,scale_1.0_rot_0_flip_0,3.552795648574829
42,3,800 ppm 4 3,d4,scale_1.0_rot_0_flip_0,3.6827425956726074
42,3,1000 ppm 5 5,d4,scale_1.0_rot_0_flip_0,4.620031356811523
42,3,600 ppm 5 6,d4,scale_1.0_rot_0_flip_0,3.0043580532073975
42,3,400 ppm 5 3,d4,scale_1.0_rot_0_flip_0,5.049784183502197
42,3,600 ppm 1 6,d4,scale_1.0_rot_0_flip_0,5.085148334503174
42,3,1000 ppm 1 6,d4,scale_1.0_rot_0_flip_0,4.598509788513184
42,3,800 ppm 5 2,d4,scale_1.0_rot_0_flip_0,3.354053258895874
42,3,c 2,d4,scale_1.0_rot_0_flip_0,1.6226603984832764
42,3,800 ppm 2 2,d4,scale_1.0_rot_0_flip_0,2.620971441268921
42,3,400 ppm 5 9,d4,scale_1.0_rot_0_flip_0,5.08071756362915
42,3,400 ppm 2 8,d4,scale_1.0_rot_0_flip_0,2.8080620765686035
42,3,400 ppm 1 4,d4,scale_1.0_rot_0_flip_0,3.1535003185272217
42,3,1000 ppm 2 2,d4,scale_1.0_rot_0_flip_0,2.8540241718292236
42,3,400 ppm 5 6,d4,scale_1.0_rot_0_flip_1,2.5641729831695557
42,3,800 ppm 5 6,d4,scale_1.0_rot_0_flip_1,5.270246505737305
42,3,800 ppm 1 8,d4,scale_1.0_rot_0_flip_1,3.7466607093811035
42,3,400 ppm 1 7,d4,scale_1.0_rot_0_flip_1,4.342659950256348
42,3,400 ppm 3 8,d4,scale_1.0_rot_0_flip_1,2.355949640274048
42,3,1000 ppm 4 10,d4,scale_1.0_rot_0_flip_1,3.22383189201355
42,3,600 ppm 4 1,d4,scale_1.0_rot_0_flip_1,2.310542345046997
42,3,400 ppm 4 2,d4,scale_1.0_rot_0_flip_1,3.6363348960876465
42,3,1000 ppm 3 7,d4,scale_1.0_rot_0_flip_1,3.128629446029663
42,3,800 ppm 4 1,d4,scale_1.0_rot_0_flip_1,4.30017614364624
42,3,600 ppm 1 10,d4,scale_1.0_rot_0_flip_1,4.273505210876465
42,3,400 ppm 5 4,d4,scale_1.0_rot_0_flip_1,3.9680683612823486
42,3,1000 ppm 1 10,d4,scale_1.0_rot_0_flip_1,4.754680633544922
42,3,800 ppm 5 1,d4,scale_1.0_rot_0_flip_1,3.1106045246124268
42,3,1000 ppm 1 2,d4,scale_1.0_rot_0_flip_1,2.739377737045288
42,3,800 ppm 4 10,d4,scale_1.0_rot_0_flip_1,1.7985985279083252
42,3,800 ppm 3 10,d4,scale_1.0_rot_0_flip_1,1.8271219730377197
42,3,600 ppm 4 2,d4,scale_1.0_rot_0_flip_1,4.4452900886535645
42,3,600 ppm 5 9,d4,scale_1.0_rot_0_flip_1,5.472007751464844
42,3,600 ppm 4 3,d4,scale_1.0_rot_0_flip_1,3.853022813796997
42,3,600 ppm 2 3,d4,scale_1.0_rot_0_flip_1,5.474696159362793
42,3,400 ppm 1 8,d4,scale_1.0_rot_0_flip_1,4.159990310668945
42,3,800 ppm 2 6,d4,scale_1.0_rot_0_flip_1,3.3664779663085938
42,3,400 ppm 3 3,d4,scale_1.0_rot_0_flip_1,2.607621908187866
42,3,400 ppm 4 7,d4,scale_1.0_rot_0_flip_1,2.265531539916992
42,3,400 ppm 1 1,d4,scale_1.0_rot_0_flip_1,2.239952802658081
42,3,600 ppm 3 2,d4,scale_1.0_rot_0_flip_1,2.396610736846924
42,3,400 ppm 2 5,d4,scale_1.0_rot_0_flip_1,1.943329095840454
42,3,800 ppm 2 10,d4,scale_1.0_rot_0_flip_1,3.659749746322632
42,3,400 ppm 2 6,d4,scale_1.0_rot_0_flip_1,2.719836711883545
42,3,400 ppm 2 2,d4,scale_1.0_rot_0_flip_1,2.2887258529663086
42,3,800 ppm 1 3,d4,scale_1.0_rot_0_flip_1,3.4371392726898193
42,3,400 ppm 5 7,d4,scale_1.0_rot_0_flip_1,3.536271572113037
42,3,1000 ppm 3 1,d4,scale_1.0_rot_0_flip_1,3.5421817302703857
42,3,1000 ppm 2 9,d4,scale_1.0_rot_0_flip_1,3.9751698970794678
42,3,1000 ppm 2 6,d4,scale_1.0_rot_0_flip_1,3.757479190826416
42,3,400 ppm 2 1,d4,scale_1.0_rot_0_flip_1,2.245546579360962
42,3,800 ppm 4 2,d4,scale_1.0_rot_0_flip_1,5.335766792297363
42,3,800 ppm 1 6,d4,scale_1.0_rot_0_flip_1,3.506301164627075
42,3,800 ppm 4 3,d4,scale_1.0_rot_0_flip_1,2.961127281188965
42,3,1000 ppm 5 5,d4,scale_1.0_rot_0_flip_1,4.915321350097656
42,3,600 ppm 5 6,d4,scale_1.0_rot_0_flip_1,2.6283624172210693
42,3,400 ppm 5 3,d4,scale_1.0_rot_0_flip_1,4.810968399047852
42,3,600 ppm 1 6,d4,scale_1.0_rot_0_flip_1,5.220203399658203
42,3,1000 ppm 1 6,d4,scale_1.0_rot_0_flip_1,4.304475784301758
42,3,800 ppm 5 2,d4,scale_1.0_rot_0_flip_1,3.0974888801574707
42,3,c 2,d4,scale_1.0_rot_0_flip_1,1.539603352546692
42,3,800 ppm 2 2,d4,scale_1.0_rot_0_flip_1,3.1585474014282227
42,3,400 ppm 5 9,d4,scale_1.0_rot_0_flip_1,4.830183029174805
42,3,400 ppm 2 8,d4,scale_1.0_rot_0_flip_1,2.815960645675659
42,3,400 ppm 1 4,d4,scale_1.0_rot_0_flip_1,3.408165216445923
42,3,1000 ppm 2 2,d4,scale_1.0_rot_0_flip_1,3.0962514877319336
42,3,400 ppm 5 6,d4,scale_1.0_rot_90_flip_0,2.813737630844116
42,3,800 ppm 5 6,d4,scale_1.0_rot_90_flip_0,6.005870819091797
42,3,800 ppm 1 8,d4,scale_1.0_rot_90_flip_0,3.3439319133758545
42,3,400 ppm 1 7,d4,scale_1.0_rot_90_flip_0,4.3210768699646
42,3,400 ppm 3 8,d4,scale_1.0_rot_90_flip_0,3.9960837364196777
42,3,1000 ppm 4 10,d4,scale_1.0_rot_90_flip_0,5.0281877517700195
42,3,600 ppm 4 1,d4,scale_1.0_rot_90_flip_0,3.6463675498962402
42,3,400 ppm 4 2,d4,scale_1.0_rot_90_flip_0,4.796689033508301
42,3,1000 ppm 3 7,d4,scale_1.0_rot_90_flip_0,3.490924835205078
42,3,800 ppm 4 1,d4,scale_1.0_rot_90_flip_0,3.7657575607299805
42,3,600 ppm 1 10,d4,scale_1.0_rot_90_flip_0,4.030522346496582
42,3,400 ppm 5 4,d4,scale_1.0_rot_90_flip_0,3.7732341289520264
42,3,1000 ppm 1 10,d4,scale_1.0_rot_90_flip_0,5.171854019165039
42,3,800 ppm 5 1,d4,scale_1.0_rot_90_flip_0,3.832167387008667
42,3,1000 ppm 1 2,d4,scale_1.0_rot_90_flip_0,3.6293771266937256
42,3,800 ppm 4 10,d4,scale_1.0_rot_90_flip_0,2.5966713428497314
42,3,800 ppm 3 10,d4,scale_1.0_rot_90_flip_0,2.9371581077575684
42,3,600 ppm 4 2,d4,scale_1.0_rot_90_flip_0,5.576308727264404
42,3,600 ppm 5 9,d4,scale_1.0_rot_90_flip_0,5.938785552978516
42,3,600 ppm 4 3,d4,scale_1.0_rot_90_flip_0,4.316068172454834
42,3,600 ppm 2 3,d4,scale_1.0_rot_90_flip_0,5.154300689697266
42,3,400 ppm 1 8,d4,scale_1.0_rot_90_flip_0,5.02841854095459
42,3,800 ppm 2 6,d4,scale_1.0_rot_90_flip_0,4.508100509643555
42,3,400 ppm 3 3,d4,scale_1.0_rot_90_flip_0,3.190253973007202
42,3,400 ppm 4 7,d4,scale_1.0_rot_90_flip_0,2.612236738204956
42,3,400 ppm 1 1,d4,scale_1.0_rot_90_flip_0,2.3284687995910645
42,3,600 ppm 3 2,d4,scale_1.0_rot_90_flip_0,2.710474967956543
42,3,400 ppm 2 5,d4,scale_1.0_rot_90_flip_0,2.2044858932495117
42,3,800 ppm 2 10,d4,scale_1.0_rot_90_flip_0,4.242346286773682
42,3,400 ppm 2 6,d4,scale_1.0_rot_90_flip_0,3.93200945854187
42,3,400 ppm 2 2,d4,scale_1.0_rot_90_flip_0,3.071270227432251
42,3,800 ppm 1 3,d4,scale_1.0_rot_90_flip_0,4.244879722595215
42,3,400 ppm 5 7,d4,scale_1.0_rot_90_flip_0,3.9555256366729736
42,3,1000 ppm 3 1,d4,scale_1.0_rot_90_flip_0,4.180931091308594
42,3,1000 ppm 2 9,d4,scale_1.0_rot_90_flip_0,5.424300193786621
42,3,1000 ppm 2 6,d4,scale_1.0_rot_90_flip_0,3.786785840988159
42,3,400 ppm 2 1,d4,scale_1.0_rot_90_flip_0,2.453070878982544
42,3,800 ppm 4 2,d4,scale_1.0_rot_90_flip_0,6.847628116607666
42,3,800 ppm 1 6,d4,scale_1.0_rot_90_flip_0,3.415686845779419
42,3,800 ppm 4 3,d4,scale_1.0_rot_90_flip_0,3.5373525619506836
42,3,1000 ppm 5 5,d4,scale_1.0_rot_90_flip_0,4.7704572677612305
42,3,600 ppm 5 6,d4,scale_1.0_rot_90_flip_0,3.442448377609253
42,3,400 ppm 5 3,d4,scale_1.0_rot_90_flip_0,4.284916877746582
42,3,600 ppm 1 6,d4,scale_1.0_rot_90_flip_0,5.678079605102539
42,3,1000 ppm 1 6,d4,scale_1.0_rot_90_flip_0,4.864052772521973
42,3,800 ppm 5 2,d4,scale_1.0_rot_90_flip_0,3.849558115005493
42,3,c 2,d4,scale_1.0_rot_90_flip_0,1.8293548822402954
42,3,800 ppm 2 2,d4,scale_1.0_rot_90_flip_0,3.137545108795166
42,3,400 ppm 5 9,d4,scale_1.0_rot_90_flip_0,5.0332441329956055
42,3,400 ppm 2 8,d4,scale_1.0_rot_90_flip_0,2.6790995597839355
42,3,400 ppm 1 4,d4,scale_1.0_rot_90_flip_0,3.97344708442688
42,3,1000 ppm 2 2,d4,scale_1.0_rot_90_flip_0,4.071749210357666
42,3,400 ppm 5 6,d4,scale_1.0_rot_90_flip_1,2.7334492206573486
42,3,800 ppm 5 6,d4,scale_1.0_rot_90_flip_1,6.203082084655762
42,3,800 ppm 1 8,d4,scale_1.0_rot_90_flip_1,3.4734251499176025
42,3,400 ppm 1 7,d4,scale_1.0_rot_90_flip_1,4.297221660614014
42,3,400 ppm 3 8,d4,scale_1.0_rot_90_flip_1,3.8286945819854736
42,3,1000 ppm 4 10,d4,scale_1.0_rot_90_flip_1,4.860527038574219
42,3,600 ppm 4 1,d4,scale_1.0_rot_90_flip_1,3.8345324993133545
42,3,400 ppm 4 2,d4,scale_1.0_rot_90_flip_1,4.6823625564575195
42,3,1000 ppm 3 7,d4,scale_1.0_rot_90_flip_1,3.3409647941589355
42,3,800 ppm 4 1,d4,scale_1.0_rot_90_flip_1,4.33815860748291
42,3,600 ppm 1 10,d4,scale_1.0_rot_90_flip_1,3.7572410106658936
42,3,400 ppm 5 4,d4,scale_1.0_rot_90_flip_1,3.7903852462768555
42,3,1000 ppm 1 10,d4,scale_1.0_rot_90_flip_1,5.237276077270508
42,3,800 ppm 5 1,d4,scale_1.0_rot_90_flip_1,3.4302666187286377
42,3,1000 ppm 1 2,d4,scale_1.0_rot_90_flip_1,3.5575029850006104
42,3,800 ppm 4 10,d4,scale_1.0_rot_90_flip_1,2.9630930423736572
42,3,800 ppm 3 10,d4,scale_1.0_rot_90_flip_1,2.94722580909729
42,3,600 ppm 4 2,d4,scale_1.0_rot_90_flip_1,5.6545610427856445
42,3,600 ppm 5 9,d4,scale_1.0_rot_90_flip_1,6.3852434158325195
42,3,600 ppm 4 3,d4,scale_1.0_rot_90_flip_1,5.038419246673584
42,3,600 ppm 2 3,d4,scale_1.0_rot_90_flip_1,5.081315994262695
42,3,400 ppm 1 8,d4,scale_1.0_rot_90_flip_1,4.431063175201416
42,3,800 ppm 2 6,d4,scale_1.0_rot_90_flip_1,4.480920791625977
42,3,400 ppm 3 3,d4,scale_1.0_rot_90_flip_1,3.0956170558929443
42,3,400 ppm 4 7,d4,scale_1.0_rot_90_flip_1,2.7870209217071533
42,3,400 ppm 1 1,d4,scale_1.0_rot_90_flip_1,2.710991621017456
42,3,600 ppm 3 2,d4,scale_1.0_rot_90_flip_1,2.806856870651245
42,3,400 ppm 2 5,d4,scale_1.0_rot_90_flip_1,2.260530948638916
42,3,800 ppm 2 10,d4,scale_1.0_rot_90_flip_1,4.361831188201904
42,3,400 ppm 2 6,d4,scale_1.0_rot_90_flip_1,4.103180408477783
42,3,400 ppm 2 2,d4,scale_1.0_rot_90_flip_1,2.814354181289673
42,3,800 ppm 1 3,d4,scale_1.0_rot_90_flip_1,4.742117881774902
42,3,400 ppm 5 7,d4,scale_1.0_rot_90_flip_1,3.940524101257324
42,3,1000 ppm 3 1,d4,scale_1.0_rot_90_flip_1,3.959728479385376
42,3,1000 ppm 2 9,d4,scale_1.0_rot_90_flip_1,4.991734027862549
42,3,1000 ppm 2 6,d4,scale_1.0_rot_90_flip_1,3.677206039428711
42,3,400 ppm 2 1,d4,scale_1.0_rot_90_flip_1,2.640620470046997
42,3,800 ppm 4 2,d4,scale_1.0_rot_90_flip_1,7.093278884887695
42,3,800 ppm 1 6,d4,scale_1.0_rot_90_flip_1,3.9824721813201904
42,3,800 ppm 4 3,d4,scale_1.0_rot_90_flip_1,3.6970818042755127
42,3,1000 ppm 5 5,d4,scale_1.0_rot_90_flip_1,4.861980438232422
42,3,600 ppm 5 6,d4,scale_1.0_rot_90_flip_1,3.2985827922821045
42,3,400 ppm 5 3,d4,scale_1.0_rot_90_flip_1,4.11262321472168
42,3,600 ppm 1 6,d4,scale_1.0_rot_90_flip_1,5.760761260986328
42,3,1000 ppm 1 6,d4,scale_1.0_rot_90_flip_1,4.537466049194336
42,3,800 ppm 5 2,d4,scale_1.0_rot_90_flip_1,4.023722171783447
42,3,c 2,d4,scale_1.0_rot_90_flip_1,1.8627642393112183
42,3,800 ppm 2 2,d4,scale_1.0_rot_90_flip_1,2.977473497390747
42,3,400 ppm 5 9,d4,scale_1.0_rot_90_flip_1,4.889286994934082
42,3,400 ppm 2 8,d4,scale_1.0_rot_90_flip_1,2.704301595687866
42,3,400 ppm 1 4,d4,scale_1.0_rot_90_flip_1,4.003366470336914
42,3,1000 ppm 2 2,d4,scale_1.0_rot_90_flip_1,4.520918369293213
42,3,400 ppm 5 6,d4,scale_1.0_rot_180_flip_0,2.7359778881073
42,3,800 ppm 5 6,d4,scale_1.0_rot_180_flip_0,5.266736030578613
42,3,800 ppm 1 8,d4,scale_1.0_rot_180_flip_0,3.169999361038208
42,3,400 ppm 1 7,d4,scale_1.0_rot_180_flip_0,4.317474842071533
42,3,400 ppm 3 8,d4,scale_1.0_rot_180_flip_0,2.764122247695923
42,3,1000 ppm 4 10,d4,scale_1.0_rot_180_flip_0,3.763550043106079
42,3,600 ppm 4 1,d4,scale_1.0_rot_180_flip_0,3.357234477996826
42,3,400 ppm 4 2,d4,scale_1.0_rot_180_flip_0,3.522559881210327
42,3,1000 ppm 3 7,d4,scale_1.0_rot_180_flip_0,3.2814557552337646
42,3,800 ppm 4 1,d4,scale_1.0_rot_180_flip_0,4.160970687866211
42,3,600 ppm 1 10,d4,scale_1.0_rot_180_flip_0,4.228094100952148
42,3,400 ppm 5 4,d4,scale_1.0_rot_180_flip_0,3.0603225231170654
42,3,1000 ppm 1 10,d4,scale_1.0_rot_180_flip_0,4.49117374420166
42,3,800 ppm 5 1,d4,scale_1.0_rot_180_flip_0,2.9480533599853516
42,3,1000 ppm 1 2,d4,scale_1.0_rot_180_flip_0,3.281817674636841
42,3,800 ppm 4 10,d4,scale_1.0_rot_180_flip_0,2.38995623588562
42,3,800 ppm 3 10,d4,scale_1.0_rot_180_flip_0,2.2019660472869873
42,3,600 ppm 4 2,d4,scale_1.0_rot_180_flip_0,3.870496988296509
42,3,600 ppm 5 9,d4,scale_1.0_rot_180_flip_0,5.001654624938965
42,3,600 ppm 4 3,d4,scale_1.0_rot_180_flip_0,4.419632911682129
42,3,600 ppm 2 3,d4,scale_1.0_rot_180_flip_0,5.440217018127441
42,3,400 ppm 1 8,d4,scale_1.0_rot_180_flip_0,4.192262172698975
42,3,800 ppm 2 6,d4,scale_1.0_rot_180_flip_0,3.147540330886841
42,3,400 ppm 3 3,d4,scale_1.0_rot_180_flip_0,2.6315486431121826
42,3,400 ppm 4 7,d4,scale_1.0_rot_180_flip_0,2.8241569995880127
42,3,400 ppm 1 1,d4,scale_1.0_rot_180_flip_0,1.9074394702911377
42,3,600 ppm 3 2,d4,scale_1.0_rot_180_flip_0,2.570549726486206
42,3,400 ppm 2 5,d4,scale_1.0_rot_180_flip_0,2.410291910171509
42,3,800 ppm 2 10,d4,scale_1.0_rot_180_flip_0,4.37615966796875
42,3,400 ppm 2 6,d4,scale_1.0_rot_180_flip_0,2.70671010017395
42,3,400 ppm 2 2,d4,scale_1.0_rot_180_flip_0,2.6240508556365967
42,3,800 ppm 1 3,d4,scale_1.0_rot_180_flip_0,2.7614943981170654
42,3,400 ppm 5 7,d4,scale_1.0_rot_180_flip_0,3.6621575355529785
42,3,1000 ppm 3 1,d4,scale_1.0_rot_180_flip_0,3.3922061920166016
42,3,1000 ppm 2 9,d4,scale_1.0_rot_180_flip_0,3.822699785232544
42,3,1000 ppm 2 6,d4,scale_1.0_rot_180_flip_0,3.8038017749786377
42,3,400 ppm 2 1,d4,scale_1.0_rot_180_flip_0,2.3882389068603516
42,3,800 ppm 4 2,d4,scale_1.0_rot_180_flip_0,6.080776214599609
42,3,800 ppm 1 6,d4,scale_1.0_rot_180_flip_0,3.317925214767456
42,3,800 ppm 4 3,d4,scale_1.0_rot_180_flip_0,3.5538876056671143
42,3,1000 ppm 5 5,d4,scale_1.0_rot_180_flip_0,4.336602210998535
42,3,600 ppm 5 6,d4,scale_1.0_rot_180_flip_0,2.5716159343719482
42,3,400 ppm 5 3,d4,scale_1.0_rot_180_flip_0,4.602672576904297
42,3,600 ppm 1 6,d4,scale_1.0_rot_180_flip_0,4.817562103271484
42,3,1000 ppm 1 6,d4,scale_1.0_rot_180_flip_0,5.413643836975098
42,3,800 ppm 5 2,d4,scale_1.0_rot_180_flip_0,3.685591459274292
42,3,c 2,d4,scale_1.0_rot_180_flip_0,1.6609208583831787
42,3,800 ppm 2 2,d4,scale_1.0_rot_180_flip_0,3.847059488296509
42,3,400 ppm 5 9,d4,scale_1.0_rot_180_flip_0,4.647327423095703
42,3,400 ppm 2 8,d4,scale_1.0_rot_180_flip_0,3.1739156246185303
42,3,400 ppm 1 4,d4,scale_1.0_rot_180_flip_0,3.640608310699463
42,3,1000 ppm 2 2,d4,scale_1.0_rot_180_flip_0,3.4443423748016357
42,3,400 ppm 5 6,d4,scale_1.0_rot_180_flip_1,2.814253568649292
42,3,800 ppm 5 6,d4,scale_1.0_rot_180_flip_1,5.408549785614014
42,3,800 ppm 1 8,d4,scale_1.0_rot_180_flip_1,3.4742870330810547
42,3,400 ppm 1 7,d4,scale_1.0_rot_180_flip_1,3.99108624458313
42,3,400 ppm 3 8,d4,scale_1.0_rot_180_flip_1,2.6488125324249268
42,3,1000 ppm 4 10,d4,scale_1.0_rot_180_flip_1,4.203092575073242
42,3,600 ppm 4 1,d4,scale_1.0_rot_180_flip_1,3.098046064376831
42,3,400 ppm 4 2,d4,scale_1.0_rot_180_flip_1,3.691574811935425
42,3,1000 ppm 3 7,d4,scale_1.0_rot_180_flip_1,3.204033613204956
42,3,800 ppm 4 1,d4,scale_1.0_rot_180_flip_1,3.7196133136749268
42,3,600 ppm 1 10,d4,scale_1.0_rot_180_flip_1,3.7982664108276367
42,3,400 ppm 5 4,d4,scale_1.0_rot_180_flip_1,3.2531678676605225
42,3,1000 ppm 1 10,d4,scale_1.0_rot_180_flip_1,4.685126781463623
42,3,800 ppm 5 1,d4,scale_1.0_rot_180_flip_1,3.087263584136963
42,3,1000 ppm 1 2,d4,scale_1.0_rot_180_flip_1,3.4374289512634277
42,3,800 ppm 4 10,d4,scale_1.0_rot_180_flip_1,2.593172311782837
42,3,800 ppm 3 10,d4,scale_1.0_rot_180_flip_1,2.539736032485962
42,3,600 ppm 4 2,d4,scale_1.0_rot_180_flip_1,4.3716301918029785
42,3,600 ppm 5 9,d4,scale_1.0_rot_180_flip_1,5.742258548736572
42,3,600 ppm 4 3,d4,scale_1.0_rot_180_flip_1,3.8617069721221924
42,3,600 ppm 2 3,d4,scale_1.0_rot_180_flip_1,5.204530715942383
42,3,400 ppm 1 8,d4,scale_1.0_rot_180_flip_1,3.9587924480438232
42,3,800 ppm 2 6,d4,scale_1.0_rot_180_flip_1,3.0784804821014404
42,3,400 ppm 3 3,d4,scale_1.0_rot_180_flip_1,2.8546149730682373
42,3,400 ppm 4 7,d4,scale_1.0_rot_180_flip_1,2.5989041328430176
42,3,400 ppm 1 1,d4,scale_1.0_rot_180_flip_1,2.0513782501220703
42,3,600 ppm 3 2,d4,scale_1.0_rot_180_flip_1,2.829235315322876
42,3,400 ppm 2 5,d4,scale_1.0_rot_180_flip_1,2.0465142726898193
42,3,800 ppm 2 10,d4,scale_1.0_rot_180_flip_1,4.122811317443848
42,3,400 ppm 2 6,d4,scale_1.0_rot_180_flip_1,2.732043504714966
42,3,400 ppm 2 2,d4,scale_1.0_rot_180_flip_1,2.232762098312378
42,3,800 ppm 1 3,d4,scale_1.0_rot_180_flip_1,2.7179276943206787
42,3,400 ppm 5 7,d4,scale_1.0_rot_180_flip_1,3.6573283672332764
42,3,1000 ppm 3 1,d4,scale_1.0_rot_180_flip_1,3.8158233165740967
42,3,1000 ppm 2 9,d4,scale_1.0_rot_180_flip_1,4.4187726974487305
42,3,1000 ppm 2 6,d4,scale_1.0_rot_180_flip_1,3.60663104057312
42,3,400 ppm 2 1,d4,scale_1.0_rot_180_flip_1,2.569467067718506
42,3,800 ppm 4 2,d4,scale_1.0_rot_180_flip_1,5.358684539794922
42,3,800 ppm 1 6,d4,scale_1.0_rot_180_flip_1,3.0849664211273193
42,3,800 ppm 4 3,d4,scale_1.0_rot_180_flip_1,3.8378167152404785
42,3,1000 ppm 5 5,d4,scale_1.0_rot_180_flip_1,4.397695541381836
42,3,600 ppm 5 6,d4,scale_1.0_rot_180_flip_1,2.470349073410034
42,3,400 ppm 5 3,d4,scale_1.0_rot_180_flip_1,5.012030124664307
42,3,600 ppm 1 6,d4,scale_1.0_rot_180_flip_1,5.210139274597168
42,3,1000 ppm 1 6,d4,scale_1.0_rot_180_flip_1,4.718411445617676
42,3,800 ppm 5 2,d4,scale_1.0_rot_180_flip_1,3.7601916790008545
42,3,c 2,d4,scale_1.0_rot_180_flip_1,1.931739091873169
42,3,800 ppm 2 2,d4,scale_1.0_rot_180_flip_1,3.2796852588653564
42,3,400 ppm 5 9,d4,scale_1.0_rot_180_flip_1,4.752553939819336
42,3,400 ppm 2 8,d4,scale_1.0_rot_180_flip_1,3.0458123683929443
42,3,400 ppm 1 4,d4,scale_1.0_rot_180_flip_1,3.550112724304199
42,3,1000 ppm 2 2,d4,scale_1.0_rot_180_flip_1,3.425208806991577
42,3,400 ppm 5 6,d4,scale_1.0_rot_270_flip_0,3.441321611404419
42,3,800 ppm 5 6,d4,scale_1.0_rot_270_flip_0,6.311058521270752
42,3,800 ppm 1 8,d4,scale_1.0_rot_270_flip_0,3.8375351428985596
42,3,400 ppm 1 7,d4,scale_1.0_rot_270_flip_0,4.784503936767578
42,3,400 ppm 3 8,d4,scale_1.0_rot_270_flip_0,3.297466516494751
42,3,1000 ppm 4 10,d4,scale_1.0_rot_270_flip_0,4.603208065032959
42,3,600 ppm 4 1,d4,scale_1.0_rot_270_flip_0,3.130676031112671
42,3,400 ppm 4 2,d4,scale_1.0_rot_270_flip_0,5.228020668029785
42,3,1000 ppm 3 7,d4,scale_1.0_rot_270_flip_0,4.211662292480469
42,3,800 ppm 4 1,d4,scale_1.0_rot_270_flip_0,4.1407389640808105
42,3,600 ppm 1 10,d4,scale_1.0_rot_270_flip_0,4.268001079559326
42,3,400 ppm 5 4,d4,scale_1.0_rot_270_flip_0,3.4906837940216064
42,3,1000 ppm 1 10,d4,scale_1.0_rot_270_flip_0,5.560646057128906
42,3,800 ppm 5 1,d4,scale_1.0_rot_270_flip_0,3.22511625289917
42,3,1000 ppm 1 2,d4,scale_1.0_rot_270_flip_0,4.055123805999756
42,3,800 ppm 4 10,d4,scale_1.0_rot_270_flip_0,3.616245746612549
42,3,800 ppm 3 10,d4,scale_1.0_rot_270_flip_0,3.021962881088257
42,3,600 ppm 4 2,d4,scale_1.0_rot_270_flip_0,5.254828453063965
42,3,600 ppm 5 9,d4,scale_1.0_rot_270_flip_0,5.645257949829102
42,3,600 ppm 4 3,d4,scale_1.0_rot_270_flip_0,4.85874605178833
42,3,600 ppm 2 3,d4,scale_1.0_rot_270_flip_0,6.337240695953369
42,3,400 ppm 1 8,d4,scale_1.0_rot_270_flip_0,4.900359630584717
42,3,800 ppm 2 6,d4,scale_1.0_rot_270_flip_0,3.349536657333374
42,3,400 ppm 3 3,d4,scale_1.0_rot_270_flip_0,2.7284350395202637
42,3,400 ppm 4 7,d4,scale_1.0_rot_270_flip_0,2.5463716983795166
42,3,400 ppm 1 1,d4,scale_1.0_rot_270_flip_0,2.1829988956451416
42,3,600 ppm 3 2,d4,scale_1.0_rot_270_flip_0,3.512748956680298
42,3,400 ppm 2 5,d4,scale_1.0_rot_270_flip_0,1.4514174461364746
42,3,800 ppm 2 10,d4,scale_1.0_rot_270_flip_0,4.354343414306641
42,3,400 ppm 2 6,d4,scale_1.0_rot_270_flip_0,3.567042589187622
42,3,400 ppm 2 2,d4,scale_1.0_rot_270_flip_0,2.794520616531372
42,3,800 ppm 1 3,d4,scale_1.0_rot_270_flip_0,4.564355850219727
42,3,400 ppm 5 7,d4,scale_1.0_rot_270_flip_0,3.9278640747070312
42,3,1000 ppm 3 1,d4,scale_1.0_rot_270_flip_0,4.398089408874512
42,3,1000 ppm 2 9,d4,scale_1.0_rot_270_flip_0,4.654447078704834
42,3,1000 ppm 2 6,d4,scale_1.0_rot_270_flip_0,4.4056077003479
42,3,400 ppm 2 1,d4,scale_1.0_rot_270_flip_0,3.1385648250579834
42,3,800 ppm 4 2,d4,scale_1.0_rot_270_flip_0,5.953317165374756
42,3,800 ppm 1 6,d4,scale_1.0_rot_270_flip_0,3.1736395359039307
42,3,800 ppm 4 3,d4,scale_1.0_rot_270_flip_0,3.6376421451568604
42,3,1000 ppm 5 5,d4,scale_1.0_rot_270_flip_0,5.824584007263184
42,3,600 ppm 5 6,d4,scale_1.0_rot_270_flip_0,2.5696804523468018
42,3,400 ppm 5 3,d4,scale_1.0_rot_270_flip_0,4.230068683624268
42,3,600 ppm 1 6,d4,scale_1.0_rot_270_flip_0,4.950108528137207
42,3,1000 ppm 1 6,d4,scale_1.0_rot_270_flip_0,3.7721784114837646
42,3,800 ppm 5 2,d4,scale_1.0_rot_270_flip_0,4.821187973022461
42,3,c 2,d4,scale_1.0_rot_270_flip_0,2.150172710418701
42,3,800 ppm 2 2,d4,scale_1.0_rot_270_flip_0,3.6640875339508057
42,3,400 ppm 5 9,d4,scale_1.0_rot_270_flip_0,4.715517044067383
42,3,400 ppm 2 8,d4,scale_1.0_rot_270_flip_0,3.084820032119751
42,3,400 ppm 1 4,d4,scale_1.0_rot_270_flip_0,3.16361927986145
42,3,1000 ppm 2 2,d4,scale_1.0_rot_270_flip_0,3.325721025466919
42,3,400 ppm 5 6,d4,scale_1.0_rot_270_flip_1,3.2186498641967773
42,3,800 ppm 5 6,d4,scale_1.0_rot_270_flip_1,6.160358428955078
42,3,800 ppm 1 8,d4,scale_1.0_rot_270_flip_1,3.4544901847839355
42,3,400 ppm 1 7,d4,scale_1.0_rot_270_flip_1,4.530938148498535
42,3,400 ppm 3 8,d4,scale_1.0_rot_270_flip_1,4.0409722328186035
42,3,1000 ppm 4 10,d4,scale_1.0_rot_270_flip_1,4.465132236480713
42,3,600 ppm 4 1,d4,scale_1.0_rot_270_flip_1,3.4252288341522217
42,3,400 ppm 4 2,d4,scale_1.0_rot_270_flip_1,5.088549613952637
42,3,1000 ppm 3 7,d4,scale_1.0_rot_270_flip_1,4.65261697769165
42,3,800 ppm 4 1,d4,scale_1.0_rot_270_flip_1,3.669466495513916
42,3,600 ppm 1 10,d4,scale_1.0_rot_270_flip_1,4.833352088928223
42,3,400 ppm 5 4,d4,scale_1.0_rot_270_flip_1,3.673428535461426
42,3,1000 ppm 1 10,d4,scale_1.0_rot_270_flip_1,5.651612281799316
42,3,800 ppm 5 1,d4,scale_1.0_rot_270_flip_1,3.4627671241760254
42,3,1000 ppm 1 2,d4,scale_1.0_rot_270_flip_1,3.6259305477142334
42,3,800 ppm 4 10,d4,scale_1.0_rot_270_flip_1,3.251847982406616
42,3,800 ppm 3 10,d4,scale_1.0_rot_270_flip_1,3.2565324306488037
42,3,600 ppm 4 2,d4,scale_1.0_rot_270_flip_1,5.185127258300781
42,3,600 ppm 5 9,d4,scale_1.0_rot_270_flip_1,5.967519760131836
42,3,600 ppm 4 3,d4,scale_1.0_rot_270_flip_1,4.446881294250488
42,3,600 ppm 2 3,d4,scale_1.0_rot_270_flip_1,6.435785293579102
42,3,400 ppm 1 8,d4,scale_1.0_rot_270_flip_1,4.663193702697754
42,3,800 ppm 2 6,d4,scale_1.0_rot_270_flip_1,3.667135000228882
42,3,400 ppm 3 3,d4,scale_1.0_rot_270_flip_1,3.172743082046509
42,3,400 ppm 4 7,d4,scale_1.0_rot_270_flip_1,2.5994722843170166
42,3,400 ppm 1 1,d4,scale_1.0_rot_270_flip_1,2.202829599380493
42,3,600 ppm 3 2,d4,scale_1.0_rot_270_flip_1,3.4018394947052
42,3,400 ppm 2 5,d4,scale_1.0_rot_270_flip_1,1.8036525249481201
42,3,800 ppm 2 10,d4,scale_1.0_rot_270_flip_1,4.3524370193481445
42,3,400 ppm 2 6,d4,scale_1.0_rot_270_flip_1,4.194687843322754
42,3,400 ppm 2 2,d4,scale_1.0_rot_270_flip_1,2.689805507659912
42,3,800 ppm 1 3,d4,scale_1.0_rot_270_flip_1,5.159224033355713
42,3,400 ppm 5 7,d4,scale_1.0_rot_270_flip_1,4.039607524871826
42,3,1000 ppm 3 1,d4,scale_1.0_rot_270_flip_1,4.589036464691162
42,3,1000 ppm 2 9,d4,scale_1.0_rot_270_flip_1,4.924714088439941
42,3,1000 ppm 2 6,d4,scale_1.0_rot_270_flip_1,4.058535575866699
42,3,400 ppm 2 1,d4,scale_1.0_rot_270_flip_1,3.2354280948638916
42,3,800 ppm 4 2,d4,scale_1.0_rot_270_flip_1,6.576897621154785
42,3,800 ppm 1 6,d4,scale_1.0_rot_270_flip_1,3.4105172157287598
42,3,800 ppm 4 3,d4,scale_1.0_rot_270_flip_1,3.950378179550171
42,3,1000 ppm 5 5,d4,scale_1.0_rot_270_flip_1,5.56142520904541
42,3,600 ppm 5 6,d4,scale_1.0_rot_270_flip_1,3.1859335899353027
42,3,400 ppm 5 3,d4,scale_1.0_rot_270_flip_1,4.589563369750977
42,3,600 ppm 1 6,d4,scale_1.0_rot_270_flip_1,5.428523063659668
42,3,1000 ppm 1 6,d4,scale_1.0_rot_270_flip_1,4.043143272399902
42,3,800 ppm 5 2,d4,scale_1.0_rot_270_flip_1,4.295339107513428
42,3,c 2,d4,scale_1.0_rot_270_flip_1,2.4492437839508057
42,3,800 ppm 2 2,d4,scale_1.0_rot_270_flip_1,3.2345213890075684
42,3,400 ppm 5 9,d4,scale_1.0_rot_270_flip_1,5.431575298309326
42,3,400 ppm 2 8,d4,scale_1.0_rot_270_flip_1,2.695250988006592
42,3,400 ppm 1 4,d4,scale_1.0_rot_270_flip_1,3.821430206298828
42,3,1000 ppm 2 2,d4,scale_1.0_rot_270_flip_1,3.5246787071228027
42,4,1000 ppm 1 3,single,scale_1.0_rot_0_flip_0,3.2978579998016357
42,4,400 ppm 4 6,single,scale_1.0_rot_0_flip_0,2.559018850326538
42,4,600 ppm 3 1,single,scale_1.0_rot_0_flip_0,4.145866394042969
42,4,400 ppm 3 5,single,scale_1.0_rot_0_flip_0,2.3418564796447754
42,4,c 10,single,scale_1.0_rot_0_flip_0,1.2048228979110718
42,4,400 ppm 1 2,single,scale_1.0_rot_0_flip_0,2.774064064025879
42,4,800 ppm 2 4,single,scale_1.0_rot_0_flip_0,2.32511568069458
42,4,800 ppm 5 4,single,scale_1.0_rot_0_flip_0,5.045987129211426
42,4,1000 ppm 1 4,single,scale_1.0_rot_0_flip_0,3.6722614765167236
42,4,1000 ppm 4 2,single,scale_1.0_rot_0_flip_0,4.533807754516602
42,4,400 ppm 2 3,single,scale_1.0_rot_0_flip_0,2.6212124824523926
42,4,600 ppm 1 3,single,scale_1.0_rot_0_flip_0,3.1636226177215576
42,4,400 ppm 5 5,single,scale_1.0_rot_0_flip_0,2.8639557361602783
42,4,800 ppm 3 7,single,scale_1.0_rot_0_flip_0,1.8006629943847656
42,4,400 ppm 1 9,single,scale_1.0_rot_0_flip_0,3.564373254776001
42,4,800 ppm 5 3,single,scale_1.0_rot_0_flip_0,4.272734642028809
42,4,800 ppm 3 6,single,scale_1.0_rot_0_flip_0,3.204354763031006
42,4,1000 ppm 4 8,single,scale_1.0_rot_0_flip_0,4.59522819519043
42,4,800 ppm 4 8,single,scale_1.0_rot_0_flip_0,2.9712305068969727
42,4,400 ppm 4 9,single,scale_1.0_rot_0_flip_0,3.1201119422912598
42,4,c 7,single,scale_1.0_rot_0_flip_0,1.3779993057250977
42,4,800 ppm 1 5,single,scale_1.0_rot_0_flip_0,4.475549697875977
42,4,600 ppm 2 7,single,scale_1.0_rot_0_flip_0,4.452188491821289
42,4,600 ppm 1 7,single,scale_1.0_rot_0_flip_0,3.4307327270507812
42,4,1000 ppm 3 6,single,scale_1.0_rot_0_flip_0,3.440826416015625
42,4,1000 ppm 1 9,single,scale_1.0_rot_0_flip_0,4.472718238830566
42,4,800 ppm 2 7,single,scale_1.0_rot_0_flip_0,6.238827705383301
42,4,800 ppm 3 2,single,scale_1.0_rot_0_flip_0,3.167281150817871
42,4,1000 ppm 4 6,single,scale_1.0_rot_0_flip_0,3.847900867462158
42,4,600 ppm 1 4,single,scale_1.0_rot_0_flip_0,2.2755513191223145
42,4,600 ppm 3 10,single,scale_1.0_rot_0_flip_0,1.1997827291488647
42,4,600 ppm 5 8,single,scale_1.0_rot_0_flip_0,1.8932403326034546
42,4,c 5,single,scale_1.0_rot_0_flip_0,1.789656639099121
42,4,600 ppm 3 9,single,scale_1.0_rot_0_flip_0,2.875908374786377
42,4,1000 ppm 5 10,single,scale_1.0_rot_0_flip_0,4.512983322143555
42,4,600 ppm 5 1,single,scale_1.0_rot_0_flip_0,1.7821897268295288
42,4,600 ppm 1 1,single,scale_1.0_rot_0_flip_0,3.317950963973999
42,4,800 ppm 5 10,single,scale_1.0_rot_0_flip_0,3.000741720199585
42,4,400 ppm 4 5,single,scale_1.0_rot_0_flip_0,2.6459460258483887
42,4,600 ppm 3 8,single,scale_1.0_rot_0_flip_0,2.9916446208953857
42,4,800 ppm 3 8,single,scale_1.0_rot_0_flip_0,2.718484878540039
42,4,1000 ppm 5 6,single,scale_1.0_rot_0_flip_0,3.718045711517334
42,4,600 ppm 4 8,single,scale_1.0_rot_0_flip_0,4.770808219909668
42,4,800 ppm 3 5,single,scale_1.0_rot_0_flip_0,2.661733388900757
42,4,400 ppm 3 1,single,scale_1.0_rot_0_flip_0,1.90300714969635
42,4,400 ppm 3 6,single,scale_1.0_rot_0_flip_0,1.9953677654266357
42,4,600 ppm 4 10,single,scale_1.0_rot_0_flip_0,4.217856407165527
42,4,1000 ppm 4 1,single,scale_1.0_rot_0_flip_0,3.5625526905059814
42,4,400 ppm 4 10,single,scale_1.0_rot_0_flip_0,3.543473720550537
42,4,600 ppm 3 3,single,scale_1.0_rot_0_flip_0,2.206233024597168
42,4,400 ppm 3 4,single,scale_1.0_rot_0_flip_0,3.356757164001465
42,4,1000 ppm 2 3,single,scale_1.0_rot_0_flip_0,2.1634323596954346
42,4,1000 ppm 1 3,d4,scale_1.0_rot_0_flip_0,3.2978579998016357
42,4,400 ppm 4 6,d4,scale_1.0_rot_0_flip_0,2.559018850326538
42,4,600 ppm 3 1,d4,scale_1.0_rot_0_flip_0,4.145866394042969
42,4,400 ppm 3 5,d4,scale_1.0_rot_0_flip_0,2.3418564796447754
42,4,c 10,d4,scale_1.0_rot_0_flip_0,1.2048228979110718
42,4,400 ppm 1 2,d4,scale_1.0_rot_0_flip_0,2.774064064025879
42,4,800 ppm 2 4,d4,scale_1.0_rot_0_flip_0,2.32511568069458
42,4,800 ppm 5 4,d4,scale_1.0_rot_0_flip_0,5.045987129211426
42,4,1000 ppm 1 4,d4,scale_1.0_rot_0_flip_0,3.6722614765167236
42,4,1000 ppm 4 2,d4,scale_1.0_rot_0_flip_0,4.533807754516602
42,4,400 ppm 2 3,d4,scale_1.0_rot_0_flip_0,2.6212124824523926
42,4,600 ppm 1 3,d4,scale_1.0_rot_0_flip_0,3.1636226177215576
42,4,400 ppm 5 5,d4,scale_1.0_rot_0_flip_0,2.8639557361602783
42,4,800 ppm 3 7,d4,scale_1.0_rot_0_flip_0,1.8006629943847656
42,4,400 ppm 1 9,d4,scale_1.0_rot_0_flip_0,3.564373254776001
42,4,800 ppm 5 3,d4,scale_1.0_rot_0_flip_0,4.272734642028809
42,4,800 ppm 3 6,d4,scale_1.0_rot_0_flip_0,3.204354763031006
42,4,1000 ppm 4 8,d4,scale_1.0_rot_0_flip_0,4.59522819519043
42,4,800 ppm 4 8,d4,scale_1.0_rot_0_flip_0,2.9712305068969727
42,4,400 ppm 4 9,d4,scale_1.0_rot_0_flip_0,3.1201119422912598
42,4,c 7,d4,scale_1.0_rot_0_flip_0,1.3779993057250977
42,4,800 ppm 1 5,d4,scale_1.0_rot_0_flip_0,4.475549697875977
42,4,600 ppm 2 7,d4,scale_1.0_rot_0_flip_0,4.452188491821289
42,4,600 ppm 1 7,d4,scale_1.0_rot_0_flip_0,3.4307327270507812
42,4,1000 ppm 3 6,d4,scale_1.0_rot_0_flip_0,3.440826416015625
42,4,1000 ppm 1 9,d4,scale_1.0_rot_0_flip_0,4.472718238830566
42,4,800 ppm 2 7,d4,scale_1.0_rot_0_flip_0,6.238827705383301
42,4,800 ppm 3 2,d4,scale_1.0_rot_0_flip_0,3.167281150817871
42,4,1000 ppm 4 6,d4,scale_1.0_rot_0_flip_0,3.847900867462158
42,4,600 ppm 1 4,d4,scale_1.0_rot_0_flip_0,2.2755513191223145
42,4,600 ppm 3 10,d4,scale_1.0_rot_0_flip_0,1.1997827291488647
42,4,600 ppm 5 8,d4,scale_1.0_rot_0_flip_0,1.8932403326034546
42,4,c 5,d4,scale_1.0_rot_0_flip_0,1.789656639099121
42,4,600 ppm 3 9,d4,scale_1.0_rot_0_flip_0,2.875908374786377
42,4,1000 ppm 5 10,d4,scale_1.0_rot_0_flip_0,4.512983322143555
42,4,600 ppm 5 1,d4,scale_1.0_rot_0_flip_0,1.7821897268295288
42,4,600 ppm 1 1,d4,scale_1.0_rot_0_flip_0,3.317950963973999
42,4,800 ppm 5 10,d4,scale_1.0_rot_0_flip_0,3.000741720199585
42,4,400 ppm 4 5,d4,scale_1.0_rot_0_flip_0,2.6459460258483887
42,4,600 ppm 3 8,d4,scale_1.0_rot_0_flip_0,2.9916446208953857
42,4,800 ppm 3 8,d4,scale_1.0_rot_0_flip_0,2.718484878540039
42,4,1000 ppm 5 6,d4,scale_1.0_rot_0_flip_0,3.718045711517334
42,4,600 ppm 4 8,d4,scale_1.0_rot_0_flip_0,4.770808219909668
42,4,800 ppm 3 5,d4,scale_1.0_rot_0_flip_0,2.661733388900757
42,4,400 ppm 3 1,d4,scale_1.0_rot_0_flip_0,1.90300714969635
42,4,400 ppm 3 6,d4,scale_1.0_rot_0_flip_0,1.9953677654266357
42,4,600 ppm 4 10,d4,scale_1.0_rot_0_flip_0,4.217856407165527
42,4,1000 ppm 4 1,d4,scale_1.0_rot_0_flip_0,3.5625526905059814
42,4,400 ppm 4 10,d4,scale_1.0_rot_0_flip_0,3.543473720550537
42,4,600 ppm 3 3,d4,scale_1.0_rot_0_flip_0,2.206233024597168
42,4,400 ppm 3 4,d4,scale_1.0_rot_0_flip_0,3.356757164001465
42,4,1000 ppm 2 3,d4,scale_1.0_rot_0_flip_0,2.1634323596954346
42,4,1000 ppm 1 3,d4,scale_1.0_rot_0_flip_1,3.78363299369812
42,4,400 ppm 4 6,d4,scale_1.0_rot_0_flip_1,2.730278968811035
42,4,600 ppm 3 1,d4,scale_1.0_rot_0_flip_1,4.107635974884033
42,4,400 ppm 3 5,d4,scale_1.0_rot_0_flip_1,2.054661750793457
42,4,c 10,d4,scale_1.0_rot_0_flip_1,1.3267072439193726
42,4,400 ppm 1 2,d4,scale_1.0_rot_0_flip_1,2.7053070068359375
42,4,800 ppm 2 4,d4,scale_1.0_rot_0_flip_1,2.2851834297180176
42,4,800 ppm 5 4,d4,scale_1.0_rot_0_flip_1,4.610152721405029
42,4,1000 ppm 1 4,d4,scale_1.0_rot_0_flip_1,3.841425657272339
42,4,1000 ppm 4 2,d4,scale_1.0_rot_0_flip_1,4.2560715675354
42,4,400 ppm 2 3,d4,scale_1.0_rot_0_flip_1,2.675197124481201
42,4,600 ppm 1 3,d4,scale_1.0_rot_0_flip_1,3.266409158706665
42,4,400 ppm 5 5,d4,scale_1.0_rot_0_flip_1,3.224442958831787
42,4,800 ppm 3 7,d4,scale_1.0_rot_0_flip_1,2.3327698707580566
42,4,400 ppm 1 9,d4,scale_1.0_rot_0_flip_1,3.729461431503296
42,4,800 ppm 5 3,d4,scale_1.0_rot_0_flip_1,4.225996017456055
42,4,800 ppm 3 6,d4,scale_1.0_rot_0_flip_1,3.6132919788360596
42,4,1000 ppm 4 8,d4,scale_1.0_rot_0_flip_1,5.40595817565918
42,4,800 ppm 4 8,d4,scale_1.0_rot_0_flip_1,2.8086204528808594
42,4,400 ppm 4 9,d4,scale_1.0_rot_0_flip_1,3.0328173637390137
42,4,c 7,d4,scale_1.0_rot_0_flip_1,1.1451404094696045
42,4,800 ppm 1 5,d4,scale_1.0_rot_0_flip_1,4.762192249298096
42,4,600 ppm 2 7,d4,scale_1.0_rot_0_flip_1,4.1623382568359375
42,4,600 ppm 1 7,d4,scale_1.0_rot_0_flip_1,3.242765426635742
42,4,1000 ppm 3 6,d4,scale_1.0_rot_0_flip_1,3.470151901245117
42,4,1000 ppm 1 9,d4,scale_1.0_rot_0_flip_1,4.811088562011719
42,4,800 ppm 2 7,d4,scale_1.0_rot_0_flip_1,5.515811443328857
42,4,800 ppm 3 2,d4,scale_1.0_rot_0_flip_1,3.0815720558166504
42,4,1000 ppm 4 6,d4,scale_1.0_rot_0_flip_1,3.2560482025146484
42,4,600 ppm 1 4,d4,scale_1.0_rot_0_flip_1,2.6376633644104004
42,4,600 ppm 3 10,d4,scale_1.0_rot_0_flip_1,1.0695997476577759
42,4,600 ppm 5 8,d4,scale_1.0_rot_0_flip_1,1.9423502683639526
42,4,c 5,d4,scale_1.0_rot_0_flip_1,1.6286667585372925
42,4,600 ppm 3 9,d4,scale_1.0_rot_0_flip_1,3.3467323780059814
42,4,1000 ppm 5 10,d4,scale_1.0_rot_0_flip_1,4.820295810699463
42,4,600 ppm 5 1,d4,scale_1.0_rot_0_flip_1,1.9057527780532837
42,4,600 ppm 1 1,d4,scale_1.0_rot_0_flip_1,2.778404712677002
42,4,800 ppm 5 10,d4,scale_1.0_rot_0_flip_1,3.3928329944610596
42,4,400 ppm 4 5,d4,scale_1.0_rot_0_flip_1,2.7538774013519287
42,4,600 ppm 3 8,d4,scale_1.0_rot_0_flip_1,2.8581016063690186
42,4,800 ppm 3 8,d4,scale_1.0_rot_0_flip_1,2.8426671028137207
42,4,1000 ppm 5 6,d4,scale_1.0_rot_0_flip_1,3.5739283561706543
42,4,600 ppm 4 8,d4,scale_1.0_rot_0_flip_1,4.6765007972717285
42,4,800 ppm 3 5,d4,scale_1.0_rot_0_flip_1,2.1737868785858154
42,4,400 ppm 3 1,d4,scale_1.0_rot_0_flip_1,1.604142427444458
42,4,400 ppm 3 6,d4,scale_1.0_rot_0_flip_1,1.9599474668502808
42,4,600 ppm 4 10,d4,scale_1.0_rot_0_flip_1,3.8699300289154053
42,4,1000 ppm 4 1,d4,scale_1.0_rot_0_flip_1,3.860743761062622
42,4,400 ppm 4 10,d4,scale_1.0_rot_0_flip_1,3.166741371154785
42,4,600 ppm 3 3,d4,scale_1.0_rot_0_flip_1,2.2425436973571777
42,4,400 ppm 3 4,d4,scale_1.0_rot_0_flip_1,3.7131805419921875
42,4,1000 ppm 2 3,d4,scale_1.0_rot_0_flip_1,2.349391222000122
42,4,1000 ppm 1 3,d4,scale_1.0_rot_90_flip_0,3.9323434829711914
42,4,400 ppm 4 6,d4,scale_1.0_rot_90_flip_0,3.2631022930145264
42,4,600 ppm 3 1,d4,scale_1.0_rot_90_flip_0,5.584997653961182
42,4,400 ppm 3 5,d4,scale_1.0_rot_90_flip_0,3.025256633758545
42,4,c 10,d4,scale_1.0_rot_90_flip_0,1.981742024421692
42,4,400 ppm 1 2,d4,scale_1.0_rot_90_flip_0,3.002513885498047
42,4,800 ppm 2 4,d4,scale_1.0_rot_90_flip_0,3.5756778717041016
42,4,800 ppm 5 4,d4,scale_1.0_rot_90_flip_0,3.3466076850891113
42,4,1000 ppm 1 4,d4,scale_1.0_rot_90_flip_0,4.313542366027832
42,4,1000 ppm 4 2,d4,scale_1.0_rot_90_flip_0,5.36460018157959
42,4,400 ppm 2 3,d4,scale_1.0_rot_90_flip_0,3.4102580547332764
42,4,600 ppm 1 3,d4,scale_1.0_rot_90_flip_0,4.602403163909912
42,4,400 ppm 5 5,d4,scale_1.0_rot_90_flip_0,3.5491418838500977
42,4,800 ppm 3 7,d4,scale_1.0_rot_90_flip_0,2.980436325073242
42,4,400 ppm 1 9,d4,scale_1.0_rot_90_flip_0,3.9491665363311768
42,4,800 ppm 5 3,d4,scale_1.0_rot_90_flip_0,4.511999130249023
42,4,800 ppm 3 6,d4,scale_1.0_rot_90_flip_0,4.059657573699951
42,4,1000 ppm 4 8,d4,scale_1.0_rot_90_flip_0,5.5539116859436035
42,4,800 ppm 4 8,d4,scale_1.0_rot_90_flip_0,2.740053653717041
42,4,400 ppm 4 9,d4,scale_1.0_rot_90_flip_0,3.407290458679199
42,4,c 7,d4,scale_1.0_rot_90_flip_0,1.9832185506820679
42,4,800 ppm 1 5,d4,scale_1.0_rot_90_flip_0,4.71049165725708
42,4,600 ppm 2 7,d4,scale_1.0_rot_90_flip_0,4.804891586303711
42,4,600 ppm 1 7,d4,scale_1.0_rot_90_flip_0,3.896768808364868
42,4,1000 ppm 3 6,d4,scale_1.0_rot_90_flip_0,4.499398708343506
42,4,1000 ppm 1 9,d4,scale_1.0_rot_90_flip_0,5.193631649017334
42,4,800 ppm 2 7,d4,scale_1.0_rot_90_flip_0,5.358253002166748
42,4,800 ppm 3 2,d4,scale_1.0_rot_90_flip_0,3.668534994125366
42,4,1000 ppm 4 6,d4,scale_1.0_rot_90_flip_0,4.651174068450928
42,4,600 ppm 1 4,d4,scale_1.0_rot_90_flip_0,2.9501678943634033
42,4,600 ppm 3 10,d4,scale_1.0_rot_90_flip_0,1.4099897146224976
42,4,600 ppm 5 8,d4,scale_1.0_rot_90_flip_0,2.5379161834716797
42,4,c 5,d4,scale_1.0_rot_90_flip_0,1.9642175436019897
42,4,600 ppm 3 9,d4,scale_1.0_rot_90_flip_0,3.0537452697753906
42,4,1000 ppm 5 10,d4,scale_1.0_rot_90_flip_0,4.313218116760254
42,4,600 ppm 5 1,d4,scale_1.0_rot_90_flip_0,2.2047853469848633
42,4,600 ppm 1 1,d4,scale_1.0_rot_90_flip_0,3.7519237995147705
42,4,800 ppm 5 10,d4,scale_1.0_rot_90_flip_0,4.549616813659668
42,4,400 ppm 4 5,d4,scale_1.0_rot_90_flip_0,3.628730535507202
42,4,600 ppm 3 8,d4,scale_1.0_rot_90_flip_0,2.2917988300323486
42,4,800 ppm 3 8,d4,scale_1.0_rot_90_flip_0,3.4248201847076416
42,4,1000 ppm 5 6,d4,scale_1.0_rot_90_flip_0,3.878627061843872
42,4,600 ppm 4 8,d4,scale_1.0_rot_90_flip_0,4.333331108093262
42,4,800 ppm 3 5,d4,scale_1.0_rot_90_flip_0,2.2321484088897705
42,4,400 ppm 3 1,d4,scale_1.0_rot_90_flip_0,2.6764137744903564
42,4,400 ppm 3 6,d4,scale_1.0_rot_90_flip_0,2.796966314315796
42,4,600 ppm 4 10,d4,scale_1.0_rot_90_flip_0,4.13570499420166
42,4,1000 ppm 4 1,d4,scale_1.0_rot_90_flip_0,4.209200859069824
42,4,400 ppm 4 10,d4,scale_1.0_rot_90_flip_0,3.682119369506836
42,4,600 ppm 3 3,d4,scale_1.0_rot_90_flip_0,2.5416979789733887
42,4,400 ppm 3 4,d4,scale_1.0_rot_90_flip_0,4.1903605461120605
42,4,1000 ppm 2 3,d4,scale_1.0_rot_90_flip_0,3.1926913261413574
42,4,1000 ppm 1 3,d4,scale_1.0_rot_90_flip_1,3.88993763923645
42,4,400 ppm 4 6,d4,scale_1.0_rot_90_flip_1,3.447958469390869
42,4,600 ppm 3 1,d4,scale_1.0_rot_90_flip_1,5.1664628982543945
42,4,400 ppm 3 5,d4,scale_1.0_rot_90_flip_1,3.2850544452667236
42,4,c 10,d4,scale_1.0_rot_90_flip_1,2.1886539459228516
42,4,400 ppm 1 2,d4,scale_1.0_rot_90_flip_1,2.9126410484313965
42,4,800 ppm 2 4,d4,scale_1.0_rot_90_flip_1,4.051689147949219
42,4,800 ppm 5 4,d4,scale_1.0_rot_90_flip_1,3.4826598167419434
42,4,1000 ppm 1 4,d4,scale_1.0_rot_90_flip_1,4.010197162628174
42,4,1000 ppm 4 2,d4,scale_1.0_rot_90_flip_1,5.170594692230225
42,4,400 ppm 2 3,d4,scale_1.0_rot_90_flip_1,3.8481452465057373
42,4,600 ppm 1 3,d4,scale_1.0_rot_90_flip_1,4.89366340637207
42,4,400 ppm 5 5,d4,scale_1.0_rot_90_flip_1,3.7470154762268066
42,4,800 ppm 3 7,d4,scale_1.0_rot_90_flip_1,2.409031867980957
42,4,400 ppm 1 9,d4,scale_1.0_rot_90_flip_1,3.069673776626587
42,4,800 ppm 5 3,d4,scale_1.0_rot_90_flip_1,4.379624366760254
42,4,800 ppm 3 6,d4,scale_1.0_rot_90_flip_1,4.67781925201416
42,4,1000 ppm 4 8,d4,scale_1.0_rot_90_flip_1,5.230405330657959
42,4,800 ppm 4 8,d4,scale_1.0_rot_90_flip_1,3.099238395690918
42,4,400 ppm 4 9,d4,scale_1.0_rot_90_flip_1,3.6188883781433105
42,4,c 7,d4,scale_1.0_rot_90_flip_1,1.7458441257476807
42,4,800 ppm 1 5,d4,scale_1.0_rot_90_flip_1,5.123894691467285
42,4,600 ppm 2 7,d4,scale_1.0_rot_90_flip_1,5.070060729980469
42,4,600 ppm 1 7,d4,scale_1.0_rot_90_flip_1,4.040535926818848
42,4,1000 ppm 3 6,d4,scale_1.0_rot_90_flip_1,4.264350891113281
42,4,1000 ppm 1 9,d4,scale_1.0_rot_90_flip_1,4.958991527557373
42,4,800 ppm 2 7,d4,scale_1.0_rot_90_flip_1,4.475396156311035
42,4,800 ppm 3 2,d4,scale_1.0_rot_90_flip_1,3.443620443344116
42,4,1000 ppm 4 6,d4,scale_1.0_rot_90_flip_1,3.5729122161865234
42,4,600 ppm 1 4,d4,scale_1.0_rot_90_flip_1,3.016679286956787
42,4,600 ppm 3 10,d4,scale_1.0_rot_90_flip_1,1.2265814542770386
42,4,600 ppm 5 8,d4,scale_1.0_rot_90_flip_1,3.003706455230713
42,4,c 5,d4,scale_1.0_rot_90_flip_1,2.064394474029541
42,4,600 ppm 3 9,d4,scale_1.0_rot_90_flip_1,2.8328857421875
42,4,1000 ppm 5 10,d4,scale_1.0_rot_90_flip_1,3.7664995193481445
42,4,600 ppm 5 1,d4,scale_1.0_rot_90_flip_1,1.6166945695877075
42,4,600 ppm 1 1,d4,scale_1.0_rot_90_flip_1,3.595233917236328
42,4,800 ppm 5 10,d4,scale_1.0_rot_90_flip_1,3.933429718017578
42,4,400 ppm 4 5,d4,scale_1.0_rot_90_flip_1,3.855558156967163
42,4,600 ppm 3 8,d4,scale_1.0_rot_90_flip_1,2.1757402420043945
42,4,800 ppm 3 8,d4,scale_1.0_rot_90_flip_1,3.797243595123291
42,4,1000 ppm 5 6,d4,scale_1.0_rot_90_flip_1,4.207199573516846
42,4,600 ppm 4 8,d4,scale_1.0_rot_90_flip_1,4.568970680236816
42,4,800 ppm 3 5,d4,scale_1.0_rot_90_flip_1,2.1322786808013916
42,4,400 ppm 3 1,d4,scale_1.0_rot_90_flip_1,2.3848061561584473
42,4,400 ppm 3 6,d4,scale_1.0_rot_90_flip_1,3.403420925140381
42,4,600 ppm 4 10,d4,scale_1.0_rot_90_flip_1,4.587541580200195
42,4,1000 ppm 4 1,d4,scale_1.0_rot_90_flip_1,3.633415937423706
42,4,400 ppm 4 10,d4,scale_1.0_rot_90_flip_1,3.9078216552734375
42,4,600 ppm 3 3,d4,scale_1.0_rot_90_flip_1,2.567880392074585
42,4,400 ppm 3 4,d4,scale_1.0_rot_90_flip_1,4.113572120666504
42,4,1000 ppm 2 3,d4,scale_1.0_rot_90_flip_1,3.0538249015808105
42,4,1000 ppm 1 3,d4,scale_1.0_rot_180_flip_0,3.38642954826355
42,4,400 ppm 4 6,d4,scale_1.0_rot_180_flip_0,3.0464017391204834
42,4,600 ppm 3 1,d4,scale_1.0_rot_180_flip_0,4.781218528747559
42,4,400 ppm 3 5,d4,scale_1.0_rot_180_flip_0,2.0628180503845215
42,4,c 10,d4,scale_1.0_rot_180_flip_0,1.5526487827301025
42,4,400 ppm 1 2,d4,scale_1.0_rot_180_flip_0,2.1957285404205322
42,4,800 ppm 2 4,d4,scale_1.0_rot_180_flip_0,3.207791805267334
42,4,800 ppm 5 4,d4,scale_1.0_rot_180_flip_0,4.5203857421875
42,4,1000 ppm 1 4,d4,scale_1.0_rot_180_flip_0,3.7711338996887207
42,4,1000 ppm 4 2,d4,scale_1.0_rot_180_flip_0,4.799088954925537
42,4,400 ppm 2 3,d4,scale_1.0_rot_180_flip_0,3.311021566390991
42,4,600 ppm 1 3,d4,scale_1.0_rot_180_flip_0,3.9394330978393555
42,4,400 ppm 5 5,d4,scale_1.0_rot_180_flip_0,3.9912190437316895
42,4,800 ppm 3 7,d4,scale_1.0_rot_180_flip_0,3.8131346702575684
42,4,400 ppm 1 9,d4,scale_1.0_rot_180_flip_0,4.330312728881836
42,4,800 ppm 5 3,d4,scale_1.0_rot_180_flip_0,3.3739516735076904
42,4,800 ppm 3 6,d4,scale_1.0_rot_180_flip_0,3.6330018043518066
42,4,1000 ppm 4 8,d4,scale_1.0_rot_180_flip_0,4.735473155975342
42,4,800 ppm 4 8,d4,scale_1.0_rot_180_flip_0,2.075948476791382
42,4,400 ppm 4 9,d4,scale_1.0_rot_180_flip_0,3.0695152282714844
42,4,c 7,d4,scale_1.0_rot_180_flip_0,0.8186047673225403
42,4,800 ppm 1 5,d4,scale_1.0_rot_180_flip_0,4.585156440734863
42,4,600 ppm 2 7,d4,scale_1.0_rot_180_flip_0,4.327009677886963
42,4,600 ppm 1 7,d4,scale_1.0_rot_180_flip_0,3.63287615776062
42,4,1000 ppm 3 6,d4,scale_1.0_rot_180_flip_0,3.896968364715576
42,4,1000 ppm 1 9,d4,scale_1.0_rot_180_flip_0,4.644179344177246
42,4,800 ppm 2 7,d4,scale_1.0_rot_180_flip_0,4.354241371154785
42,4,800 ppm 3 2,d4,scale_1.0_rot_180_flip_0,3.8673272132873535
42,4,1000 ppm 4 6,d4,scale_1.0_rot_180_flip_0,3.9106717109680176
42,4,600 ppm 1 4,d4,scale_1.0_rot_180_flip_0,3.1557211875915527
42,4,600 ppm 3 10,d4,scale_1.0_rot_180_flip_0,1.8510743379592896
42,4,600 ppm 5 8,d4,scale_1.0_rot_180_flip_0,2.848803758621216
42,4,c 5,d4,scale_1.0_rot_180_flip_0,2.659101963043213
42,4,600 ppm 3 9,d4,scale_1.0_rot_180_flip_0,2.5478768348693848
42,4,1000 ppm 5 10,d4,scale_1.0_rot_180_flip_0,5.274951457977295
42,4,600 ppm 5 1,d4,scale_1.0_rot_180_flip_0,2.2847530841827393
42,4,600 ppm 1 1,d4,scale_1.0_rot_180_flip_0,3.3786373138427734
42,4,800 ppm 5 10,d4,scale_1.0_rot_180_flip_0,3.07753324508667
42,4,400 ppm 4 5,d4,scale_1.0_rot_180_flip_0,3.376884937286377
42,4,600 ppm 3 8,d4,scale_1.0_rot_180_flip_0,3.223180055618286
42,4,800 ppm 3 8,d4,scale_1.0_rot_180_flip_0,2.873377561569214
42,4,1000 ppm 5 6,d4,scale_1.0_rot_180_flip_0,3.7415425777435303
42,4,600 ppm 4 8,d4,scale_1.0_rot_180_flip_0,4.107978820800781
42,4,800 ppm 3 5,d4,scale_1.0_rot_180_flip_0,2.5422959327697754
42,4,400 ppm 3 1,d4,scale_1.0_rot_180_flip_0,2.046236038208008
42,4,400 ppm 3 6,d4,scale_1.0_rot_180_flip_0,2.114823341369629
42,4,600 ppm 4 10,d4,scale_1.0_rot_180_flip_0,4.60031795501709
42,4,1000 ppm 4 1,d4,scale_1.0_rot_180_flip_0,3.660013437271118
42,4,400 ppm 4 10,d4,scale_1.0_rot_180_flip_0,3.607161045074463
42,4,600 ppm 3 3,d4,scale_1.0_rot_180_flip_0,2.294423818588257
42,4,400 ppm 3 4,d4,scale_1.0_rot_180_flip_0,3.5975351333618164
42,4,1000 ppm 2 3,d4,scale_1.0_rot_180_flip_0,2.676987648010254
42,4,1000 ppm 1 3,d4,scale_1.0_rot_180_flip_1,3.2858705520629883
42,4,400 ppm 4 6,d4,scale_1.0_rot_180_flip_1,2.7490971088409424
42,4,600 ppm 3 1,d4,scale_1.0_rot_180_flip_1,4.36287784576416
42,4,400 ppm 3 5,d4,scale_1.0_rot_180_flip_1,2.132429838180542
42,4,c 10,d4,scale_1.0_rot_180_flip_1,1.2122386693954468
42,4,400 ppm 1 2,d4,scale_1.0_rot_180_flip_1,2.7614779472351074
42,4,800 ppm 2 4,d4,scale_1.0_rot_180_flip_1,3.0284876823425293
42,4,800 ppm 5 4,d4,scale_1.0_rot_180_flip_1,4.1028032302856445
42,4,1000 ppm 1 4,d4,scale_1.0_rot_180_flip_1,3.8524656295776367
42,4,1000 ppm 4 2,d4,scale_1.0_rot_180_flip_1,4.663933753967285
42,4,400 ppm 2 3,d4,scale_1.0_rot_180_flip_1,3.2321383953094482
42,4,600 ppm 1 3,d4,scale_1.0_rot_180_flip_1,4.332438945770264
42,4,400 ppm 5 5,d4,scale_1.0_rot_180_flip_1,3.2745862007141113
42,4,800 ppm 3 7,d4,scale_1.0_rot_180_flip_1,3.0193252563476562
42,4,400 ppm 1 9,d4,scale_1.0_rot_180_flip_1,4.203062057495117
42,4,800 ppm 5 3,d4,scale_1.0_rot_180_flip_1,3.549116849899292
42,4,800 ppm 3 6,d4,scale_1.0_rot_180_flip_1,3.9321951866149902
42,4,1000 ppm 4 8,d4,scale_1.0_rot_180_flip_1,5.555153846740723
42,4,800 ppm 4 8,d4,scale_1.0_rot_180_flip_1,1.8826435804367065
42,4,400 ppm 4 9,d4,scale_1.0_rot_180_flip_1,3.3649020195007324
42,4,c 7,d4,scale_1.0_rot_180_flip_1,1.69120192527771
42,4,800 ppm 1 5,d4,scale_1.0_rot_180_flip_1,3.970202922821045
42,4,600 ppm 2 7,d4,scale_1.0_rot_180_flip_1,4.435717582702637
42,4,600 ppm 1 7,d4,scale_1.0_rot_180_flip_1,3.628988027572632
42,4,1000 ppm 3 6,d4,scale_1.0_rot_180_flip_1,3.3064112663269043
42,4,1000 ppm 1 9,d4,scale_1.0_rot_180_flip_1,4.28871488571167
42,4,800 ppm 2 7,d4,scale_1.0_rot_180_flip_1,4.859019756317139
42,4,800 ppm 3 2,d4,scale_1.0_rot_180_flip_1,3.2438511848449707
42,4,1000 ppm 4 6,d4,scale_1.0_rot_180_flip_1,4.13505220413208
42,4,600 ppm 1 4,d4,scale_1.0_rot_180_flip_1,3.4247279167175293
42,4,600 ppm 3 10,d4,scale_1.0_rot_180_flip_1,1.5878547430038452
42,4,600 ppm 5 8,d4,scale_1.0_rot_180_flip_1,2.4957776069641113
42,4,c 5,d4,scale_1.0_rot_180_flip_1,2.7591733932495117
42,4,600 ppm 3 9,d4,scale_1.0_rot_180_flip_1,3.209113359451294
42,4,1000 ppm 5 10,d4,scale_1.0_rot_180_flip_1,4.783932685852051
42,4,600 ppm 5 1,d4,scale_1.0_rot_180_flip_1,1.8143690824508667
42,4,600 ppm 1 1,d4,scale_1.0_rot_180_flip_1,3.59417724609375
42,4,800 ppm 5 10,d4,scale_1.0_rot_180_flip_1,2.7680506706237793
42,4,400 ppm 4 5,d4,scale_1.0_rot_180_flip_1,3.1853132247924805
42,4,600 ppm 3 8,d4,scale_1.0_rot_180_flip_1,3.089695930480957
42,4,800 ppm 3 8,d4,scale_1.0_rot_180_flip_1,2.779496669769287
42,4,1000 ppm 5 6,d4,scale_1.0_rot_180_flip_1,3.8533506393432617
42,4,600 ppm 4 8,d4,scale_1.0_rot_180_flip_1,4.161630153656006
42,4,800 ppm 3 5,d4,scale_1.0_rot_180_flip_1,2.930063009262085
42,4,400 ppm 3 1,d4,scale_1.0_rot_180_flip_1,2.149949312210083
42,4,400 ppm 3 6,d4,scale_1.0_rot_180_flip_1,2.429452419281006
42,4,600 ppm 4 10,d4,scale_1.0_rot_180_flip_1,4.259805679321289
42,4,1000 ppm 4 1,d4,scale_1.0_rot_180_flip_1,3.271095037460327
42,4,400 ppm 4 10,d4,scale_1.0_rot_180_flip_1,3.7025294303894043
42,4,600 ppm 3 3,d4,scale_1.0_rot_180_flip_1,2.6285698413848877
42,4,400 ppm 3 4,d4,scale_1.0_rot_180_flip_1,3.336327075958252
42,4,1000 ppm 2 3,d4,scale_1.0_rot_180_flip_1,2.6805062294006348
42,4,1000 ppm 1 3,d4,scale_1.0_rot_270_flip_0,4.404849052429199
42,4,400 ppm 4 6,d4,scale_1.0_rot_270_flip_0,3.0997776985168457
42,4,600 ppm 3 1,d4,scale_1.0_rot_270_flip_0,5.671039581298828
42,4,400 ppm 3 5,d4,scale_1.0_rot_270_flip_0,3.6755454540252686
42,4,c 10,d4,scale_1.0_rot_270_flip_0,1.9071329832077026
42,4,400 ppm 1 2,d4,scale_1.0_rot_270_flip_0,3.163984537124634
42,4,800 ppm 2 4,d4,scale_1.0_rot_270_flip_0,3.7173383235931396
42,4,800 ppm 5 4,d4,scale_1.0_rot_270_flip_0,3.7066569328308105
42,4,1000 ppm 1 4,d4,scale_1.0_rot_270_flip_0,4.384011268615723
42,4,1000 ppm 4 2,d4,scale_1.0_rot_270_flip_0,4.990668773651123
42,4,400 ppm 2 3,d4,scale_1.0_rot_270_flip_0,4.42540168762207
42,4,600 ppm 1 3,d4,scale_1.0_rot_270_flip_0,4.354096412658691
42,4,400 ppm 5 5,d4,scale_1.0_rot_270_flip_0,2.8296468257904053
42,4,800 ppm 3 7,d4,scale_1.0_rot_270_flip_0,3.0310041904449463
42,4,400 ppm 1 9,d4,scale_1.0_rot_270_flip_0,2.5850281715393066
42,4,800 ppm 5 3,d4,scale_1.0_rot_270_flip_0,4.041338920593262
42,4,800 ppm 3 6,d4,scale_1.0_rot_270_flip_0,3.5763230323791504
42,4,1000 ppm 4 8,d4,scale_1.0_rot_270_flip_0,5.550355911254883
42,4,800 ppm 4 8,d4,scale_1.0_rot_270_flip_0,3.2300498485565186
42,4,400 ppm 4 9,d4,scale_1.0_rot_270_flip_0,3.713348865509033
42,4,c 7,d4,scale_1.0_rot_270_flip_0,2.91286039352417
42,4,800 ppm 1 5,d4,scale_1.0_rot_270_flip_0,4.377057075500488
42,4,600 ppm 2 7,d4,scale_1.0_rot_270_flip_0,5.179932594299316
42,4,600 ppm 1 7,d4,scale_1.0_rot_270_flip_0,3.4866867065429688
42,4,1000 ppm 3 6,d4,scale_1.0_rot_270_flip_0,4.955799102783203
42,4,1000 ppm 1 9,d4,scale_1.0_rot_270_flip_0,5.166718482971191
42,4,800 ppm 2 7,d4,scale_1.0_rot_270_flip_0,4.845378398895264
42,4,800 ppm 3 2,d4,scale_1.0_rot_270_flip_0,3.1961183547973633
42,4,1000 ppm 4 6,d4,scale_1.0_rot_270_flip_0,3.6476352214813232
42,4,600 ppm 1 4,d4,scale_1.0_rot_270_flip_0,3.3557422161102295
42,4,600 ppm 3 10,d4,scale_1.0_rot_270_flip_0,1.0796157121658325
42,4,600 ppm 5 8,d4,scale_1.0_rot_270_flip_0,2.8732199668884277
42,4,c 5,d4,scale_1.0_rot_270_flip_0,2.5287387371063232
42,4,600 ppm 3 9,d4,scale_1.0_rot_270_flip_0,2.7698047161102295
42,4,1000 ppm 5 10,d4,scale_1.0_rot_270_flip_0,4.158464431762695
42,4,600 ppm 5 1,d4,scale_1.0_rot_270_flip_0,2.321622133255005
42,4,600 ppm 1 1,d4,scale_1.0_rot_270_flip_0,3.54421329498291
42,4,800 ppm 5 10,d4,scale_1.0_rot_270_flip_0,3.9957706928253174
42,4,400 ppm 4 5,d4,scale_1.0_rot_270_flip_0,3.579261302947998
42,4,600 ppm 3 8,d4,scale_1.0_rot_270_flip_0,3.0257747173309326
42,4,800 ppm 3 8,d4,scale_1.0_rot_270_flip_0,4.095724105834961
42,4,1000 ppm 5 6,d4,scale_1.0_rot_270_flip_0,4.102565288543701
42,4,600 ppm 4 8,d4,scale_1.0_rot_270_flip_0,5.845790386199951
42,4,800 ppm 3 5,d4,scale_1.0_rot_270_flip_0,2.610217571258545
42,4,400 ppm 3 1,d4,scale_1.0_rot_270_flip_0,2.5269956588745117
42,4,400 ppm 3 6,d4,scale_1.0_rot_270_flip_0,2.9402551651000977
42,4,600 ppm 4 10,d4,scale_1.0_rot_270_flip_0,4.350978851318359
42,4,1000 ppm 4 1,d4,scale_1.0_rot_270_flip_0,4.938358306884766
42,4,400 ppm 4 10,d4,scale_1.0_rot_270_flip_0,3.36971378326416
42,4,600 ppm 3 3,d4,scale_1.0_rot_270_flip_0,2.4325673580169678
42,4,400 ppm 3 4,d4,scale_1.0_rot_270_flip_0,4.13912296295166
42,4,1000 ppm 2 3,d4,scale_1.0_rot_270_flip_0,2.6617236137390137
42,4,1000 ppm 1 3,d4,scale_1.0_rot_270_flip_1,3.658961772918701
42,4,400 ppm 4 6,d4,scale_1.0_rot_270_flip_1,2.571676015853882
42,4,600 ppm 3 1,d4,scale_1.0_rot_270_flip_1,4.977059364318848
42,4,400 ppm 3 5,d4,scale_1.0_rot_270_flip_1,2.5465636253356934
42,4,c 10,d4,scale_1.0_rot_270_flip_1,1.9877897500991821
42,4,400 ppm 1 2,d4,scale_1.0_rot_270_flip_1,3.0962841510772705
42,4,800 ppm 2 4,d4,scale_1.0_rot_270_flip_1,3.517390489578247
42,4,800 ppm 5 4,d4,scale_1.0_rot_270_flip_1,4.3751220703125
42,4,1000 ppm 1 4,d4,scale_1.0_rot_270_flip_1,4.205842971801758
42,4,1000 ppm 4 2,d4,scale_1.0_rot_270_flip_1,4.627233982086182
42,4,400 ppm 2 3,d4,scale_1.0_rot_270_flip_1,3.736905336380005
42,4,600 ppm 1 3,d4,scale_1.0_rot_270_flip_1,4.993048667907715
42,4,400 ppm 5 5,d4,scale_1.0_rot_270_flip_1,3.1070642471313477
42,4,800 ppm 3 7,d4,scale_1.0_rot_270_flip_1,2.3767857551574707
42,4,400 ppm 1 9,d4,scale_1.0_rot_270_flip_1,2.8454723358154297
42,4,800 ppm 5 3,d4,scale_1.0_rot_270_flip_1,4.272747993469238
42,4,800 ppm 3 6,d4,scale_1.0_rot_270_flip_1,3.351444721221924
42,4,1000 ppm 4 8,d4,scale_1.0_rot_270_flip_1,4.7433013916015625
42,4,800 ppm 4 8,d4,scale_1.0_rot_270_flip_1,2.7825679779052734
42,4,400 ppm 4 9,d4,scale_1.0_rot_270_flip_1,3.7634878158569336
42,4,c 7,d4,scale_1.0_rot_270_flip_1,2.677121162414551
42,4,800 ppm 1 5,d4,scale_1.0_rot_270_flip_1,4.641616344451904
42,4,600 ppm 2 7,d4,scale_1.0_rot_270_flip_1,5.299846649169922
42,4,600 ppm 1 7,d4,scale_1.0_rot_270_flip_1,3.4884893894195557
42,4,1000 ppm 3 6,d4,scale_1.0_rot_270_flip_1,4.821290969848633
42,4,1000 ppm 1 9,d4,scale_1.0_rot_270_flip_1,5.2496232986450195
42,4,800 ppm 2 7,d4,scale_1.0_rot_270_flip_1,4.908520221710205
42,4,800 ppm 3 2,d4,scale_1.0_rot_270_flip_1,3.666116714477539
42,4,1000 ppm 4 6,d4,scale_1.0_rot_270_flip_1,4.239379405975342
42,4,600 ppm 1 4,d4,scale_1.0_rot_270_flip_1,2.514697551727295
42,4,600 ppm 3 10,d4,scale_1.0_rot_270_flip_1,1.4436959028244019
42,4,600 ppm 5 8,d4,scale_1.0_rot_270_flip_1,2.7389609813690186
42,4,c 5,d4,scale_1.0_rot_270_flip_1,2.3937697410583496
42,4,600 ppm 3 9,d4,scale_1.0_rot_270_flip_1,3.428696632385254
42,4,1000 ppm 5 10,d4,scale_1.0_rot_270_flip_1,4.030057907104492
42,4,600 ppm 5 1,d4,scale_1.0_rot_270_flip_1,2.5460431575775146
42,4,600 ppm 1 1,d4,scale_1.0_rot_270_flip_1,3.5643601417541504
42,4,800 ppm 5 10,d4,scale_1.0_rot_270_flip_1,4.267269611358643
42,4,400 ppm 4 5,d4,scale_1.0_rot_270_flip_1,3.4971718788146973
42,4,600 ppm 3 8,d4,scale_1.0_rot_270_flip_1,2.8228952884674072
42,4,800 ppm 3 8,d4,scale_1.0_rot_270_flip_1,3.798295497894287
42,4,1000 ppm 5 6,d4,scale_1.0_rot_270_flip_1,4.475981712341309
42,4,600 ppm 4 8,d4,scale_1.0_rot_270_flip_1,5.5380120277404785
42,4,800 ppm 3 5,d4,scale_1.0_rot_270_flip_1,2.825052261352539
42,4,400 ppm 3 1,d4,scale_1.0_rot_270_flip_1,2.557912588119507
42,4,400 ppm 3 6,d4,scale_1.0_rot_270_flip_1,2.8153076171875
42,4,600 ppm 4 10,d4,scale_1.0_rot_270_flip_1,4.434952735900879
42,4,1000 ppm 4 1,d4,scale_1.0_rot_270_flip_1,5.459681510925293
42,4,400 ppm 4 10,d4,scale_1.0_rot_270_flip_1,3.697540521621704
42,4,600 ppm 3 3,d4,scale_1.0_rot_270_flip_1,2.521421432495117
42,4,400 ppm 3 4,d4,scale_1.0_rot_270_flip_1,4.366140365600586
42,4,1000 ppm 2 3,d4,scale_1.0_rot_270_flip_1,2.6741445064544678
