task,backbone,seed,fold,best_epoch,selection,inference,dataset_index,sample_id,objective,learning_rate,rps_weight,tree_ID,group,residue_mg_cm2,target,prediction,view_count,view_instability,target_label,prediction_label,baseline_prediction,probability_low,probability_medium,probability_high
bin_classification,resnet50,42,1,25,inner_refit,single,2,c 8,coral,0.001,1.0,control_tree,control_tree,0.026443476,0,1,1,0.0,low,medium,2,0.33043724298477173,0.36403051018714905,0.3055322468280792
bin_classification,resnet50,42,1,25,inner_refit,single,11,400 ppm 4 4,coral,0.001,1.0,400ppm_tree_4,400ppm_tree_4,2.489788579,0,0,1,0.0,low,low,2,0.5288110971450806,0.30908697843551636,0.16210192441940308
bin_classification,resnet50,42,1,25,inner_refit,single,16,400 ppm 4 6,coral,0.001,1.0,400ppm_tree_4,400ppm_tree_4,2.232310918,0,0,1,0.0,low,low,2,0.5163834095001221,0.31463414430618286,0.16898246109485626
bin_classification,resnet50,42,1,25,inner_refit,single,23,c 10,coral,0.001,1.0,control_tree,control_tree,0.034792218,0,1,1,0.0,low,medium,2,0.28055620193481445,0.3617974519729614,0.3576463460922241
bin_classification,resnet50,42,1,25,inner_refit,single,27,1000 ppm 5 1,coral,0.001,1.0,1000ppm_tree_5,1000ppm_tree_5,3.059802771,1,2,1,0.0,medium,high,2,0.23712265491485596,0.35162219405174255,0.4112551510334015
bin_classification,resnet50,42,1,25,inner_refit,single,33,400 ppm 4 2,coral,0.001,1.0,400ppm_tree_4,400ppm_tree_4,3.766442861,2,2,1,0.0,high,high,2,0.07578551769256592,0.1983504295349121,0.725864052772522
bin_classification,resnet50,42,1,25,inner_refit,single,35,400 ppm 4 3,coral,0.001,1.0,400ppm_tree_4,400ppm_tree_4,1.918214246,0,0,1,0.0,low,low,2,0.5456206798553467,0.3012532591819763,0.1531260758638382
bin_classification,resnet50,42,1,25,inner_refit,single,38,600 ppm 1 2,coral,0.001,1.0,600ppm_tree_1,600ppm_tree_1,3.709535965,2,2,1,0.0,high,high,2,0.20456629991531372,0.33765873312950134,0.45777496695518494
bin_classification,resnet50,42,1,25,inner_refit,single,44,600 ppm 2 10,coral,0.001,1.0,600ppm_tree_2,600ppm_tree_2,5.751181016,2,2,1,0.0,high,high,2,0.018933653831481934,0.06269639730453491,0.9183699488639832
bin_classification,resnet50,42,1,25,inner_refit,single,45,400 ppm 4 8,coral,0.001,1.0,400ppm_tree_4,400ppm_tree_4,2.558849953,0,0,1,0.0,low,low,2,0.5668039321899414,0.2908722460269928,0.1423237919807434
bin_classification,resnet50,42,1,25,inner_refit,single,47,600 ppm 1 10,coral,0.001,1.0,600ppm_tree_1,600ppm_tree_1,2.380352998,0,1,1,0.0,low,medium,2,0.30990689992904663,0.3641835153102875,0.3259095847606659
bin_classification,resnet50,42,1,25,inner_refit,single,52,600 ppm 1 3,coral,0.001,1.0,600ppm_tree_1,600ppm_tree_1,2.7476069,1,2,1,0.0,medium,high,2,0.19207161664962769,0.330586314201355,0.47734206914901733
bin_classification,resnet50,42,1,25,inner_refit,single,67,c 9,coral,0.001,1.0,control_tree,control_tree,0.057884192,0,1,1,0.0,low,medium,2,0.317573606967926,0.36429092288017273,0.31813547015190125
bin_classification,resnet50,42,1,25,inner_refit,single,71,1000 ppm 5 3,coral,0.001,1.0,1000ppm_tree_5,1000ppm_tree_5,3.480640553,1,0,1,0.0,medium,low,2,0.37513500452041626,0.3592624366283417,0.26560255885124207
bin_classification,resnet50,42,1,25,inner_refit,single,80,c 6,coral,0.001,1.0,control_tree,control_tree,0.063760031,0,2,1,0.0,low,high,2,0.23515760898590088,0.35094693303108215,0.41389545798301697
bin_classification,resnet50,42,1,25,inner_refit,single,81,600 ppm 2 9,coral,0.001,1.0,600ppm_tree_2,600ppm_tree_2,3.516388075,1,1,1,0.0,medium,medium,2,0.30277639627456665,0.36389920115470886,0.3333244025707245
bin_classification,resnet50,42,1,25,inner_refit,single,82,400 ppm 4 9,coral,0.001,1.0,400ppm_tree_4,400ppm_tree_4,2.624535347,1,2,1,0.0,medium,high,2,0.2186707854270935,0.3444579541683197,0.4368712604045868
bin_classification,resnet50,42,1,25,inner_refit,single,84,c 7,coral,0.001,1.0,control_tree,control_tree,0.024246817,0,0,1,0.0,low,low,2,0.5775030851364136,0.2854255437850952,0.13707132637500763
bin_classification,resnet50,42,1,25,inner_refit,single,87,600 ppm 2 3,coral,0.001,1.0,600ppm_tree_2,600ppm_tree_2,4.461830388,2,2,1,0.0,high,high,2,0.026905059814453125,0.08605343103408813,0.8870415091514587
bin_classification,resnet50,42,1,25,inner_refit,single,92,1000 ppm 5 2,coral,0.001,1.0,1000ppm_tree_5,1000ppm_tree_5,4.757997682,2,2,1,0.0,high,high,2,0.19182324409484863,0.330435186624527,0.4777415692806244
bin_classification,resnet50,42,1,25,inner_refit,single,93,600 ppm 2 1,coral,0.001,1.0,600ppm_tree_2,600ppm_tree_2,4.813990004,2,2,1,0.0,high,high,2,0.07188177108764648,0.1910400390625,0.7370781898498535
bin_classification,resnet50,42,1,25,inner_refit,single,95,400 ppm 4 1,coral,0.001,1.0,400ppm_tree_4,400ppm_tree_4,3.41261835,1,1,1,0.0,medium,medium,2,0.3431093692779541,0.3632630705833435,0.2936275601387024
bin_classification,resnet50,42,1,25,inner_refit,single,97,600 ppm 2 7,coral,0.001,1.0,600ppm_tree_2,600ppm_tree_2,5.389042573,2,2,1,0.0,high,high,2,0.012844443321228027,0.04369497299194336,0.9434605836868286
bin_classification,resnet50,42,1,25,inner_refit,single,98,400 ppm 4 7,coral,0.001,1.0,400ppm_tree_4,400ppm_tree_4,2.772824063,1,0,1,0.0,medium,low,2,0.5476672649383545,0.3002745509147644,0.1520581841468811
bin_classification,resnet50,42,1,25,inner_refit,single,100,600 ppm 1 7,coral,0.001,1.0,600ppm_tree_1,600ppm_tree_1,4.294644495,2,2,1,0.0,high,high,2,0.09807944297790527,0.23563122749328613,0.6662893295288086
bin_classification,resnet50,42,1,25,inner_refit,single,107,600 ppm 2 8,coral,0.001,1.0,600ppm_tree_2,600ppm_tree_2,2.425778023,0,0,1,0.0,low,low,2,0.4789718985557556,0.32996803522109985,0.19106008112430573
bin_classification,resnet50,42,1,25,inner_refit,single,114,600 ppm 2 5,coral,0.001,1.0,600ppm_tree_2,600ppm_tree_2,7.364696779,2,2,1,0.0,high,high,2,0.04693019390106201,0.13793468475341797,0.81513512134552
bin_classification,resnet50,42,1,25,inner_refit,single,124,600 ppm 2 6,coral,0.001,1.0,600ppm_tree_2,600ppm_tree_2,5.169349346,2,2,1,0.0,high,high,2,0.009686470031738281,0.033421099185943604,0.9568924307823181
bin_classification,resnet50,42,1,25,inner_refit,single,126,1000 ppm 5 7,coral,0.001,1.0,1000ppm_tree_5,1000ppm_tree_5,3.420269793,1,1,1,0.0,medium,medium,2,0.3362584710121155,0.36373910307884216,0.30000242590904236
bin_classification,resnet50,42,1,25,inner_refit,single,128,600 ppm 1 4,coral,0.001,1.0,600ppm_tree_1,600ppm_tree_1,3.074620336,1,0,1,0.0,medium,low,2,0.47882014513015747,0.3300257921218872,0.19115406274795532
bin_classification,resnet50,42,1,25,inner_refit,single,143,1000 ppm 5 9,coral,0.001,1.0,1000ppm_tree_5,1000ppm_tree_5,3.907491301,2,2,1,0.0,high,high,2,0.14239400625228882,0.2909431457519531,0.5666628479957581
bin_classification,resnet50,42,1,25,inner_refit,single,145,c 5,coral,0.001,1.0,control_tree,control_tree,0.262646502,0,0,1,0.0,low,low,2,0.3873986005783081,0.357015460729599,0.2555859386920929
bin_classification,resnet50,42,1,25,inner_refit,single,148,c 4,coral,0.001,1.0,control_tree,control_tree,0.028773772,0,0,1,0.0,low,low,2,0.4401211142539978,0.34345483779907227,0.21642406284809113
bin_classification,resnet50,42,1,25,inner_refit,single,152,1000 ppm 5 10,coral,0.001,1.0,1000ppm_tree_5,1000ppm_tree_5,4.866749998,2,2,1,0.0,high,high,2,0.07403945922851562,0.19511163234710693,0.7308489084243774
bin_classification,resnet50,42,1,25,inner_refit,single,155,600 ppm 1 1,coral,0.001,1.0,600ppm_tree_1,600ppm_tree_1,3.201626017,1,0,1,0.0,medium,low,2,0.4790067672729492,0.3299548029899597,0.19103844463825226
bin_classification,resnet50,42,1,25,inner_refit,single,157,c 3,coral,0.001,1.0,control_tree,control_tree,0.03666858,0,1,1,0.0,low,medium,2,0.28620463609695435,0.3625135123729706,0.3512818515300751
bin_classification,resnet50,42,1,25,inner_refit,single,159,400 ppm 4 5,coral,0.001,1.0,400ppm_tree_4,400ppm_tree_4,2.49284019,0,1,1,0.0,low,medium,2,0.316206693649292,0.36428651213645935,0.31950679421424866
bin_classification,resnet50,42,1,25,inner_refit,single,160,600 ppm 1 8,coral,0.001,1.0,600ppm_tree_1,600ppm_tree_1,3.375017339,1,0,1,0.0,medium,low,2,0.7254937887191772,0.19859036803245544,0.0759158805012703
bin_classification,resnet50,42,1,25,inner_refit,single,163,1000 ppm 5 6,coral,0.001,1.0,1000ppm_tree_5,1000ppm_tree_5,3.12203341,1,2,1,0.0,medium,high,2,0.10868668556213379,0.25095313787460327,0.6403601765632629
bin_classification,resnet50,42,1,25,inner_refit,single,169,1000 ppm 5 5,coral,0.001,1.0,1000ppm_tree_5,1000ppm_tree_5,4.025481166,2,2,1,0.0,high,high,2,0.11020320653915405,0.2530277371406555,0.6367690563201904
bin_classification,resnet50,42,1,25,inner_refit,single,176,600 ppm 1 6,coral,0.001,1.0,600ppm_tree_1,600ppm_tree_1,3.100781702,1,2,1,0.0,medium,high,2,0.027881503105163574,0.08880245685577393,0.8833160400390625
bin_classification,resnet50,42,1,25,inner_refit,single,178,600 ppm 1 5,coral,0.001,1.0,600ppm_tree_1,600ppm_tree_1,2.578333626,1,0,1,0.0,medium,low,2,0.5853554010391235,0.2813452482223511,0.1332993358373642
bin_classification,resnet50,42,1,25,inner_refit,single,179,600 ppm 1 9,coral,0.001,1.0,600ppm_tree_1,600ppm_tree_1,2.309240059,0,2,1,0.0,low,high,2,0.06839847564697266,0.18430304527282715,0.7472984790802002
bin_classification,resnet50,42,1,25,inner_refit,single,180,600 ppm 2 2,coral,0.001,1.0,600ppm_tree_2,600ppm_tree_2,3.987730061,2,2,1,0.0,high,high,2,0.03470349311828613,0.10735517740249634,0.8579413294792175
bin_classification,resnet50,42,1,25,inner_refit,single,186,1000 ppm 5 4,coral,0.001,1.0,1000ppm_tree_5,1000ppm_tree_5,4.896407171,2,2,1,0.0,high,high,2,0.16564273834228516,0.3119897246360779,0.522367537021637
bin_classification,resnet50,42,1,25,inner_refit,single,187,600 ppm 2 4,coral,0.001,1.0,600ppm_tree_2,600ppm_tree_2,5.228335334,2,2,1,0.0,high,high,2,0.06719118356704712,0.1819196343421936,0.7508891820907593
bin_classification,resnet50,42,1,25,inner_refit,single,188,400 ppm 4 10,coral,0.001,1.0,400ppm_tree_4,400ppm_tree_4,2.606928263,1,2,1,0.0,medium,high,2,0.22786134481430054,0.3482602536678314,0.42387840151786804
bin_classification,resnet50,42,1,25,inner_refit,single,194,1000 ppm 5 8,coral,0.001,1.0,1000ppm_tree_5,1000ppm_tree_5,3.570707045,1,2,1,0.0,medium,high,2,0.04964548349380493,0.14429152011871338,0.8060629963874817
bin_classification,resnet50,42,1,25,inner_refit,single,195,c 2,coral,0.001,1.0,control_tree,control_tree,0.515980941,0,2,1,0.0,low,high,2,0.1632068157196045,0.31000393629074097,0.5267892479896545
bin_classification,resnet50,42,2,8,inner_refit,single,1,400 ppm 1 10,coral,0.01,1.0,400ppm_tree_1,400ppm_tree_1,2.439106538,0,1,1,0.0,low,medium,0,0.19956320524215698,0.5202369689941406,0.2801998257637024
bin_classification,resnet50,42,2,8,inner_refit,single,4,400 ppm 5 6,coral,0.01,1.0,400ppm_tree_5,400ppm_tree_5,3.179550105,1,1,1,0.0,medium,medium,0,0.3546270728111267,0.4952625632286072,0.1501103639602661
bin_classification,resnet50,42,2,8,inner_refit,single,6,1000 ppm 3 9,coral,0.01,1.0,1000ppm_tree_3,1000ppm_tree_3,6.405368276,2,2,1,0.0,high,high,0,0.009539544582366943,0.08073985576629639,0.9097205996513367
bin_classification,resnet50,42,2,8,inner_refit,single,7,1000 ppm 3 10,coral,0.01,1.0,1000ppm_tree_3,1000ppm_tree_3,4.236281385,2,0,1,0.0,high,low,0,0.6156060695648193,0.32725515961647034,0.05713876709342003
bin_classification,resnet50,42,2,8,inner_refit,single,21,800 ppm 3 9,coral,0.01,1.0,800ppm_tree_3,800ppm_tree_3,3.382216957,1,2,1,0.0,medium,high,0,0.04955226182937622,0.29990893602371216,0.6505388021469116
bin_classification,resnet50,42,2,8,inner_refit,single,22,1000 ppm 2 10,coral,0.01,1.0,1000ppm_tree_2,1000ppm_tree_2,3.02169275,1,1,1,0.0,medium,medium,0,0.19208180904388428,0.5180362462997437,0.28988194465637207
bin_classification,resnet50,42,2,8,inner_refit,single,24,400 ppm 1 7,coral,0.01,1.0,400ppm_tree_1,400ppm_tree_1,1.282576096,0,2,1,0.0,low,high,0,0.056845903396606445,0.32625913619995117,0.6168949604034424
bin_classification,resnet50,42,2,8,inner_refit,single,25,400 ppm 1 2,coral,0.01,1.0,400ppm_tree_1,400ppm_tree_1,2.105801382,0,2,1,0.0,low,high,0,0.09372353553771973,0.42214667797088623,0.48412978649139404
bin_classification,resnet50,42,2,8,inner_refit,single,30,800 ppm 3 1,coral,0.01,1.0,800ppm_tree_3,800ppm_tree_3,3.635232962,1,1,1,0.0,medium,medium,0,0.13058102130889893,0.4768833816051483,0.39253559708595276
bin_classification,resnet50,42,2,8,inner_refit,single,34,400 ppm 1 5,coral,0.01,1.0,400ppm_tree_1,400ppm_tree_1,2.341339231,0,2,1,0.0,low,high,0,0.02826637029647827,0.2023363709449768,0.7693972587585449
bin_classification,resnet50,42,2,8,inner_refit,single,40,1000 ppm 3 7,coral,0.01,1.0,1000ppm_tree_3,1000ppm_tree_3,4.455573905,2,1,1,0.0,high,medium,0,0.21185505390167236,0.5228676795959473,0.26527726650238037
bin_classification,resnet50,42,2,8,inner_refit,single,49,800 ppm 3 4,coral,0.01,1.0,800ppm_tree_3,800ppm_tree_3,3.337767404,1,2,1,0.0,medium,high,0,0.01568305492401123,0.1253340244293213,0.8589829206466675
bin_classification,resnet50,42,2,8,inner_refit,single,50,400 ppm 5 4,coral,0.01,1.0,400ppm_tree_5,400ppm_tree_5,2.308031034,0,1,1,0.0,low,medium,0,0.19130295515060425,0.5177792906761169,0.2909177541732788
bin_classification,resnet50,42,2,8,inner_refit,single,51,400 ppm 5 2,coral,0.01,1.0,400ppm_tree_5,400ppm_tree_5,2.358077692,0,2,1,0.0,low,high,0,0.06598836183547974,0.3552933931350708,0.5787182450294495
bin_classification,resnet50,42,2,8,inner_refit,single,53,1000 ppm 2 1,coral,0.01,1.0,1000ppm_tree_2,1000ppm_tree_2,3.63646254,2,2,1,0.0,high,high,0,0.06257808208465576,0.34494322538375854,0.5924786925315857
bin_classification,resnet50,42,2,8,inner_refit,single,55,400 ppm 5 5,coral,0.01,1.0,400ppm_tree_5,400ppm_tree_5,3.964413323,2,2,1,0.0,high,high,0,0.0006287693977355957,0.005812525749206543,0.9935587048530579
bin_classification,resnet50,42,2,8,inner_refit,single,56,800 ppm 3 7,coral,0.01,1.0,800ppm_tree_3,800ppm_tree_3,3.154045927,1,2,1,0.0,medium,high,0,0.06884992122650146,0.3635680079460144,0.5675820708274841
bin_classification,resnet50,42,2,8,inner_refit,single,59,400 ppm 1 9,coral,0.01,1.0,400ppm_tree_1,400ppm_tree_1,1.257349885,0,2,1,0.0,low,high,0,0.06506168842315674,0.35253459215164185,0.5824037194252014
bin_classification,resnet50,42,2,8,inner_refit,single,64,800 ppm 3 6,coral,0.01,1.0,800ppm_tree_3,800ppm_tree_3,2.688094559,1,1,1,0.0,medium,medium,0,0.22306764125823975,0.5242993831634521,0.2526329457759857
bin_classification,resnet50,42,2,8,inner_refit,single,66,1000 ppm 3 3,coral,0.01,1.0,1000ppm_tree_3,1000ppm_tree_3,3.51299382,1,2,1,0.0,medium,high,0,0.008416354656219482,0.07200556993484497,0.9195780754089355
bin_classification,resnet50,42,2,8,inner_refit,single,70,800 ppm 3 3,coral,0.01,1.0,800ppm_tree_3,800ppm_tree_3,3.888822319,2,2,1,0.0,high,high,0,0.010807573795318604,0.09037542343139648,0.8988170027732849
bin_classification,resnet50,42,2,8,inner_refit,single,73,400 ppm 5 10,coral,0.01,1.0,400ppm_tree_5,400ppm_tree_5,6.150568182,2,2,1,0.0,high,high,0,0.006249725818634033,0.05460613965988159,0.9391441345214844
bin_classification,resnet50,42,2,8,inner_refit,single,74,800 ppm 3 10,coral,0.01,1.0,800ppm_tree_3,800ppm_tree_3,2.565247064,0,0,1,0.0,low,low,0,0.7347589731216431,0.23139172792434692,0.033849336206912994
bin_classification,resnet50,42,2,8,inner_refit,single,76,1000 ppm 2 5,coral,0.01,1.0,1000ppm_tree_2,1000ppm_tree_2,3.820821694,2,2,1,0.0,high,high,0,0.0070084333419799805,0.060783326625823975,0.932208240032196
bin_classification,resnet50,42,2,8,inner_refit,single,88,400 ppm 1 8,coral,0.01,1.0,400ppm_tree_1,400ppm_tree_1,2.661895437,1,2,1,0.0,medium,high,0,0.06076085567474365,0.339199960231781,0.6000391840934753
bin_classification,resnet50,42,2,8,inner_refit,single,99,1000 ppm 2 7,coral,0.01,1.0,1000ppm_tree_2,1000ppm_tree_2,2.945844467,1,1,1,0.0,medium,medium,0,0.12912511825561523,0.4752624034881592,0.3956124782562256
bin_classification,resnet50,42,2,8,inner_refit,single,101,400 ppm 1 1,coral,0.01,1.0,400ppm_tree_1,400ppm_tree_1,1.156692243,0,1,1,0.0,low,medium,0,0.12909656763076782,0.47523027658462524,0.39567315578460693
bin_classification,resnet50,42,2,8,inner_refit,single,102,1000 ppm 3 6,coral,0.01,1.0,1000ppm_tree_3,1000ppm_tree_3,3.90202355,2,1,1,0.0,high,medium,0,0.19152694940567017,0.5178537368774414,0.29061928391456604
bin_classification,resnet50,42,2,8,inner_refit,single,116,800 ppm 3 2,coral,0.01,1.0,800ppm_tree_3,800ppm_tree_3,4.960180046,2,2,1,0.0,high,high,0,0.0360867977142334,0.24227994680404663,0.72163325548172
bin_classification,resnet50,42,2,8,inner_refit,single,117,1000 ppm 3 8,coral,0.01,1.0,1000ppm_tree_3,1000ppm_tree_3,3.306848768,1,2,1,0.0,medium,high,0,0.06774204969406128,0.36040759086608887,0.5718503594398499
bin_classification,resnet50,42,2,8,inner_refit,single,118,400 ppm 1 6,coral,0.01,1.0,400ppm_tree_1,400ppm_tree_1,2.131122072,0,1,1,0.0,low,medium,0,0.31246721744537354,0.5115618705749512,0.1759708970785141
bin_classification,resnet50,42,2,8,inner_refit,single,130,400 ppm 1 3,coral,0.01,1.0,400ppm_tree_1,400ppm_tree_1,2.14727081,0,2,1,0.0,low,high,0,0.059644877910614014,0.33559197187423706,0.6047631502151489
bin_classification,resnet50,42,2,8,inner_refit,single,134,400 ppm 5 7,coral,0.01,1.0,400ppm_tree_5,400ppm_tree_5,2.419099743,0,2,1,0.0,low,high,0,0.008757472038269043,0.07467854022979736,0.9165639877319336
bin_classification,resnet50,42,2,8,inner_refit,single,135,1000 ppm 3 1,coral,0.01,1.0,1000ppm_tree_3,1000ppm_tree_3,3.435150907,1,2,1,0.0,medium,high,0,0.07662588357925415,0.38430333137512207,0.5390707850456238
bin_classification,resnet50,42,2,8,inner_refit,single,136,1000 ppm 2 9,coral,0.01,1.0,1000ppm_tree_2,1000ppm_tree_2,4.12892976,2,2,1,0.0,high,high,0,0.01913541555404663,0.14823251962661743,0.8326320648193359
bin_classification,resnet50,42,2,8,inner_refit,single,140,1000 ppm 2 6,coral,0.01,1.0,1000ppm_tree_2,1000ppm_tree_2,3.276631573,1,2,1,0.0,medium,high,0,0.0028943419456481934,0.02614539861679077,0.970960259437561
bin_classification,resnet50,42,2,8,inner_refit,single,146,400 ppm 5 8,coral,0.01,1.0,400ppm_tree_5,400ppm_tree_5,1.963308029,0,2,1,0.0,low,high,0,0.06909048557281494,0.3642469644546509,0.5666625499725342
bin_classification,resnet50,42,2,8,inner_refit,single,162,800 ppm 3 8,coral,0.01,1.0,800ppm_tree_3,800ppm_tree_3,4.614610915,2,2,1,0.0,high,high,0,0.017759501934051514,0.1392803192138672,0.8429601788520813
bin_classification,resnet50,42,2,8,inner_refit,single,167,800 ppm 3 5,coral,0.01,1.0,800ppm_tree_3,800ppm_tree_3,4.458889794,2,2,1,0.0,high,high,0,0.08832460641860962,0.4112333059310913,0.5004420876502991
bin_classification,resnet50,42,2,8,inner_refit,single,174,400 ppm 5 3,coral,0.01,1.0,400ppm_tree_5,400ppm_tree_5,4.283341707,2,2,1,0.0,high,high,0,0.005927622318267822,0.0519566535949707,0.9421157240867615
bin_classification,resnet50,42,2,8,inner_refit,single,175,1000 ppm 3 2,coral,0.01,1.0,1000ppm_tree_3,1000ppm_tree_3,5.16842706,2,1,1,0.0,high,medium,0,0.17953026294708252,0.5132105350494385,0.307259202003479
bin_classification,resnet50,42,2,8,inner_refit,single,177,1000 ppm 2 8,coral,0.01,1.0,1000ppm_tree_2,1000ppm_tree_2,8.920432073,2,2,1,0.0,high,high,0,0.004598140716552734,0.04083514213562012,0.9545667171478271
bin_classification,resnet50,42,2,8,inner_refit,single,189,1000 ppm 3 5,coral,0.01,1.0,1000ppm_tree_3,1000ppm_tree_3,3.571688657,1,2,1,0.0,medium,high,0,0.0008959174156188965,0.008259057998657227,0.9908450245857239
bin_classification,resnet50,42,2,8,inner_refit,single,199,400 ppm 5 9,coral,0.01,1.0,400ppm_tree_5,400ppm_tree_5,4.94470606,2,2,1,0.0,high,high,0,0.0010499358177185059,0.009664058685302734,0.9892860054969788
bin_classification,resnet50,42,2,8,inner_refit,single,202,1000 ppm 3 4,coral,0.01,1.0,1000ppm_tree_3,1000ppm_tree_3,3.664180216,2,1,1,0.0,high,medium,0,0.15797674655914307,0.5010898113250732,0.3409334719181061
bin_classification,resnet50,42,2,8,inner_refit,single,203,1000 ppm 2 3,coral,0.01,1.0,1000ppm_tree_2,1000ppm_tree_2,3.096861561,1,1,1,0.0,medium,medium,0,0.12850195169448853,0.47455716133117676,0.3969408869743347
bin_classification,resnet50,42,2,8,inner_refit,single,204,400 ppm 5 1,coral,0.01,1.0,400ppm_tree_5,400ppm_tree_5,2.488451456,0,1,1,0.0,low,medium,0,0.3855292797088623,0.48050644993782043,0.13396427035331726
bin_classification,resnet50,42,2,8,inner_refit,single,205,1000 ppm 2 4,coral,0.01,1.0,1000ppm_tree_2,1000ppm_tree_2,2.575755666,1,2,1,0.0,medium,high,0,0.003074824810028076,0.02772611379623413,0.9691990613937378
bin_classification,resnet50,42,2,8,inner_refit,single,206,400 ppm 1 4,coral,0.01,1.0,400ppm_tree_1,400ppm_tree_1,2.032189725,0,1,1,0.0,low,medium,0,0.14461463689804077,0.49068427085876465,0.3647010922431946
bin_classification,resnet50,42,2,8,inner_refit,single,207,1000 ppm 2 2,coral,0.01,1.0,1000ppm_tree_2,1000ppm_tree_2,2.770922415,1,1,1,0.0,medium,medium,0,0.16432994604110718,0.5052176713943481,0.3304523527622223
bin_classification,resnet50,42,3,25,inner_refit,single,0,800 ppm 4 4,coral,0.001,1.0,800ppm_tree_4,800ppm_tree_4,2.946573479,1,2,1,0.0,medium,high,1,0.25351637601852417,0.3672114610671997,0.3792721629142761
bin_classification,resnet50,42,3,25,inner_refit,single,5,1000 ppm 4 3,coral,0.001,1.0,1000ppm_tree_4,1000ppm_tree_4,7.189555601,2,2,1,0.0,high,high,1,0.11328393220901489,0.2677779793739319,0.6189380884170532
bin_classification,resnet50,42,3,25,inner_refit,single,8,600 ppm 3 7,coral,0.001,1.0,600ppm_tree_3,600ppm_tree_3,2.508319707,0,1,1,0.0,low,medium,1,0.34954243898391724,0.37188097834587097,0.2785765826702118
bin_classification,resnet50,42,3,25,inner_refit,single,12,800 ppm 2 8,coral,0.001,1.0,800ppm_tree_2,800ppm_tree_2,2.765988542,1,1,1,0.0,medium,medium,1,0.34091246128082275,0.3727734386920929,0.28631410002708435
bin_classification,resnet50,42,3,25,inner_refit,single,18,600 ppm 3 1,coral,0.001,1.0,600ppm_tree_3,600ppm_tree_3,3.464453659,1,2,1,0.0,medium,high,1,0.09719747304916382,0.24440205097198486,0.6584004759788513
bin_classification,resnet50,42,3,25,inner_refit,single,20,600 ppm 3 4,coral,0.001,1.0,600ppm_tree_3,600ppm_tree_3,2.760653598,1,0,1,0.0,medium,low,1,0.4206168055534363,0.35708823800086975,0.22229495644569397
bin_classification,resnet50,42,3,25,inner_refit,single,28,800 ppm 4 5,coral,0.001,1.0,800ppm_tree_4,800ppm_tree_4,2.521832891,0,0,1,0.0,low,low,1,0.46047431230545044,0.3439454734325409,0.19558021426200867
bin_classification,resnet50,42,3,25,inner_refit,single,29,800 ppm 2 1,coral,0.001,1.0,800ppm_tree_2,800ppm_tree_2,4.06487884,2,1,1,0.0,high,medium,1,0.2632265090942383,0.36935749650001526,0.36741599440574646
bin_classification,resnet50,42,3,25,inner_refit,single,31,1000 ppm 4 10,coral,0.001,1.0,1000ppm_tree_4,1000ppm_tree_4,4.658685892,2,2,1,0.0,high,high,1,0.21962177753448486,0.3559722602367401,0.424405962228775
bin_classification,resnet50,42,3,25,inner_refit,single,36,800 ppm 2 4,coral,0.001,1.0,800ppm_tree_2,800ppm_tree_2,0.010515853,0,0,1,0.0,low,low,1,0.45840972661972046,0.34469884634017944,0.1968914121389389
bin_classification,resnet50,42,3,25,inner_refit,single,41,1000 ppm 4 2,coral,0.001,1.0,1000ppm_tree_4,1000ppm_tree_4,4.700168169,2,2,1,0.0,high,high,1,0.21190547943115234,0.35251110792160034,0.4355834126472473
bin_classification,resnet50,42,3,25,inner_refit,single,42,800 ppm 4 1,coral,0.001,1.0,800ppm_tree_4,800ppm_tree_4,3.914368577,2,2,1,0.0,high,high,1,0.10241419076919556,0.2523645758628845,0.6452212333679199
bin_classification,resnet50,42,3,25,inner_refit,single,46,400 ppm 2 3,coral,0.001,1.0,400ppm_tree_2,400ppm_tree_2,1.537357234,0,0,1,0.0,low,low,1,0.5124541521072388,0.3226732015609741,0.1648726761341095
bin_classification,resnet50,42,3,25,inner_refit,single,58,600 ppm 3 5,coral,0.001,1.0,600ppm_tree_3,600ppm_tree_3,3.400726676,1,0,1,0.0,medium,low,1,0.8089599609375,0.1443251371383667,0.04671492055058479
bin_classification,resnet50,42,3,25,inner_refit,single,61,800 ppm 2 5,coral,0.001,1.0,800ppm_tree_2,800ppm_tree_2,2.123468918,0,0,1,0.0,low,low,1,0.4265199303627014,0.35533684492111206,0.21814320981502533
bin_classification,resnet50,42,3,25,inner_refit,single,68,1000 ppm 4 8,coral,0.001,1.0,1000ppm_tree_4,1000ppm_tree_4,5.826586722,2,2,1,0.0,high,high,1,0.0076485276222229,0.028164148330688477,0.9641873240470886
bin_classification,resnet50,42,3,25,inner_refit,single,69,800 ppm 4 8,coral,0.001,1.0,800ppm_tree_4,800ppm_tree_4,4.813344078,2,0,1,0.0,high,low,1,0.5779179334640503,0.2904741168022156,0.13160790503025055
bin_classification,resnet50,42,3,25,inner_refit,single,72,800 ppm 4 10,coral,0.001,1.0,800ppm_tree_4,800ppm_tree_4,1.790224933,0,1,1,0.0,low,medium,1,0.30561530590057373,0.3739740252494812,0.32041066884994507
bin_classification,resnet50,42,3,25,inner_refit,single,77,400 ppm 2 4,coral,0.001,1.0,400ppm_tree_2,400ppm_tree_2,2.142971305,0,0,1,0.0,low,low,1,0.597716212272644,0.27973824739456177,0.12254555523395538
bin_classification,resnet50,42,3,25,inner_refit,single,79,800 ppm 2 9,coral,0.001,1.0,800ppm_tree_2,800ppm_tree_2,4.519795322,2,2,1,0.0,high,high,1,0.1469951868057251,0.30669260025024414,0.5463122129440308
bin_classification,resnet50,42,3,25,inner_refit,single,83,400 ppm 2 10,coral,0.001,1.0,400ppm_tree_2,400ppm_tree_2,2.028021582,0,0,1,0.0,low,low,1,0.492176353931427,0.3314753770828247,0.1763482689857483
bin_classification,resnet50,42,3,25,inner_refit,single,91,800 ppm 2 6,coral,0.001,1.0,800ppm_tree_2,800ppm_tree_2,2.574977352,1,0,1,0.0,medium,low,1,0.7474960684776306,0.18699932098388672,0.06550460308790207
bin_classification,resnet50,42,3,25,inner_refit,single,94,800 ppm 4 7,coral,0.001,1.0,800ppm_tree_4,800ppm_tree_4,2.433103134,0,2,1,0.0,low,high,1,0.248010516166687,0.36579397320747375,0.38619551062583923
bin_classification,resnet50,42,3,25,inner_refit,single,103,600 ppm 3 2,coral,0.001,1.0,600ppm_tree_3,600ppm_tree_3,1.913489171,0,0,1,0.0,low,low,1,0.5070042610168457,0.32509833574295044,0.16789737343788147
bin_classification,resnet50,42,3,25,inner_refit,single,104,400 ppm 2 5,coral,0.001,1.0,400ppm_tree_2,400ppm_tree_2,2.693185629,1,0,1,0.0,medium,low,1,0.5635873079299927,0.2979739308357239,0.13843877613544464
bin_classification,resnet50,42,3,25,inner_refit,single,109,600 ppm 3 6,coral,0.001,1.0,600ppm_tree_3,600ppm_tree_3,2.589302372,1,0,1,0.0,medium,low,1,0.7842293381690979,0.16176098585128784,0.054009657353162766
bin_classification,resnet50,42,3,25,inner_refit,single,110,800 ppm 2 10,coral,0.001,1.0,800ppm_tree_2,800ppm_tree_2,3.839907089,2,2,1,0.0,high,high,1,0.18285340070724487,0.3360002338886261,0.48114636540412903
bin_classification,resnet50,42,3,25,inner_refit,single,112,800 ppm 2 7,coral,0.001,1.0,800ppm_tree_2,800ppm_tree_2,3.993865756,2,2,1,0.0,high,high,1,0.002216517925262451,0.008375763893127441,0.9894077181816101
bin_classification,resnet50,42,3,25,inner_refit,single,119,400 ppm 2 6,coral,0.001,1.0,400ppm_tree_2,400ppm_tree_2,1.94595721,0,0,1,0.0,low,low,1,0.6461676955223083,0.25179773569107056,0.1020345687866211
bin_classification,resnet50,42,3,25,inner_refit,single,120,1000 ppm 4 9,coral,0.001,1.0,1000ppm_tree_4,1000ppm_tree_4,6.363669718,2,2,1,0.0,high,high,1,0.06293267011642456,0.18157827854156494,0.7554890513420105
bin_classification,resnet50,42,3,25,inner_refit,single,121,800 ppm 2 3,coral,0.001,1.0,800ppm_tree_2,800ppm_tree_2,4.083341711,2,0,1,0.0,high,low,1,0.5239228010177612,0.317432701587677,0.15864449739456177
bin_classification,resnet50,42,3,25,inner_refit,single,123,1000 ppm 4 6,coral,0.001,1.0,1000ppm_tree_4,1000ppm_tree_4,3.570549353,1,0,1,0.0,medium,low,1,0.5458045601844788,0.30694329738616943,0.1472521424293518
bin_classification,resnet50,42,3,25,inner_refit,single,125,400 ppm 2 2,coral,0.001,1.0,400ppm_tree_2,400ppm_tree_2,2.217441217,0,0,1,0.0,low,low,1,0.7205536365509033,0.20496416091918945,0.07448217272758484
bin_classification,resnet50,42,3,25,inner_refit,single,129,600 ppm 3 10,coral,0.001,1.0,600ppm_tree_3,600ppm_tree_3,3.257108041,1,0,1,0.0,medium,low,1,0.8145782351493835,0.14031732082366943,0.04510442912578583
bin_classification,resnet50,42,3,25,inner_refit,single,131,800 ppm 4 6,coral,0.001,1.0,800ppm_tree_4,800ppm_tree_4,2.875276352,1,0,1,0.0,medium,low,1,0.472403883934021,0.33944782614707947,0.18814828991889954
bin_classification,resnet50,42,3,25,inner_refit,single,138,400 ppm 2 7,coral,0.001,1.0,400ppm_tree_2,400ppm_tree_2,2.096952551,0,0,1,0.0,low,low,1,0.5545538663864136,0.3025782108306885,0.14286790788173676
bin_classification,resnet50,42,3,25,inner_refit,single,139,400 ppm 2 9,coral,0.001,1.0,400ppm_tree_2,400ppm_tree_2,3.092722153,1,0,1,0.0,medium,low,1,0.6928967833518982,0.2228783667087555,0.08422484248876572
bin_classification,resnet50,42,3,25,inner_refit,single,141,400 ppm 2 1,coral,0.001,1.0,400ppm_tree_2,400ppm_tree_2,2.012764258,0,0,1,0.0,low,low,1,0.8176039457321167,0.13815197348594666,0.04424404352903366
bin_classification,resnet50,42,3,25,inner_refit,single,142,800 ppm 4 2,coral,0.001,1.0,800ppm_tree_4,800ppm_tree_4,7.228369165,2,2,1,0.0,high,high,1,0.014026761054992676,0.050132155418395996,0.9358410835266113
bin_classification,resnet50,42,3,25,inner_refit,single,149,1000 ppm 4 5,coral,0.001,1.0,1000ppm_tree_4,1000ppm_tree_4,5.501306043,2,1,1,0.0,high,medium,1,0.3600218892097473,0.3705084025859833,0.2694697082042694
bin_classification,resnet50,42,3,25,inner_refit,single,150,600 ppm 3 9,coral,0.001,1.0,600ppm_tree_3,600ppm_tree_3,2.924303323,1,0,1,0.0,medium,low,1,0.5582743883132935,0.30069369077682495,0.1410319060087204
bin_classification,resnet50,42,3,25,inner_refit,single,161,600 ppm 3 8,coral,0.001,1.0,600ppm_tree_3,600ppm_tree_3,3.047380635,1,0,1,0.0,medium,low,1,0.49801915884017944,0.3290019631385803,0.17297887802124023
bin_classification,resnet50,42,3,25,inner_refit,single,168,800 ppm 4 3,coral,0.001,1.0,800ppm_tree_4,800ppm_tree_4,2.561965594,0,0,1,0.0,low,low,1,0.7457501888275146,0.18817803263664246,0.06607181578874588
bin_classification,resnet50,42,3,25,inner_refit,single,184,1000 ppm 4 1,coral,0.001,1.0,1000ppm_tree_4,1000ppm_tree_4,4.003606934,2,2,1,0.0,high,high,1,0.2373458743095398,0.3626140058040619,0.4000401198863983
bin_classification,resnet50,42,3,25,inner_refit,single,185,800 ppm 4 9,coral,0.001,1.0,800ppm_tree_4,800ppm_tree_4,1.601926465,0,2,1,0.0,low,high,1,0.08948969841003418,0.2319207787513733,0.6785895228385925
bin_classification,resnet50,42,3,25,inner_refit,single,190,600 ppm 3 3,coral,0.001,1.0,600ppm_tree_3,600ppm_tree_3,3.293084865,1,0,1,0.0,medium,low,1,0.5666211247444153,0.2964059114456177,0.13697296380996704
bin_classification,resnet50,42,3,25,inner_refit,single,196,800 ppm 2 2,coral,0.001,1.0,800ppm_tree_2,800ppm_tree_2,4.193172849,2,0,1,0.0,high,low,1,0.48293739557266235,0.33527857065200806,0.1817840188741684
bin_classification,resnet50,42,3,25,inner_refit,single,198,1000 ppm 4 4,coral,0.001,1.0,1000ppm_tree_4,1000ppm_tree_4,4.912650043,2,1,1,0.0,high,medium,1,0.2724645733833313,0.37099918723106384,0.35653623938560486
bin_classification,resnet50,42,3,25,inner_refit,single,200,400 ppm 2 8,coral,0.001,1.0,400ppm_tree_2,400ppm_tree_2,1.868843053,0,0,1,0.0,low,low,1,0.41763800382614136,0.35794463753700256,0.22441735863685608
bin_classification,resnet50,42,3,25,inner_refit,single,208,1000 ppm 4 7,coral,0.001,1.0,1000ppm_tree_4,1000ppm_tree_4,4.80521563,2,0,1,0.0,high,low,1,0.4729408621788025,0.3392397165298462,0.18781942129135132
bin_classification,resnet50,42,4,4,inner_refit,single,3,600 ppm 5 5,coral,0.01,1.0,600ppm_tree_5,600ppm_tree_5,3.07249289,1,1,1,0.0,medium,medium,2,0.4056234359741211,0.41348326206207275,0.18089328706264496
bin_classification,resnet50,42,4,4,inner_refit,single,9,800 ppm 5 7,coral,0.01,1.0,800ppm_tree_5,800ppm_tree_5,3.900390988,2,2,1,0.0,high,high,2,0.05775195360183716,0.23135721683502197,0.7108908295631409
bin_classification,resnet50,42,4,4,inner_refit,single,10,1000 ppm 1 3,coral,0.01,1.0,1000ppm_tree_1,1000ppm_tree_1,5.010887657,2,0,1,0.0,high,low,2,0.5168774127960205,0.35964804887771606,0.12347454577684402
bin_classification,resnet50,42,4,4,inner_refit,single,13,400 ppm 3 2,coral,0.01,1.0,400ppm_tree_3,400ppm_tree_3,1.924704767,0,0,1,0.0,low,low,2,0.7044228911399841,0.2360999882221222,0.059477124363183975
bin_classification,resnet50,42,4,4,inner_refit,single,14,800 ppm 5 8,coral,0.01,1.0,800ppm_tree_5,800ppm_tree_5,1.813308383,0,2,1,0.0,low,high,2,0.1086992621421814,0.3385719656944275,0.5527287721633911
bin_classification,resnet50,42,4,4,inner_refit,single,15,800 ppm 5 6,coral,0.01,1.0,800ppm_tree_5,800ppm_tree_5,4.035336418,2,2,1,0.0,high,high,2,0.0049585700035095215,0.02704840898513794,0.9679930210113525
bin_classification,resnet50,42,4,4,inner_refit,single,17,800 ppm 1 8,coral,0.01,1.0,800ppm_tree_1,800ppm_tree_1,3.829685929,2,2,1,0.0,high,high,2,0.15305423736572266,0.39220935106277466,0.4547364115715027
bin_classification,resnet50,42,4,4,inner_refit,single,19,400 ppm 3 5,coral,0.01,1.0,400ppm_tree_3,400ppm_tree_3,1.728051929,0,1,1,0.0,low,medium,2,0.29355984926223755,0.4402889311313629,0.26615121960639954
bin_classification,resnet50,42,4,4,inner_refit,single,26,400 ppm 3 8,coral,0.01,1.0,400ppm_tree_3,400ppm_tree_3,2.699524299,1,0,1,0.0,medium,low,2,0.8276273012161255,0.14193902909755707,0.03043368272483349
bin_classification,resnet50,42,4,4,inner_refit,single,32,600 ppm 4 1,coral,0.01,1.0,600ppm_tree_4,600ppm_tree_4,2.305830077,0,0,1,0.0,low,low,2,0.6664652824401855,0.26340097188949585,0.07013377547264099
bin_classification,resnet50,42,4,4,inner_refit,single,37,800 ppm 5 4,coral,0.01,1.0,800ppm_tree_5,800ppm_tree_5,4.51159952,2,2,1,0.0,high,high,2,0.022542595863342285,0.11017364263534546,0.8672837615013123
bin_classification,resnet50,42,4,4,inner_refit,single,39,1000 ppm 1 4,coral,0.01,1.0,1000ppm_tree_1,1000ppm_tree_1,5.546186906,2,2,1,0.0,high,high,2,0.10038822889328003,0.32504141330718994,0.57457035779953
bin_classification,resnet50,42,4,4,inner_refit,single,43,400 ppm 3 7,coral,0.01,1.0,400ppm_tree_3,400ppm_tree_3,0.89575865,0,0,1,0.0,low,low,2,0.9762933254241943,0.020060434937477112,0.00364625733345747
bin_classification,resnet50,42,4,4,inner_refit,single,48,800 ppm 5 5,coral,0.01,1.0,800ppm_tree_5,800ppm_tree_5,2.12508079,0,1,1,0.0,low,medium,2,0.36295878887176514,0.42785710096359253,0.20918409526348114
bin_classification,resnet50,42,4,4,inner_refit,single,54,400 ppm 3 10,coral,0.01,1.0,400ppm_tree_3,400ppm_tree_3,3.10781821,1,0,1,0.0,medium,low,2,0.7490631341934204,0.2028752863407135,0.04806157946586609
bin_classification,resnet50,42,4,4,inner_refit,single,57,800 ppm 1 2,coral,0.01,1.0,800ppm_tree_1,800ppm_tree_1,2.433875926,0,2,1,0.0,low,high,2,0.014555394649505615,0.07470196485519409,0.9107426404953003
bin_classification,resnet50,42,4,4,inner_refit,single,60,1000 ppm 1 10,coral,0.01,1.0,1000ppm_tree_1,1000ppm_tree_1,6.849854778,2,2,1,0.0,high,high,2,0.0015216469764709473,0.008488833904266357,0.9899895191192627
bin_classification,resnet50,42,4,4,inner_refit,single,62,800 ppm 5 3,coral,0.01,1.0,800ppm_tree_5,800ppm_tree_5,3.435802073,1,2,1,0.0,medium,high,2,0.1392195224761963,0.3784250319004059,0.4823554456233978
bin_classification,resnet50,42,4,4,inner_refit,single,63,800 ppm 5 1,coral,0.01,1.0,800ppm_tree_5,800ppm_tree_5,3.318129085,1,0,1,0.0,medium,low,2,0.6641652584075928,0.265024334192276,0.07081039994955063
bin_classification,resnet50,42,4,4,inner_refit,single,65,1000 ppm 1 2,coral,0.01,1.0,1000ppm_tree_1,1000ppm_tree_1,2.839588237,1,0,1,0.0,medium,low,2,0.6034930944442749,0.30640870332717896,0.09009823203086853
bin_classification,resnet50,42,4,4,inner_refit,single,75,600 ppm 4 2,coral,0.01,1.0,600ppm_tree_4,600ppm_tree_4,2.807822686,1,1,1,0.0,medium,medium,2,0.20580905675888062,0.42647314071655273,0.36771780252456665
bin_classification,resnet50,42,4,4,inner_refit,single,78,600 ppm 4 6,coral,0.01,1.0,600ppm_tree_4,600ppm_tree_4,2.917928606,1,0,1,0.0,medium,low,2,0.779415488243103,0.17967639863491058,0.040908101946115494
bin_classification,resnet50,42,4,4,inner_refit,single,85,600 ppm 5 9,coral,0.01,1.0,600ppm_tree_5,600ppm_tree_5,3.487434095,1,2,1,0.0,medium,high,2,0.012676775455474854,0.06582868099212646,0.9214945435523987
bin_classification,resnet50,42,4,4,inner_refit,single,86,600 ppm 4 3,coral,0.01,1.0,600ppm_tree_4,600ppm_tree_4,2.880647975,1,2,1,0.0,medium,high,2,0.12161082029342651,0.35718482732772827,0.5212043523788452
bin_classification,resnet50,42,4,4,inner_refit,single,89,800 ppm 1 7,coral,0.01,1.0,800ppm_tree_1,800ppm_tree_1,3.238793179,1,1,1,0.0,medium,medium,2,0.25005173683166504,0.4386503994464874,0.31129786372184753
bin_classification,resnet50,42,4,4,inner_refit,single,90,800 ppm 1 5,coral,0.01,1.0,800ppm_tree_1,800ppm_tree_1,3.533211084,1,1,1,0.0,medium,medium,2,0.38730525970458984,0.4201784133911133,0.19251634180545807
bin_classification,resnet50,42,4,4,inner_refit,single,96,400 ppm 3 3,coral,0.01,1.0,400ppm_tree_3,400ppm_tree_3,0.612212928,0,0,1,0.0,low,low,2,0.6490520238876343,0.27559787034988403,0.0753500685095787
bin_classification,resnet50,42,4,4,inner_refit,single,105,600 ppm 4 4,coral,0.01,1.0,600ppm_tree_4,600ppm_tree_4,4.722478116,2,2,1,0.0,high,high,2,0.14277994632720947,0.3822004795074463,0.47501957416534424
bin_classification,resnet50,42,4,4,inner_refit,single,106,1000 ppm 1 9,coral,0.01,1.0,1000ppm_tree_1,1000ppm_tree_1,5.438409112,2,2,1,0.0,high,high,2,0.0036295652389526367,0.01997053623199463,0.9763998985290527
bin_classification,resnet50,42,4,4,inner_refit,single,108,800 ppm 5 9,coral,0.01,1.0,800ppm_tree_5,800ppm_tree_5,4.625114916,2,2,1,0.0,high,high,2,0.1315082311630249,0.36966845393180847,0.4988233149051666
bin_classification,resnet50,42,4,4,inner_refit,single,111,1000 ppm 1 5,coral,0.01,1.0,1000ppm_tree_1,1000ppm_tree_1,5.633915275,2,2,1,0.0,high,high,2,0.041062891483306885,0.1801995038986206,0.7787376046180725
bin_classification,resnet50,42,4,4,inner_refit,single,113,600 ppm 5 10,coral,0.01,1.0,600ppm_tree_5,600ppm_tree_5,2.366026608,0,2,1,0.0,low,high,2,0.059662461280822754,0.23660391569137573,0.7037336230278015
bin_classification,resnet50,42,4,4,inner_refit,single,115,800 ppm 1 10,coral,0.01,1.0,800ppm_tree_1,800ppm_tree_1,3.305771452,1,1,1,0.0,medium,medium,2,0.2496238350868225,0.4385886490345001,0.31178751587867737
bin_classification,resnet50,42,4,4,inner_refit,single,122,400 ppm 3 9,coral,0.01,1.0,400ppm_tree_3,400ppm_tree_3,1.584373627,0,0,1,0.0,low,low,2,0.42530930042266846,0.4055008888244629,0.16918981075286865
bin_classification,resnet50,42,4,4,inner_refit,single,127,800 ppm 1 3,coral,0.01,1.0,800ppm_tree_1,800ppm_tree_1,3.460604121,1,0,1,0.0,medium,low,2,0.49589478969573975,0.37125319242477417,0.1328520029783249
bin_classification,resnet50,42,4,4,inner_refit,single,132,600 ppm 5 4,coral,0.01,1.0,600ppm_tree_5,600ppm_tree_5,1.814695158,0,0,1,0.0,low,low,2,0.6852219700813293,0.25002744793891907,0.06475058943033218
bin_classification,resnet50,42,4,4,inner_refit,single,133,600 ppm 4 5,coral,0.01,1.0,600ppm_tree_4,600ppm_tree_4,3.062108267,1,0,1,0.0,medium,low,2,0.8046155571937561,0.16007956862449646,0.03530488908290863
bin_classification,resnet50,42,4,4,inner_refit,single,137,600 ppm 4 9,coral,0.01,1.0,600ppm_tree_4,600ppm_tree_4,6.74653579,2,1,1,0.0,high,medium,2,0.2792052626609802,0.4406992793083191,0.2800954580307007
bin_classification,resnet50,42,4,4,inner_refit,single,144,600 ppm 5 8,coral,0.01,1.0,600ppm_tree_5,600ppm_tree_5,1.745539039,0,0,1,0.0,low,low,2,0.7725419402122498,0.18497002124786377,0.042488034814596176
bin_classification,resnet50,42,4,4,inner_refit,single,147,800 ppm 1 1,coral,0.01,1.0,800ppm_tree_1,800ppm_tree_1,3.206888056,1,2,1,0.0,medium,high,2,0.13117212057113647,0.3692680299282074,0.49955984950065613
bin_classification,resnet50,42,4,4,inner_refit,single,151,1000 ppm 1 1,coral,0.01,1.0,1000ppm_tree_1,1000ppm_tree_1,5.764585045,2,0,1,0.0,high,low,2,0.5915056467056274,0.3142252266407013,0.09426911920309067
bin_classification,resnet50,42,4,4,inner_refit,single,153,800 ppm 1 6,coral,0.01,1.0,800ppm_tree_1,800ppm_tree_1,3.837716068,2,2,1,0.0,high,high,2,0.15222793817520142,0.39145103096961975,0.45632103085517883
bin_classification,resnet50,42,4,4,inner_refit,single,154,600 ppm 5 1,coral,0.01,1.0,600ppm_tree_5,600ppm_tree_5,1.92902126,0,0,1,0.0,low,low,2,0.580632209777832,0.32120126485824585,0.09816654026508331
bin_classification,resnet50,42,4,4,inner_refit,single,156,1000 ppm 1 8,coral,0.01,1.0,1000ppm_tree_1,1000ppm_tree_1,2.743553968,1,0,1,0.0,medium,low,2,0.7313380241394043,0.21620194613933563,0.05246005952358246
bin_classification,resnet50,42,4,4,inner_refit,single,158,800 ppm 5 10,coral,0.01,1.0,800ppm_tree_5,800ppm_tree_5,0.75996872,0,0,1,0.0,low,low,2,0.940253496170044,0.0502607487142086,0.009485740214586258
bin_classification,resnet50,42,4,4,inner_refit,single,164,600 ppm 5 7,coral,0.01,1.0,600ppm_tree_5,600ppm_tree_5,2.199153042,0,2,1,0.0,low,high,2,0.034429848194122314,0.1568988561630249,0.8086712956428528
bin_classification,resnet50,42,4,4,inner_refit,single,165,600 ppm 4 8,coral,0.01,1.0,600ppm_tree_4,600ppm_tree_4,5.563645491,2,2,1,0.0,high,high,2,0.039400696754455566,0.17453253269195557,0.7860667705535889
bin_classification,resnet50,42,4,4,inner_refit,single,166,800 ppm 1 9,coral,0.01,1.0,800ppm_tree_1,800ppm_tree_1,4.20466345,2,2,1,0.0,high,high,2,0.009860217571258545,0.05212050676345825,0.9380192756652832
bin_classification,resnet50,42,4,4,inner_refit,single,170,600 ppm 5 6,coral,0.01,1.0,600ppm_tree_5,600ppm_tree_5,1.95587148,0,0,1,0.0,low,low,2,0.8479716181755066,0.12571918964385986,0.026309199631214142
bin_classification,resnet50,42,4,4,inner_refit,single,171,400 ppm 3 1,coral,0.01,1.0,400ppm_tree_3,400ppm_tree_3,1.246955081,0,0,1,0.0,low,low,2,0.6575466394424438,0.269675076007843,0.07277825474739075
bin_classification,resnet50,42,4,4,inner_refit,single,172,400 ppm 3 6,coral,0.01,1.0,400ppm_tree_3,400ppm_tree_3,1.25800729,0,0,1,0.0,low,low,2,0.6792957782745361,0.2542782723903656,0.06642595678567886
bin_classification,resnet50,42,4,4,inner_refit,single,173,600 ppm 4 10,coral,0.01,1.0,600ppm_tree_4,600ppm_tree_4,1.599538611,0,1,1,0.0,low,medium,2,0.3395804762840271,0.433753103017807,0.2266664206981659
bin_classification,resnet50,42,4,4,inner_refit,single,181,1000 ppm 1 6,coral,0.01,1.0,1000ppm_tree_1,1000ppm_tree_1,4.975119308,2,2,1,0.0,high,high,2,0.006877243518829346,0.03705233335494995,0.9560704231262207
bin_classification,resnet50,42,4,4,inner_refit,single,182,800 ppm 5 2,coral,0.01,1.0,800ppm_tree_5,800ppm_tree_5,3.095231637,1,0,1,0.0,medium,low,2,0.41738182306289673,0.40880855917930603,0.17380961775779724
bin_classification,resnet50,42,4,4,inner_refit,single,183,600 ppm 5 2,coral,0.01,1.0,600ppm_tree_5,600ppm_tree_5,2.267431961,0,0,1,0.0,low,low,2,0.8430246114730835,0.12967842817306519,0.027296990156173706
bin_classification,resnet50,42,4,4,inner_refit,single,191,600 ppm 4 7,coral,0.01,1.0,600ppm_tree_4,600ppm_tree_4,3.434518809,1,0,1,0.0,medium,low,2,0.7471045255661011,0.2043561488389969,0.04853932559490204
bin_classification,resnet50,42,4,4,inner_refit,single,192,800 ppm 1 4,coral,0.01,1.0,800ppm_tree_1,800ppm_tree_1,3.526156319,1,0,1,0.0,medium,low,2,0.7163689136505127,0.227320596575737,0.056310489773750305
bin_classification,resnet50,42,4,4,inner_refit,single,193,1000 ppm 1 7,coral,0.01,1.0,1000ppm_tree_1,1000ppm_tree_1,13.21918184,2,2,1,0.0,high,high,2,0.0003052949905395508,0.0017170310020446777,0.9979776740074158
bin_classification,resnet50,42,4,4,inner_refit,single,197,600 ppm 5 3,coral,0.01,1.0,600ppm_tree_5,600ppm_tree_5,3.545661039,1,0,1,0.0,medium,low,2,0.5732681751251221,0.3258616328239441,0.10087019205093384
bin_classification,resnet50,42,4,4,inner_refit,single,201,400 ppm 3 4,coral,0.01,1.0,400ppm_tree_3,400ppm_tree_3,2.103673748,0,1,1,0.0,low,medium,2,0.2441258430480957,0.4377062916755676,0.31816786527633667
bin_classification,resnet50,123,1,20,inner_refit,single,0,800 ppm 4 4,coral,0.01,1.0,800ppm_tree_4,800ppm_tree_4,2.946573479,1,0,1,0.0,medium,low,0,0.6746392250061035,0.3072490692138672,0.01811167411506176
bin_classification,resnet50,123,1,20,inner_refit,single,2,c 8,coral,0.01,1.0,control_tree,control_tree,0.026443476,0,0,1,0.0,low,low,0,0.6078124046325684,0.36810302734375,0.024084601551294327
bin_classification,resnet50,123,1,20,inner_refit,single,10,1000 ppm 1 3,coral,0.01,1.0,1000ppm_tree_1,1000ppm_tree_1,5.010887657,2,0,1,0.0,high,low,0,0.5112383365631104,0.4534856677055359,0.03527603670954704
bin_classification,resnet50,123,1,20,inner_refit,single,23,c 10,coral,0.01,1.0,control_tree,control_tree,0.034792218,0,0,1,0.0,low,low,0,0.8316017389297485,0.16071270406246185,0.007685542106628418
bin_classification,resnet50,123,1,20,inner_refit,single,27,1000 ppm 5 1,coral,0.01,1.0,1000ppm_tree_5,1000ppm_tree_5,3.059802771,1,0,1,0.0,medium,low,0,0.4925724267959595,0.4695201814174652,0.03790738061070442
bin_classification,resnet50,123,1,20,inner_refit,single,28,800 ppm 4 5,coral,0.01,1.0,800ppm_tree_4,800ppm_tree_4,2.521832891,0,1,1,0.0,low,medium,0,0.18528926372528076,0.6707483530044556,0.14396238327026367
bin_classification,resnet50,123,1,20,inner_refit,single,38,600 ppm 1 2,coral,0.01,1.0,600ppm_tree_1,600ppm_tree_1,3.709535965,2,1,1,0.0,high,medium,0,0.16409635543823242,0.6728414297103882,0.1630621999502182
bin_classification,resnet50,123,1,20,inner_refit,single,39,1000 ppm 1 4,coral,0.01,1.0,1000ppm_tree_1,1000ppm_tree_1,5.546186906,2,1,1,0.0,high,medium,0,0.10584443807601929,0.649951696395874,0.2442038655281067
bin_classification,resnet50,123,1,20,inner_refit,single,42,800 ppm 4 1,coral,0.01,1.0,800ppm_tree_4,800ppm_tree_4,3.914368577,2,1,1,0.0,high,medium,0,0.04535108804702759,0.5086297988891602,0.44601908326148987
bin_classification,resnet50,123,1,20,inner_refit,single,47,600 ppm 1 10,coral,0.01,1.0,600ppm_tree_1,600ppm_tree_1,2.380352998,0,1,1,0.0,low,medium,0,0.4139816164970398,0.5346572995185852,0.051361069083213806
bin_classification,resnet50,123,1,20,inner_refit,single,52,600 ppm 1 3,coral,0.01,1.0,600ppm_tree_1,600ppm_tree_1,2.7476069,1,0,1,0.0,medium,low,0,0.6247846484184265,0.35276150703430176,0.022453829646110535
bin_classification,resnet50,123,1,20,inner_refit,single,60,1000 ppm 1 10,coral,0.01,1.0,1000ppm_tree_1,1000ppm_tree_1,6.849854778,2,2,1,0.0,high,high,0,0.0026409029960632324,0.062107086181640625,0.9352520108222961
bin_classification,resnet50,123,1,20,inner_refit,single,65,1000 ppm 1 2,coral,0.01,1.0,1000ppm_tree_1,1000ppm_tree_1,2.839588237,1,0,1,0.0,medium,low,0,0.6897504329681396,0.2933368384838104,0.01691274903714657
bin_classification,resnet50,123,1,20,inner_refit,single,67,c 9,coral,0.01,1.0,control_tree,control_tree,0.057884192,0,0,1,0.0,low,low,0,0.7465447187423706,0.24063651263713837,0.012818739749491215
bin_classification,resnet50,123,1,20,inner_refit,single,69,800 ppm 4 8,coral,0.01,1.0,800ppm_tree_4,800ppm_tree_4,4.813344078,2,0,1,0.0,high,low,0,0.5129749774932861,0.45198479294776917,0.03504025191068649
bin_classification,resnet50,123,1,20,inner_refit,single,71,1000 ppm 5 3,coral,0.01,1.0,1000ppm_tree_5,1000ppm_tree_5,3.480640553,1,0,1,0.0,medium,low,0,0.7312153577804565,0.2549203336238861,0.013864325359463692
bin_classification,resnet50,123,1,20,inner_refit,single,72,800 ppm 4 10,coral,0.01,1.0,800ppm_tree_4,800ppm_tree_4,1.790224933,0,0,1,0.0,low,low,0,0.6752172708511353,0.30671781301498413,0.01806488260626793
bin_classification,resnet50,123,1,20,inner_refit,single,80,c 6,coral,0.01,1.0,control_tree,control_tree,0.063760031,0,0,1,0.0,low,low,0,0.6527588963508606,0.3273007273674011,0.019940391182899475
bin_classification,resnet50,123,1,20,inner_refit,single,84,c 7,coral,0.01,1.0,control_tree,control_tree,0.024246817,0,0,1,0.0,low,low,0,0.967097282409668,0.03160315752029419,0.0012995704310014844
bin_classification,resnet50,123,1,20,inner_refit,single,92,1000 ppm 5 2,coral,0.01,1.0,1000ppm_tree_5,1000ppm_tree_5,4.757997682,2,1,1,0.0,high,medium,0,0.3420378565788269,0.5894295573234558,0.06853260844945908
bin_classification,resnet50,123,1,20,inner_refit,single,94,800 ppm 4 7,coral,0.01,1.0,800ppm_tree_4,800ppm_tree_4,2.433103134,0,1,1,0.0,low,medium,0,0.13315480947494507,0.6674900054931641,0.19935521483421326
bin_classification,resnet50,123,1,20,inner_refit,single,100,600 ppm 1 7,coral,0.01,1.0,600ppm_tree_1,600ppm_tree_1,4.294644495,2,1,1,0.0,high,medium,0,0.044790029525756836,0.505967378616333,0.44924262166023254
bin_classification,resnet50,123,1,20,inner_refit,single,106,1000 ppm 1 9,coral,0.01,1.0,1000ppm_tree_1,1000ppm_tree_1,5.438409112,2,2,1,0.0,high,high,0,0.0020142793655395508,0.048110127449035645,0.9498755931854248
bin_classification,resnet50,123,1,20,inner_refit,single,111,1000 ppm 1 5,coral,0.01,1.0,1000ppm_tree_1,1000ppm_tree_1,5.633915275,2,2,1,0.0,high,high,0,0.02294391393661499,0.35746508836746216,0.6195909976959229
bin_classification,resnet50,123,1,20,inner_refit,single,126,1000 ppm 5 7,coral,0.01,1.0,1000ppm_tree_5,1000ppm_tree_5,3.420269793,1,0,1,0.0,medium,low,0,0.7786304950714111,0.21061250567436218,0.010757029987871647
bin_classification,resnet50,123,1,20,inner_refit,single,128,600 ppm 1 4,coral,0.01,1.0,600ppm_tree_1,600ppm_tree_1,3.074620336,1,0,1,0.0,medium,low,0,0.7720210552215576,0.21681053936481476,0.011168395169079304
bin_classification,resnet50,123,1,20,inner_refit,single,131,800 ppm 4 6,coral,0.01,1.0,800ppm_tree_4,800ppm_tree_4,2.875276352,1,0,1,0.0,medium,low,0,0.7560340166091919,0.23177428543567657,0.012191680260002613
bin_classification,resnet50,123,1,20,inner_refit,single,142,800 ppm 4 2,coral,0.01,1.0,800ppm_tree_4,800ppm_tree_4,7.228369165,2,2,1,0.0,high,high,0,0.00044077634811401367,0.010957956314086914,0.9886012673377991
bin_classification,resnet50,123,1,20,inner_refit,single,143,1000 ppm 5 9,coral,0.01,1.0,1000ppm_tree_5,1000ppm_tree_5,3.907491301,2,1,1,0.0,high,medium,0,0.10541552305221558,0.6495417356491089,0.24504277110099792
bin_classification,resnet50,123,1,20,inner_refit,single,145,c 5,coral,0.01,1.0,control_tree,control_tree,0.262646502,0,0,1,0.0,low,low,0,0.7105855941772461,0.27407556772232056,0.01533887255936861
bin_classification,resnet50,123,1,20,inner_refit,single,148,c 4,coral,0.01,1.0,control_tree,control_tree,0.028773772,0,0,1,0.0,low,low,0,0.8648481369018555,0.12921033799648285,0.00594151159748435
bin_classification,resnet50,123,1,20,inner_refit,single,151,1000 ppm 1 1,coral,0.01,1.0,1000ppm_tree_1,1000ppm_tree_1,5.764585045,2,0,1,0.0,high,low,0,0.6456341743469238,0.33380478620529175,0.020561065524816513
bin_classification,resnet50,123,1,20,inner_refit,single,152,1000 ppm 5 10,coral,0.01,1.0,1000ppm_tree_5,1000ppm_tree_5,4.866749998,2,2,1,0.0,high,high,0,0.030215561389923096,0.418704092502594,0.5510803461074829
bin_classification,resnet50,123,1,20,inner_refit,single,155,600 ppm 1 1,coral,0.01,1.0,600ppm_tree_1,600ppm_tree_1,3.201626017,1,1,1,0.0,medium,medium,0,0.36294829845428467,0.5741424560546875,0.06290924549102783
bin_classification,resnet50,123,1,20,inner_refit,single,156,1000 ppm 1 8,coral,0.01,1.0,1000ppm_tree_1,1000ppm_tree_1,2.743553968,1,0,1,0.0,medium,low,0,0.780227780342102,0.20911358296871185,0.010658608749508858
bin_classification,resnet50,123,1,20,inner_refit,single,157,c 3,coral,0.01,1.0,control_tree,control_tree,0.03666858,0,1,1,0.0,low,medium,0,0.4241418242454529,0.5264929533004761,0.049365218728780746
bin_classification,resnet50,123,1,20,inner_refit,single,160,600 ppm 1 8,coral,0.01,1.0,600ppm_tree_1,600ppm_tree_1,3.375017339,1,0,1,0.0,medium,low,0,0.9889358282089233,0.010636471211910248,0.0004277292755432427
bin_classification,resnet50,123,1,20,inner_refit,single,163,1000 ppm 5 6,coral,0.01,1.0,1000ppm_tree_5,1000ppm_tree_5,3.12203341,1,1,1,0.0,medium,medium,0,0.11284440755844116,0.6559768319129944,0.23117876052856445
bin_classification,resnet50,123,1,20,inner_refit,single,168,800 ppm 4 3,coral,0.01,1.0,800ppm_tree_4,800ppm_tree_4,2.561965594,0,0,1,0.0,low,low,0,0.9064857959747314,0.08958405256271362,0.003930152393877506
bin_classification,resnet50,123,1,20,inner_refit,single,169,1000 ppm 5 5,coral,0.01,1.0,1000ppm_tree_5,1000ppm_tree_5,4.025481166,2,1,1,0.0,high,medium,0,0.30991679430007935,0.6116023659706116,0.07848083227872849
bin_classification,resnet50,123,1,20,inner_refit,single,176,600 ppm 1 6,coral,0.01,1.0,600ppm_tree_1,600ppm_tree_1,3.100781702,1,2,1,0.0,medium,high,0,0.01019972562789917,0.20204192399978638,0.7877583503723145
bin_classification,resnet50,123,1,20,inner_refit,single,178,600 ppm 1 5,coral,0.01,1.0,600ppm_tree_1,600ppm_tree_1,2.578333626,1,0,1,0.0,medium,low,0,0.958168089389801,0.04016485437750816,0.0016670322511345148
bin_classification,resnet50,123,1,20,inner_refit,single,179,600 ppm 1 9,coral,0.01,1.0,600ppm_tree_1,600ppm_tree_1,2.309240059,0,1,1,0.0,low,medium,0,0.12186986207962036,0.6620802879333496,0.21604984998703003
bin_classification,resnet50,123,1,20,inner_refit,single,181,1000 ppm 1 6,coral,0.01,1.0,1000ppm_tree_1,1000ppm_tree_1,4.975119308,2,1,1,0.0,high,medium,0,0.09311652183532715,0.6354802846908569,0.2714032232761383
bin_classification,resnet50,123,1,20,inner_refit,single,185,800 ppm 4 9,coral,0.01,1.0,800ppm_tree_4,800ppm_tree_4,1.601926465,0,1,1,0.0,low,medium,0,0.09365630149841309,0.636199414730072,0.2701442837715149
bin_classification,resnet50,123,1,20,inner_refit,single,186,1000 ppm 5 4,coral,0.01,1.0,1000ppm_tree_5,1000ppm_tree_5,4.896407171,2,1,1,0.0,high,medium,0,0.18753790855407715,0.6703172922134399,0.14214478433132172
bin_classification,resnet50,123,1,20,inner_refit,single,193,1000 ppm 1 7,coral,0.01,1.0,1000ppm_tree_1,1000ppm_tree_1,13.21918184,2,2,1,0.0,high,high,0,0.0042874813079833984,0.09690117835998535,0.8988113403320312
bin_classification,resnet50,123,1,20,inner_refit,single,194,1000 ppm 5 8,coral,0.01,1.0,1000ppm_tree_5,1000ppm_tree_5,3.570707045,1,2,1,0.0,medium,high,0,0.032011449337005615,0.4316904544830322,0.5362980961799622
bin_classification,resnet50,123,1,20,inner_refit,single,195,c 2,coral,0.01,1.0,control_tree,control_tree,0.515980941,0,1,1,0.0,low,medium,0,0.11992043256759644,0.6609067916870117,0.21917276084423065
bin_classification,resnet50,123,2,21,inner_refit,single,1,400 ppm 1 10,coral,0.01,1.0,400ppm_tree_1,400ppm_tree_1,2.439106538,0,1,1,0.0,low,medium,2,0.4185076355934143,0.5263645648956299,0.05512777343392372
bin_classification,resnet50,123,2,21,inner_refit,single,3,600 ppm 5 5,coral,0.01,1.0,600ppm_tree_5,600ppm_tree_5,3.07249289,1,1,1,0.0,medium,medium,2,0.12163180112838745,0.6456867456436157,0.23268146812915802
bin_classification,resnet50,123,2,21,inner_refit,single,6,1000 ppm 3 9,coral,0.01,1.0,1000ppm_tree_3,1000ppm_tree_3,6.405368276,2,2,1,0.0,high,high,2,0.006957411766052246,0.13603472709655762,0.8570078611373901
bin_classification,resnet50,123,2,21,inner_refit,single,7,1000 ppm 3 10,coral,0.01,1.0,1000ppm_tree_3,1000ppm_tree_3,4.236281385,2,0,1,0.0,high,low,2,0.5926190614700317,0.37932512164115906,0.028055835515260696
bin_classification,resnet50,123,2,21,inner_refit,single,9,800 ppm 5 7,coral,0.01,1.0,800ppm_tree_5,800ppm_tree_5,3.900390988,2,2,1,0.0,high,high,2,0.007796525955200195,0.14983642101287842,0.8423670530319214
bin_classification,resnet50,123,2,21,inner_refit,single,14,800 ppm 5 8,coral,0.01,1.0,800ppm_tree_5,800ppm_tree_5,1.813308383,0,2,1,0.0,low,high,2,0.03587740659713745,0.4339565634727478,0.5301660299301147
bin_classification,resnet50,123,2,21,inner_refit,single,15,800 ppm 5 6,coral,0.01,1.0,800ppm_tree_5,800ppm_tree_5,4.035336418,2,2,1,0.0,high,high,2,0.0006667971611022949,0.014974057674407959,0.9843591451644897
bin_classification,resnet50,123,2,21,inner_refit,single,21,800 ppm 3 9,coral,0.01,1.0,800ppm_tree_3,800ppm_tree_3,3.382216957,1,1,1,0.0,medium,medium,2,0.22394579648971558,0.649024486541748,0.127029687166214
bin_classification,resnet50,123,2,21,inner_refit,single,22,1000 ppm 2 10,coral,0.01,1.0,1000ppm_tree_2,1000ppm_tree_2,3.02169275,1,1,1,0.0,medium,medium,2,0.45792728662490845,0.4947194755077362,0.047353241592645645
bin_classification,resnet50,123,2,21,inner_refit,single,24,400 ppm 1 7,coral,0.01,1.0,400ppm_tree_1,400ppm_tree_1,1.282576096,0,1,1,0.0,low,medium,2,0.1475754976272583,0.6572221517562866,0.1952023208141327
bin_classification,resnet50,123,2,21,inner_refit,single,25,400 ppm 1 2,coral,0.01,1.0,400ppm_tree_1,400ppm_tree_1,2.105801382,0,1,1,0.0,low,medium,2,0.25624150037765503,0.6351179480552673,0.10864055901765823
bin_classification,resnet50,123,2,21,inner_refit,single,30,800 ppm 3 1,coral,0.01,1.0,800ppm_tree_3,800ppm_tree_3,3.635232962,1,1,1,0.0,medium,medium,2,0.4295327663421631,0.5176443457603455,0.05282290652394295
bin_classification,resnet50,123,2,21,inner_refit,single,34,400 ppm 1 5,coral,0.01,1.0,400ppm_tree_1,400ppm_tree_1,2.341339231,0,1,1,0.0,low,medium,2,0.06700193881988525,0.5640233755111694,0.3689747154712677
bin_classification,resnet50,123,2,21,inner_refit,single,37,800 ppm 5 4,coral,0.01,1.0,800ppm_tree_5,800ppm_tree_5,4.51159952,2,2,1,0.0,high,high,2,0.0018995404243469238,0.04145979881286621,0.9566406607627869
bin_classification,resnet50,123,2,21,inner_refit,single,40,1000 ppm 3 7,coral,0.01,1.0,1000ppm_tree_3,1000ppm_tree_3,4.455573905,2,0,1,0.0,high,low,2,0.7842657566070557,0.20431531965732574,0.011418914422392845
bin_classification,resnet50,123,2,21,inner_refit,single,48,800 ppm 5 5,coral,0.01,1.0,800ppm_tree_5,800ppm_tree_5,2.12508079,0,0,1,0.0,low,low,2,0.6838551759719849,0.29710209369659424,0.019042707979679108
bin_classification,resnet50,123,2,21,inner_refit,single,49,800 ppm 3 4,coral,0.01,1.0,800ppm_tree_3,800ppm_tree_3,3.337767404,1,1,1,0.0,medium,medium,2,0.06036263704299927,0.5443580150604248,0.39527931809425354
bin_classification,resnet50,123,2,21,inner_refit,single,53,1000 ppm 2 1,coral,0.01,1.0,1000ppm_tree_2,1000ppm_tree_2,3.63646254,2,1,1,0.0,high,medium,2,0.11191636323928833,0.6381534934043884,0.24993012845516205
bin_classification,resnet50,123,2,21,inner_refit,single,56,800 ppm 3 7,coral,0.01,1.0,800ppm_tree_3,800ppm_tree_3,3.154045927,1,0,1,0.0,medium,low,2,0.4795726537704468,0.47684505581855774,0.04358229041099548
bin_classification,resnet50,123,2,21,inner_refit,single,59,400 ppm 1 9,coral,0.01,1.0,400ppm_tree_1,400ppm_tree_1,1.257349885,0,1,1,0.0,low,medium,2,0.41340887546539307,0.5303598642349243,0.05623128265142441
bin_classification,resnet50,123,2,21,inner_refit,single,62,800 ppm 5 3,coral,0.01,1.0,800ppm_tree_5,800ppm_tree_5,3.435802073,1,1,1,0.0,medium,medium,2,0.2988622784614563,0.6114600896835327,0.08967763185501099
bin_classification,resnet50,123,2,21,inner_refit,single,63,800 ppm 5 1,coral,0.01,1.0,800ppm_tree_5,800ppm_tree_5,3.318129085,1,0,1,0.0,medium,low,2,0.8863489627838135,0.10829559713602066,0.0053554135374724865
bin_classification,resnet50,123,2,21,inner_refit,single,64,800 ppm 3 6,coral,0.01,1.0,800ppm_tree_3,800ppm_tree_3,2.688094559,1,0,1,0.0,medium,low,2,0.923933207988739,0.07262158393859863,0.00344518362544477
bin_classification,resnet50,123,2,21,inner_refit,single,66,1000 ppm 3 3,coral,0.01,1.0,1000ppm_tree_3,1000ppm_tree_3,3.51299382,1,2,1,0.0,medium,high,2,0.0319821834564209,0.4083603620529175,0.5596574544906616
bin_classification,resnet50,123,2,21,inner_refit,single,70,800 ppm 3 3,coral,0.01,1.0,800ppm_tree_3,800ppm_tree_3,3.888822319,2,1,1,0.0,high,medium,2,0.09851115942001343,0.6238933801651001,0.2775954604148865
bin_classification,resnet50,123,2,21,inner_refit,single,74,800 ppm 3 10,coral,0.01,1.0,800ppm_tree_3,800ppm_tree_3,2.565247064,0,0,1,0.0,low,low,2,0.958063542842865,0.040101777762174606,0.0018346630968153477
bin_classification,resnet50,123,2,21,inner_refit,single,76,1000 ppm 2 5,coral,0.01,1.0,1000ppm_tree_2,1000ppm_tree_2,3.820821694,2,2,1,0.0,high,high,2,0.023229539394378662,0.33834707736968994,0.6384233832359314
bin_classification,resnet50,123,2,21,inner_refit,single,85,600 ppm 5 9,coral,0.01,1.0,600ppm_tree_5,600ppm_tree_5,3.487434095,1,2,1,0.0,medium,high,2,0.0007345080375671387,0.016468703746795654,0.9827967882156372
bin_classification,resnet50,123,2,21,inner_refit,single,88,400 ppm 1 8,coral,0.01,1.0,400ppm_tree_1,400ppm_tree_1,2.661895437,1,0,1,0.0,medium,low,2,0.6109576225280762,0.3629998564720154,0.02604248747229576
bin_classification,resnet50,123,2,21,inner_refit,single,99,1000 ppm 2 7,coral,0.01,1.0,1000ppm_tree_2,1000ppm_tree_2,2.945844467,1,1,1,0.0,medium,medium,2,0.23397904634475708,0.6451619863510132,0.12085896730422974
bin_classification,resnet50,123,2,21,inner_refit,single,101,400 ppm 1 1,coral,0.01,1.0,400ppm_tree_1,400ppm_tree_1,1.156692243,0,1,1,0.0,low,medium,2,0.27339237928390503,0.6262105107307434,0.10039709508419037
bin_classification,resnet50,123,2,21,inner_refit,single,102,1000 ppm 3 6,coral,0.01,1.0,1000ppm_tree_3,1000ppm_tree_3,3.90202355,2,1,1,0.0,high,medium,2,0.41807055473327637,0.5267080068588257,0.055221423506736755
bin_classification,resnet50,123,2,21,inner_refit,single,108,800 ppm 5 9,coral,0.01,1.0,800ppm_tree_5,800ppm_tree_5,4.625114916,2,2,1,0.0,high,high,2,0.007582187652587891,0.14635515213012695,0.8460626602172852
bin_classification,resnet50,123,2,21,inner_refit,single,113,600 ppm 5 10,coral,0.01,1.0,600ppm_tree_5,600ppm_tree_5,2.366026608,0,2,1,0.0,low,high,2,0.00016629695892333984,0.0037775039672851562,0.9960561990737915
bin_classification,resnet50,123,2,21,inner_refit,single,116,800 ppm 3 2,coral,0.01,1.0,800ppm_tree_3,800ppm_tree_3,4.960180046,2,1,1,0.0,high,medium,2,0.20806115865707397,0.6541344523429871,0.13780440390110016
bin_classification,resnet50,123,2,21,inner_refit,single,117,1000 ppm 3 8,coral,0.01,1.0,1000ppm_tree_3,1000ppm_tree_3,3.306848768,1,1,1,0.0,medium,medium,2,0.07006829977035522,0.5720701217651367,0.35786160826683044
bin_classification,resnet50,123,2,21,inner_refit,single,118,400 ppm 1 6,coral,0.01,1.0,400ppm_tree_1,400ppm_tree_1,2.131122072,0,0,1,0.0,low,low,2,0.6723136305809021,0.30763036012649536,0.02005600556731224
bin_classification,resnet50,123,2,21,inner_refit,single,130,400 ppm 1 3,coral,0.01,1.0,400ppm_tree_1,400ppm_tree_1,2.14727081,0,0,1,0.0,low,low,2,0.7307823896408081,0.25398391485214233,0.015233692713081837
bin_classification,resnet50,123,2,21,inner_refit,single,132,600 ppm 5 4,coral,0.01,1.0,600ppm_tree_5,600ppm_tree_5,1.814695158,0,0,1,0.0,low,low,2,0.9365700483322144,0.06059412285685539,0.0028358125127851963
bin_classification,resnet50,123,2,21,inner_refit,single,135,1000 ppm 3 1,coral,0.01,1.0,1000ppm_tree_3,1000ppm_tree_3,3.435150907,1,1,1,0.0,medium,medium,2,0.21049433946609497,0.6534389853477478,0.13606667518615723
bin_classification,resnet50,123,2,21,inner_refit,single,136,1000 ppm 2 9,coral,0.01,1.0,1000ppm_tree_2,1000ppm_tree_2,4.12892976,2,2,1,0.0,high,high,2,0.01850306987762451,0.29134148359298706,0.6901554465293884
bin_classification,resnet50,123,2,21,inner_refit,single,140,1000 ppm 2 6,coral,0.01,1.0,1000ppm_tree_2,1000ppm_tree_2,3.276631573,1,2,1,0.0,medium,high,2,0.008566856384277344,0.16209334135055542,0.8293398022651672
bin_classification,resnet50,123,2,21,inner_refit,single,144,600 ppm 5 8,coral,0.01,1.0,600ppm_tree_5,600ppm_tree_5,1.745539039,0,1,1,0.0,low,medium,2,0.16429781913757324,0.6597052216529846,0.17599694430828094
bin_classification,resnet50,123,2,21,inner_refit,single,154,600 ppm 5 1,coral,0.01,1.0,600ppm_tree_5,600ppm_tree_5,1.92902126,0,0,1,0.0,low,low,2,0.5302327275276184,0.43389907479286194,0.03586818650364876
bin_classification,resnet50,123,2,21,inner_refit,single,158,800 ppm 5 10,coral,0.01,1.0,800ppm_tree_5,800ppm_tree_5,0.75996872,0,0,1,0.0,low,low,2,0.9079529643058777,0.08780808746814728,0.004238951951265335
bin_classification,resnet50,123,2,21,inner_refit,single,162,800 ppm 3 8,coral,0.01,1.0,800ppm_tree_3,800ppm_tree_3,4.614610915,2,2,1,0.0,high,high,2,0.01268094778060913,0.2215474247932434,0.7657716274261475
bin_classification,resnet50,123,2,21,inner_refit,single,164,600 ppm 5 7,coral,0.01,1.0,600ppm_tree_5,600ppm_tree_5,2.199153042,0,1,1,0.0,low,medium,2,0.05147659778594971,0.5123041868209839,0.4362192451953888
bin_classification,resnet50,123,2,21,inner_refit,single,167,800 ppm 3 5,coral,0.01,1.0,800ppm_tree_3,800ppm_tree_3,4.458889794,2,1,1,0.0,high,medium,2,0.2804267406463623,0.6223050355911255,0.0972682535648346
bin_classification,resnet50,123,2,21,inner_refit,single,170,600 ppm 5 6,coral,0.01,1.0,600ppm_tree_5,600ppm_tree_5,1.95587148,0,1,1,0.0,low,medium,2,0.24067330360412598,0.6423428058624268,0.11698390543460846
bin_classification,resnet50,123,2,21,inner_refit,single,175,1000 ppm 3 2,coral,0.01,1.0,1000ppm_tree_3,1000ppm_tree_3,5.16842706,2,1,1,0.0,high,medium,2,0.3549445867538452,0.5741540193557739,0.07090142369270325
bin_classification,resnet50,123,2,21,inner_refit,single,177,1000 ppm 2 8,coral,0.01,1.0,1000ppm_tree_2,1000ppm_tree_2,8.920432073,2,2,1,0.0,high,high,2,0.010540127754211426,0.19181090593338013,0.7976489663124084
bin_classification,resnet50,123,2,21,inner_refit,single,182,800 ppm 5 2,coral,0.01,1.0,800ppm_tree_5,800ppm_tree_5,3.095231637,1,1,1,0.0,medium,medium,2,0.3551444411277771,0.5740116238594055,0.07084395736455917
bin_classification,resnet50,123,2,21,inner_refit,single,183,600 ppm 5 2,coral,0.01,1.0,600ppm_tree_5,600ppm_tree_5,2.267431961,0,1,1,0.0,low,medium,2,0.39081376791000366,0.5477531552314758,0.06143306940793991
bin_classification,resnet50,123,2,21,inner_refit,single,189,1000 ppm 3 5,coral,0.01,1.0,1000ppm_tree_3,1000ppm_tree_3,3.571688657,1,2,1,0.0,medium,high,2,0.003360748291015625,0.07097494602203369,0.9256643056869507
bin_classification,resnet50,123,2,21,inner_refit,single,197,600 ppm 5 3,coral,0.01,1.0,600ppm_tree_5,600ppm_tree_5,3.545661039,1,1,1,0.0,medium,medium,2,0.13420206308364868,0.6526398658752441,0.2131580412387848
bin_classification,resnet50,123,2,21,inner_refit,single,202,1000 ppm 3 4,coral,0.01,1.0,1000ppm_tree_3,1000ppm_tree_3,3.664180216,2,1,1,0.0,high,medium,2,0.2566218376159668,0.6349306106567383,0.10844758152961731
bin_classification,resnet50,123,2,21,inner_refit,single,203,1000 ppm 2 3,coral,0.01,1.0,1000ppm_tree_2,1000ppm_tree_2,3.096861561,1,1,1,0.0,medium,medium,2,0.17740905284881592,0.6596214771270752,0.1629694700241089
bin_classification,resnet50,123,2,21,inner_refit,single,205,1000 ppm 2 4,coral,0.01,1.0,1000ppm_tree_2,1000ppm_tree_2,2.575755666,1,2,1,0.0,medium,high,2,0.0031203031539916992,0.06624913215637207,0.9306305646896362
bin_classification,resnet50,123,2,21,inner_refit,single,206,400 ppm 1 4,coral,0.01,1.0,400ppm_tree_1,400ppm_tree_1,2.032189725,0,1,1,0.0,low,medium,2,0.2888004183769226,0.617483377456665,0.09371618926525116
bin_classification,resnet50,123,2,21,inner_refit,single,207,1000 ppm 2 2,coral,0.01,1.0,1000ppm_tree_2,1000ppm_tree_2,2.770922415,1,1,1,0.0,medium,medium,2,0.17607742547988892,0.659700870513916,0.16422168910503387
bin_classification,resnet50,123,3,19,inner_refit,single,5,1000 ppm 4 3,coral,0.001,1.0,1000ppm_tree_4,1000ppm_tree_4,7.189555601,2,2,1,0.0,high,high,0,0.056854248046875,0.15320247411727905,0.789943277835846
bin_classification,resnet50,123,3,19,inner_refit,single,8,600 ppm 3 7,coral,0.001,1.0,600ppm_tree_3,600ppm_tree_3,2.508319707,0,2,1,0.0,low,high,0,0.27930086851119995,0.3516303300857544,0.36906880140304565
bin_classification,resnet50,123,3,19,inner_refit,single,12,800 ppm 2 8,coral,0.001,1.0,800ppm_tree_2,800ppm_tree_2,2.765988542,1,2,1,0.0,medium,high,0,0.17565733194351196,0.3088715076446533,0.5154711604118347
bin_classification,resnet50,123,3,19,inner_refit,single,18,600 ppm 3 1,coral,0.001,1.0,600ppm_tree_3,600ppm_tree_3,3.464453659,1,2,1,0.0,medium,high,0,0.042416155338287354,0.12103933095932007,0.8365445137023926
bin_classification,resnet50,123,3,19,inner_refit,single,20,600 ppm 3 4,coral,0.001,1.0,600ppm_tree_3,600ppm_tree_3,2.760653598,1,2,1,0.0,medium,high,0,0.17512363195419312,0.3084835410118103,0.5163928270339966
bin_classification,resnet50,123,3,19,inner_refit,single,29,800 ppm 2 1,coral,0.001,1.0,800ppm_tree_2,800ppm_tree_2,4.06487884,2,1,1,0.0,high,medium,0,0.2997173070907593,0.3540186583995819,0.3462640345096588
bin_classification,resnet50,123,3,19,inner_refit,single,31,1000 ppm 4 10,coral,0.001,1.0,1000ppm_tree_4,1000ppm_tree_4,4.658685892,2,2,1,0.0,high,high,0,0.12604248523712158,0.2627795338630676,0.6111779808998108
bin_classification,resnet50,123,3,19,inner_refit,single,32,600 ppm 4 1,coral,0.001,1.0,600ppm_tree_4,600ppm_tree_4,2.305830077,0,0,1,0.0,low,low,0,0.7515852451324463,0.17870984971523285,0.06970489025115967
bin_classification,resnet50,123,3,19,inner_refit,single,36,800 ppm 2 4,coral,0.001,1.0,800ppm_tree_2,800ppm_tree_2,0.010515853,0,1,1,0.0,low,medium,0,0.33474093675613403,0.3546614348888397,0.31059762835502625
bin_classification,resnet50,123,3,19,inner_refit,single,41,1000 ppm 4 2,coral,0.001,1.0,1000ppm_tree_4,1000ppm_tree_4,4.700168169,2,2,1,0.0,high,high,0,0.12559044361114502,0.26225537061691284,0.6121541857719421
bin_classification,resnet50,123,3,19,inner_refit,single,46,400 ppm 2 3,coral,0.001,1.0,400ppm_tree_2,400ppm_tree_2,1.537357234,0,1,1,0.0,low,medium,0,0.29868781566619873,0.3539358973503113,0.34737628698349
bin_classification,resnet50,123,3,19,inner_refit,single,58,600 ppm 3 5,coral,0.001,1.0,600ppm_tree_3,600ppm_tree_3,3.400726676,1,0,1,0.0,medium,low,0,0.6289982795715332,0.2530600428581238,0.11794169992208481
bin_classification,resnet50,123,3,19,inner_refit,single,61,800 ppm 2 5,coral,0.001,1.0,800ppm_tree_2,800ppm_tree_2,2.123468918,0,1,1,0.0,low,medium,0,0.29918617010116577,0.35397639870643616,0.34683743119239807
bin_classification,resnet50,123,3,19,inner_refit,single,68,1000 ppm 4 8,coral,0.001,1.0,1000ppm_tree_4,1000ppm_tree_4,5.826586722,2,2,1,0.0,high,high,0,0.006170690059661865,0.020488440990447998,0.9733408689498901
bin_classification,resnet50,123,3,19,inner_refit,single,75,600 ppm 4 2,coral,0.001,1.0,600ppm_tree_4,600ppm_tree_4,2.807822686,1,0,1,0.0,medium,low,0,0.3918076157569885,0.34789544343948364,0.26029694080352783
bin_classification,resnet50,123,3,19,inner_refit,single,77,400 ppm 2 4,coral,0.001,1.0,400ppm_tree_2,400ppm_tree_2,2.142971305,0,0,1,0.0,low,low,0,0.43582314252853394,0.3372971713542938,0.22687968611717224
bin_classification,resnet50,123,3,19,inner_refit,single,78,600 ppm 4 6,coral,0.001,1.0,600ppm_tree_4,600ppm_tree_4,2.917928606,1,0,1,0.0,medium,low,0,0.7326005697250366,0.1909787654876709,0.07642067223787308
bin_classification,resnet50,123,3,19,inner_refit,single,79,800 ppm 2 9,coral,0.001,1.0,800ppm_tree_2,800ppm_tree_2,4.519795322,2,2,1,0.0,high,high,0,0.1639389991760254,0.2998592257499695,0.5362017750740051
bin_classification,resnet50,123,3,19,inner_refit,single,83,400 ppm 2 10,coral,0.001,1.0,400ppm_tree_2,400ppm_tree_2,2.028021582,0,0,1,0.0,low,low,0,0.3644227385520935,0.35223186016082764,0.28334540128707886
bin_classification,resnet50,123,3,19,inner_refit,single,86,600 ppm 4 3,coral,0.001,1.0,600ppm_tree_4,600ppm_tree_4,2.880647975,1,0,1,0.0,medium,low,0,0.4029334783554077,0.3456156551837921,0.25145086646080017
bin_classification,resnet50,123,3,19,inner_refit,single,91,800 ppm 2 6,coral,0.001,1.0,800ppm_tree_2,800ppm_tree_2,2.574977352,1,0,1,0.0,medium,low,0,0.6187829375267029,0.2586703896522522,0.12254667282104492
bin_classification,resnet50,123,3,19,inner_refit,single,103,600 ppm 3 2,coral,0.001,1.0,600ppm_tree_3,600ppm_tree_3,1.913489171,0,2,1,0.0,low,high,0,0.2602905035018921,0.34789395332336426,0.39181554317474365
bin_classification,resnet50,123,3,19,inner_refit,single,104,400 ppm 2 5,coral,0.001,1.0,400ppm_tree_2,400ppm_tree_2,2.693185629,1,0,1,0.0,medium,low,0,0.4379374384880066,0.33668678998947144,0.22537575662136078
bin_classification,resnet50,123,3,19,inner_refit,single,105,600 ppm 4 4,coral,0.001,1.0,600ppm_tree_4,600ppm_tree_4,4.722478116,2,2,1,0.0,high,high,0,0.20994234085083008,0.3296925723552704,0.46036508679389954
bin_classification,resnet50,123,3,19,inner_refit,single,109,600 ppm 3 6,coral,0.001,1.0,600ppm_tree_3,600ppm_tree_3,2.589302372,1,0,1,0.0,medium,low,0,0.6373496651649475,0.2483983039855957,0.11425203084945679
bin_classification,resnet50,123,3,19,inner_refit,single,110,800 ppm 2 10,coral,0.001,1.0,800ppm_tree_2,800ppm_tree_2,3.839907089,2,2,1,0.0,high,high,0,0.10637235641479492,0.2379259467124939,0.6557016968727112
bin_classification,resnet50,123,3,19,inner_refit,single,112,800 ppm 2 7,coral,0.001,1.0,800ppm_tree_2,800ppm_tree_2,3.993865756,2,2,1,0.0,high,high,0,0.0011501312255859375,0.003903210163116455,0.9949466586112976
bin_classification,resnet50,123,3,19,inner_refit,single,119,400 ppm 2 6,coral,0.001,1.0,400ppm_tree_2,400ppm_tree_2,1.94595721,0,0,1,0.0,low,low,0,0.4432169795036316,0.3351249694824219,0.22165805101394653
bin_classification,resnet50,123,3,19,inner_refit,single,120,1000 ppm 4 9,coral,0.001,1.0,1000ppm_tree_4,1000ppm_tree_4,6.363669718,2,2,1,0.0,high,high,0,0.031775474548339844,0.0946853756904602,0.8735391497612
bin_classification,resnet50,123,3,19,inner_refit,single,121,800 ppm 2 3,coral,0.001,1.0,800ppm_tree_2,800ppm_tree_2,4.083341711,2,0,1,0.0,high,low,0,0.5631982088088989,0.2872726321220398,0.14952920377254486
bin_classification,resnet50,123,3,19,inner_refit,single,123,1000 ppm 4 6,coral,0.001,1.0,1000ppm_tree_4,1000ppm_tree_4,3.570549353,1,0,1,0.0,medium,low,0,0.3714696764945984,0.3512974679470062,0.2772328555583954
bin_classification,resnet50,123,3,19,inner_refit,single,125,400 ppm 2 2,coral,0.001,1.0,400ppm_tree_2,400ppm_tree_2,2.217441217,0,0,1,0.0,low,low,0,0.6021374464035034,0.2675871253013611,0.13027547299861908
bin_classification,resnet50,123,3,19,inner_refit,single,129,600 ppm 3 10,coral,0.001,1.0,600ppm_tree_3,600ppm_tree_3,3.257108041,1,0,1,0.0,medium,low,0,0.6823073029518127,0.2222173810005188,0.09547531604766846
bin_classification,resnet50,123,3,19,inner_refit,single,133,600 ppm 4 5,coral,0.001,1.0,600ppm_tree_4,600ppm_tree_4,3.062108267,1,0,1,0.0,medium,low,0,0.44178080558776855,0.33555513620376587,0.22266407310962677
bin_classification,resnet50,123,3,19,inner_refit,single,137,600 ppm 4 9,coral,0.001,1.0,600ppm_tree_4,600ppm_tree_4,6.74653579,2,2,1,0.0,high,high,0,0.12571710348129272,0.2624025344848633,0.611880362033844
bin_classification,resnet50,123,3,19,inner_refit,single,138,400 ppm 2 7,coral,0.001,1.0,400ppm_tree_2,400ppm_tree_2,2.096952551,0,1,1,0.0,low,medium,0,0.31501448154449463,0.354804664850235,0.3301808536052704
bin_classification,resnet50,123,3,19,inner_refit,single,139,400 ppm 2 9,coral,0.001,1.0,400ppm_tree_2,400ppm_tree_2,3.092722153,1,0,1,0.0,medium,low,0,0.4461621046066284,0.3342306613922119,0.21960723400115967
bin_classification,resnet50,123,3,19,inner_refit,single,141,400 ppm 2 1,coral,0.001,1.0,400ppm_tree_2,400ppm_tree_2,2.012764258,0,0,1,0.0,low,low,0,0.7321561574935913,0.19126299023628235,0.07658087462186813
bin_classification,resnet50,123,3,19,inner_refit,single,149,1000 ppm 4 5,coral,0.001,1.0,1000ppm_tree_4,1000ppm_tree_4,5.501306043,2,2,1,0.0,high,high,0,0.2714826464653015,0.35027915239334106,0.3782382011413574
bin_classification,resnet50,123,3,19,inner_refit,single,150,600 ppm 3 9,coral,0.001,1.0,600ppm_tree_3,600ppm_tree_3,2.924303323,1,1,1,0.0,medium,medium,0,0.2991924285888672,0.35397687554359436,0.34683069586753845
bin_classification,resnet50,123,3,19,inner_refit,single,161,600 ppm 3 8,coral,0.001,1.0,600ppm_tree_3,600ppm_tree_3,3.047380635,1,0,1,0.0,medium,low,0,0.3864865303039551,0.34888342022895813,0.2646300494670868
bin_classification,resnet50,123,3,19,inner_refit,single,165,600 ppm 4 8,coral,0.001,1.0,600ppm_tree_4,600ppm_tree_4,5.563645491,2,2,1,0.0,high,high,0,0.13385307788848877,0.2715104818344116,0.5946364402770996
bin_classification,resnet50,123,3,19,inner_refit,single,173,600 ppm 4 10,coral,0.001,1.0,600ppm_tree_4,600ppm_tree_4,1.599538611,0,2,1,0.0,low,high,0,0.2476138472557068,0.34451356530189514,0.40787258744239807
bin_classification,resnet50,123,3,19,inner_refit,single,184,1000 ppm 4 1,coral,0.001,1.0,1000ppm_tree_4,1000ppm_tree_4,4.003606934,2,2,1,0.0,high,high,0,0.1874750852584839,0.3169362545013428,0.49558866024017334
bin_classification,resnet50,123,3,19,inner_refit,single,190,600 ppm 3 3,coral,0.001,1.0,600ppm_tree_3,600ppm_tree_3,3.293084865,1,0,1,0.0,medium,low,0,0.541163444519043,0.2976158559322357,0.1612206995487213
bin_classification,resnet50,123,3,19,inner_refit,single,191,600 ppm 4 7,coral,0.001,1.0,600ppm_tree_4,600ppm_tree_4,3.434518809,1,1,1,0.0,medium,medium,0,0.35109496116638184,0.35363340377807617,0.295271635055542
bin_classification,resnet50,123,3,19,inner_refit,single,196,800 ppm 2 2,coral,0.001,1.0,800ppm_tree_2,800ppm_tree_2,4.193172849,2,0,1,0.0,high,low,0,0.4620024561882019,0.3291460871696472,0.20885147154331207
bin_classification,resnet50,123,3,19,inner_refit,single,198,1000 ppm 4 4,coral,0.001,1.0,1000ppm_tree_4,1000ppm_tree_4,4.912650043,2,2,1,0.0,high,high,0,0.16764074563980103,0.30282002687454224,0.5295392274856567
bin_classification,resnet50,123,3,19,inner_refit,single,200,400 ppm 2 8,coral,0.001,1.0,400ppm_tree_2,400ppm_tree_2,1.868843053,0,1,1,0.0,low,medium,0,0.3040391802787781,0.35432422161102295,0.341636598110199
bin_classification,resnet50,123,3,19,inner_refit,single,208,1000 ppm 4 7,coral,0.001,1.0,1000ppm_tree_4,1000ppm_tree_4,4.80521563,2,0,1,0.0,high,low,0,0.3723488450050354,0.3511717617511749,0.2764793932437897
bin_classification,resnet50,123,4,6,inner_refit,single,4,400 ppm 5 6,coral,0.01,1.0,400ppm_tree_5,400ppm_tree_5,3.179550105,1,0,1,0.0,medium,low,1,0.5691002607345581,0.3432672321796417,0.08763251453638077
bin_classification,resnet50,123,4,6,inner_refit,single,11,400 ppm 4 4,coral,0.01,1.0,400ppm_tree_4,400ppm_tree_4,2.489788579,0,1,1,0.0,low,medium,1,0.4221537709236145,0.4298963248729706,0.14794990420341492
bin_classification,resnet50,123,4,6,inner_refit,single,13,400 ppm 3 2,coral,0.01,1.0,400ppm_tree_3,400ppm_tree_3,1.924704767,0,0,1,0.0,low,low,1,0.7638799548149109,0.19838787615299225,0.03773215785622597
bin_classification,resnet50,123,4,6,inner_refit,single,16,400 ppm 4 6,coral,0.01,1.0,400ppm_tree_4,400ppm_tree_4,2.232310918,0,0,1,0.0,low,low,1,0.7673609256744385,0.19560499489307404,0.037034112960100174
bin_classification,resnet50,123,4,6,inner_refit,single,17,800 ppm 1 8,coral,0.01,1.0,800ppm_tree_1,800ppm_tree_1,3.829685929,2,2,1,0.0,high,high,1,0.05773240327835083,0.2679537534713745,0.6743138432502747
bin_classification,resnet50,123,4,6,inner_refit,single,19,400 ppm 3 5,coral,0.01,1.0,400ppm_tree_3,400ppm_tree_3,1.728051929,0,1,1,0.0,low,medium,1,0.25376808643341064,0.4745476245880127,0.27168428897857666
bin_classification,resnet50,123,4,6,inner_refit,single,26,400 ppm 3 8,coral,0.01,1.0,400ppm_tree_3,400ppm_tree_3,2.699524299,1,0,1,0.0,medium,low,1,0.7210738658905029,0.23215124011039734,0.04677492007613182
bin_classification,resnet50,123,4,6,inner_refit,single,33,400 ppm 4 2,coral,0.01,1.0,400ppm_tree_4,400ppm_tree_4,3.766442861,2,1,1,0.0,high,medium,1,0.17464637756347656,0.4505493640899658,0.3748042583465576
bin_classification,resnet50,123,4,6,inner_refit,single,35,400 ppm 4 3,coral,0.01,1.0,400ppm_tree_4,400ppm_tree_4,1.918214246,0,1,1,0.0,low,medium,1,0.39397019147872925,0.442754328250885,0.16327549517154694
bin_classification,resnet50,123,4,6,inner_refit,single,43,400 ppm 3 7,coral,0.01,1.0,400ppm_tree_3,400ppm_tree_3,0.89575865,0,0,1,0.0,low,low,1,0.8412042260169983,0.13540910184383392,0.023386655375361443
bin_classification,resnet50,123,4,6,inner_refit,single,44,600 ppm 2 10,coral,0.01,1.0,600ppm_tree_2,600ppm_tree_2,5.751181016,2,2,1,0.0,high,high,1,0.01081538200378418,0.06853514909744263,0.9206494688987732
bin_classification,resnet50,123,4,6,inner_refit,single,45,400 ppm 4 8,coral,0.01,1.0,400ppm_tree_4,400ppm_tree_4,2.558849953,0,0,1,0.0,low,low,1,0.5543211698532104,0.35312598943710327,0.09255284816026688
bin_classification,resnet50,123,4,6,inner_refit,single,50,400 ppm 5 4,coral,0.01,1.0,400ppm_tree_5,400ppm_tree_5,2.308031034,0,0,1,0.0,low,low,1,0.7265827655792236,0.2278558909893036,0.045561373233795166
bin_classification,resnet50,123,4,6,inner_refit,single,51,400 ppm 5 2,coral,0.01,1.0,400ppm_tree_5,400ppm_tree_5,2.358077692,0,1,1,0.0,low,medium,1,0.2256174087524414,0.47105124592781067,0.3033313453197479
bin_classification,resnet50,123,4,6,inner_refit,single,54,400 ppm 3 10,coral,0.01,1.0,400ppm_tree_3,400ppm_tree_3,3.10781821,1,1,1,0.0,medium,medium,1,0.36009353399276733,0.4559474289417267,0.18395903706550598
bin_classification,resnet50,123,4,6,inner_refit,single,55,400 ppm 5 5,coral,0.01,1.0,400ppm_tree_5,400ppm_tree_5,3.964413323,2,2,1,0.0,high,high,1,0.04538309574127197,0.22721880674362183,0.7273980975151062
bin_classification,resnet50,123,4,6,inner_refit,single,57,800 ppm 1 2,coral,0.01,1.0,800ppm_tree_1,800ppm_tree_1,2.433875926,0,2,1,0.0,low,high,1,0.04174572229385376,0.21388423442840576,0.7443700432777405
bin_classification,resnet50,123,4,6,inner_refit,single,73,400 ppm 5 10,coral,0.01,1.0,400ppm_tree_5,400ppm_tree_5,6.150568182,2,1,1,0.0,high,medium,1,0.1849721074104309,0.4564846456050873,0.3585432469844818
bin_classification,resnet50,123,4,6,inner_refit,single,81,600 ppm 2 9,coral,0.01,1.0,600ppm_tree_2,600ppm_tree_2,3.516388075,1,1,1,0.0,medium,medium,1,0.1520521640777588,0.4336227476596832,0.414325088262558
bin_classification,resnet50,123,4,6,inner_refit,single,82,400 ppm 4 9,coral,0.01,1.0,400ppm_tree_4,400ppm_tree_4,2.624535347,1,1,1,0.0,medium,medium,1,0.29774290323257446,0.4719610810279846,0.23029601573944092
bin_classification,resnet50,123,4,6,inner_refit,single,87,600 ppm 2 3,coral,0.01,1.0,600ppm_tree_2,600ppm_tree_2,4.461830388,2,2,1,0.0,high,high,1,0.01885998249053955,0.1127309799194336,0.8684090375900269
bin_classification,resnet50,123,4,6,inner_refit,single,89,800 ppm 1 7,coral,0.01,1.0,800ppm_tree_1,800ppm_tree_1,3.238793179,1,1,1,0.0,medium,medium,1,0.15887588262557983,0.43935370445251465,0.4017704129219055
bin_classification,resnet50,123,4,6,inner_refit,single,90,800 ppm 1 5,coral,0.01,1.0,800ppm_tree_1,800ppm_tree_1,3.533211084,1,0,1,0.0,medium,low,1,0.5945791602134705,0.32580938935279846,0.07961144298315048
bin_classification,resnet50,123,4,6,inner_refit,single,93,600 ppm 2 1,coral,0.01,1.0,600ppm_tree_2,600ppm_tree_2,4.813990004,2,2,1,0.0,high,high,1,0.12855923175811768,0.4091072380542755,0.4623335301876068
bin_classification,resnet50,123,4,6,inner_refit,single,95,400 ppm 4 1,coral,0.01,1.0,400ppm_tree_4,400ppm_tree_4,3.41261835,1,0,1,0.0,medium,low,1,0.6264854073524475,0.30320072174072266,0.07031385600566864
bin_classification,resnet50,123,4,6,inner_refit,single,96,400 ppm 3 3,coral,0.01,1.0,400ppm_tree_3,400ppm_tree_3,0.612212928,0,1,1,0.0,low,medium,1,0.2742308974266052,0.47442343831062317,0.2513456642627716
bin_classification,resnet50,123,4,6,inner_refit,single,97,600 ppm 2 7,coral,0.01,1.0,600ppm_tree_2,600ppm_tree_2,5.389042573,2,2,1,0.0,high,high,1,0.0013458728790283203,0.009166121482849121,0.9894880056381226
bin_classification,resnet50,123,4,6,inner_refit,single,98,400 ppm 4 7,coral,0.01,1.0,400ppm_tree_4,400ppm_tree_4,2.772824063,1,0,1,0.0,medium,low,1,0.7496985197067261,0.209669291973114,0.040632158517837524
bin_classification,resnet50,123,4,6,inner_refit,single,107,600 ppm 2 8,coral,0.01,1.0,600ppm_tree_2,600ppm_tree_2,2.425778023,0,1,1,0.0,low,medium,1,0.26791709661483765,0.4746766686439514,0.25740623474121094
bin_classification,resnet50,123,4,6,inner_refit,single,114,600 ppm 2 5,coral,0.01,1.0,600ppm_tree_2,600ppm_tree_2,7.364696779,2,2,1,0.0,high,high,1,0.01248258352279663,0.07813233137130737,0.909385085105896
bin_classification,resnet50,123,4,6,inner_refit,single,115,800 ppm 1 10,coral,0.01,1.0,800ppm_tree_1,800ppm_tree_1,3.305771452,1,1,1,0.0,medium,medium,1,0.3110261559486389,0.4696110188961029,0.21936282515525818
bin_classification,resnet50,123,4,6,inner_refit,single,122,400 ppm 3 9,coral,0.01,1.0,400ppm_tree_3,400ppm_tree_3,1.584373627,0,1,1,0.0,low,medium,1,0.2824801802635193,0.47382301092147827,0.24369682371616364
bin_classification,resnet50,123,4,6,inner_refit,single,124,600 ppm 2 6,coral,0.01,1.0,600ppm_tree_2,600ppm_tree_2,5.169349346,2,2,1,0.0,high,high,1,0.008097469806671143,0.052365005016326904,0.939537525177002
bin_classification,resnet50,123,4,6,inner_refit,single,127,800 ppm 1 3,coral,0.01,1.0,800ppm_tree_1,800ppm_tree_1,3.460604121,1,1,1,0.0,medium,medium,1,0.21556919813156128,0.46860751509666443,0.3158232867717743
bin_classification,resnet50,123,4,6,inner_refit,single,134,400 ppm 5 7,coral,0.01,1.0,400ppm_tree_5,400ppm_tree_5,2.419099743,0,1,1,0.0,low,medium,1,0.1704128384590149,0.44780853390693665,0.38177862763404846
bin_classification,resnet50,123,4,6,inner_refit,single,146,400 ppm 5 8,coral,0.01,1.0,400ppm_tree_5,400ppm_tree_5,1.963308029,0,1,1,0.0,low,medium,1,0.34647780656814575,0.46044719219207764,0.1930750161409378
bin_classification,resnet50,123,4,6,inner_refit,single,147,800 ppm 1 1,coral,0.01,1.0,800ppm_tree_1,800ppm_tree_1,3.206888056,1,2,1,0.0,medium,high,1,0.10693973302841187,0.3786446452140808,0.5144156217575073
bin_classification,resnet50,123,4,6,inner_refit,single,153,800 ppm 1 6,coral,0.01,1.0,800ppm_tree_1,800ppm_tree_1,3.837716068,2,2,1,0.0,high,high,1,0.09437763690948486,0.3566280007362366,0.5489943623542786
bin_classification,resnet50,123,4,6,inner_refit,single,159,400 ppm 4 5,coral,0.01,1.0,400ppm_tree_4,400ppm_tree_4,2.49284019,0,0,1,0.0,low,low,1,0.7627604603767395,0.1992817372083664,0.037957802414894104
bin_classification,resnet50,123,4,6,inner_refit,single,166,800 ppm 1 9,coral,0.01,1.0,800ppm_tree_1,800ppm_tree_1,4.20466345,2,2,1,0.0,high,high,1,0.035384178161621094,0.1889200210571289,0.77569580078125
bin_classification,resnet50,123,4,6,inner_refit,single,171,400 ppm 3 1,coral,0.01,1.0,400ppm_tree_3,400ppm_tree_3,1.246955081,0,0,1,0.0,low,low,1,0.4965069890022278,0.38951510190963745,0.11397789418697357
bin_classification,resnet50,123,4,6,inner_refit,single,172,400 ppm 3 6,coral,0.01,1.0,400ppm_tree_3,400ppm_tree_3,1.25800729,0,1,1,0.0,low,medium,1,0.3813360929489136,0.44798576831817627,0.17067815363407135
bin_classification,resnet50,123,4,6,inner_refit,single,174,400 ppm 5 3,coral,0.01,1.0,400ppm_tree_5,400ppm_tree_5,4.283341707,2,1,1,0.0,high,medium,1,0.24298644065856934,0.4737507700920105,0.28326278924942017
bin_classification,resnet50,123,4,6,inner_refit,single,180,600 ppm 2 2,coral,0.01,1.0,600ppm_tree_2,600ppm_tree_2,3.987730061,2,2,1,0.0,high,high,1,0.008993804454803467,0.057771503925323486,0.933234691619873
bin_classification,resnet50,123,4,6,inner_refit,single,187,600 ppm 2 4,coral,0.01,1.0,600ppm_tree_2,600ppm_tree_2,5.228335334,2,2,1,0.0,high,high,1,0.040776729583740234,0.21022021770477295,0.7490030527114868
bin_classification,resnet50,123,4,6,inner_refit,single,188,400 ppm 4 10,coral,0.01,1.0,400ppm_tree_4,400ppm_tree_4,2.606928263,1,1,1,0.0,medium,medium,1,0.19376510381698608,0.4607580304145813,0.3454768657684326
bin_classification,resnet50,123,4,6,inner_refit,single,192,800 ppm 1 4,coral,0.01,1.0,800ppm_tree_1,800ppm_tree_1,3.526156319,1,0,1,0.0,medium,low,1,0.5204836130142212,0.3748754560947418,0.10464092344045639
bin_classification,resnet50,123,4,6,inner_refit,single,199,400 ppm 5 9,coral,0.01,1.0,400ppm_tree_5,400ppm_tree_5,4.94470606,2,2,1,0.0,high,high,1,0.03206205368041992,0.17499029636383057,0.7929476499557495
bin_classification,resnet50,123,4,6,inner_refit,single,201,400 ppm 3 4,coral,0.01,1.0,400ppm_tree_3,400ppm_tree_3,2.103673748,0,2,1,0.0,low,high,1,0.13992226123809814,0.4219524562358856,0.43812528252601624
bin_classification,resnet50,123,4,6,inner_refit,single,204,400 ppm 5 1,coral,0.01,1.0,400ppm_tree_5,400ppm_tree_5,2.488451456,0,2,1,0.0,low,high,1,0.06271916627883911,0.2826165556907654,0.6546642780303955
bin_classification,resnet50,2026,1,20,inner_refit,single,2,c 8,coral,0.001,1.0,control_tree,control_tree,0.026443476,0,0,1,0.0,low,low,0,0.6558433771133423,0.2413022220134735,0.10285437852144241
bin_classification,resnet50,2026,1,20,inner_refit,single,4,400 ppm 5 6,coral,0.001,1.0,400ppm_tree_5,400ppm_tree_5,3.179550105,1,0,1,0.0,medium,low,0,0.7937708497047424,0.15251588821411133,0.05371325463056564
bin_classification,resnet50,2026,1,20,inner_refit,single,10,1000 ppm 1 3,coral,0.001,1.0,1000ppm_tree_1,1000ppm_tree_1,5.010887657,2,0,1,0.0,high,low,0,0.4505649209022522,0.3390640318393707,0.21037104725837708
bin_classification,resnet50,2026,1,20,inner_refit,single,22,1000 ppm 2 10,coral,0.001,1.0,1000ppm_tree_2,1000ppm_tree_2,3.02169275,1,0,1,0.0,medium,low,0,0.4185372591018677,0.34861451387405396,0.23284822702407837
bin_classification,resnet50,2026,1,20,inner_refit,single,23,c 10,coral,0.001,1.0,control_tree,control_tree,0.034792218,0,0,1,0.0,low,low,0,0.5481131076812744,0.29925790429115295,0.15262898802757263
bin_classification,resnet50,2026,1,20,inner_refit,single,38,600 ppm 1 2,coral,0.001,1.0,600ppm_tree_1,600ppm_tree_1,3.709535965,2,0,1,0.0,high,low,0,0.4836816191673279,0.3272051215171814,0.18911327421665192
bin_classification,resnet50,2026,1,20,inner_refit,single,39,1000 ppm 1 4,coral,0.001,1.0,1000ppm_tree_1,1000ppm_tree_1,5.546186906,2,2,1,0.0,high,high,0,0.26640480756759644,0.35796523094177246,0.3756299614906311
bin_classification,resnet50,2026,1,20,inner_refit,single,47,600 ppm 1 10,coral,0.001,1.0,600ppm_tree_1,600ppm_tree_1,2.380352998,0,0,1,0.0,low,low,0,0.5629713535308838,0.29202139377593994,0.14500729739665985
bin_classification,resnet50,2026,1,20,inner_refit,single,50,400 ppm 5 4,coral,0.001,1.0,400ppm_tree_5,400ppm_tree_5,2.308031034,0,0,1,0.0,low,low,0,0.484261155128479,0.3269811272621155,0.18875770270824432
bin_classification,resnet50,2026,1,20,inner_refit,single,51,400 ppm 5 2,coral,0.001,1.0,400ppm_tree_5,400ppm_tree_5,2.358077692,0,0,1,0.0,low,low,0,0.5916475057601929,0.27731984853744507,0.13103261590003967
bin_classification,resnet50,2026,1,20,inner_refit,single,52,600 ppm 1 3,coral,0.001,1.0,600ppm_tree_1,600ppm_tree_1,2.7476069,1,0,1,0.0,medium,low,0,0.4018452763557434,0.3527543842792511,0.2454003393650055
bin_classification,resnet50,2026,1,20,inner_refit,single,53,1000 ppm 2 1,coral,0.001,1.0,1000ppm_tree_2,1000ppm_tree_2,3.63646254,2,0,1,0.0,high,low,0,0.4786031246185303,0.3291442394256592,0.19225262105464935
bin_classification,resnet50,2026,1,20,inner_refit,single,55,400 ppm 5 5,coral,0.001,1.0,400ppm_tree_5,400ppm_tree_5,3.964413323,2,2,1,0.0,high,high,0,0.08260232210159302,0.2092459797859192,0.7081516981124878
bin_classification,resnet50,2026,1,20,inner_refit,single,60,1000 ppm 1 10,coral,0.001,1.0,1000ppm_tree_1,1000ppm_tree_1,6.849854778,2,2,1,0.0,high,high,0,0.02251988649368286,0.07287269830703735,0.9046074151992798
bin_classification,resnet50,2026,1,20,inner_refit,single,65,1000 ppm 1 2,coral,0.001,1.0,1000ppm_tree_1,1000ppm_tree_1,2.839588237,1,0,1,0.0,medium,low,0,0.5555139780044556,0.2956872582435608,0.14879871904850006
bin_classification,resnet50,2026,1,20,inner_refit,single,67,c 9,coral,0.001,1.0,control_tree,control_tree,0.057884192,0,0,1,0.0,low,low,0,0.49156850576400757,0.3241116404533386,0.1843198537826538
bin_classification,resnet50,2026,1,20,inner_refit,single,73,400 ppm 5 10,coral,0.001,1.0,400ppm_tree_5,400ppm_tree_5,6.150568182,2,2,1,0.0,high,high,0,0.23687732219696045,0.3500317335128784,0.41309094429016113
bin_classification,resnet50,2026,1,20,inner_refit,single,76,1000 ppm 2 5,coral,0.001,1.0,1000ppm_tree_2,1000ppm_tree_2,3.820821694,2,2,1,0.0,high,high,0,0.19985681772232056,0.3335655927658081,0.46657758951187134
bin_classification,resnet50,2026,1,20,inner_refit,single,80,c 6,coral,0.001,1.0,control_tree,control_tree,0.063760031,0,0,1,0.0,low,low,0,0.5759088397026062,0.28550463914871216,0.13858652114868164
bin_classification,resnet50,2026,1,20,inner_refit,single,84,c 7,coral,0.001,1.0,control_tree,control_tree,0.024246817,0,0,1,0.0,low,low,0,0.8137798309326172,0.1386059671640396,0.047614213079214096
bin_classification,resnet50,2026,1,20,inner_refit,single,99,1000 ppm 2 7,coral,0.001,1.0,1000ppm_tree_2,1000ppm_tree_2,2.945844467,1,1,1,0.0,medium,medium,0,0.2854791283607483,0.36100849509239197,0.35351237654685974
bin_classification,resnet50,2026,1,20,inner_refit,single,100,600 ppm 1 7,coral,0.001,1.0,600ppm_tree_1,600ppm_tree_1,4.294644495,2,2,1,0.0,high,high,0,0.1611243486404419,0.30671828985214233,0.5321573615074158
bin_classification,resnet50,2026,1,20,inner_refit,single,106,1000 ppm 1 9,coral,0.001,1.0,1000ppm_tree_1,1000ppm_tree_1,5.438409112,2,2,1,0.0,high,high,0,0.03900831937789917,0.11767566204071045,0.8433160185813904
bin_classification,resnet50,2026,1,20,inner_refit,single,111,1000 ppm 1 5,coral,0.001,1.0,1000ppm_tree_1,1000ppm_tree_1,5.633915275,2,2,1,0.0,high,high,0,0.1975528597831726,0.3322664797306061,0.4701806604862213
bin_classification,resnet50,2026,1,20,inner_refit,single,128,600 ppm 1 4,coral,0.001,1.0,600ppm_tree_1,600ppm_tree_1,3.074620336,1,0,1,0.0,medium,low,0,0.6891337633132935,0.22115382552146912,0.08971240371465683
bin_classification,resnet50,2026,1,20,inner_refit,single,134,400 ppm 5 7,coral,0.001,1.0,400ppm_tree_5,400ppm_tree_5,2.419099743,0,2,1,0.0,low,high,0,0.1754852533340454,0.31797486543655396,0.5065398812294006
bin_classification,resnet50,2026,1,20,inner_refit,single,136,1000 ppm 2 9,coral,0.001,1.0,1000ppm_tree_2,1000ppm_tree_2,4.12892976,2,1,1,0.0,high,medium,0,0.30504274368286133,0.36263054609298706,0.3323267102241516
bin_classification,resnet50,2026,1,20,inner_refit,single,140,1000 ppm 2 6,coral,0.001,1.0,1000ppm_tree_2,1000ppm_tree_2,3.276631573,1,2,1,0.0,medium,high,0,0.23881781101226807,0.3506842255592346,0.4104979634284973
bin_classification,resnet50,2026,1,20,inner_refit,single,145,c 5,coral,0.001,1.0,control_tree,control_tree,0.262646502,0,0,1,0.0,low,low,0,0.5715581774711609,0.28771787881851196,0.14072394371032715
bin_classification,resnet50,2026,1,20,inner_refit,single,146,400 ppm 5 8,coral,0.001,1.0,400ppm_tree_5,400ppm_tree_5,1.963308029,0,1,1,0.0,low,medium,0,0.3496953248977661,0.3613980710506439,0.28890660405158997
bin_classification,resnet50,2026,1,20,inner_refit,single,148,c 4,coral,0.001,1.0,control_tree,control_tree,0.028773772,0,0,1,0.0,low,low,0,0.6151787042617798,0.2645869255065918,0.120234414935112
bin_classification,resnet50,2026,1,20,inner_refit,single,151,1000 ppm 1 1,coral,0.001,1.0,1000ppm_tree_1,1000ppm_tree_1,5.764585045,2,0,1,0.0,high,low,0,0.5945172309875488,0.27579817175865173,0.12968462705612183
bin_classification,resnet50,2026,1,20,inner_refit,single,155,600 ppm 1 1,coral,0.001,1.0,600ppm_tree_1,600ppm_tree_1,3.201626017,1,0,1,0.0,medium,low,0,0.6592516899108887,0.23928223550319672,0.10146604478359222
bin_classification,resnet50,2026,1,20,inner_refit,single,156,1000 ppm 1 8,coral,0.001,1.0,1000ppm_tree_1,1000ppm_tree_1,2.743553968,1,0,1,0.0,medium,low,0,0.5125085711479187,0.31543517112731934,0.17205625772476196
bin_classification,resnet50,2026,1,20,inner_refit,single,157,c 3,coral,0.001,1.0,control_tree,control_tree,0.03666858,0,1,1,0.0,low,medium,0,0.3474324941635132,0.36160925030708313,0.2909582555294037
bin_classification,resnet50,2026,1,20,inner_refit,single,160,600 ppm 1 8,coral,0.001,1.0,600ppm_tree_1,600ppm_tree_1,3.375017339,1,0,1,0.0,medium,low,0,0.9166456460952759,0.06387445330619812,0.01947992667555809
bin_classification,resnet50,2026,1,20,inner_refit,single,174,400 ppm 5 3,coral,0.001,1.0,400ppm_tree_5,400ppm_tree_5,4.283341707,2,2,1,0.0,high,high,0,0.2254316806793213,0.3457784354686737,0.428789883852005
bin_classification,resnet50,2026,1,20,inner_refit,single,176,600 ppm 1 6,coral,0.001,1.0,600ppm_tree_1,600ppm_tree_1,3.100781702,1,2,1,0.0,medium,high,0,0.07516872882843018,0.195980966091156,0.7288503050804138
bin_classification,resnet50,2026,1,20,inner_refit,single,177,1000 ppm 2 8,coral,0.001,1.0,1000ppm_tree_2,1000ppm_tree_2,8.920432073,2,2,1,0.0,high,high,0,0.14327049255371094,0.290297269821167,0.5664322376251221
bin_classification,resnet50,2026,1,20,inner_refit,single,178,600 ppm 1 5,coral,0.001,1.0,600ppm_tree_1,600ppm_tree_1,2.578333626,1,0,1,0.0,medium,low,0,0.7989140748977661,0.14896203577518463,0.05212392285466194
bin_classification,resnet50,2026,1,20,inner_refit,single,179,600 ppm 1 9,coral,0.001,1.0,600ppm_tree_1,600ppm_tree_1,2.309240059,0,2,1,0.0,low,high,0,0.22097933292388916,0.34392985701560974,0.4350908100605011
bin_classification,resnet50,2026,1,20,inner_refit,single,181,1000 ppm 1 6,coral,0.001,1.0,1000ppm_tree_1,1000ppm_tree_1,4.975119308,2,2,1,0.0,high,high,0,0.09367507696151733,0.22747600078582764,0.678848922252655
bin_classification,resnet50,2026,1,20,inner_refit,single,193,1000 ppm 1 7,coral,0.001,1.0,1000ppm_tree_1,1000ppm_tree_1,13.21918184,2,2,1,0.0,high,high,0,0.021839022636413574,0.07087814807891846,0.907282829284668
bin_classification,resnet50,2026,1,20,inner_refit,single,195,c 2,coral,0.001,1.0,control_tree,control_tree,0.515980941,0,0,1,0.0,low,low,0,0.38964319229125977,0.35538449883461,0.25497230887413025
bin_classification,resnet50,2026,1,20,inner_refit,single,199,400 ppm 5 9,coral,0.001,1.0,400ppm_tree_5,400ppm_tree_5,4.94470606,2,2,1,0.0,high,high,0,0.11994385719299316,0.2642267942428589,0.615829348564148
bin_classification,resnet50,2026,1,20,inner_refit,single,203,1000 ppm 2 3,coral,0.001,1.0,1000ppm_tree_2,1000ppm_tree_2,3.096861561,1,0,1,0.0,medium,low,0,0.594878613948822,0.2756058871746063,0.12951549887657166
bin_classification,resnet50,2026,1,20,inner_refit,single,204,400 ppm 5 1,coral,0.001,1.0,400ppm_tree_5,400ppm_tree_5,2.488451456,0,2,1,0.0,low,high,0,0.2712017297744751,0.35887467861175537,0.36992359161376953
bin_classification,resnet50,2026,1,20,inner_refit,single,205,1000 ppm 2 4,coral,0.001,1.0,1000ppm_tree_2,1000ppm_tree_2,2.575755666,1,2,1,0.0,medium,high,0,0.14780938625335693,0.2947435975074768,0.5574470162391663
bin_classification,resnet50,2026,1,20,inner_refit,single,207,1000 ppm 2 2,coral,0.001,1.0,1000ppm_tree_2,1000ppm_tree_2,2.770922415,1,0,1,0.0,medium,low,0,0.6079368591308594,0.2685665190219879,0.12349659204483032
bin_classification,resnet50,2026,2,27,inner_refit,single,0,800 ppm 4 4,coral,0.001,1.0,800ppm_tree_4,800ppm_tree_4,2.946573479,1,2,1,0.0,medium,high,1,0.216366708278656,0.35979774594306946,0.42383554577827454
bin_classification,resnet50,2026,2,27,inner_refit,single,5,1000 ppm 4 3,coral,0.001,1.0,1000ppm_tree_4,1000ppm_tree_4,7.189555601,2,2,1,0.0,high,high,1,0.07055360078811646,0.20150506496429443,0.7279413342475891
bin_classification,resnet50,2026,2,27,inner_refit,single,8,600 ppm 3 7,coral,0.001,1.0,600ppm_tree_3,600ppm_tree_3,2.508319707,0,1,1,0.0,low,medium,1,0.2907766103744507,0.37794288992881775,0.33128049969673157
bin_classification,resnet50,2026,2,27,inner_refit,single,12,800 ppm 2 8,coral,0.001,1.0,800ppm_tree_2,800ppm_tree_2,2.765988542,1,2,1,0.0,medium,high,1,0.25098347663879395,0.3716264069080353,0.3773901164531708
bin_classification,resnet50,2026,2,27,inner_refit,single,18,600 ppm 3 1,coral,0.001,1.0,600ppm_tree_3,600ppm_tree_3,3.464453659,1,2,1,0.0,medium,high,1,0.07030028104782104,0.20099306106567383,0.7287066578865051
bin_classification,resnet50,2026,2,27,inner_refit,single,20,600 ppm 3 4,coral,0.001,1.0,600ppm_tree_3,600ppm_tree_3,2.760653598,1,1,1,0.0,medium,medium,1,0.3289298415184021,0.37809649109840393,0.29297366738319397
bin_classification,resnet50,2026,2,27,inner_refit,single,28,800 ppm 4 5,coral,0.001,1.0,800ppm_tree_4,800ppm_tree_4,2.521832891,0,0,1,0.0,low,low,1,0.4055270552635193,0.36504197120666504,0.22943098843097687
bin_classification,resnet50,2026,2,27,inner_refit,single,29,800 ppm 2 1,coral,0.001,1.0,800ppm_tree_2,800ppm_tree_2,4.06487884,2,2,1,0.0,high,high,1,0.21666043996810913,0.35992687940597534,0.4234126806259155
bin_classification,resnet50,2026,2,27,inner_refit,single,31,1000 ppm 4 10,coral,0.001,1.0,1000ppm_tree_4,1000ppm_tree_4,4.658685892,2,2,1,0.0,high,high,1,0.14260631799697876,0.3076104521751404,0.5497832298278809
bin_classification,resnet50,2026,2,27,inner_refit,single,36,800 ppm 2 4,coral,0.001,1.0,800ppm_tree_2,800ppm_tree_2,0.010515853,0,0,1,0.0,low,low,1,0.38192933797836304,0.37069299817085266,0.2473776638507843
bin_classification,resnet50,2026,2,27,inner_refit,single,41,1000 ppm 4 2,coral,0.001,1.0,1000ppm_tree_4,1000ppm_tree_4,4.700168169,2,2,1,0.0,high,high,1,0.17163556814193726,0.33334800601005554,0.4950164258480072
bin_classification,resnet50,2026,2,27,inner_refit,single,42,800 ppm 4 1,coral,0.001,1.0,800ppm_tree_4,800ppm_tree_4,3.914368577,2,2,1,0.0,high,high,1,0.08077937364578247,0.22122114896774292,0.6979994773864746
bin_classification,resnet50,2026,2,27,inner_refit,single,46,400 ppm 2 3,coral,0.001,1.0,400ppm_tree_2,400ppm_tree_2,1.537357234,0,0,1,0.0,low,low,1,0.4637739062309265,0.34604841470718384,0.19017769396305084
bin_classification,resnet50,2026,2,27,inner_refit,single,58,600 ppm 3 5,coral,0.001,1.0,600ppm_tree_3,600ppm_tree_3,3.400726676,1,0,1,0.0,medium,low,1,0.7555415630340576,0.1827942430973053,0.061664219945669174
bin_classification,resnet50,2026,2,27,inner_refit,single,61,800 ppm 2 5,coral,0.001,1.0,800ppm_tree_2,800ppm_tree_2,2.123468918,0,1,1,0.0,low,medium,1,0.34147197008132935,0.37707656621932983,0.2814514636993408
bin_classification,resnet50,2026,2,27,inner_refit,single,68,1000 ppm 4 8,coral,0.001,1.0,1000ppm_tree_4,1000ppm_tree_4,5.826586722,2,2,1,0.0,high,high,1,0.004309594631195068,0.016555964946746826,0.9791344404220581
bin_classification,resnet50,2026,2,27,inner_refit,single,69,800 ppm 4 8,coral,0.001,1.0,800ppm_tree_4,800ppm_tree_4,4.813344078,2,0,1,0.0,high,low,1,0.491176962852478,0.33499249815940857,0.1738305389881134
bin_classification,resnet50,2026,2,27,inner_refit,single,72,800 ppm 4 10,coral,0.001,1.0,800ppm_tree_4,800ppm_tree_4,1.790224933,0,2,1,0.0,low,high,1,0.25017011165618896,0.3714214265346527,0.3784084618091583
bin_classification,resnet50,2026,2,27,inner_refit,single,77,400 ppm 2 4,coral,0.001,1.0,400ppm_tree_2,400ppm_tree_2,2.142971305,0,0,1,0.0,low,low,1,0.48184287548065186,0.33889490365982056,0.1792622059583664
bin_classification,resnet50,2026,2,27,inner_refit,single,79,800 ppm 2 9,coral,0.001,1.0,800ppm_tree_2,800ppm_tree_2,4.519795322,2,2,1,0.0,high,high,1,0.13672155141830444,0.3014030456542969,0.5618754029273987
bin_classification,resnet50,2026,2,27,inner_refit,single,83,400 ppm 2 10,coral,0.001,1.0,400ppm_tree_2,400ppm_tree_2,2.028021582,0,0,1,0.0,low,low,1,0.44639503955841064,0.3523979187011719,0.2012070268392563
bin_classification,resnet50,2026,2,27,inner_refit,single,91,800 ppm 2 6,coral,0.001,1.0,800ppm_tree_2,800ppm_tree_2,2.574977352,1,0,1,0.0,medium,low,1,0.6676845550537109,0.24050652980804443,0.09180889278650284
bin_classification,resnet50,2026,2,27,inner_refit,single,94,800 ppm 4 7,coral,0.001,1.0,800ppm_tree_4,800ppm_tree_4,2.433103134,0,2,1,0.0,low,high,1,0.18975716829299927,0.3457891643047333,0.46445366740226746
bin_classification,resnet50,2026,2,27,inner_refit,single,103,600 ppm 3 2,coral,0.001,1.0,600ppm_tree_3,600ppm_tree_3,1.913489171,0,0,1,0.0,low,low,1,0.411670982837677,0.3633621335029602,0.2249668687582016
bin_classification,resnet50,2026,2,27,inner_refit,single,104,400 ppm 2 5,coral,0.001,1.0,400ppm_tree_2,400ppm_tree_2,2.693185629,1,0,1,0.0,medium,low,1,0.5113378763198853,0.3261118531227112,0.16255025565624237
bin_classification,resnet50,2026,2,27,inner_refit,single,109,600 ppm 3 6,coral,0.001,1.0,600ppm_tree_3,600ppm_tree_3,2.589302372,1,0,1,0.0,medium,low,1,0.7147203683853149,0.21028870344161987,0.07499095797538757
bin_classification,resnet50,2026,2,27,inner_refit,single,110,800 ppm 2 10,coral,0.001,1.0,800ppm_tree_2,800ppm_tree_2,3.839907089,2,2,1,0.0,high,high,1,0.14735543727874756,0.3123618960380554,0.540282666683197
bin_classification,resnet50,2026,2,27,inner_refit,single,112,800 ppm 2 7,coral,0.001,1.0,800ppm_tree_2,800ppm_tree_2,3.993865756,2,2,1,0.0,high,high,1,0.0013462305068969727,0.0052471160888671875,0.9934066534042358
bin_classification,resnet50,2026,2,27,inner_refit,single,119,400 ppm 2 6,coral,0.001,1.0,400ppm_tree_2,400ppm_tree_2,1.94595721,0,0,1,0.0,low,low,1,0.5585839748382568,0.3031100034713745,0.13830599188804626
bin_classification,resnet50,2026,2,27,inner_refit,single,120,1000 ppm 4 9,coral,0.001,1.0,1000ppm_tree_4,1000ppm_tree_4,6.363669718,2,2,1,0.0,high,high,1,0.042015016078948975,0.13557076454162598,0.822414219379425
bin_classification,resnet50,2026,2,27,inner_refit,single,121,800 ppm 2 3,coral,0.001,1.0,800ppm_tree_2,800ppm_tree_2,4.083341711,2,0,1,0.0,high,low,1,0.4563489556312561,0.3488270938396454,0.1948239505290985
bin_classification,resnet50,2026,2,27,inner_refit,single,123,1000 ppm 4 6,coral,0.001,1.0,1000ppm_tree_4,1000ppm_tree_4,3.570549353,1,0,1,0.0,medium,low,1,0.4591004252433777,0.3478086590766907,0.19309091567993164
bin_classification,resnet50,2026,2,27,inner_refit,single,125,400 ppm 2 2,coral,0.001,1.0,400ppm_tree_2,400ppm_tree_2,2.217441217,0,0,1,0.0,low,low,1,0.6641989946365356,0.24267730116844177,0.0931236669421196
bin_classification,resnet50,2026,2,27,inner_refit,single,129,600 ppm 3 10,coral,0.001,1.0,600ppm_tree_3,600ppm_tree_3,3.257108041,1,0,1,0.0,medium,low,1,0.7444226741790771,0.19039104878902435,0.0651862770318985
bin_classification,resnet50,2026,2,27,inner_refit,single,131,800 ppm 4 6,coral,0.001,1.0,800ppm_tree_4,800ppm_tree_4,2.875276352,1,0,1,0.0,medium,low,1,0.43390023708343506,0.35661911964416504,0.2094806283712387
bin_classification,resnet50,2026,2,27,inner_refit,single,138,400 ppm 2 7,coral,0.001,1.0,400ppm_tree_2,400ppm_tree_2,2.096952551,0,0,1,0.0,low,low,1,0.48622846603393555,0.33707839250564575,0.1766931265592575
bin_classification,resnet50,2026,2,27,inner_refit,single,139,400 ppm 2 9,coral,0.001,1.0,400ppm_tree_2,400ppm_tree_2,3.092722153,1,0,1,0.0,medium,low,1,0.63028883934021,0.2632558047771454,0.10645532608032227
bin_classification,resnet50,2026,2,27,inner_refit,single,141,400 ppm 2 1,coral,0.001,1.0,400ppm_tree_2,400ppm_tree_2,2.012764258,0,0,1,0.0,low,low,1,0.7704882025718689,0.17246174812316895,0.057050034403800964
bin_classification,resnet50,2026,2,27,inner_refit,single,142,800 ppm 4 2,coral,0.001,1.0,800ppm_tree_4,800ppm_tree_4,7.228369165,2,2,1,0.0,high,high,1,0.009583353996276855,0.035890042781829834,0.9545266032218933
bin_classification,resnet50,2026,2,27,inner_refit,single,149,1000 ppm 4 5,coral,0.001,1.0,1000ppm_tree_4,1000ppm_tree_4,5.501306043,2,1,1,0.0,high,medium,1,0.29232728481292725,0.3780532777309418,0.329619437456131
bin_classification,resnet50,2026,2,27,inner_refit,single,150,600 ppm 3 9,coral,0.001,1.0,600ppm_tree_3,600ppm_tree_3,2.924303323,1,0,1,0.0,medium,low,1,0.4443824887275696,0.35309773683547974,0.2025197595357895
bin_classification,resnet50,2026,2,27,inner_refit,single,161,600 ppm 3 8,coral,0.001,1.0,600ppm_tree_3,600ppm_tree_3,3.047380635,1,0,1,0.0,medium,low,1,0.4393746256828308,0.3548063635826111,0.2058190107345581
bin_classification,resnet50,2026,2,27,inner_refit,single,168,800 ppm 4 3,coral,0.001,1.0,800ppm_tree_4,800ppm_tree_4,2.561965594,0,0,1,0.0,low,low,1,0.6941440105438232,0.2237129509449005,0.08214300125837326
bin_classification,resnet50,2026,2,27,inner_refit,single,184,1000 ppm 4 1,coral,0.001,1.0,1000ppm_tree_4,1000ppm_tree_4,4.003606934,2,2,1,0.0,high,high,1,0.18730443716049194,0.344251811504364,0.46844375133514404
bin_classification,resnet50,2026,2,27,inner_refit,single,185,800 ppm 4 9,coral,0.001,1.0,800ppm_tree_4,800ppm_tree_4,1.601926465,0,2,1,0.0,low,high,1,0.08149731159210205,0.2225368618965149,0.6959658265113831
bin_classification,resnet50,2026,2,27,inner_refit,single,190,600 ppm 3 3,coral,0.001,1.0,600ppm_tree_3,600ppm_tree_3,3.293084865,1,0,1,0.0,medium,low,1,0.5153440237045288,0.3242768347263336,0.16037914156913757
bin_classification,resnet50,2026,2,27,inner_refit,single,196,800 ppm 2 2,coral,0.001,1.0,800ppm_tree_2,800ppm_tree_2,4.193172849,2,1,1,0.0,high,medium,1,0.3638986349105835,0.3740883767604828,0.2620129883289337
bin_classification,resnet50,2026,2,27,inner_refit,single,198,1000 ppm 4 4,coral,0.001,1.0,1000ppm_tree_4,1000ppm_tree_4,4.912650043,2,2,1,0.0,high,high,1,0.18783169984817505,0.3445861041545868,0.46758219599723816
bin_classification,resnet50,2026,2,27,inner_refit,single,200,400 ppm 2 8,coral,0.001,1.0,400ppm_tree_2,400ppm_tree_2,1.868843053,0,1,1,0.0,low,medium,1,0.3220018744468689,0.3784450888633728,0.2995530366897583
bin_classification,resnet50,2026,2,27,inner_refit,single,208,1000 ppm 4 7,coral,0.001,1.0,1000ppm_tree_4,1000ppm_tree_4,4.80521563,2,0,1,0.0,high,low,1,0.37566912174224854,0.3719666600227356,0.25236421823501587
bin_classification,resnet50,2026,3,16,inner_refit,single,1,400 ppm 1 10,coral,0.01,1.0,400ppm_tree_1,400ppm_tree_1,2.439106538,0,0,1,0.0,low,low,2,0.7959723472595215,0.18970349431037903,0.01432415097951889
bin_classification,resnet50,2026,3,16,inner_refit,single,3,600 ppm 5 5,coral,0.01,1.0,600ppm_tree_5,600ppm_tree_5,3.07249289,1,1,1,0.0,medium,medium,2,0.2834751009941101,0.5911824107170105,0.1253424733877182
bin_classification,resnet50,2026,3,16,inner_refit,single,6,1000 ppm 3 9,coral,0.01,1.0,1000ppm_tree_3,1000ppm_tree_3,6.405368276,2,2,1,0.0,high,high,2,0.05495405197143555,0.45137935876846313,0.4936665892601013
bin_classification,resnet50,2026,3,16,inner_refit,single,7,1000 ppm 3 10,coral,0.01,1.0,1000ppm_tree_3,1000ppm_tree_3,4.236281385,2,0,1,0.0,high,low,2,0.8486645221710205,0.1413266956806183,0.010008750483393669
bin_classification,resnet50,2026,3,16,inner_refit,single,9,800 ppm 5 7,coral,0.01,1.0,800ppm_tree_5,800ppm_tree_5,3.900390988,2,2,1,0.0,high,high,2,0.030941307544708252,0.3293359875679016,0.6397227048873901
bin_classification,resnet50,2026,3,16,inner_refit,single,14,800 ppm 5 8,coral,0.01,1.0,800ppm_tree_5,800ppm_tree_5,1.813308383,0,1,1,0.0,low,medium,2,0.1969020962715149,0.6152876019477844,0.18781031668186188
bin_classification,resnet50,2026,3,16,inner_refit,single,15,800 ppm 5 6,coral,0.01,1.0,800ppm_tree_5,800ppm_tree_5,4.035336418,2,2,1,0.0,high,high,2,0.0005917549133300781,0.00974351167678833,0.9896647334098816
bin_classification,resnet50,2026,3,16,inner_refit,single,17,800 ppm 1 8,coral,0.01,1.0,800ppm_tree_1,800ppm_tree_1,3.829685929,2,2,1,0.0,high,high,2,0.017830312252044678,0.22471153736114502,0.7574581503868103
bin_classification,resnet50,2026,3,16,inner_refit,single,24,400 ppm 1 7,coral,0.01,1.0,400ppm_tree_1,400ppm_tree_1,1.282576096,0,1,1,0.0,low,medium,2,0.15894514322280884,0.6102856993675232,0.23076914250850677
bin_classification,resnet50,2026,3,16,inner_refit,single,25,400 ppm 1 2,coral,0.01,1.0,400ppm_tree_1,400ppm_tree_1,2.105801382,0,0,1,0.0,low,low,2,0.7599456310272217,0.22246050834655762,0.01759389415383339
bin_classification,resnet50,2026,3,16,inner_refit,single,32,600 ppm 4 1,coral,0.01,1.0,600ppm_tree_4,600ppm_tree_4,2.305830077,0,0,1,0.0,low,low,2,0.8940548896789551,0.09927163273096085,0.0066734845750033855
bin_classification,resnet50,2026,3,16,inner_refit,single,34,400 ppm 1 5,coral,0.01,1.0,400ppm_tree_1,400ppm_tree_1,2.341339231,0,1,1,0.0,low,medium,2,0.1360682249069214,0.5992420315742493,0.26468974351882935
bin_classification,resnet50,2026,3,16,inner_refit,single,37,800 ppm 5 4,coral,0.01,1.0,800ppm_tree_5,800ppm_tree_5,4.51159952,2,2,1,0.0,high,high,2,0.002132415771484375,0.034189820289611816,0.9636777639389038
bin_classification,resnet50,2026,3,16,inner_refit,single,40,1000 ppm 3 7,coral,0.01,1.0,1000ppm_tree_3,1000ppm_tree_3,4.455573905,2,0,1,0.0,high,low,2,0.7949285507202148,0.19065646827220917,0.0144150136038661
bin_classification,resnet50,2026,3,16,inner_refit,single,48,800 ppm 5 5,coral,0.01,1.0,800ppm_tree_5,800ppm_tree_5,2.12508079,0,1,1,0.0,low,medium,2,0.2455018162727356,0.6061130166053772,0.1483851671218872
bin_classification,resnet50,2026,3,16,inner_refit,single,57,800 ppm 1 2,coral,0.01,1.0,800ppm_tree_1,800ppm_tree_1,2.433875926,0,2,1,0.0,low,high,2,0.0034747719764709473,0.05446416139602661,0.9420610666275024
bin_classification,resnet50,2026,3,16,inner_refit,single,59,400 ppm 1 9,coral,0.01,1.0,400ppm_tree_1,400ppm_tree_1,1.257349885,0,0,1,0.0,low,low,2,0.5192203521728516,0.4309006929397583,0.04987892135977745
bin_classification,resnet50,2026,3,16,inner_refit,single,62,800 ppm 5 3,coral,0.01,1.0,800ppm_tree_5,800ppm_tree_5,3.435802073,1,1,1,0.0,medium,medium,2,0.44452792406082153,0.48931434750556946,0.06615772098302841
bin_classification,resnet50,2026,3,16,inner_refit,single,63,800 ppm 5 1,coral,0.01,1.0,800ppm_tree_5,800ppm_tree_5,3.318129085,1,0,1,0.0,medium,low,2,0.7991605401039124,0.18679144978523254,0.014048006385564804
bin_classification,resnet50,2026,3,16,inner_refit,single,66,1000 ppm 3 3,coral,0.01,1.0,1000ppm_tree_3,1000ppm_tree_3,3.51299382,1,2,1,0.0,medium,high,2,0.029533326625823975,0.31975144147872925,0.6507152318954468
bin_classification,resnet50,2026,3,16,inner_refit,single,75,600 ppm 4 2,coral,0.01,1.0,600ppm_tree_4,600ppm_tree_4,2.807822686,1,1,1,0.0,medium,medium,2,0.4544784426689148,0.48180535435676575,0.06371620297431946
bin_classification,resnet50,2026,3,16,inner_refit,single,78,600 ppm 4 6,coral,0.01,1.0,600ppm_tree_4,600ppm_tree_4,2.917928606,1,0,1,0.0,medium,low,2,0.7237848043441772,0.25503718852996826,0.02117804065346718
bin_classification,resnet50,2026,3,16,inner_refit,single,85,600 ppm 5 9,coral,0.01,1.0,600ppm_tree_5,600ppm_tree_5,3.487434095,1,2,1,0.0,medium,high,2,0.005051612854003906,0.0771414041519165,0.9178069829940796
bin_classification,resnet50,2026,3,16,inner_refit,single,86,600 ppm 4 3,coral,0.01,1.0,600ppm_tree_4,600ppm_tree_4,2.880647975,1,2,1,0.0,medium,high,2,0.03775680065155029,0.37126070261001587,0.5909824967384338
bin_classification,resnet50,2026,3,16,inner_refit,single,88,400 ppm 1 8,coral,0.01,1.0,400ppm_tree_1,400ppm_tree_1,2.661895437,1,1,1,0.0,medium,medium,2,0.42138850688934326,0.5063859820365906,0.07222550362348557
bin_classification,resnet50,2026,3,16,inner_refit,single,89,800 ppm 1 7,coral,0.01,1.0,800ppm_tree_1,800ppm_tree_1,3.238793179,1,1,1,0.0,medium,medium,2,0.15233147144317627,0.6078438758850098,0.23982465267181396
bin_classification,resnet50,2026,3,16,inner_refit,single,90,800 ppm 1 5,coral,0.01,1.0,800ppm_tree_1,800ppm_tree_1,3.533211084,1,1,1,0.0,medium,medium,2,0.25077325105667114,0.6043768525123596,0.14484991133213043
bin_classification,resnet50,2026,3,16,inner_refit,single,101,400 ppm 1 1,coral,0.01,1.0,400ppm_tree_1,400ppm_tree_1,1.156692243,0,1,1,0.0,low,medium,2,0.17338335514068604,0.6138344407081604,0.21278220415115356
bin_classification,resnet50,2026,3,16,inner_refit,single,102,1000 ppm 3 6,coral,0.01,1.0,1000ppm_tree_3,1000ppm_tree_3,3.90202355,2,0,1,0.0,high,low,2,0.5618574619293213,0.39580315351486206,0.042339399456977844
bin_classification,resnet50,2026,3,16,inner_refit,single,105,600 ppm 4 4,coral,0.01,1.0,600ppm_tree_4,600ppm_tree_4,4.722478116,2,2,1,0.0,high,high,2,0.009909868240356445,0.14014267921447754,0.849947452545166
bin_classification,resnet50,2026,3,16,inner_refit,single,108,800 ppm 5 9,coral,0.01,1.0,800ppm_tree_5,800ppm_tree_5,4.625114916,2,2,1,0.0,high,high,2,0.024880170822143555,0.2854839563369751,0.6896358728408813
bin_classification,resnet50,2026,3,16,inner_refit,single,113,600 ppm 5 10,coral,0.01,1.0,600ppm_tree_5,600ppm_tree_5,2.366026608,0,2,1,0.0,low,high,2,0.013454854488372803,0.18045568466186523,0.806089460849762
bin_classification,resnet50,2026,3,16,inner_refit,single,115,800 ppm 1 10,coral,0.01,1.0,800ppm_tree_1,800ppm_tree_1,3.305771452,1,1,1,0.0,medium,medium,2,0.306537389755249,0.5797849297523499,0.11367765814065933
bin_classification,resnet50,2026,3,16,inner_refit,single,117,1000 ppm 3 8,coral,0.01,1.0,1000ppm_tree_3,1000ppm_tree_3,3.306848768,1,1,1,0.0,medium,medium,2,0.11408001184463501,0.5802295804023743,0.3056904077529907
bin_classification,resnet50,2026,3,16,inner_refit,single,118,400 ppm 1 6,coral,0.01,1.0,400ppm_tree_1,400ppm_tree_1,2.131122072,0,0,1,0.0,low,low,2,0.6821922063827515,0.29207542538642883,0.025732381269335747
bin_classification,resnet50,2026,3,16,inner_refit,single,127,800 ppm 1 3,coral,0.01,1.0,800ppm_tree_1,800ppm_tree_1,3.460604121,1,0,1,0.0,medium,low,2,0.5546918511390686,0.4017747640609741,0.04353338107466698
bin_classification,resnet50,2026,3,16,inner_refit,single,130,400 ppm 1 3,coral,0.01,1.0,400ppm_tree_1,400ppm_tree_1,2.14727081,0,1,1,0.0,low,medium,2,0.37518763542175293,0.538541853427887,0.0862705335021019
bin_classification,resnet50,2026,3,16,inner_refit,single,132,600 ppm 5 4,coral,0.01,1.0,600ppm_tree_5,600ppm_tree_5,1.814695158,0,0,1,0.0,low,low,2,0.8610345721244812,0.12989822030067444,0.009067222476005554
bin_classification,resnet50,2026,3,16,inner_refit,single,133,600 ppm 4 5,coral,0.01,1.0,600ppm_tree_4,600ppm_tree_4,3.062108267,1,0,1,0.0,medium,low,2,0.6959446668624878,0.2798842787742615,0.024171041324734688
bin_classification,resnet50,2026,3,16,inner_refit,single,135,1000 ppm 3 1,coral,0.01,1.0,1000ppm_tree_3,1000ppm_tree_3,3.435150907,1,0,1,0.0,medium,low,2,0.642324686050415,0.3270711898803711,0.030604084953665733
bin_classification,resnet50,2026,3,16,inner_refit,single,137,600 ppm 4 9,coral,0.01,1.0,600ppm_tree_4,600ppm_tree_4,6.74653579,2,1,1,0.0,high,medium,2,0.2319696545600891,0.6099855899810791,0.1580447405576706
bin_classification,resnet50,2026,3,16,inner_refit,single,144,600 ppm 5 8,coral,0.01,1.0,600ppm_tree_5,600ppm_tree_5,1.745539039,0,0,1,0.0,low,low,2,0.6589917540550232,0.3125065565109253,0.02850169874727726
bin_classification,resnet50,2026,3,16,inner_refit,single,147,800 ppm 1 1,coral,0.01,1.0,800ppm_tree_1,800ppm_tree_1,3.206888056,1,1,1,0.0,medium,medium,2,0.29802852869033813,0.5841649770736694,0.11780651658773422
bin_classification,resnet50,2026,3,16,inner_refit,single,153,800 ppm 1 6,coral,0.01,1.0,800ppm_tree_1,800ppm_tree_1,3.837716068,2,2,1,0.0,high,high,2,0.045822978019714355,0.41277414560317993,0.5414028763771057
bin_classification,resnet50,2026,3,16,inner_refit,single,154,600 ppm 5 1,coral,0.01,1.0,600ppm_tree_5,600ppm_tree_5,1.92902126,0,0,1,0.0,low,low,2,0.5006033182144165,0.44586604833602905,0.053530625998973846
bin_classification,resnet50,2026,3,16,inner_refit,single,158,800 ppm 5 10,coral,0.01,1.0,800ppm_tree_5,800ppm_tree_5,0.75996872,0,0,1,0.0,low,low,2,0.9842352867126465,0.014857429079711437,0.0009072695393115282
bin_classification,resnet50,2026,3,16,inner_refit,single,164,600 ppm 5 7,coral,0.01,1.0,600ppm_tree_5,600ppm_tree_5,2.199153042,0,2,1,0.0,low,high,2,0.029280900955200195,0.3179962635040283,0.6527228355407715
bin_classification,resnet50,2026,3,16,inner_refit,single,165,600 ppm 4 8,coral,0.01,1.0,600ppm_tree_4,600ppm_tree_4,5.563645491,2,2,1,0.0,high,high,2,0.006551206111907959,0.09764403104782104,0.895804762840271
bin_classification,resnet50,2026,3,16,inner_refit,single,166,800 ppm 1 9,coral,0.01,1.0,800ppm_tree_1,800ppm_tree_1,4.20466345,2,2,1,0.0,high,high,2,0.004542112350463867,0.06994360685348511,0.925514280796051
bin_classification,resnet50,2026,3,16,inner_refit,single,170,600 ppm 5 6,coral,0.01,1.0,600ppm_tree_5,600ppm_tree_5,1.95587148,0,0,1,0.0,low,low,2,0.5485432147979736,0.40687641501426697,0.044580329209566116
bin_classification,resnet50,2026,3,16,inner_refit,single,173,600 ppm 4 10,coral,0.01,1.0,600ppm_tree_4,600ppm_tree_4,1.599538611,0,1,1,0.0,low,medium,2,0.14990448951721191,0.6068047285079956,0.24329081177711487
bin_classification,resnet50,2026,3,16,inner_refit,single,175,1000 ppm 3 2,coral,0.01,1.0,1000ppm_tree_3,1000ppm_tree_3,5.16842706,2,1,1,0.0,high,medium,2,0.11631351709365845,0.58262699842453,0.3010594844818115
bin_classification,resnet50,2026,3,16,inner_refit,single,182,800 ppm 5 2,coral,0.01,1.0,800ppm_tree_5,800ppm_tree_5,3.095231637,1,1,1,0.0,medium,medium,2,0.26492154598236084,0.5991501212120056,0.13592833280563354
bin_classification,resnet50,2026,3,16,inner_refit,single,183,600 ppm 5 2,coral,0.01,1.0,600ppm_tree_5,600ppm_tree_5,2.267431961,0,0,1,0.0,low,low,2,0.6641011834144592,0.30802223086357117,0.027876580134034157
bin_classification,resnet50,2026,3,16,inner_refit,single,189,1000 ppm 3 5,coral,0.01,1.0,1000ppm_tree_3,1000ppm_tree_3,3.571688657,1,2,1,0.0,medium,high,2,0.0018022656440734863,0.029061555862426758,0.9691361784934998
bin_classification,resnet50,2026,3,16,inner_refit,single,191,600 ppm 4 7,coral,0.01,1.0,600ppm_tree_4,600ppm_tree_4,3.434518809,1,1,1,0.0,medium,medium,2,0.42148226499557495,0.5063179731369019,0.0721997544169426
bin_classification,resnet50,2026,3,16,inner_refit,single,192,800 ppm 1 4,coral,0.01,1.0,800ppm_tree_1,800ppm_tree_1,3.526156319,1,0,1,0.0,medium,low,2,0.6906824111938477,0.2845558822154999,0.02476172335445881
bin_classification,resnet50,2026,3,16,inner_refit,single,197,600 ppm 5 3,coral,0.01,1.0,600ppm_tree_5,600ppm_tree_5,3.545661039,1,0,1,0.0,medium,low,2,0.5606837868690491,0.39678311347961426,0.042533084750175476
bin_classification,resnet50,2026,3,16,inner_refit,single,202,1000 ppm 3 4,coral,0.01,1.0,1000ppm_tree_3,1000ppm_tree_3,3.664180216,2,0,1,0.0,high,low,2,0.6318700313568115,0.3361554741859436,0.03197452798485756
bin_classification,resnet50,2026,3,16,inner_refit,single,206,400 ppm 1 4,coral,0.01,1.0,400ppm_tree_1,400ppm_tree_1,2.032189725,0,1,1,0.0,low,medium,2,0.36004865169525146,0.5484066009521484,0.09154471755027771
bin_classification,resnet50,2026,4,4,inner_refit,single,11,400 ppm 4 4,coral,0.01,1.0,400ppm_tree_4,400ppm_tree_4,2.489788579,0,0,1,0.0,low,low,0,0.5442267656326294,0.34916040301322937,0.10661286115646362
bin_classification,resnet50,2026,4,4,inner_refit,single,13,400 ppm 3 2,coral,0.01,1.0,400ppm_tree_3,400ppm_tree_3,1.924704767,0,0,1,0.0,low,low,0,0.5883105993270874,0.32101526856422424,0.09067415446043015
bin_classification,resnet50,2026,4,4,inner_refit,single,16,400 ppm 4 6,coral,0.01,1.0,400ppm_tree_4,400ppm_tree_4,2.232310918,0,0,1,0.0,low,low,0,0.5668568015098572,0.334951788187027,0.09819140285253525
bin_classification,resnet50,2026,4,4,inner_refit,single,19,400 ppm 3 5,coral,0.01,1.0,400ppm_tree_3,400ppm_tree_3,1.728051929,0,1,1,0.0,low,medium,0,0.4046529531478882,0.4220345914363861,0.1733124554157257
bin_classification,resnet50,2026,4,4,inner_refit,single,21,800 ppm 3 9,coral,0.01,1.0,800ppm_tree_3,800ppm_tree_3,3.382216957,1,2,1,0.0,medium,high,0,0.033551573753356934,0.1623517870903015,0.8040966391563416
bin_classification,resnet50,2026,4,4,inner_refit,single,26,400 ppm 3 8,coral,0.01,1.0,400ppm_tree_3,400ppm_tree_3,2.699524299,1,1,1,0.0,medium,medium,0,0.40968918800354004,0.4199673533439636,0.17034345865249634
bin_classification,resnet50,2026,4,4,inner_refit,single,27,1000 ppm 5 1,coral,0.01,1.0,1000ppm_tree_5,1000ppm_tree_5,3.059802771,1,2,1,0.0,medium,high,0,0.047872066497802734,0.212945818901062,0.7391821146011353
bin_classification,resnet50,2026,4,4,inner_refit,single,30,800 ppm 3 1,coral,0.01,1.0,800ppm_tree_3,800ppm_tree_3,3.635232962,1,0,1,0.0,medium,low,0,0.550234317779541,0.3454403281211853,0.10432533174753189
bin_classification,resnet50,2026,4,4,inner_refit,single,33,400 ppm 4 2,coral,0.01,1.0,400ppm_tree_4,400ppm_tree_4,3.766442861,2,2,1,0.0,high,high,0,0.024746060371398926,0.12640655040740967,0.8488473892211914
bin_classification,resnet50,2026,4,4,inner_refit,single,35,400 ppm 4 3,coral,0.01,1.0,400ppm_tree_4,400ppm_tree_4,1.918214246,0,0,1,0.0,low,low,0,0.447473406791687,0.40290361642837524,0.14962299168109894
bin_classification,resnet50,2026,4,4,inner_refit,single,43,400 ppm 3 7,coral,0.01,1.0,400ppm_tree_3,400ppm_tree_3,0.89575865,0,0,1,0.0,low,low,0,0.7770406007766724,0.18367865681648254,0.0392807200551033
bin_classification,resnet50,2026,4,4,inner_refit,single,44,600 ppm 2 10,coral,0.01,1.0,600ppm_tree_2,600ppm_tree_2,5.751181016,2,2,1,0.0,high,high,0,0.0019940733909606934,0.011833786964416504,0.9861721396446228
bin_classification,resnet50,2026,4,4,inner_refit,single,45,400 ppm 4 8,coral,0.01,1.0,400ppm_tree_4,400ppm_tree_4,2.558849953,0,1,1,0.0,low,medium,0,0.39398038387298584,0.4262389838695526,0.17978063225746155
bin_classification,resnet50,2026,4,4,inner_refit,single,49,800 ppm 3 4,coral,0.01,1.0,800ppm_tree_3,800ppm_tree_3,3.337767404,1,1,1,0.0,medium,medium,0,0.26393043994903564,0.4516831338405609,0.28438642621040344
bin_classification,resnet50,2026,4,4,inner_refit,single,54,400 ppm 3 10,coral,0.01,1.0,400ppm_tree_3,400ppm_tree_3,3.10781821,1,0,1,0.0,medium,low,0,0.7021127939224243,0.24087698757648468,0.05701025202870369
bin_classification,resnet50,2026,4,4,inner_refit,single,56,800 ppm 3 7,coral,0.01,1.0,800ppm_tree_3,800ppm_tree_3,3.154045927,1,2,1,0.0,medium,high,0,0.14989936351776123,0.4031636714935303,0.4469369649887085
bin_classification,resnet50,2026,4,4,inner_refit,single,64,800 ppm 3 6,coral,0.01,1.0,800ppm_tree_3,800ppm_tree_3,2.688094559,1,0,1,0.0,medium,low,0,0.497289776802063,0.37679892778396606,0.12591128051280975
bin_classification,resnet50,2026,4,4,inner_refit,single,70,800 ppm 3 3,coral,0.01,1.0,800ppm_tree_3,800ppm_tree_3,3.888822319,2,2,1,0.0,high,high,0,0.007917165756225586,0.04511690139770508,0.9469659328460693
bin_classification,resnet50,2026,4,4,inner_refit,single,71,1000 ppm 5 3,coral,0.01,1.0,1000ppm_tree_5,1000ppm_tree_5,3.480640553,1,1,1,0.0,medium,medium,0,0.3959740996360779,0.4254721999168396,0.17855368554592133
bin_classification,resnet50,2026,4,4,inner_refit,single,74,800 ppm 3 10,coral,0.01,1.0,800ppm_tree_3,800ppm_tree_3,2.565247064,0,0,1,0.0,low,low,0,0.5989730358123779,0.31393206119537354,0.08709491789340973
bin_classification,resnet50,2026,4,4,inner_refit,single,81,600 ppm 2 9,coral,0.01,1.0,600ppm_tree_2,600ppm_tree_2,3.516388075,1,2,1,0.0,medium,high,0,0.14370512962341309,0.3971024453639984,0.4591924250125885
bin_classification,resnet50,2026,4,4,inner_refit,single,82,400 ppm 4 9,coral,0.01,1.0,400ppm_tree_4,400ppm_tree_4,2.624535347,1,2,1,0.0,medium,high,0,0.14682167768478394,0.40021270513534546,0.4529656171798706
bin_classification,resnet50,2026,4,4,inner_refit,single,87,600 ppm 2 3,coral,0.01,1.0,600ppm_tree_2,600ppm_tree_2,4.461830388,2,2,1,0.0,high,high,0,0.009646952152252197,0.05433875322341919,0.9360142946243286
bin_classification,resnet50,2026,4,4,inner_refit,single,92,1000 ppm 5 2,coral,0.01,1.0,1000ppm_tree_5,1000ppm_tree_5,4.757997682,2,1,1,0.0,high,medium,0,0.18843287229537964,0.43125420808792114,0.3803129196166992
bin_classification,resnet50,2026,4,4,inner_refit,single,93,600 ppm 2 1,coral,0.01,1.0,600ppm_tree_2,600ppm_tree_2,4.813990004,2,2,1,0.0,high,high,0,0.009686946868896484,0.054549217224121094,0.9357638359069824
bin_classification,resnet50,2026,4,4,inner_refit,single,95,400 ppm 4 1,coral,0.01,1.0,400ppm_tree_4,400ppm_tree_4,3.41261835,1,2,1,0.0,medium,high,0,0.11111754179000854,0.3561962842941284,0.532686173915863
bin_classification,resnet50,2026,4,4,inner_refit,single,96,400 ppm 3 3,coral,0.01,1.0,400ppm_tree_3,400ppm_tree_3,0.612212928,0,1,1,0.0,low,medium,0,0.24714714288711548,0.45017102360725403,0.3026818335056305
bin_classification,resnet50,2026,4,4,inner_refit,single,97,600 ppm 2 7,coral,0.01,1.0,600ppm_tree_2,600ppm_tree_2,5.389042573,2,2,1,0.0,high,high,0,0.0009706020355224609,0.005801498889923096,0.9932278990745544
bin_classification,resnet50,2026,4,4,inner_refit,single,98,400 ppm 4 7,coral,0.01,1.0,400ppm_tree_4,400ppm_tree_4,2.772824063,1,1,1,0.0,medium,medium,0,0.4068027138710022,0.4211585521697998,0.172038733959198
bin_classification,resnet50,2026,4,4,inner_refit,single,107,600 ppm 2 8,coral,0.01,1.0,600ppm_tree_2,600ppm_tree_2,2.425778023,0,1,1,0.0,low,medium,0,0.246540367603302,0.4500885009765625,0.3033711314201355
bin_classification,resnet50,2026,4,4,inner_refit,single,114,600 ppm 2 5,coral,0.01,1.0,600ppm_tree_2,600ppm_tree_2,7.364696779,2,2,1,0.0,high,high,0,0.00929945707321167,0.052503764629364014,0.9381967782974243
bin_classification,resnet50,2026,4,4,inner_refit,single,116,800 ppm 3 2,coral,0.01,1.0,800ppm_tree_3,800ppm_tree_3,4.960180046,2,1,1,0.0,high,medium,0,0.24366050958633423,0.44966888427734375,0.306670606136322
bin_classification,resnet50,2026,4,4,inner_refit,single,122,400 ppm 3 9,coral,0.01,1.0,400ppm_tree_3,400ppm_tree_3,1.584373627,0,1,1,0.0,low,medium,0,0.2187666893005371,0.4439842402935028,0.3372490704059601
bin_classification,resnet50,2026,4,4,inner_refit,single,124,600 ppm 2 6,coral,0.01,1.0,600ppm_tree_2,600ppm_tree_2,5.169349346,2,2,1,0.0,high,high,0,0.0006371140480041504,0.0038167834281921387,0.9955461025238037
bin_classification,resnet50,2026,4,4,inner_refit,single,126,1000 ppm 5 7,coral,0.01,1.0,1000ppm_tree_5,1000ppm_tree_5,3.420269793,1,1,1,0.0,medium,medium,0,0.17268991470336914,0.42160847783088684,0.405701607465744
bin_classification,resnet50,2026,4,4,inner_refit,single,143,1000 ppm 5 9,coral,0.01,1.0,1000ppm_tree_5,1000ppm_tree_5,3.907491301,2,2,1,0.0,high,high,0,0.08013010025024414,0.2992607355117798,0.6206091642379761
bin_classification,resnet50,2026,4,4,inner_refit,single,152,1000 ppm 5 10,coral,0.01,1.0,1000ppm_tree_5,1000ppm_tree_5,4.866749998,2,2,1,0.0,high,high,0,0.01756727695465088,0.09392893314361572,0.8885037899017334
bin_classification,resnet50,2026,4,4,inner_refit,single,159,400 ppm 4 5,coral,0.01,1.0,400ppm_tree_4,400ppm_tree_4,2.49284019,0,2,1,0.0,low,high,0,0.12289595603942871,0.372893750667572,0.5042102932929993
bin_classification,resnet50,2026,4,4,inner_refit,single,162,800 ppm 3 8,coral,0.01,1.0,800ppm_tree_3,800ppm_tree_3,4.614610915,2,2,1,0.0,high,high,0,0.09248960018157959,0.3244951367378235,0.5830152630805969
bin_classification,resnet50,2026,4,4,inner_refit,single,163,1000 ppm 5 6,coral,0.01,1.0,1000ppm_tree_5,1000ppm_tree_5,3.12203341,1,2,1,0.0,medium,high,0,0.013988077640533447,0.07655507326126099,0.9094568490982056
bin_classification,resnet50,2026,4,4,inner_refit,single,167,800 ppm 3 5,coral,0.01,1.0,800ppm_tree_3,800ppm_tree_3,4.458889794,2,0,1,0.0,high,low,0,0.5549030303955078,0.3425230383872986,0.1025739461183548
bin_classification,resnet50,2026,4,4,inner_refit,single,169,1000 ppm 5 5,coral,0.01,1.0,1000ppm_tree_5,1000ppm_tree_5,4.025481166,2,2,1,0.0,high,high,0,0.00834500789642334,0.04741823673248291,0.9442367553710938
bin_classification,resnet50,2026,4,4,inner_refit,single,171,400 ppm 3 1,coral,0.01,1.0,400ppm_tree_3,400ppm_tree_3,1.246955081,0,0,1,0.0,low,low,0,0.5268120765686035,0.3597199618816376,0.1134679839015007
bin_classification,resnet50,2026,4,4,inner_refit,single,172,400 ppm 3 6,coral,0.01,1.0,400ppm_tree_3,400ppm_tree_3,1.25800729,0,0,1,0.0,low,low,0,0.5203844308853149,0.3635295629501343,0.11608602106571198
bin_classification,resnet50,2026,4,4,inner_refit,single,180,600 ppm 2 2,coral,0.01,1.0,600ppm_tree_2,600ppm_tree_2,3.987730061,2,2,1,0.0,high,high,0,0.012866377830505371,0.07093852758407593,0.9161950945854187
bin_classification,resnet50,2026,4,4,inner_refit,single,186,1000 ppm 5 4,coral,0.01,1.0,1000ppm_tree_5,1000ppm_tree_5,4.896407171,2,2,1,0.0,high,high,0,0.05537658929824829,0.2361084222793579,0.7085149884223938
bin_classification,resnet50,2026,4,4,inner_refit,single,187,600 ppm 2 4,coral,0.01,1.0,600ppm_tree_2,600ppm_tree_2,5.228335334,2,2,1,0.0,high,high,0,0.02477937936782837,0.12655073404312134,0.8486698865890503
bin_classification,resnet50,2026,4,4,inner_refit,single,188,400 ppm 4 10,coral,0.01,1.0,400ppm_tree_4,400ppm_tree_4,2.606928263,1,2,1,0.0,medium,high,0,0.05139517784118652,0.22408348321914673,0.7245213389396667
bin_classification,resnet50,2026,4,4,inner_refit,single,194,1000 ppm 5 8,coral,0.01,1.0,1000ppm_tree_5,1000ppm_tree_5,3.570707045,1,2,1,0.0,medium,high,0,0.007902979850769043,0.0450403094291687,0.9470567107200623
bin_classification,resnet50,2026,4,4,inner_refit,single,201,400 ppm 3 4,coral,0.01,1.0,400ppm_tree_3,400ppm_tree_3,2.103673748,0,2,1,0.0,low,high,0,0.15558379888534546,0.40831100940704346,0.4361051917076111
