inference,draw,missing_class,macro_f1,recall_medium,precision_medium,ordinal_mae,extreme_error_rate,log_loss,rps
single,0,0,0.5131878751830766,0.317948717948718,0.3902257872846108,0.5666666666666668,0.09999999999999999,1.0234805459172256,0.1889673606077784
single,1,0,0.4694255475457161,0.3055555555555555,0.3662843004948268,0.6044657097288677,0.0909090909090909,1.0733773877212744,0.1963545149335678
single,2,0,0.4820557413092847,0.24193548387096775,0.29109388458225666,0.5913461538461539,0.08814102564102565,1.0371060939802437,0.19451558094322122
single,3,0,0.4943739797862272,0.21468926553672318,0.30245004173417783,0.5773524720893142,0.09888357256778309,0.9697016191314828,0.18127037056099315
single,4,0,0.48896735605029384,0.2871794871794872,0.3486603624901498,0.5821371610845295,0.09409888357256779,1.0552314612205818,0.19192781038923426
single,5,0,0.45524756015077256,0.25416666666666665,0.49073073691070296,0.653968253968254,0.12222222222222223,1.1125516701273466,0.20309221136511116
single,6,0,0.5248038997024479,0.3125,0.3766233766233766,0.5598086124401914,0.0909090909090909,1.0193965440633679,0.18768974876372965
single,7,0,0.488580502940323,0.2937853107344633,0.3138211382113822,0.607085346215781,0.1111111111111111,1.1241643200279128,0.20607802602903716
single,8,0,0.44443419096532183,0.17874396135265702,0.2568454502257068,0.6253968253968254,0.09682539682539681,1.003905975157805,0.1858062930408627
single,9,0,0.4609048706001488,0.29583333333333334,0.433584910430968,0.6092503987240829,0.09569377990430622,1.072214394079207,0.1931591572152143
single,10,0,0.4546003084100343,0.25877192982456143,0.32271360730774434,0.6380952380952382,0.08730158730158731,1.1091936369312438,0.20070180230398785
single,11,0,0.5259841449064985,0.3034825870646766,0.40693284330103574,0.5496794871794872,0.08814102564102565,0.993209552521285,0.18040950255242263
single,12,0,0.5366170893584026,0.3636363636363636,0.3729578392621871,0.543859649122807,0.10047846889952154,1.0123554670963877,0.1875642717180838
single,13,0,0.4587665448144502,0.28703703703703703,0.3495137892555396,0.6443381180223285,0.11004784688995216,1.1892719542381267,0.21179810903623306
single,14,0,0.4250304604806075,0.30158730158730157,0.2656216332686921,0.6952380952380953,0.11746031746031747,1.2452699125125897,0.2308638309687955
single,15,0,0.43978934361798877,0.22012578616352205,0.22857142857142856,0.645933014354067,0.12599681020733652,1.0665216648215639,0.20368461871649277
single,16,0,0.5235326288339676,0.27878787878787875,0.3326120237884944,0.5406698564593302,0.09728867623604465,1.0140987298298003,0.18561489631905712
single,17,0,0.5191193788877269,0.3931623931623931,0.5049844670097835,0.5629984051036683,0.09250398724082935,1.0941248393347702,0.19560790623953403
single,18,0,0.5110873497831171,0.2107843137254902,0.3587391946025722,0.5352564102564102,0.07532051282051282,0.9338780697065682,0.16898883980532142
single,19,0,0.4765878884128469,0.3101851851851852,0.4611409262572053,0.6126984126984127,0.11428571428571428,1.0237310878343573,0.19101837719326756
single,20,0,0.4498959797254978,0.26143790849673204,0.21047254150702424,0.6539682539682539,0.11587301587301586,1.1515304866966605,0.21679267187440007
single,21,0,0.47069810928867356,0.19718309859154928,0.3151470798529622,0.6012759170653907,0.0909090909090909,1.0407948040536936,0.187393364619762
single,22,0,0.4751033610518763,0.24675324675324675,0.43700027570995315,0.6063492063492063,0.09523809523809523,1.064422033574755,0.19162090378745725
single,23,0,0.4328665035280565,0.21890547263681592,0.28466898954703834,0.6538461538461537,0.10897435897435898,1.1817411374775102,0.21490550524874077
single,24,0,0.510878725778687,0.3034825870646766,0.41321715711959617,0.5689102564102564,0.09775641025641026,1.0230784375319322,0.18592014191454406
single,25,0,0.47275229364132937,0.2714285714285714,0.4141128596008139,0.5980861244019139,0.10366826156299841,1.0323130726001524,0.19008719509378616
single,26,0,0.4503898907006625,0.2785388127853881,0.4007751937984496,0.6634920634920635,0.13174603174603175,1.1960897688984293,0.21504492376605755
single,27,0,0.4514422052775388,0.2585034013605442,0.24002861857371216,0.6458333333333334,0.1282051282051282,1.1456891631045567,0.21896339464245185
single,28,0,0.4237543373966912,0.2839506172839506,0.4330557948129008,0.6761904761904761,0.12222222222222223,1.2192450061574112,0.21822728278674855
single,29,0,0.4811507614316432,0.24137931034482762,0.30028735632183906,0.5980861244019139,0.11164274322169059,0.9934737344832527,0.18714255925730408
single,30,0,0.5103599810607479,0.3461538461538461,0.4717853839037928,0.5677830940988836,0.08293460925039874,1.1493932622355452,0.19837616637950536
single,31,0,0.5338406352300692,0.31343283582089554,0.46203413444792757,0.5444444444444444,0.09047619047619047,1.0085124564846644,0.182721233518604
single,32,0,0.5174198253091341,0.3615819209039548,0.37127654091939805,0.5625,0.10256410256410257,0.9772582414380828,0.1839381046428914
single,33,0,0.47984426263104635,0.2535211267605634,0.3837242644950393,0.5476190476190476,0.07777777777777778,0.9502170912953322,0.17373914932989395
single,34,0,0.49867938229741443,0.21818181818181817,0.24523809523809526,0.5634920634920634,0.0857142857142857,0.9523378174377385,0.1819098967406442
single,35,0,0.4980060833159352,0.2937853107344633,0.3014629049111808,0.576923076923077,0.08653846153846155,1.0203871282606711,0.19106752160018034
single,36,0,0.4894792914182289,0.2993197278911565,0.2767684851718465,0.5534290271132376,0.10047846889952154,0.9821079369746792,0.18671587486741756
single,37,0,0.4427966290785749,0.23484848484848486,0.3745705850778314,0.6523809523809524,0.0857142857142857,1.1238254603375695,0.19791039307767788
single,38,0,0.5202436774234802,0.3287671232876712,0.42124542124542125,0.5603174603174602,0.08095238095238096,1.0382036331631241,0.18399447998100685
single,39,0,0.5483054480276914,0.3817204301075268,0.434915611814346,0.5374800637958533,0.10047846889952151,0.9868919782986612,0.17889911678301254
single,40,0,0.47678422477434435,0.25316455696202533,0.4523433948091482,0.6158730158730159,0.10317460317460318,1.102782692094473,0.19743963614954899
single,41,0,0.508359432665303,0.3076923076923077,0.4916666666666667,0.5761904761904763,0.09523809523809523,1.05874022629869,0.18756579084878836
single,42,0,0.46404886493621467,0.24358974358974358,0.3969929122368147,0.625,0.09455128205128205,1.0674168764136842,0.1942019076235765
single,43,0,0.5042197215447901,0.2747747747747748,0.45233207891435745,0.5741626794258373,0.08931419457735247,1.065016933104533,0.18960034791074232
single,44,0,0.47103976353428595,0.2638888888888889,0.3942504872737431,0.6222222222222222,0.10634920634920635,1.098657244372683,0.197624861711899
single,45,0,0.4569340123377766,0.26760563380281693,0.3848848848848849,0.638095238095238,0.11111111111111112,1.116968074515851,0.20439977944974866
single,46,0,0.48557418170379424,0.2882882882882883,0.41949317738791425,0.5748792270531401,0.08695652173913043,1.0394776054699486,0.18499322193945122
single,47,0,0.44720920115094315,0.2511415525114155,0.3334096459096459,0.6586921850079744,0.1084529505582137,1.130296746497489,0.20770603736768153
single,48,0,0.44057122854341446,0.21904761904761905,0.30798646944157776,0.6140350877192983,0.0861244019138756,1.1713265638278545,0.21132728309498272
single,49,0,0.5258965976850823,0.3244444444444445,0.4473389355742297,0.5422647527910686,0.07814992025518341,1.014110739097062,0.17782992325138747
single,50,0,0.54081092056627,0.37222222222222223,0.4045383411580595,0.5560897435897436,0.10737179487179488,1.0467609473847972,0.19127206969388133
single,51,0,0.47457758871394873,0.25,0.35521155830753354,0.6,0.10317460317460318,1.0402013399939625,0.19081955827816457
single,52,0,0.4608599434915164,0.22033898305084745,0.2742579908675799,0.6314102564102565,0.1201923076923077,1.0567172207410847,0.19917345139203504
single,53,0,0.3959108861016034,0.2222222222222222,0.44706969412851766,0.6953748006379584,0.08771929824561403,1.1818628178160104,0.2083862229344016
single,54,0,0.48095249655206634,0.2962962962962963,0.4290758261346497,0.5996810207336524,0.08293460925039874,1.0908070525435665,0.19131284784956737
single,55,0,0.41132271311891205,0.17874396135265702,0.2881595919040276,0.7001594896331738,0.13875598086124402,1.1884683358210462,0.21603757146724842
single,56,0,0.4967814504871096,0.296875,0.32399221032132425,0.5689102564102564,0.07692307692307693,1.0169068402015329,0.18868436329645696
single,57,0,0.44635758585568236,0.2631578947368421,0.3983604200406368,0.6174603174603175,0.09682539682539683,1.0578281091641724,0.19238310683777893
single,58,0,0.4412144513066319,0.26406926406926406,0.3670014400177233,0.6714285714285714,0.11587301587301586,1.160156604539388,0.2112212862164069
single,59,0,0.5319160582239155,0.35185185185185186,0.4804355850867479,0.5534290271132377,0.0909090909090909,1.0764980370879937,0.19344876555987686
single,60,0,0.4264439830632845,0.22510822510822512,0.3489343001538124,0.6937799043062199,0.12440191387559808,1.1833901577229424,0.21330933078408446
single,61,0,0.4715216683429529,0.3185185185185185,0.49259259259259264,0.6060606060606061,0.07814992025518341,1.1690563094004878,0.20116241157028333
single,62,0,0.47818872413757624,0.25595238095238093,0.28799649852281434,0.5961538461538461,0.11057692307692307,1.0342232981565778,0.19305954496143732
single,63,0,0.5178984270908941,0.2801932367149758,0.3577756684068976,0.5464743589743589,0.07051282051282051,0.9948396950584323,0.17940020252329034
single,64,0,0.4839925186653469,0.3238095238095238,0.37130220227314487,0.6220095693779905,0.10207336523125997,1.0911350822271901,0.2015006971793586
single,65,0,0.4443984019095198,0.25,0.4085915183476159,0.6412698412698413,0.10476190476190476,1.0645455819619751,0.193736269175619
single,66,0,0.5526440329122105,0.3377777777777778,0.5356532260185696,0.5174603174603175,0.08095238095238096,0.984910592468511,0.17287636718165125
single,67,0,0.47308320233781637,0.2711864406779661,0.32422463490157494,0.6360708534621579,0.12560386473429952,1.1310176019261433,0.20933526105445036
single,68,0,0.46002968201726885,0.28494623655913975,0.3468701095461659,0.6411483253588516,0.1323763955342903,1.1439217103223347,0.21100162364594122
single,69,0,0.5001230474533229,0.3632478632478633,0.45318388564002604,0.5964912280701755,0.09569377990430622,1.090031367382706,0.19569502055583152
single,70,0,0.49907854620694286,0.31313131313131315,0.3546026005338844,0.578525641025641,0.08814102564102565,1.117496136668916,0.20041940445066175
single,71,0,0.49155650707562115,0.30985915492957744,0.38998833561892154,0.5825242718446603,0.08414239482200647,1.094554668839506,0.19644676860081478
single,72,0,0.5030915362308502,0.29901960784313725,0.410544265195428,0.580542264752791,0.1036682615629984,1.0347684801297603,0.18845817199713108
single,73,0,0.4015007023505645,0.27536231884057977,0.4415255048329984,0.6793650793650793,0.09999999999999999,1.1907743568721065,0.21043093074587285
single,74,0,0.5462934355070663,0.2982456140350877,0.3515229515229515,0.4919871794871795,0.07371794871794872,0.8985153827936169,0.16518840007740496
single,75,0,0.5075462969656134,0.2888888888888889,0.42151515151515145,0.5544871794871794,0.07371794871794872,1.0108256660280712,0.1808881597775798
single,76,0,0.496067210107735,0.3672316384180791,0.35763801537386436,0.6124401913875599,0.11483253588516747,1.0780540740705906,0.20459983559617
single,77,0,0.4688447099422611,0.21383647798742142,0.21519543258673693,0.6121794871794872,0.10576923076923077,1.021938824656859,0.196910104151796
single,78,0,0.4686624365627507,0.27777777777777773,0.43840048840048845,0.6174603174603175,0.09206349206349207,1.1116327985654,0.19603766888592875
single,79,0,0.5199348202615751,0.282051282051282,0.43583889474300436,0.5352564102564102,0.0625,0.9544241191161058,0.17020723472868848
single,80,0,0.45589994632147085,0.3058823529411765,0.5112517580872011,0.6507936507936508,0.11746031746031745,1.1727214790066818,0.20916486099742418
single,81,0,0.4909097962495772,0.25136612021857924,0.3101305240840124,0.6057692307692307,0.10737179487179488,0.9952345649908924,0.19066979911425117
single,82,0,0.4672939780468374,0.292929292929293,0.3359593837535014,0.6190476190476191,0.10793650793650794,1.072554677203873,0.19946305031454392
single,83,0,0.3797915020052742,0.18614718614718617,0.3205705705705706,0.7063492063492064,0.1253968253968254,1.1700354790741354,0.21414705825805838
single,84,0,0.45759322676736885,0.27777777777777773,0.45317793979387294,0.6253968253968254,0.0888888888888889,1.0769417915085189,0.19457179543515254
single,85,0,0.47163980873345485,0.2318840579710145,0.3430253623188406,0.6247987117552335,0.10628019323671496,1.048143816815247,0.19520880004759075
single,86,0,0.5470697909009331,0.4215686274509804,0.427115987460815,0.5295055821371611,0.07814992025518341,1.0130955719518777,0.18023363035723108
single,87,0,0.4936440360258539,0.2692307692307692,0.4383384932920537,0.5933014354066986,0.09250398724082935,1.041521934734247,0.18671948312210015
single,88,0,0.5084177202427941,0.3463203463203463,0.45536645525017616,0.5777777777777778,0.08888888888888889,1.155471157584108,0.20044268056513104
single,89,0,0.49195971352153184,0.25333333333333335,0.3884154831523252,0.576923076923077,0.07692307692307691,1.0612509044969516,0.18952489756598723
single,90,0,0.5073338349598138,0.2982456140350877,0.32529239766081874,0.5748792270531401,0.10144927536231885,1.0620894969963108,0.1943375083772069
single,91,0,0.5288089964911961,0.3924050632911393,0.5280065005417117,0.5560897435897436,0.09455128205128205,1.0424156363242625,0.18615192802458014
single,92,0,0.490114567777199,0.22857142857142856,0.3318326844040666,0.5666666666666667,0.07777777777777778,0.9923900385310188,0.1807483317842242
single,93,0,0.5081336931283775,0.3386243386243386,0.3929878907350042,0.6006441223832528,0.1175523349436393,1.1070927402961412,0.2038247045951198
single,94,0,0.45848734138243596,0.2551440329218107,0.35598959283169807,0.6267942583732057,0.08293460925039874,1.0865799576404855,0.196348140592874
single,95,0,0.4070708414353396,0.25870646766169153,0.29605263157894735,0.7208931419457735,0.13716108452950557,1.3834371006199946,0.24783871130158588
single,96,0,0.4779851915358669,0.2300469483568075,0.3974459499736341,0.5904761904761905,0.09841269841269841,0.9862648491222782,0.18134860213166482
single,97,0,0.5107310379905406,0.2982456140350877,0.3196034511365522,0.5342902711323764,0.07974481658692185,0.9956839699087835,0.18198620471614624
single,98,0,0.48876899772650084,0.35341365461847385,0.4801911589008363,0.5952380952380952,0.09365079365079365,1.0910214070891655,0.19456968769839156
single,99,0,0.5104280832402686,0.36764705882352944,0.4703196035642844,0.546031746031746,0.0984126984126984,1.0175117131651021,0.1820476008766597
single,100,0,0.501719519429534,0.2602739726027397,0.409177559912854,0.5698412698412699,0.08253968253968254,1.088407478313206,0.19277878730712183
single,101,0,0.5132529464886977,0.3424657534246575,0.49154877203657693,0.5539682539682539,0.09682539682539681,1.0568737126616035,0.1853175220507178
single,102,0,0.4981084660919583,0.291005291005291,0.3670767828662565,0.5625,0.09615384615384615,0.9934007956895475,0.18536534138631114
single,103,0,0.5312957474509794,0.35964912280701755,0.49888242909837066,0.5047619047619047,0.06984126984126984,0.9618892457936715,0.16989396601348716
single,104,0,0.5185406127936453,0.28921568627450983,0.41017738386159436,0.5349206349206349,0.07936507936507936,0.978010385073429,0.17855157048959827
single,105,0,0.4272171328270156,0.22705314009661834,0.284198861934711,0.6904761904761906,0.12063492063492064,1.1257383202938744,0.21369152395381627
single,106,0,0.5388822740736248,0.3763440860215053,0.48381466486729635,0.5582137161084529,0.12121212121212122,1.0502877926159715,0.19009135320785017
single,107,0,0.46454003306093744,0.2905982905982906,0.47235025723397817,0.5777777777777778,0.09047619047619047,0.9953036694522831,0.17970591553067383
single,108,0,0.45517564904604546,0.21717171717171715,0.28351030334614463,0.6458333333333334,0.11057692307692307,1.1324627568132475,0.20675216566449806
single,109,0,0.497004445769861,0.3333333333333333,0.4025335602193231,0.6092503987240829,0.11802232854864435,1.1525127462712124,0.21036581396886214
single,110,0,0.5195261046460525,0.3137254901960784,0.4626068376068376,0.5598086124401913,0.10366826156299841,1.0881055148233203,0.19270112202086098
single,111,0,0.49027300088541814,0.26523297491039427,0.4857041597639476,0.583732057416268,0.06698564593301436,1.0363713239385113,0.17912966861848126
single,112,0,0.49726728494546174,0.2318840579710145,0.35503740970072245,0.5629984051036683,0.08452950558213716,1.021501319124271,0.1847681901994185
single,113,0,0.5143003412307072,0.3286384976525822,0.41591070010522896,0.5725677830940988,0.09250398724082935,1.0430137531015824,0.189178579946687
single,114,0,0.5303863484884981,0.3229166666666667,0.4141188594984541,0.5544871794871794,0.09935897435897435,1.0256704146021354,0.18692652682250266
single,115,0,0.5670929920856006,0.41314553990610325,0.48620155038759694,0.5112179487179487,0.07692307692307693,1.040443503637343,0.18355440513419854
single,116,0,0.47788858526709116,0.23671497584541065,0.33134014640863957,0.6124401913875599,0.09888357256778309,1.0524832690730639,0.19398255860897815
single,117,0,0.45591901606198215,0.29777777777777775,0.4085173795545616,0.5936507936507937,0.09206349206349207,1.0708503437981491,0.19238650948311561
single,118,0,0.375318522089992,0.15765765765765766,0.25295000698226505,0.7365079365079366,0.1365079365079365,1.1997519997434793,0.2223413907158335
single,119,0,0.4175214001641246,0.22072072072072077,0.299037182918413,0.6793650793650793,0.10634920634920635,1.1453353859182938,0.21037809602441615
single,120,0,0.46186816628670496,0.26153846153846155,0.2873480523973518,0.6251993620414673,0.10047846889952154,1.12663826182461,0.20518536024473652
single,121,0,0.5014231039080319,0.3333333333333333,0.4201665427772468,0.5746031746031746,0.10317460317460318,1.0798501520583361,0.1933681660266041
single,122,0,0.4537328075508964,0.280952380952381,0.32222222222222224,0.6491228070175438,0.10047846889952154,1.1526650820822943,0.21116157987887138
single,123,0,0.4574393333763327,0.2236842105263158,0.32981366459627326,0.625,0.08493589743589743,1.0458319821744768,0.19258613415372916
single,124,0,0.5360077928603252,0.27999999999999997,0.29383463802068455,0.5297906602254429,0.10305958132045089,0.9825043679893711,0.18138438320707814
single,125,0,0.5130282462436182,0.3108108108108108,0.4335795820675688,0.5492063492063493,0.07936507936507937,0.9535511182745314,0.1731127532795936
single,126,0,0.5485233397676231,0.3518518518518518,0.49931912254445926,0.49920255183413076,0.07655502392344497,0.9045482893542328,0.16011118116196663
single,127,0,0.3965364939941314,0.203921568627451,0.3312472110664882,0.7158730158730159,0.10476190476190476,1.2059574614796702,0.21925171699413615
single,128,0,0.44355384559484073,0.18965517241379312,0.26300795978215336,0.6333333333333334,0.11746031746031745,1.0976982762190375,0.20460180765782446
single,129,0,0.4748142422635934,0.29914529914529914,0.4407113030015591,0.6333333333333333,0.10952380952380952,1.0655757574861326,0.19614582788317395
single,130,0,0.4841302925993724,0.3098591549295775,0.3829729667495625,0.6108452950558214,0.1036682615629984,1.1252098921665934,0.20352297871516875
single,131,0,0.5352824840962374,0.3283582089552239,0.45511749638044324,0.5502392344497608,0.09728867623604466,0.9790315542345241,0.18108798658471326
single,132,0,0.45626869534038095,0.27860696517412936,0.36751872354281995,0.6746031746031745,0.13968253968253969,1.2289407077440553,0.22020382658864024
single,133,0,0.49761118385202735,0.3018018018018018,0.42894056847545214,0.592948717948718,0.09455128205128205,1.076692805581578,0.19295855464970513
single,134,0,0.4870149612848747,0.25287356321839083,0.33296019900497514,0.5841269841269842,0.11111111111111112,1.0378895038162246,0.19451733532625848
single,135,0,0.4364168266455308,0.25641025641025644,0.3304007820136852,0.6858974358974358,0.1362179487179487,1.1922540598966098,0.22053664208929827
single,136,0,0.4602359953132867,0.25396825396825395,0.35625637680432204,0.6331738437001595,0.13078149920255183,1.0775637674016354,0.20048371888836214
single,137,0,0.48844680165163484,0.30864197530864196,0.3478359701763957,0.5869218500797447,0.12599681020733652,1.0183649247828344,0.19123342006017338
single,138,0,0.4827800504578536,0.3548387096774193,0.38143694110391607,0.5825396825396826,0.1015873015873016,1.0492060081299723,0.1940921326862052
single,139,0,0.4977324539712351,0.35585585585585583,0.4547433192686357,0.5984126984126984,0.10793650793650793,1.0872239641690002,0.19669209888085173
single,140,0,0.48079395683505116,0.2649572649572649,0.374167203954438,0.5817307692307693,0.0673076923076923,1.029845961347413,0.18593807701941115
single,141,0,0.41849199334598913,0.23880597014925375,0.28899901933314653,0.6842105263157895,0.11961722488038277,1.1322071281412867,0.21188308609911552
single,142,0,0.4336190176979433,0.21825396825396826,0.38561425187931214,0.6507936507936508,0.09206349206349207,1.1291151573381344,0.20145495853229933
single,143,0,0.4950201201233171,0.32222222222222224,0.5351760607865432,0.5666666666666667,0.07777777777777778,1.038711551386941,0.1779909907857782
single,144,0,0.5165777119019354,0.3240740740740741,0.45436578924951015,0.5523809523809524,0.07777777777777778,1.0767516709398997,0.19404038842893453
single,145,0,0.4922898550519168,0.3201754385964912,0.5295849420849421,0.6315789473684211,0.1291866028708134,1.144047228288547,0.2052873808024411
single,146,0,0.44508790665628517,0.24154589371980675,0.33143547273982055,0.6444444444444445,0.10793650793650794,1.1428410281096608,0.20866121253714143
single,147,0,0.4449238930718608,0.24497991967871488,0.363917308744895,0.6365079365079365,0.07936507936507937,1.1319950449019096,0.20152174775833162
single,148,0,0.45608736647069176,0.3088235294117647,0.38689679115211034,0.6206349206349207,0.11428571428571428,1.1001844864257553,0.20312890635894343
single,149,0,0.4733022118522658,0.26666666666666666,0.389656007751938,0.6266025641025641,0.11538461538461538,1.0862734293959757,0.19973191702389437
single,150,0,0.5530098866767555,0.3140096618357488,0.5043236199952618,0.5358851674641149,0.09728867623604465,1.049294794113565,0.18681481241500317
single,151,0,0.45940278109566063,0.3020833333333333,0.3348861283643892,0.6587301587301587,0.12380952380952381,1.1869456513802135,0.2182357969582335
single,152,0,0.524092931110475,0.3333333333333333,0.3749130858016965,0.5534290271132377,0.0909090909090909,1.059325914481944,0.19305394631957784
single,153,0,0.4993728590153257,0.36936936936936937,0.4817546583850932,0.6028708133971291,0.10845295055821373,1.1673001940099828,0.20552903199001835
single,154,0,0.5447123857940126,0.3218390804597701,0.3586474714770274,0.5240384615384616,0.08653846153846155,0.9417634523503974,0.17373982178599198
single,155,0,0.5105648749917518,0.2333333333333333,0.1882074382074382,0.5336538461538461,0.08974358974358976,1.0038278228044872,0.1910824370231108
single,156,0,0.4389755586767057,0.2413793103448276,0.43098031001256804,0.6206349206349207,0.08571428571428573,1.084512982221413,0.1926805118743984
single,157,0,0.4934039252441715,0.2733333333333334,0.2772435897435897,0.5809061488673138,0.1116504854368932,1.1306601620180068,0.2080564248566402
single,158,0,0.4219689807165858,0.18779342723004697,0.22601612290549947,0.6682539682539682,0.08412698412698412,1.1088817635323358,0.2046802480128244
single,159,0,0.47708291455386465,0.23976608187134504,0.2638169066076043,0.6108452950558214,0.10685805422647528,1.004148589459257,0.19169495471151418
single,160,0,0.4510559513558466,0.28502415458937197,0.33233032747982916,0.6347687400318979,0.09409888357256779,1.1904305029476383,0.2156679078983623
single,161,0,0.5359731429946112,0.2528735632183908,0.3783468104222821,0.532051282051282,0.10096153846153848,0.9021766208857381,0.16877094791624417
single,162,0,0.44508600123181985,0.2705314009661836,0.3030399783273347,0.653968253968254,0.10476190476190476,1.1244021714928927,0.20627483663985202
single,163,0,0.48273056116218166,0.28095238095238095,0.386809697260804,0.6012759170653909,0.09888357256778309,1.0683971607415512,0.1936799292083717
single,164,0,0.3374806427452002,0.1702127659574468,0.30382537954857863,0.7714285714285714,0.10793650793650793,1.2723657148874077,0.22828145742464992
single,165,0,0.5132368134797526,0.35042735042735046,0.47592592592592586,0.5693779904306221,0.08452950558213716,1.1092808780913959,0.19326490286086825
single,166,0,0.5069833100540807,0.35648148148148145,0.42561398296692415,0.5709728867623604,0.09409888357256778,1.0580764239886682,0.1893165223601763
single,167,0,0.48144753662045114,0.31313131313131315,0.3841705381339528,0.6124401913875598,0.11004784688995216,1.0504757905167985,0.19638244300076738
single,168,0,0.48349006258183164,0.26506024096385544,0.4817078346490111,0.5587301587301587,0.07301587301587302,1.0500752646912301,0.18387144846408113
single,169,0,0.43537635177719897,0.20398009950248755,0.2836685101390984,0.6426282051282052,0.10416666666666667,1.0960681993455599,0.2037438209705548
single,170,0,0.42893791217595995,0.2222222222222222,0.3765177911519375,0.6634615384615384,0.08814102564102565,1.1166851345938735,0.19916181868398533
single,171,0,0.4927423505976975,0.2807017543859649,0.3087318376663141,0.6025641025641026,0.11217948717948717,1.0216001690564804,0.19371778810358528
single,172,0,0.49163718313584076,0.3080808080808081,0.3687774400540358,0.6044657097288676,0.10526315789473684,1.1272541008422443,0.20432937983928043
single,173,0,0.4361015072122263,0.2318840579710145,0.30208238334093324,0.6618819776714514,0.1116427432216906,1.1940414760339555,0.21713873973928374
single,174,0,0.41624520911154944,0.19999999999999998,0.3195248538011696,0.6969696969696969,0.13237639553429026,1.19558126777695,0.22217003235219726
single,175,0,0.5158599406990132,0.2864583333333333,0.3773818338886832,0.5645933014354066,0.09728867623604466,1.075082628405419,0.1930834610333645
single,176,0,0.42450151310983314,0.27969348659003834,0.4010668530165386,0.6873015873015872,0.10634920634920635,1.2508647380214277,0.22079969079272313
single,177,0,0.4655765598852993,0.2676767676767677,0.2909297052154195,0.6153846153846153,0.08653846153846152,1.062310328944326,0.19811798731378918
single,178,0,0.46460091686265453,0.3125,0.33781746031746035,0.6378205128205129,0.11538461538461538,1.1478042056275723,0.21140271129140284
single,179,0,0.42389888013673227,0.23809523809523805,0.30207526048394046,0.6984126984126985,0.12698412698412698,1.1817590965449247,0.21740817586896546
single,180,0,0.4558950405826853,0.26143790849673204,0.2609508547008547,0.6618589743589745,0.14583333333333334,1.1497294543605125,0.21914191868192937
single,181,0,0.442336149828122,0.2616487455197133,0.44081331467771995,0.6411483253588517,0.08133971291866028,1.1621050049631674,0.19909077551110196
single,182,0,0.4755344004757962,0.2974358974358975,0.37202380952380953,0.6238095238095238,0.12063492063492064,1.0360974237888338,0.196530697190735
single,183,0,0.42157566753519554,0.19215686274509802,0.3868990427386925,0.6888888888888888,0.10952380952380952,1.2155130533020795,0.21542071946995942
single,184,0,0.47438893128171006,0.23148148148148148,0.3374283374283375,0.607936507936508,0.08888888888888889,1.0611447306803896,0.19495829235401274
single,185,0,0.5172331296062797,0.2888888888888889,0.43624272802668457,0.5444444444444444,0.0746031746031746,1.0221930580041683,0.18071910676936628
single,186,0,0.5331582378228675,0.2843137254901961,0.41344004065040646,0.5233494363929146,0.07407407407407407,0.9962737472915864,0.17869109609261813
single,187,0,0.44583307490540464,0.2694063926940639,0.3722267685033643,0.6603174603174603,0.11904761904761905,1.184970084776819,0.21416028863730666
single,188,0,0.4758177462729389,0.3181818181818182,0.3668945868945869,0.6360708534621579,0.1207729468599034,1.1809778091893317,0.2121190503549922
single,189,0,0.5503209740757277,0.34972677595628415,0.40791805094130673,0.5119617224880383,0.07814992025518341,1.0061735034427752,0.18234528213207102
single,190,0,0.5165238460375181,0.3209876543209877,0.4426891176891177,0.5352564102564102,0.05769230769230769,1.0027030084504323,0.17605905542837874
single,191,0,0.5004837849992603,0.2719298245614035,0.420023090290176,0.5761904761904763,0.08730158730158731,1.0735470709221715,0.18990954095614007
single,192,0,0.4831673314065717,0.32222222222222224,0.3676250659624829,0.6142857142857143,0.1238095238095238,1.1275324452432034,0.20862413270776572
single,193,0,0.5288645797583121,0.33789954337899547,0.487788452904732,0.5507936507936507,0.08888888888888889,1.0116921292201766,0.182670466764057
single,194,0,0.49976882633370295,0.2916666666666667,0.40409248396281433,0.5777777777777778,0.10634920634920635,1.0331196131500686,0.187493653386534
single,195,0,0.44306927325536555,0.2486772486772487,0.35979561316051845,0.6095238095238096,0.12380952380952381,1.0377834802032495,0.1918273656886564
single,196,0,0.4839640265281396,0.2824074074074074,0.3621212121212121,0.6028708133971291,0.08771929824561403,1.1048744743339718,0.19933159380846555
single,197,0,0.446473010534451,0.2843137254901961,0.3868897967735177,0.6365079365079365,0.12380952380952381,1.0884730445791935,0.20112783361607003
single,198,0,0.5697269091506934,0.33939393939393936,0.4555889724310777,0.43174603174603177,0.0761904761904762,0.8081494550957823,0.14563980399341683
single,199,0,0.4187552711929344,0.2098765432098765,0.3112548369264787,0.6778846153846154,0.09615384615384616,1.1422197589310563,0.20622886271158836
single,200,0,0.4479359760253503,0.22916666666666666,0.2858001063264221,0.6587301587301587,0.12222222222222223,1.1100421945486276,0.20642915508820234
single,201,0,0.4851562219650613,0.2705314009661836,0.3436070853462158,0.6044657097288676,0.09409888357256779,1.0288182108690145,0.19189957899192275
single,202,0,0.5034308125620556,0.34502923976608185,0.3698131137155527,0.6025641025641025,0.1233974358974359,1.0342823171939808,0.19620139275002021
single,203,0,0.5088693532750823,0.3238095238095238,0.400050107924761,0.5725677830940988,0.08931419457735247,1.072984802652443,0.19046238803066043
single,204,0,0.48563671818206416,0.3026315789473684,0.40017015088434177,0.5996810207336524,0.0909090909090909,1.0369471176845078,0.1881032496590076
single,205,0,0.48509033150937686,0.2898550724637681,0.3778890279516062,0.5977564102564102,0.09615384615384615,1.1075831975018986,0.20042550346058985
single,206,0,0.4694104678632642,0.3381642512077294,0.3629081512802443,0.6251993620414673,0.10366826156299841,1.196455463633785,0.21490539493902025
single,207,0,0.512461348733967,0.3602150537634408,0.3939955106621773,0.6,0.11587301587301586,1.0537377027988903,0.1997994617147304
single,208,0,0.5106675634746302,0.2708333333333333,0.3397470641373081,0.5641025641025641,0.08493589743589743,0.995034354327455,0.1842167083445481
single,209,0,0.45673380313747813,0.3076923076923077,0.34722222222222215,0.6602564102564102,0.125,1.126473586032423,0.2101000622776907
single,210,0,0.47265794268915223,0.24074074074074078,0.33511586452762926,0.6060606060606061,0.08931419457735247,1.1191471306255696,0.20285323562369592
single,211,0,0.48839815025044286,0.3333333333333333,0.39748932043923785,0.6015873015873017,0.11746031746031745,1.1431752635407535,0.2076901062099553
single,212,0,0.4856690474175829,0.26160337552742613,0.3962790790074895,0.5801282051282052,0.07371794871794872,1.059959347157225,0.187307128743885
single,213,0,0.46940935737610373,0.22564102564102564,0.2933760683760684,0.6215780998389694,0.10628019323671499,1.0520321162950965,0.19334255565416755
single,214,0,0.45756551592105454,0.2260536398467433,0.4148629148629148,0.6236044657097288,0.08452950558213716,1.0876978957538752,0.19227492397106818
single,215,0,0.4830722187830452,0.3072916666666667,0.347210601936675,0.6185897435897436,0.10737179487179487,1.115061920692899,0.20557570341017337
single,216,0,0.48309714251204233,0.25757575757575757,0.33028293545534926,0.6100323624595468,0.10194174757281553,1.0525802211434938,0.19380076504663432
single,217,0,0.5516929988615812,0.3864734299516908,0.4934782608695652,0.5311004784688995,0.08931419457735247,1.035428360712415,0.18211242672778946
single,218,0,0.47897320581517655,0.2929292929292929,0.2964472485749082,0.594896331738437,0.07177033492822966,1.0524227119447531,0.1955078783120658
single,219,0,0.43661038896316523,0.24444444444444446,0.3277210884353741,0.638095238095238,0.08730158730158731,1.085495078374705,0.19799247838071618
single,220,0,0.4752915728610105,0.2488888888888889,0.4224403661023379,0.5629984051036683,0.07974481658692184,1.0409600875318306,0.18146446983072542
single,221,0,0.4780782683054862,0.32905982905982906,0.479149718280153,0.5698412698412697,0.09365079365079365,1.0707405867531579,0.18645983673451968
single,222,0,0.4876947888654051,0.24615384615384617,0.33455315870570107,0.5897435897435898,0.10096153846153845,1.0331497148704978,0.18846091027792988
single,223,0,0.47823796227749976,0.27976190476190477,0.2839392258085267,0.6183574879227054,0.11433172302737521,1.100215760500639,0.20478352799489938
single,224,0,0.5025044064160754,0.28888888888888886,0.41719300822561695,0.6153846153846153,0.1362179487179487,1.0685339187941287,0.20075950198806145
single,225,0,0.4831879337453417,0.2486772486772487,0.31242178558070605,0.5587301587301586,0.0857142857142857,0.9796819324617679,0.1797704399443544
single,226,0,0.4780674262648592,0.2916666666666667,0.38998433118918024,0.6142857142857142,0.09841269841269841,1.0944004133081033,0.20092358755454862
single,227,0,0.4911408950240344,0.2943722943722944,0.39768420640513663,0.5825396825396826,0.08095238095238096,1.0408210686854544,0.18572352245734303
single,228,0,0.5366391044843596,0.3277777777777778,0.41075917546505786,0.518341307814992,0.08931419457735247,0.975931613659505,0.17702702197251885
single,229,0,0.5464896803552759,0.35978835978835977,0.4241958289148109,0.5295055821371611,0.08931419457735247,0.9373797521859166,0.17193702754731746
single,230,0,0.5018859935443594,0.28484848484848485,0.3072725247800423,0.5714285714285714,0.10634920634920635,1.078789185195738,0.19641962066466834
single,231,0,0.4602343448840192,0.31666666666666665,0.4627828629544877,0.6412698412698412,0.11587301587301586,1.1730944887784742,0.21037080898509572
single,232,0,0.4370087374354304,0.2616033755274262,0.37865937072503425,0.6444444444444445,0.09523809523809523,1.1264398595882354,0.2024523068355236
single,233,0,0.4486882037888075,0.1810699588477366,0.3387955182072829,0.6095238095238096,0.07777777777777778,1.049712910229721,0.18700580862716068
single,234,0,0.4549712444119825,0.2676767676767677,0.3078499509934955,0.665079365079365,0.11587301587301586,1.1780081072140531,0.21709913477342482
single,235,0,0.4480098105797748,0.30917874396135264,0.33394523293251854,0.6682539682539682,0.11746031746031745,1.1556067010128714,0.21373970991404548
single,236,0,0.4520118850526405,0.3424657534246575,0.4054288382019475,0.626984126984127,0.1015873015873016,1.1438578057258484,0.20746432412553925
single,237,0,0.5093109024437755,0.30054644808743175,0.3564596550453019,0.5668276972624798,0.09178743961352658,1.0506757180019672,0.19116558706318942
single,238,0,0.49156806368384265,0.3333333333333333,0.4150641025641026,0.5873015873015873,0.09206349206349206,1.1024453656970001,0.1984061802325722
single,239,0,0.4497829286651318,0.27868852459016397,0.2986007283879624,0.6650641025641026,0.1266025641025641,1.1887780293514185,0.22049638937006724
single,240,0,0.4431270833931311,0.30303030303030304,0.3206698063840921,0.6666666666666666,0.11961722488038277,1.2374971009103728,0.22398080850832303
single,241,0,0.4119642273865996,0.23015873015873015,0.3967479674796748,0.684126984126984,0.1126984126984127,1.1359298244376461,0.2077368387178451
single,242,0,0.4738410578881736,0.30980392156862746,0.4604774430097242,0.6108452950558214,0.08931419457735247,1.1635720971602124,0.20147596832173956
single,243,0,0.4992651398916284,0.2768361581920904,0.3287811222593831,0.5952380952380952,0.10793650793650793,1.0530923888089836,0.1956972792592576
single,244,0,0.5247255696490285,0.3217054263565891,0.5308168194814158,0.5333333333333333,0.06825396825396825,1.020282219043988,0.17569372100132494
single,245,0,0.4572849397176771,0.2619047619047619,0.4007264957264957,0.6174603174603175,0.08095238095238096,1.0854996826630636,0.19163612267661814
single,246,0,0.4634676295332727,0.2747747747747748,0.36967907740854605,0.6236044657097289,0.09569377990430622,1.1271840786584473,0.2029787264111791
single,247,0,0.5580306436678927,0.3068783068783069,0.40563165905631665,0.483974358974359,0.0673076923076923,0.9356204197953231,0.1652671688385237
single,248,0,0.5071217166229208,0.2695035460992908,0.30636600705629696,0.5448717948717948,0.11698717948717947,0.9267856614547659,0.17836086556932604
single,249,0,0.4215633904508897,0.27340823970037453,0.4500949500949501,0.6809523809523809,0.10793650793650793,1.2857069349614587,0.22358788963022783
single,250,0,0.4513547020901645,0.22222222222222224,0.22677118717881717,0.6347687400318979,0.09250398724082935,1.0693911002728118,0.2021424157371711
single,251,0,0.4920321822107508,0.2676767676767677,0.34338624338624335,0.5849358974358975,0.09294871794871795,1.0378158223729093,0.18791660074019875
single,252,0,0.38483555853065926,0.2192982456140351,0.2553606237816764,0.7333333333333334,0.10634920634920635,1.2238315864525642,0.22554336274505293
single,253,0,0.4717242278542619,0.23880597014925375,0.29219460688758936,0.6031746031746031,0.08571428571428573,1.109229522322405,0.20029085440316918
single,254,0,0.5694976634529093,0.32142857142857145,0.3277714213068904,0.4768740031897926,0.06060606060606061,0.8781148150482029,0.16112600665620322
single,255,0,0.49566037025790316,0.3282051282051282,0.39676064123825316,0.5757575757575757,0.10526315789473684,0.9690173457001787,0.18050443824703935
single,256,0,0.508290360009212,0.29279279279279274,0.44274545639151186,0.5793650793650794,0.09682539682539681,1.01536170880763,0.18234091699797425
single,257,0,0.48061351062002683,0.2528735632183908,0.26945373467112593,0.5990338164251208,0.09822866344605474,1.0441254210239868,0.19484145614511264
single,258,0,0.48920510457727967,0.21505376344086022,0.30165165165165164,0.5544871794871795,0.08493589743589743,0.954585981343031,0.17586378142218032
single,259,0,0.5008666775095111,0.3065134099616858,0.47500212206094555,0.5539682539682541,0.06031746031746032,1.0022838088356745,0.17558363751828943
single,260,0,0.5741692201134737,0.3567251461988304,0.39829767655854614,0.456140350877193,0.07017543859649122,0.9100764987818923,0.16451793441142237
single,261,0,0.4979905550685484,0.30459770114942525,0.3443262411347518,0.5793650793650794,0.10634920634920635,1.0270707723027153,0.19051773164122757
single,262,0,0.41473958872908784,0.28169014084507044,0.3431474038890919,0.7142857142857143,0.1365079365079365,1.24217278402637,0.22974053859276747
single,263,0,0.4756868030587597,0.2380952380952381,0.26889100059831766,0.608974358974359,0.10576923076923077,1.0834027165002873,0.20466426879554214
single,264,0,0.5657977240489952,0.35616438356164376,0.5295238095238095,0.4952380952380952,0.0746031746031746,0.9498734252398079,0.1664098213321875
single,265,0,0.521076602335696,0.26881720430107525,0.35912698412698413,0.5486443381180223,0.0861244019138756,1.0016200791046663,0.18576375377478058
single,266,0,0.5370084148988,0.3133333333333333,0.3324186133783657,0.526984126984127,0.09999999999999999,0.9102350489137955,0.17683942701962208
single,267,0,0.4369761250798909,0.24378109452736316,0.34301111049488847,0.6809523809523809,0.13968253968253966,1.2051426584931795,0.2215314119903334
single,268,0,0.5651638412504024,0.3125,0.4087903225806451,0.46349206349206346,0.05238095238095238,0.8755141005948035,0.15745065752509735
single,269,0,0.450150909479218,0.27848101265822783,0.3999412143967838,0.6555023923444976,0.10366826156299841,1.191722215103409,0.21538880063178656
single,270,0,0.5059602507854906,0.24666666666666667,0.24431216931216934,0.5625,0.09294871794871795,1.0022023697282778,0.1908536735080096
single,271,0,0.4987025434198323,0.25757575757575757,0.3282051282051282,0.5560897435897436,0.07371794871794872,1.0734421135878698,0.19232382945744075
single,272,0,0.4636766458238886,0.2512820512820513,0.3144423777416105,0.6140350877192983,0.10366826156299841,1.0996261770993472,0.2021263482873039
single,273,0,0.4894160812493073,0.2537313432835821,0.3639429021018321,0.5904761904761905,0.09365079365079365,1.0435921760583728,0.1920364642627196
single,274,0,0.4584303242521581,0.293859649122807,0.4127995642701525,0.6188197767145136,0.09888357256778309,1.1602951154149512,0.2068342663091279
single,275,0,0.5245219586585629,0.3515151515151515,0.36760651629072677,0.5709728867623605,0.11164274322169059,1.0507370660395141,0.1937570559914418
single,276,0,0.5775298683301539,0.38888888888888884,0.568762239315204,0.4513556618819777,0.05582137161084529,0.8852696129911365,0.1518461165675632
single,277,0,0.4866874804066974,0.3218390804597701,0.5076951951951952,0.5980861244019139,0.08931419457735247,1.043021393312632,0.18733965433824182
single,278,0,0.5255134795786316,0.3428571428571428,0.46631414022718376,0.5470494417862839,0.08293460925039872,1.0444555683562509,0.18635127204293847
single,279,0,0.47358339547439837,0.2598870056497175,0.3003907132939391,0.5865384615384616,0.08493589743589743,1.0508166911054162,0.19722602315833548
single,280,0,0.513263565577737,0.2849462365591398,0.35153508771929826,0.5571658615136875,0.08695652173913043,1.0353369288018017,0.18628069514847656
single,281,0,0.4316595639784158,0.18333333333333335,0.23646464646464646,0.6682769726247987,0.12399355877616747,1.1205656267686541,0.21263924422547964
single,282,0,0.5094378295338968,0.28310502283105027,0.4407484407484407,0.5821371610845295,0.09569377990430622,1.0222893082655695,0.18645028929598553
single,283,0,0.4380769195460971,0.2510822510822511,0.3419280187897209,0.6586921850079746,0.10047846889952154,1.1861260584840962,0.21251729383996154
single,284,0,0.4932126453609942,0.3018018018018018,0.4431434599156118,0.5920634920634921,0.09999999999999999,1.1125310387114113,0.1989764074711887
single,285,0,0.4174430770013655,0.21839080459770113,0.3898348565015232,0.6857142857142858,0.10793650793650794,1.2462977684113437,0.21698080767675423
single,286,0,0.5175947209882229,0.30092592592592593,0.40197157914549214,0.5534290271132376,0.07814992025518341,1.061218642383389,0.18619359324572418
single,287,0,0.5062487526833924,0.29012345679012347,0.2872831303063861,0.5805422647527911,0.09888357256778309,0.9988426400560334,0.18831607712142925
single,288,0,0.5073808922788122,0.29951690821256044,0.3963541034664078,0.5757575757575758,0.09728867623604465,1.0377814362463362,0.1889999012272241
single,289,0,0.5142514167736937,0.3125,0.42688998244553805,0.5881410256410257,0.11378205128205128,1.0581393982903478,0.19466797595353005
single,290,0,0.532604552207451,0.35648148148148157,0.5552567829457365,0.5015873015873016,0.0888888888888889,0.9329872145647827,0.16437383259668803
single,291,0,0.47079569719318676,0.3333333333333333,0.49930969930969926,0.5285714285714286,0.06507936507936508,1.0298832445950536,0.1780355710544721
single,292,0,0.47722456082714976,0.3282051282051282,0.34959594851543074,0.6220095693779905,0.1084529505582137,1.0965429489335579,0.2010970879382474
single,293,0,0.4848277067896149,0.3128205128205128,0.38974340104013344,0.5888888888888889,0.10793650793650793,1.0216760578328647,0.18809968615450348
single,294,0,0.4503644917663194,0.20346320346320346,0.29788727136991416,0.6301587301587301,0.07936507936507936,1.0479444030679994,0.18991873488769342
single,295,0,0.5328339127447292,0.3703703703703704,0.32675917360468704,0.5422647527910686,0.0861244019138756,0.951805845688588,0.17964461292000458
single,296,0,0.529211591522412,0.20689655172413793,0.2893277719148366,0.5040257648953301,0.0676328502415459,0.9198182553031846,0.1676989834724332
single,297,0,0.5447936158084387,0.3277777777777778,0.4052927927927928,0.518341307814992,0.08771929824561403,0.9724203588289614,0.17587071106438448
single,298,0,0.4944301409073048,0.3277777777777778,0.3535025047220169,0.5817307692307693,0.10096153846153848,1.1151924170994303,0.20308998903401454
single,299,0,0.4492522305888746,0.2032520325203252,0.32904222175908854,0.6285714285714286,0.0761904761904762,1.0710416408024497,0.191520862575601
single,300,0,0.48928107777379387,0.27777777777777773,0.2925550923168553,0.6073717948717948,0.11858974358974357,1.1164207073884018,0.2046001764757238
single,301,0,0.47534762100033817,0.22751322751322753,0.278588437959163,0.6009615384615384,0.09294871794871795,1.0401137033804273,0.19230794294601128
single,302,0,0.4622707551979728,0.24050632911392408,0.3673236886870484,0.6140350877192983,0.0861244019138756,1.031430115798336,0.18631327046470944
single,303,0,0.48294506922256186,0.26,0.2351984126984127,0.5996810207336524,0.10526315789473684,1.0313111131737753,0.19857879603956033
single,304,0,0.48533446206325154,0.2647058823529412,0.41190476190476194,0.5793650793650794,0.10634920634920635,1.0037173938622685,0.1855814052388984
single,305,0,0.4744529772966879,0.2450980392156863,0.37384259259259256,0.6283891547049442,0.12280701754385966,1.1302102764724697,0.2048774752123392
single,306,0,0.49610303723095467,0.38690476190476186,0.36196145124716556,0.5825396825396826,0.11111111111111112,1.0371333656757589,0.19559630334722003
single,307,0,0.5151895106229532,0.3470319634703196,0.47481792717086835,0.573015873015873,0.10634920634920635,1.104466535992357,0.19463625883504843
single,308,0,0.4666325023482016,0.23111111111111107,0.41794871794871796,0.6108452950558214,0.10526315789473684,1.0079876058589277,0.1845525984899378
single,309,0,0.4606954739449547,0.29577464788732394,0.36234606123151014,0.6031746031746031,0.09365079365079365,1.0587622551193234,0.19582767824955416
single,310,0,0.5045731331308186,0.3458333333333334,0.5656084656084657,0.5629984051036683,0.10047846889952154,1.015750849521737,0.17882653686351815
single,311,0,0.4768911883134528,0.26406926406926406,0.4316816816816817,0.5873015873015873,0.09206349206349207,1.0043394002620454,0.18004040999966597
single,312,0,0.5466577124992408,0.2904761904761905,0.41788617886178864,0.492822966507177,0.05901116427432216,0.9054043477015771,0.16038662517194183
single,313,0,0.49797726011750815,0.38095238095238093,0.44002319344785096,0.5737179487179488,0.11538461538461538,1.1062836011251866,0.19969660327196073
single,314,0,0.46954926978676353,0.2736318407960199,0.3567358567358567,0.6220095693779905,0.10366826156299841,1.1372463315102863,0.20860193467834467
single,315,0,0.4526065818814436,0.2573099415204678,0.26094600624721104,0.6474358974358975,0.12179487179487179,1.1319948269660154,0.21155832538161767
single,316,0,0.4968359390404804,0.2745098039215686,0.3276884226884227,0.5566188197767145,0.06379585326953748,1.0022813945802664,0.18434214864107623
single,317,0,0.4334888552754695,0.2604166666666667,0.2680187074829932,0.6682615629984051,0.10526315789473684,1.1762400133803408,0.21858352638433096
single,318,0,0.5149327745400522,0.30107526881720426,0.40681884230271326,0.5222222222222223,0.08888888888888889,0.9109727088040606,0.1675435429980486
single,319,0,0.4421291689084558,0.2814814814814815,0.43562477622628,0.6476190476190476,0.08412698412698412,1.183439301527,0.2066970102134944
single,320,0,0.5177454563223324,0.368421052631579,0.5379273504273504,0.5825396825396826,0.10793650793650794,1.1310997372917695,0.19827819710853986
single,321,0,0.4974932525214412,0.2807017543859649,0.3282051282051282,0.555023923444976,0.09569377990430622,0.9861854800942377,0.18355032801755278
single,322,0,0.5143400195684658,0.32051282051282054,0.4470588235294118,0.5507936507936507,0.06825396825396825,1.0665101151542997,0.18884903337653025
single,323,0,0.5272398876928791,0.3432835820895523,0.40845721004451163,0.5438596491228069,0.08293460925039871,0.9933304631987383,0.17896271042398024
single,324,0,0.4713040796898181,0.34117647058823525,0.4551474774642481,0.626984126984127,0.09365079365079365,1.1430235125226318,0.20239211985348038
single,325,0,0.47287416839121005,0.30952380952380953,0.38430612555099564,0.6346153846153847,0.11217948717948718,1.1138096308325653,0.20398561498462386
single,326,0,0.5150436821276284,0.2946859903381642,0.4217621348056131,0.5365079365079365,0.08253968253968254,0.964733002166973,0.17353351216007198
single,327,0,0.5460446194142122,0.34313725490196084,0.428060066352366,0.5144230769230769,0.06891025641025642,0.9626757078072515,0.1730800163402729
single,328,0,0.4713728301142181,0.28484848484848485,0.3302734748517881,0.6476190476190476,0.14285714285714288,1.1392319089735092,0.21613169637153265
single,329,0,0.5141738602795949,0.297979797979798,0.3865681478622312,0.5491143317230275,0.08373590982286634,1.0060487420408484,0.1835547244212453
single,330,0,0.48878286573403895,0.3051643192488263,0.433300373544276,0.5888888888888889,0.10317460317460318,1.1116844610720695,0.19861460395050853
single,331,0,0.4788474107845035,0.2751322751322751,0.3420634920634921,0.6169871794871795,0.11378205128205128,1.1583692983022604,0.20981027158561905
single,332,0,0.5576522951517422,0.38095238095238093,0.4762288477034649,0.5119617224880383,0.11004784688995216,0.9327907659551359,0.17143150659022666
single,333,0,0.4529692356210238,0.26229508196721313,0.28878078522907497,0.6523125996810207,0.11802232854864432,1.1408163671921303,0.21131660362638946
single,334,0,0.5413336095553024,0.3333333333333333,0.4492753623188406,0.48412698412698413,0.06666666666666667,0.9110911327135679,0.16064352240659163
single,335,0,0.5264099870761886,0.32916666666666666,0.5261529822505432,0.546031746031746,0.0746031746031746,1.0470178540054376,0.18370345647198613
single,336,0,0.4303771810028094,0.3080168776371308,0.38735815679337277,0.6650717703349283,0.10845295055821373,1.1961843269013521,0.21466379032355212
single,337,0,0.5240146451607512,0.2629107981220657,0.4114607920272751,0.5432692307692307,0.08012820512820513,0.9375277915262181,0.16988483188404754
single,338,0,0.4760370374239318,0.24019607843137256,0.3664045170397257,0.5881410256410257,0.10096153846153848,0.9967461943656796,0.18493843083600123
single,339,0,0.401362694695232,0.21052631578947367,0.30558458144665046,0.6968253968253967,0.11111111111111112,1.2153459799794717,0.22171724301095186
single,340,0,0.48803256309932047,0.3026315789473684,0.4249433106575964,0.5961538461538461,0.09455128205128205,1.0712654148510092,0.1907959822800633
single,341,0,0.4562024884332856,0.2608695652173913,0.33939001073832537,0.6394230769230769,0.10256410256410257,1.1175720854188584,0.2056502677004609
single,342,0,0.4907881325127705,0.2841530054644809,0.3389960953252092,0.6009615384615384,0.10737179487179487,1.127367615140581,0.20677476984767507
single,343,0,0.4044364621359983,0.2695035460992908,0.4471428571428571,0.6984126984126985,0.10634920634920635,1.2287785837079916,0.21539514013433517
single,344,0,0.4759218850216614,0.34210526315789475,0.45044848768253026,0.6156299840510367,0.11004784688995216,1.138127212474729,0.20311361283765436
single,345,0,0.4994877923079449,0.2885572139303483,0.36539381759020007,0.5801282051282052,0.09134615384615384,1.053783591191115,0.1905620357660465
single,346,0,0.44770660402869983,0.24731182795698925,0.3061180965097734,0.6490384615384616,0.1185897435897436,1.1348107601365889,0.21272133389213585
single,347,0,0.5609414255311113,0.3738738738738739,0.48847061347061355,0.5015873015873016,0.06984126984126984,0.9231756415536617,0.1654552304094099
single,348,0,0.40813568715901666,0.17460317460317457,0.20405982905982908,0.6988727858293076,0.1175523349436393,1.1861541019984851,0.2222665308074034
single,349,0,0.4901109078558174,0.3497267759562841,0.3511102134507986,0.610576923076923,0.11057692307692309,1.1188561307620917,0.20565472387253747
single,350,0,0.46731760200621714,0.35000000000000003,0.49877056714771584,0.6460317460317461,0.1253968253968254,1.182360376953931,0.2111857181782404
single,351,0,0.44319336264763903,0.2995169082125604,0.3685636856368564,0.6794258373205743,0.13237639553429026,1.2009556459881114,0.222182515016119
single,352,0,0.49739847280086674,0.2741935483870968,0.35826926515286966,0.5614035087719298,0.09409888357256779,0.9766628265875923,0.18174729307235704
single,353,0,0.4078311053170353,0.23873873873873877,0.332244008714597,0.7129186602870813,0.1291866028708134,1.3404719753783574,0.2375550902017053
single,354,0,0.4933655915159873,0.2916666666666667,0.38270418668496914,0.5817307692307693,0.10737179487179488,0.995307384150199,0.18577358349615372
single,355,0,0.5053691011650149,0.21637426900584797,0.29285714285714287,0.5629984051036683,0.10047846889952154,0.9806609959147599,0.1855320397305171
single,356,0,0.5244664390755944,0.3280423280423281,0.38472387078658854,0.5470494417862839,0.0861244019138756,0.9667658956709938,0.17729714321757575
single,357,0,0.430534272493239,0.18376068376068377,0.30227038183694527,0.6507936507936508,0.09206349206349207,1.0741121350037723,0.1968168594779375
single,358,0,0.4633655289876608,0.29012345679012347,0.2815040650406504,0.6426282051282052,0.1266025641025641,1.1323774192198124,0.21343622271727822
single,359,0,0.49749863455633997,0.3058823529411765,0.45562770562770566,0.564102564102564,0.0625,1.023227936424737,0.18056161511231164
single,360,0,0.4655213043598148,0.28138528138528135,0.4203679777969184,0.6299840510366826,0.10366826156299841,1.0989635294824827,0.19999952002210175
single,361,0,0.4256887953411506,0.24731182795698925,0.30031455671699575,0.6971153846153847,0.14583333333333334,1.215352951707944,0.2260450459667124
single,362,0,0.45686381740177767,0.25757575757575757,0.3362573099415205,0.6333333333333333,0.11587301587301586,1.0287421329135873,0.19235630693160974
single,363,0,0.46114158815090617,0.23873873873873874,0.38613648130889516,0.6238095238095238,0.10793650793650793,1.0867444641279593,0.19666870726823718
single,364,0,0.5316183336941379,0.2735042735042735,0.4946028916617153,0.526984126984127,0.07142857142857142,1.0255020907006476,0.1771143997758812
single,365,0,0.5001734299813808,0.35384615384615387,0.38271993389270276,0.5865384615384616,0.10096153846153848,1.1047814089458179,0.20021456410903438
single,366,0,0.4576851432622993,0.2236842105263158,0.34076388085412734,0.6253968253968254,0.09682539682539681,1.093342257009777,0.1957100490482749
single,367,0,0.505937684016817,0.27868852459016397,0.3830466775009029,0.5753205128205128,0.10897435897435898,0.9976573661403055,0.1848153083534885
single,368,0,0.5030139201551654,0.3083333333333333,0.4849206349206349,0.5825396825396826,0.09047619047619049,1.1211262957035462,0.19415022841621718
single,369,0,0.4760397192157198,0.3076923076923077,0.3630246565029174,0.607936507936508,0.10634920634920635,1.068729416725607,0.19747288734940802
single,370,0,0.538239101371558,0.36507936507936506,0.4250360750360751,0.5432692307692308,0.09775641025641024,1.0163931858671698,0.18328891944659076
single,371,0,0.4522798501412411,0.2236842105263158,0.31689695388325523,0.6296296296296297,0.0853462157809984,1.1011090747851502,0.19790404286309948
single,372,0,0.4278044851574263,0.24413145539906103,0.32372725512969414,0.6936507936507937,0.12857142857142856,1.217365352176895,0.2237316708992543
single,373,0,0.420171775856605,0.20547945205479454,0.2727437776457384,0.6746411483253588,0.10207336523125997,1.131839604201154,0.20871043309900814
single,374,0,0.5454703657375511,0.3333333333333333,0.4822510880303314,0.4944178628389155,0.05582137161084529,0.9126117535983741,0.15948381982387785
single,375,0,0.5010786608194464,0.2866666666666667,0.27967724926118037,0.5698412698412699,0.10317460317460318,1.0192491608674317,0.19014774839688406
single,376,0,0.4973810569923282,0.2523809523809523,0.4600721112817887,0.5837320574162679,0.10845295055821373,0.9809813254221291,0.18069451204339063
single,377,0,0.4487119953909063,0.24154589371980675,0.3276455026455027,0.6602564102564102,0.11698717948717947,1.1302462133458357,0.20868103328576862
single,378,0,0.4649948030456479,0.20883534136546186,0.36616147191916887,0.6140350877192983,0.07655502392344499,1.042897120346627,0.18705658623963273
single,379,0,0.5259424024388261,0.26153846153846155,0.39540861836877017,0.5174603174603174,0.07142857142857144,0.9447339304402386,0.16984740387566244
single,380,0,0.4195518274522528,0.2431372549019608,0.3674074074074074,0.671451355661882,0.09569377990430622,1.2141280851038243,0.2151454850879423
single,381,0,0.48070484936310526,0.225,0.3920608108108108,0.5977564102564102,0.08012820512820513,1.025543336061606,0.1834579262734806
single,382,0,0.4725521763414089,0.29870129870129875,0.4356368563685637,0.6315789473684211,0.1084529505582137,1.1960214526970538,0.21085243968972037
single,383,0,0.5064047947249265,0.28169014084507044,0.3948268323912432,0.5689102564102565,0.08493589743589743,0.9883184227800811,0.17967220375628043
single,384,0,0.45669503858876,0.2995780590717299,0.4365079365079365,0.607936507936508,0.09365079365079365,1.1328087909671234,0.19867555164198655
single,385,0,0.5268310720673345,0.2972972972972973,0.4695731062279891,0.5428571428571428,0.08253968253968254,1.0627747623890345,0.18722298601124263
single,386,0,0.42934008064526424,0.16145833333333334,0.2476206044754432,0.6602870813397129,0.12121212121212122,1.0712939447718135,0.2020979653520821
single,387,0,0.4725167989936443,0.2708333333333333,0.3132566008210253,0.6264090177133655,0.10950080515297907,1.1525626106239917,0.20846747495686305
single,388,0,0.4511373630639212,0.3020833333333333,0.315586796697365,0.655448717948718,0.11538461538461538,1.2379409915924737,0.22471203489767608
single,389,0,0.4937427134943122,0.319047619047619,0.38004459308807137,0.5901116427432217,0.09250398724082935,1.1333404466392418,0.2024958749426836
single,390,0,0.5616225568614918,0.3424657534246575,0.529857347184583,0.46507936507936504,0.05555555555555555,0.9131148586094393,0.15831212061055597
single,391,0,0.4911284754037089,0.32075471698113206,0.32248062015503876,0.620414673046252,0.12440191387559808,1.1149541893129429,0.2082965267853053
single,392,0,0.5762107958615251,0.3803418803418803,0.5668661317376128,0.48803827751196166,0.0685805422647528,0.9600607444192661,0.16901705746046924
single,393,0,0.5151522459823729,0.30409356725146197,0.338086669665617,0.5571428571428572,0.09841269841269841,0.9566665326379332,0.18113650778090606
single,394,0,0.3878645043918876,0.1879432624113475,0.35963794659446835,0.7015873015873014,0.09206349206349206,1.1712151958106194,0.20882267462294243
single,395,0,0.47168033454266306,0.25833333333333336,0.3953446081105656,0.6092503987240828,0.08133971291866028,1.0982042938924048,0.19615553655469822
single,396,0,0.543155381376872,0.37654320987654316,0.426022126022126,0.4967948717948718,0.09775641025641026,0.8832393340335557,0.1645321933807213
single,397,0,0.4725368216612676,0.25146198830409355,0.33176628080951254,0.638095238095238,0.1349206349206349,1.1039421595181669,0.2084902400256724
single,398,0,0.5235745294316162,0.30845771144278605,0.45094671410460885,0.5645933014354068,0.10685805422647528,1.1147861243269983,0.19806281139403023
single,399,0,0.49845002628246204,0.3333333333333333,0.48827691453940064,0.5741626794258373,0.06858054226475278,1.1081454457258009,0.19184495759933093
single,400,0,0.5213725549153604,0.3442622950819672,0.3905099822821341,0.5492063492063493,0.09841269841269841,0.9912499656163143,0.18185070026976877
single,401,0,0.43473364828395883,0.22222222222222224,0.34311617287883617,0.6618819776714514,0.11323763955342903,1.154534243091755,0.2093484768342122
single,402,0,0.45426866501507107,0.20903954802259886,0.24786634460547505,0.6301587301587301,0.10000000000000002,1.0559030407358314,0.1994101534403746
single,403,0,0.5273267171835809,0.37566137566137564,0.41563063721905324,0.5650793650793652,0.10476190476190476,1.1057199811478302,0.19831997569581925
single,404,0,0.47132931939389944,0.22374429223744294,0.34088612613995367,0.5925925925925926,0.07890499194847021,1.036835805797182,0.18891770080522963
single,405,0,0.4467964048579432,0.25203252032520324,0.36694818441452465,0.6365079365079365,0.08730158730158731,1.1133373506204396,0.20007925842655808
single,406,0,0.4860851399804924,0.32407407407407407,0.42665540663252327,0.6124401913875598,0.11483253588516747,1.161010801030242,0.20519232346527017
single,407,0,0.4997487664036005,0.2511415525114155,0.3672385620915033,0.5698412698412698,0.07936507936507937,0.9658733648065447,0.1775209407203625
single,408,0,0.46200013549848423,0.24675324675324675,0.3593073593073593,0.6156299840510367,0.08452950558213716,1.1030191888894465,0.19910984500112247
single,409,0,0.4686102680332185,0.28444444444444444,0.4041666666666666,0.6378205128205129,0.10897435897435898,1.165563477615936,0.21027527922431266
single,410,0,0.4397925743036259,0.2676056338028169,0.32383786848072565,0.665079365079365,0.11587301587301586,1.1813220403428215,0.21374755034389856
single,411,0,0.4102650795547129,0.20175438596491227,0.32967549246619016,0.7017543859649122,0.12599681020733652,1.179951593641295,0.21606691984827445
single,412,0,0.4810423608753525,0.3048780487804878,0.4489499861840287,0.6060606060606061,0.09250398724082935,1.1256770290090818,0.19738621282362875
single,413,0,0.4374903500918645,0.19999999999999998,0.38194589042046667,0.6442307692307693,0.08012820512820512,1.1595501635242993,0.2012353214251674
single,414,0,0.438257622234262,0.30864197530864196,0.41396103896103903,0.6444444444444445,0.10476190476190476,1.170168954123282,0.2075986997693907
single,415,0,0.4844031550682109,0.3283582089552239,0.4054373522458629,0.6346153846153847,0.1266025641025641,1.0702664813362743,0.20086454307470195
single,416,0,0.44701668491084995,0.25541125541125537,0.4238855429970025,0.6571428571428571,0.11428571428571428,1.268507231826439,0.22262818667391784
single,417,0,0.5036076121600535,0.2882882882882883,0.4908807112196943,0.5714285714285715,0.10634920634920635,1.044904528108123,0.18513150327823838
single,418,0,0.44786222799061265,0.26851851851851855,0.3280873753009976,0.6555555555555556,0.10952380952380952,1.1372963230011879,0.2065621865143176
single,419,0,0.5518009555305659,0.4246575342465753,0.49418767507002803,0.533011272141707,0.0853462157809984,1.0775928138312036,0.18902893039561378
single,420,0,0.5304888271894592,0.2864583333333333,0.39095568783068785,0.5410628019323672,0.09017713365539452,0.9937850134733669,0.1819834564650884
single,421,0,0.4854707378408036,0.2727272727272727,0.3642416225749559,0.6124401913875598,0.11004784688995216,1.1038780926313294,0.19910455444188235
single,422,0,0.4642776524877929,0.171875,0.2804232804232804,0.6076555023923444,0.10845295055821373,1.0834775874197413,0.19661471957176366
single,423,0,0.4748506892158803,0.24858757062146894,0.29382960778309614,0.6298076923076923,0.1185897435897436,1.0802741220368908,0.20387552557770552
single,424,0,0.48327230750400174,0.3164556962025316,0.452012882447665,0.6079365079365079,0.09682539682539681,1.1067418611566053,0.1950445915331587
single,425,0,0.4989260538208082,0.3111111111111111,0.4181689642983386,0.5821371610845295,0.08452950558213716,1.0844700147278838,0.19414236205588217
single,426,0,0.4605807914345463,0.2745098039215686,0.3715415019762846,0.6379585326953747,0.12280701754385964,1.0975100485521647,0.20277724522788163
single,427,0,0.5078560172548342,0.2994350282485876,0.34137146108977096,0.5689102564102564,0.09935897435897435,1.0206592591637547,0.18804033688925517
single,428,0,0.47560571773409405,0.2407407407407407,0.2850540329317918,0.6169871794871794,0.1185897435897436,1.0457825757629247,0.1986295588454092
single,429,0,0.5495391434712465,0.3333333333333333,0.4805148847702039,0.5111111111111111,0.06825396825396825,1.0548775230905074,0.18376622848482557
single,430,0,0.5377304281496017,0.34502923976608185,0.378505291005291,0.5486443381180223,0.09888357256778309,0.9730074248362762,0.1814571463411948
single,431,0,0.4984483527499379,0.3415637860082304,0.48322089603874757,0.5873015873015873,0.09365079365079365,1.101747745435391,0.19204662258252211
single,432,0,0.46771933734264265,0.2905982905982906,0.43727604008502885,0.6283891547049442,0.1036682615629984,1.1574060244090967,0.2049171800554218
single,433,0,0.4880480722654909,0.2608695652173913,0.38773148148148145,0.6012759170653906,0.10366826156299841,1.100642617390311,0.19742642377747863
single,434,0,0.4220633474068973,0.2833333333333333,0.3123194014447884,0.7097288676236045,0.15151515151515152,1.2702902608472142,0.23552496377623267
single,435,0,0.4378426359070488,0.2018779342723005,0.33299086757990864,0.6602564102564102,0.1185897435897436,1.1240753766833336,0.20686544266059378
single,436,0,0.4961835440082559,0.31840796019900497,0.4332918739635157,0.5666666666666665,0.10476190476190476,1.0003648149953424,0.18321194767163054
single,437,0,0.4955121030032002,0.3163841807909605,0.3440709617180205,0.580542264752791,0.10366826156299841,0.98401782430284,0.18364504811323004
single,438,0,0.4507260608066668,0.3111111111111111,0.39066416040100255,0.646031746031746,0.1126984126984127,1.114302591750123,0.20311308264907302
single,439,0,0.4732176408449826,0.2857142857142857,0.3684372969460689,0.6063492063492064,0.11269841269841269,1.074936439530479,0.19751277937936007
single,440,0,0.4269023929227329,0.17647058823529413,0.3331655954314295,0.6586538461538461,0.08814102564102565,1.1076596185364906,0.19972032056196118
single,441,0,0.5149314635348872,0.3470319634703196,0.5126363205310575,0.5682539682539683,0.10952380952380952,1.0864161775310484,0.19091671872033686
single,442,0,0.47700482208383893,0.3095238095238095,0.3791962174940899,0.620414673046252,0.10526315789473684,1.1916685643137692,0.2128519500163092
single,443,0,0.5162574388885255,0.3383084577114428,0.4078070175438597,0.5598086124401914,0.09409888357256778,1.0279452731823084,0.18854209139357933
single,444,0,0.4951880526231678,0.3603603603603604,0.4364335923048464,0.5873015873015873,0.09523809523809523,1.1060081060166838,0.19529626932249566
single,445,0,0.4839061865556881,0.24731182795698925,0.30758992825745074,0.5933014354066987,0.09728867623604466,1.0902029496195447,0.19795149124169384
single,446,0,0.47626798053755676,0.3253968253968254,0.25346727838422195,0.6031746031746031,0.12698412698412698,1.0147043653446703,0.1978912834544353
single,447,0,0.48422148075362154,0.30046948356807507,0.43249689761317667,0.6365079365079365,0.12698412698412698,1.139748263869416,0.20728688245286797
single,448,0,0.4943662147420283,0.2549019607843137,0.28491599971158693,0.5571658615136875,0.1030595813204509,1.0017674495268303,0.18841659843581215
single,449,0,0.46732278578764563,0.24242424242424243,0.33796296296296297,0.6299840510366826,0.11642743221690592,1.1259606301694165,0.20615895812567345
single,450,0,0.44484915658484286,0.2510822510822511,0.4077001013171226,0.6412698412698412,0.09999999999999999,1.2124951237652202,0.21411565034870716
single,451,0,0.4642998156163462,0.26666666666666666,0.3033333333333333,0.6344605475040258,0.1175523349436393,1.1146664696811515,0.2092708103452552
single,452,0,0.47379127133778837,0.3055555555555556,0.3782638434544698,0.6095238095238095,0.09047619047619049,1.0895288676540547,0.19626913455083725
single,453,0,0.4707361749759918,0.18468468468468469,0.30277777777777776,0.5833333333333334,0.0689102564102564,1.0440541428289816,0.188012695095926
single,454,0,0.45180232105603246,0.2862745098039216,0.45332083375561644,0.645933014354067,0.10207336523125998,1.1535206876230404,0.20405831850541276
single,455,0,0.38444183024514017,0.1527777777777778,0.2511696875921014,0.7222222222222223,0.13174603174603175,1.2003213911870352,0.2221823602622429
single,456,0,0.5091434345163881,0.3024691358024691,0.2952001265622528,0.5400641025641025,0.08493589743589743,0.9421532382292641,0.17797196373122215
single,457,0,0.4518686806808172,0.23905723905723905,0.43608058608058614,0.6188197767145135,0.057416267942583726,1.0789198598538585,0.1871224265745811
single,458,0,0.48337668619537216,0.21393034825870647,0.31920978820203627,0.5721153846153846,0.08493589743589743,1.0364100827567968,0.18650618334128602
single,459,0,0.502804066364056,0.23958333333333334,0.359559597490632,0.5714285714285715,0.09682539682539681,0.9932027747490739,0.1841834333073105
single,460,0,0.5074896513220071,0.2571428571428572,0.4196127946127946,0.5741626794258373,0.09569377990430622,1.0555729230392836,0.1894668457598484
single,461,0,0.4696044433099285,0.25136612021857924,0.3400795283148224,0.6442307692307693,0.1346153846153846,1.0878149287234617,0.20551519490638892
single,462,0,0.3727058785738944,0.20652173913043478,0.3452227485125954,0.7222222222222222,0.10476190476190476,1.273328169267162,0.22052212538430802
single,463,0,0.5400633034545184,0.35057471264367807,0.44126449682005237,0.5333333333333333,0.10476190476190476,1.0013851507173643,0.17978580151456747
single,464,0,0.45607193316242234,0.24324324324324328,0.35950760761526107,0.6238095238095238,0.09365079365079365,1.135864995911599,0.20264907674666355
single,465,0,0.5036883336522673,0.3386243386243386,0.39461796849503705,0.617224880382775,0.12280701754385966,1.0709993214824496,0.200125266443815
single,466,0,0.48005877994162444,0.26229508196721313,0.2934879934879935,0.5996810207336524,0.09888357256778309,1.0905266514352572,0.2029597990120036
single,467,0,0.5055963814711367,0.2785388127853881,0.4240188698183278,0.573015873015873,0.08571428571428573,1.0718309434565771,0.19154799666493968
single,468,0,0.4892622524618278,0.28205128205128205,0.27821962313190385,0.611111111111111,0.11746031746031745,1.0654076628085096,0.2033624894058578
single,469,0,0.48778128317110453,0.27777777777777773,0.2882102993404363,0.594551282051282,0.09294871794871795,1.0325321485183927,0.19408828777202092
single,470,0,0.5123097101712877,0.31531531531531537,0.4178254820115286,0.5645933014354068,0.08133971291866028,1.082387175820004,0.19322598355244805
single,471,0,0.5202405131042861,0.3383084577114428,0.4908510894426388,0.5285714285714286,0.0984126984126984,0.9447133559395584,0.17090646156114495
single,472,0,0.4785438378494751,0.28735632183908044,0.29180010465724754,0.6086956521739131,0.10305958132045089,1.0337826421784397,0.1963137365153511
single,473,0,0.487204607898156,0.2903225806451613,0.33691115086463924,0.6025641025641025,0.10576923076923077,1.0481124092002136,0.19337907244846872
single,474,0,0.4990226647678438,0.35000000000000003,0.40419621749408985,0.546031746031746,0.1015873015873016,0.9561265910695949,0.1771333720812117
single,475,0,0.49873473263005436,0.3547008547008547,0.44911171333935557,0.5897435897435898,0.08814102564102565,1.0985307811157077,0.19603574778022628
single,476,0,0.4517580239315513,0.3333333333333333,0.3869640879607657,0.6777777777777777,0.13968253968253969,1.2005943942229758,0.21959315708779584
single,477,0,0.44239729916296966,0.27419354838709675,0.31254724111866966,0.6349206349206349,0.11904761904761905,1.0722215040583627,0.20151452175155618
single,478,0,0.46401460950438284,0.2075471698113208,0.239494851994852,0.6267942583732058,0.11802232854864435,1.048901425038627,0.2005950569855278
single,479,0,0.5139569535839631,0.36410256410256414,0.39970697141639366,0.5746031746031747,0.09841269841269841,1.0799757802062582,0.19570757152743526
single,480,0,0.5356877805794876,0.30985915492957744,0.42078496406854615,0.534621578099839,0.07568438003220612,0.9479856502664972,0.17212698426420273
single,481,0,0.44146674362920346,0.23589743589743592,0.25593033509700175,0.6523809523809524,0.10476190476190476,1.1679169766475086,0.21505567098307576
single,482,0,0.5323931310516827,0.2474747474747475,0.37486410089149813,0.518341307814992,0.07017543859649122,1.0004672839967421,0.17869305303052974
single,483,0,0.5019078601243839,0.31884057971014496,0.40568260568260567,0.5925925925925927,0.10628019323671499,1.077672349641183,0.19309883256598948
single,484,0,0.5059030058365591,0.24043715846994537,0.30509413067552604,0.5428571428571428,0.07142857142857144,1.0038239022824582,0.18303542496086064
single,485,0,0.5058946139510239,0.36546184738955817,0.5140307813707704,0.5629984051036682,0.08133971291866028,1.0396026794239361,0.1832690195400004
single,486,0,0.47746078776084033,0.35185185185185186,0.43283811414861306,0.6206349206349207,0.11746031746031745,1.125707823946687,0.2038012970899031
single,487,0,0.5074811693887105,0.3282828282828283,0.40435115967030866,0.5817307692307693,0.10416666666666667,1.0262198618449594,0.187582549478177
single,488,0,0.5044396742079945,0.31216931216931215,0.38072318712589537,0.5693779904306221,0.09888357256778309,0.9874270909180544,0.18279248368486833
single,489,0,0.4441129909741341,0.27340823970037453,0.45995670995670995,0.6428571428571428,0.09206349206349207,1.1681561914750114,0.20583286180620627
single,490,0,0.5383010526068186,0.3216374269005848,0.3722866228017832,0.532051282051282,0.08974358974358976,1.0414995474270714,0.19287099565309876
single,491,0,0.44310891802827346,0.23737373737373738,0.33567283208603155,0.6523125996810207,0.12121212121212122,1.1221234821058927,0.20617116342248573
single,492,0,0.5061279696612507,0.24154589371980675,0.3795444139194139,0.5587761674718196,0.0821256038647343,0.9707774938046119,0.17716895985857714
single,493,0,0.44329833566153876,0.20952380952380953,0.3384106315140798,0.634920634920635,0.11746031746031745,1.0379006420134116,0.1907976149339442
single,494,0,0.5118048102625182,0.31216931216931215,0.3909891598915989,0.5603174603174604,0.09999999999999999,1.0094338639663645,0.18335901651398312
single,495,0,0.4397972953274046,0.1981981981981982,0.3087529120905244,0.6586921850079746,0.10047846889952154,1.1287984271591796,0.20683326950327507
single,496,0,0.5344313375062139,0.27672955974842767,0.28222159706593314,0.5307443365695793,0.08414239482200647,0.9094020150057398,0.17076865263855978
single,497,0,0.5316222842611769,0.3333333333333333,0.35999856445592887,0.543859649122807,0.08771929824561403,1.0391519017733906,0.18536552677443074
single,498,0,0.4903889359422136,0.30666666666666664,0.42818383471741006,0.6063492063492064,0.09999999999999999,1.1125515491434792,0.19875767589943794
single,499,0,0.4830116545201986,0.30357142857142855,0.38532981237740765,0.5901116427432217,0.12759170653907495,1.0216286945484183,0.1941230979559845
single,500,0,0.40235614449017004,0.25120772946859904,0.3017421602787456,0.7269841269841271,0.1380952380952381,1.2017041219500542,0.22704187557038438
single,501,0,0.4574923538779625,0.2820512820512821,0.3327635739162534,0.639291465378422,0.1111111111111111,1.095344146137131,0.20300697481196447
single,502,0,0.438011455387519,0.23611111111111113,0.3283191829703458,0.671451355661882,0.11961722488038277,1.2002743321537075,0.21905627979858336
single,503,0,0.4636000160762766,0.2857142857142857,0.41245593419506466,0.6298076923076924,0.10256410256410255,1.1091798375808093,0.20170498987217064
single,504,0,0.5121003382412042,0.2545454545454546,0.30986333927510396,0.5518341307814992,0.10047846889952154,0.9939671535261093,0.18282311335744206
single,505,0,0.449002331842113,0.27555555555555555,0.3393478699246868,0.6428571428571429,0.09047619047619047,1.0718337823587767,0.19662614347308205
single,506,0,0.5282261798859064,0.35858585858585856,0.40859933717076574,0.5336538461538461,0.07852564102564102,0.9830780185655862,0.17911110095103358
single,507,0,0.5154217745989172,0.3284313725490196,0.39740060375287295,0.5650793650793652,0.09365079365079365,1.09208953505066,0.1960035037396655
single,508,0,0.4913650684091367,0.3333333333333333,0.4379604280736685,0.5666666666666665,0.09365079365079365,1.036107082360726,0.18873126866647857
single,509,0,0.43574185123985637,0.16666666666666666,0.1590678824721378,0.6618357487922705,0.13043478260869565,1.137446826726617,0.22055899338816473
single,510,0,0.5492047543717916,0.35714285714285715,0.4722108338634811,0.5192307692307693,0.08333333333333333,0.9659259404240218,0.1755437449818904
single,511,0,0.46213000211135485,0.2916666666666667,0.3327505827505827,0.645933014354067,0.12121212121212122,1.0484248638060125,0.20004674161821775
single,512,0,0.45778569162547084,0.3068181818181818,0.4415352953038445,0.6395534290271132,0.09250398724082935,1.153098322845523,0.2031020738629263
single,513,0,0.4646622928114141,0.2288557213930348,0.28758247747247223,0.5974235104669887,0.08051529790660225,1.1107899540103234,0.20280921032815288
single,514,0,0.5068155703047995,0.3118279569892473,0.35153813322827404,0.5821371610845295,0.10207336523125997,1.0419564347133272,0.19452334515715242
single,515,0,0.4985765857527295,0.23671497584541065,0.33494648965885193,0.5817307692307693,0.08653846153846152,0.9980081552399369,0.1838731617324244
single,516,0,0.5135760682828373,0.2769230769230769,0.4254238816738816,0.5677830940988836,0.10366826156299841,1.0914343480611317,0.19420271624575378
single,517,0,0.4470405528163482,0.31216931216931215,0.3522078142215442,0.665079365079365,0.1380952380952381,1.1688537194022894,0.21510128050397684
single,518,0,0.5361685054886353,0.3269230769230769,0.3449546485260771,0.5394524959742352,0.10628019323671496,0.9550505502040435,0.1798340500601149
single,519,0,0.5461439560217637,0.3474178403755868,0.47493894993894986,0.529505582137161,0.08452950558213716,1.0440817723888254,0.18377489731486066
single,520,0,0.45247749657561287,0.25925925925925924,0.3446637426900585,0.6301587301587301,0.10476190476190476,1.1468623279710313,0.2055422436584491
single,521,0,0.5529157614233494,0.36574074074074076,0.5021164021164021,0.5288461538461537,0.08814102564102565,1.0246999672218584,0.1802263916260307
single,522,0,0.3881295902331174,0.20202020202020202,0.24390759231184764,0.7240829346092504,0.13078149920255186,1.2306962722420476,0.22856357883111647
single,523,0,0.45618150301499055,0.2742616033755274,0.3805619919820516,0.6238095238095238,0.08888888888888889,1.0846919741007965,0.19466333868045763
single,524,0,0.474340817507004,0.22598870056497175,0.29087846161016895,0.617224880382775,0.1164274322169059,1.0076239534470497,0.1927308481942475
single,525,0,0.49157375147833265,0.2727272727272727,0.42233304733304733,0.5904761904761905,0.09206349206349207,1.048073476549592,0.1833580379266623
single,526,0,0.45931249375564587,0.288135593220339,0.3109584214235377,0.6539074960127591,0.1291866028708134,1.1897829326779472,0.220287314582161
single,527,0,0.4348302002261706,0.23684210526315788,0.30225680225680224,0.6634615384615384,0.09615384615384615,1.1393186564509743,0.2061890564045176
single,528,0,0.48852541997169735,0.2888888888888889,0.30862845320676646,0.6044657097288676,0.10047846889952151,1.0640774356939884,0.20014673060960278
single,529,0,0.4606218819011805,0.24074074074074078,0.33194096351991087,0.6299840510366826,0.09888357256778309,1.1155944395186006,0.20313827009354168
single,530,0,0.4976266896750175,0.32275132275132273,0.33091378905332397,0.5693779904306221,0.08293460925039874,0.9979261505914993,0.1843094009526853
single,531,0,0.47232980919221434,0.3333333333333333,0.5229142469996129,0.611111111111111,0.09841269841269841,1.18004662617427,0.20303534012445612
single,532,0,0.43493993613444853,0.2833333333333334,0.3874227566080722,0.6666666666666666,0.10634920634920636,1.2192561157633088,0.21771441060410246
single,533,0,0.493460325868931,0.3377777777777778,0.4442626601148827,0.620414673046252,0.11323763955342903,1.1468254716391426,0.20411933123513226
single,534,0,0.5151731546834757,0.31963470319634707,0.4618020447140771,0.5725677830940988,0.10047846889952154,1.0466375349520343,0.1874847298300363
single,535,0,0.41119336596784845,0.24074074074074073,0.3048801973220578,0.7206349206349207,0.13015873015873017,1.2056853099411524,0.22397725690173284
single,536,0,0.43101628672258646,0.20895522388059704,0.26913875598086123,0.6650717703349281,0.11323763955342903,1.156027100617042,0.21064038742573288
single,537,0,0.4843448978523694,0.24193548387096775,0.3141407203907204,0.5652173913043478,0.08856682769726248,0.9929517643970294,0.18332766230230482
single,538,0,0.4671681690843714,0.30392156862745096,0.3268733850129199,0.6111111111111112,0.09047619047619047,1.06513223128527,0.19437316336886865
single,539,0,0.5132978615193071,0.2956989247311828,0.3301282051282051,0.5592948717948718,0.08173076923076923,0.9914527040711069,0.1832405880450476
single,540,0,0.4944885761315696,0.2573099415204678,0.30459726443769,0.576051779935275,0.09546925566343041,1.0380233419063272,0.19316528289577398
single,541,0,0.47084589833125207,0.30994152046783624,0.31741836974395116,0.6490384615384616,0.12980769230769232,1.1242293729154615,0.21382901140868213
single,542,0,0.5184165028740813,0.3285024154589372,0.45287267080745347,0.5705128205128205,0.09935897435897438,1.089483999621019,0.19452328508033492
single,543,0,0.4756700892736412,0.3286384976525822,0.4020408163265306,0.6015873015873016,0.10158730158730157,1.0891279183741904,0.19705157864708076
single,544,0,0.4502368878817098,0.22380952380952382,0.35105185909980435,0.6507177033492823,0.12121212121212122,1.1599687694245686,0.2089961906611555
single,545,0,0.5186404892222439,0.3010752688172043,0.3930867962892363,0.5231259968102073,0.08771929824561404,0.9307016822637908,0.17216845513710796
single,546,0,0.4973323499127779,0.3333333333333333,0.4259415178063488,0.6009615384615384,0.10096153846153848,1.0569360382992734,0.19180635635401386
single,547,0,0.5407820327631256,0.34649122807017546,0.531959706959707,0.526984126984127,0.08412698412698412,1.0133454814255456,0.17625638160952398
single,548,0,0.48085548940909906,0.2598870056497175,0.2612294656629632,0.5948963317384369,0.0861244019138756,1.1001511336061636,0.20113615777606908
single,549,0,0.500467932704243,0.32352941176470584,0.37732170540607934,0.5684380032206119,0.0821256038647343,1.111791056211506,0.19879237931479474
single,550,0,0.5084570603457106,0.2537313432835821,0.34713722290221677,0.5598086124401914,0.07974481658692184,1.0200139398927863,0.18672309854402425
single,551,0,0.5310229622684184,0.2546296296296296,0.43065670712729537,0.5231259968102073,0.07177033492822966,0.9996820926216962,0.1745189954055305
single,552,0,0.47436549154019897,0.2222222222222222,0.20970824949698189,0.6076555023923446,0.11802232854864432,1.0694202404345143,0.20419185676535714
single,553,0,0.438293138380167,0.29850746268656714,0.3438092914837101,0.6778309409888358,0.1291866028708134,1.178118288235864,0.21970110930305906
single,554,0,0.4739255650529119,0.3333333333333333,0.3372998856489422,0.6411483253588517,0.13237639553429026,1.16067260220358,0.2174477655637447
single,555,0,0.4188647472427333,0.25675675675675674,0.3123503377591428,0.6634920634920635,0.1015873015873016,1.1416478780306942,0.20745957995579115
single,556,0,0.4763439395089699,0.30046948356807507,0.38527125965210723,0.6060606060606061,0.10047846889952154,1.1070893923254002,0.19989994624476495
single,557,0,0.44861224169969405,0.22950819672131148,0.2924252702030479,0.6507177033492823,0.12280701754385966,1.1116034580780934,0.2087715577149224
single,558,0,0.5535755665149092,0.36546184738955817,0.5456030897207368,0.49920255183413076,0.06220095693779904,0.9750530769038385,0.16856741934037503
single,559,0,0.41577449215173584,0.22043010752688172,0.24766714766714767,0.701923076923077,0.13141025641025642,1.1881106717591035,0.22307378882275739
single,560,0,0.46257479981472566,0.3209876543209877,0.44826599941689454,0.626984126984127,0.10634920634920635,1.1967515151428865,0.2086909830290641
single,561,0,0.534596978825394,0.3854166666666667,0.41684279946597175,0.5422647527910686,0.08931419457735247,1.0392901564602737,0.18947623388114856
single,562,0,0.5233182276934855,0.29957805907173,0.5060262580209388,0.5253968253968254,0.0746031746031746,0.9581741851641166,0.1674138588183841
single,563,0,0.4767372044976476,0.3333333333333333,0.35721070598129917,0.6280193236714976,0.11433172302737521,1.1680269196389979,0.2123772322174514
single,564,0,0.5341784684943914,0.33918128654970764,0.3768415561595695,0.5400641025641026,0.10256410256410257,1.0268901868077664,0.18694712929158178
single,565,0,0.45416852058670704,0.24774774774774777,0.3565472545417432,0.6523809523809524,0.1126984126984127,1.141995505264824,0.20745345107969923
single,566,0,0.542883304976716,0.3095238095238095,0.42509953814301643,0.5063492063492063,0.06349206349206349,0.9371826102802219,0.16600474962438685
single,567,0,0.4851353972318148,0.23880597014925373,0.35602924212507875,0.594896331738437,0.10047846889952154,1.034691872056914,0.19150701112925558
single,568,0,0.5019257437102352,0.2552083333333333,0.323568316215375,0.5598705501618123,0.07928802588996763,1.0073674433758126,0.18696588796798563
single,569,0,0.4641529403266523,0.2009132420091324,0.3417528757330917,0.623397435897436,0.10096153846153848,1.0673852519029008,0.19366450735643245
single,570,0,0.46029825133585733,0.25,0.3875538020086083,0.6251993620414673,0.10845295055821373,1.1371278857626874,0.2025987589332171
single,571,0,0.4712325994223013,0.2380952380952381,0.3491917742706839,0.6251993620414673,0.10526315789473684,1.0971626017554132,0.19824510220474809
single,572,0,0.45892234921758296,0.2606837606837607,0.42189686477234617,0.6444444444444445,0.1111111111111111,1.1062121169997619,0.20102206810039658
single,573,0,0.46223901355921826,0.2696078431372549,0.3736171001993787,0.6301587301587301,0.11904761904761905,1.0993071473750498,0.19978608324641886
single,574,0,0.5108254121976423,0.32857142857142857,0.4514226982581413,0.5486443381180223,0.08931419457735247,1.029697272342307,0.18568053587124791
single,575,0,0.5258011564714952,0.3592592592592592,0.5759995507637017,0.5342902711323764,0.06698564593301436,1.0261803509690217,0.17641779244997383
single,576,0,0.44078815626152656,0.22413793103448276,0.2587962962962963,0.6682692307692308,0.12820512820512822,1.0971879690757687,0.21024832132327767
single,577,0,0.371639859161972,0.25396825396825395,0.26492673992673993,0.7873015873015873,0.16984126984126982,1.3317069513761421,0.2505566185385519
single,578,0,0.44860520770262285,0.26153846153846155,0.33366984718999243,0.6762820512820512,0.1346153846153846,1.1619340471048527,0.2170820457381326
single,579,0,0.45447502580981597,0.2401960784313725,0.3314371719666564,0.6095238095238095,0.09365079365079365,1.071019882797272,0.1988525676588507
single,580,0,0.49150226489060095,0.3238095238095238,0.42848837209302326,0.620414673046252,0.11642743221690592,1.174138203772246,0.20854940739413877
single,581,0,0.38917120646277303,0.21212121212121213,0.35316650800126936,0.7301587301587301,0.11428571428571428,1.1861320016828298,0.21459555335225625
single,582,0,0.548419654447131,0.3489583333333333,0.4679589339540991,0.5372168284789643,0.09870550161812297,1.0137784736439075,0.1833093512113606
single,583,0,0.46382434313592014,0.2638888888888889,0.37424706230867977,0.6047619047619047,0.09523809523809523,1.0822310802116253,0.1965235149632811
single,584,0,0.47687621444230627,0.3166666666666667,0.46734607984607984,0.631578947368421,0.11004784688995216,1.0817126708549631,0.1969930123042122
single,585,0,0.5040775205267308,0.30666666666666664,0.4896517191498832,0.5857142857142857,0.10317460317460318,1.0357348727908022,0.18746818965708678
single,586,0,0.4857775196869827,0.2972972972972973,0.4220980569817779,0.5952380952380952,0.1015873015873016,1.0747073081602847,0.19237154595875003
single,587,0,0.48758973077734974,0.28174603174603174,0.4791769412022577,0.6,0.09047619047619047,1.1232053916700693,0.19319507153717938
single,588,0,0.4692795777901793,0.2824074074074074,0.38101014948719314,0.6137820512820513,0.09935897435897435,1.0675188652002179,0.1947579952906009
single,589,0,0.47937429275859356,0.22751322751322753,0.33697478991596636,0.5853269537480064,0.10526315789473684,1.028947095394991,0.1883577945722785
single,590,0,0.5145481564207134,0.2968036529680365,0.4773226429573179,0.5629984051036683,0.0909090909090909,1.0728001789436372,0.19128824029951816
single,591,0,0.519562871471689,0.2797619047619048,0.3386396820246593,0.5550161812297735,0.10032362459546924,0.9440459019314816,0.17845692516912406
single,592,0,0.43094516989207543,0.2841530054644809,0.2838714080950106,0.6921850079744817,0.1291866028708134,1.1225341718492137,0.2143472386976196
single,593,0,0.4488789151788795,0.23943661971830985,0.31861471861471863,0.5925925925925927,0.07407407407407407,1.1019815155852422,0.19561532144305271
single,594,0,0.47569221369335546,0.2745098039215686,0.3499322493224932,0.5952380952380953,0.09682539682539681,1.0626087899340824,0.1903089157841915
single,595,0,0.45173925695303474,0.2677595628415301,0.30235380537191403,0.6158730158730158,0.10952380952380952,1.0512814703718032,0.19900007535600417
single,596,0,0.4766703434425457,0.20476190476190478,0.3425645539906103,0.5619047619047619,0.08095238095238096,1.0876616318666654,0.18953095672013545
single,597,0,0.467581283576985,0.3209876543209877,0.41558441558441556,0.620414673046252,0.08771929824561403,1.1412497048517096,0.20344376400298034
single,598,0,0.44325498398940916,0.24712643678160917,0.23703703703703702,0.6282051282051283,0.09455128205128205,1.0907981576140764,0.2040492268993279
single,599,0,0.4669208570149743,0.2984496124031008,0.5037537537537538,0.6238095238095238,0.09999999999999999,1.2031321179768621,0.20925179692551343
single,600,0,0.5168442926273834,0.2978723404255319,0.28536776212832554,0.5625,0.11378205128205128,0.9715090163294423,0.1875987148460998
single,601,0,0.505751917135168,0.2976190476190476,0.501115444492593,0.5619047619047619,0.07777777777777778,1.075243191886959,0.1857166074100444
single,602,0,0.5096386997631568,0.32338308457711445,0.44456956956956956,0.5650793650793651,0.10476190476190476,1.0169928089819573,0.18481584945837426
single,603,0,0.4836070190236306,0.2923076923076923,0.3485204006943137,0.5917065390749601,0.09728867623604466,1.0335313903193815,0.18946316681681785
single,604,0,0.4493590233439273,0.2573839662447257,0.45836385836385835,0.6222222222222222,0.10952380952380952,1.0782349707486696,0.1939042458108289
single,605,0,0.4782333412612781,0.3114754098360656,0.3402071961854571,0.6317460317460317,0.1253968253968254,1.14816931663268,0.2125080401313253
single,606,0,0.44324098539013784,0.24242424242424243,0.3453856428416115,0.6428571428571429,0.09682539682539681,1.0535207745655957,0.19460474884086046
single,607,0,0.5137953187141683,0.3142857142857143,0.3841565611751947,0.5464743589743589,0.0673076923076923,1.0367473095098017,0.18608457798570568
single,608,0,0.4895444556339193,0.2876712328767123,0.42943121693121694,0.6031746031746031,0.10793650793650793,1.184123478370947,0.20761590573933061
single,609,0,0.49561248772104466,0.313953488372093,0.491046511627907,0.5598086124401913,0.06539074960127593,1.0464314354034292,0.1831401285183081
single,610,0,0.46406340760146075,0.25,0.30520830908427804,0.6111111111111112,0.08412698412698412,1.0821443152712193,0.19795275067292495
single,611,0,0.5229698480029965,0.345679012345679,0.5415343915343915,0.546031746031746,0.08730158730158731,1.0021764402260906,0.1773338522007928
single,612,0,0.46031360926763365,0.28160919540229884,0.2819300667126754,0.645933014354067,0.12280701754385966,1.1180615513048688,0.20836365378166474
single,613,0,0.4867268593894781,0.26344086021505375,0.3676739926739927,0.594896331738437,0.10526315789473684,0.9988326004893526,0.19016603034435955
single,614,0,0.46042925132779394,0.24615384615384617,0.2749844065309118,0.6282051282051282,0.09455128205128205,1.0585457844301518,0.197825821383558
single,615,0,0.48931415133955863,0.2298850574712644,0.3001443001443001,0.5980861244019139,0.11004784688995216,1.0355919017950994,0.19354199216904475
single,616,0,0.4366086495607895,0.21333333333333337,0.36218352617711075,0.6555555555555556,0.10634920634920636,1.1532195523438824,0.2096589464814235
single,617,0,0.4774133488654188,0.25603864734299514,0.36444365684131763,0.6015873015873016,0.10000000000000002,1.1684076654150093,0.2064397564211041
single,618,0,0.4899106568688116,0.25870646766169153,0.3282199431845539,0.5990338164251208,0.09339774557165863,1.0260745647578409,0.18977357888594473
single,619,0,0.5183453809698796,0.2982456140350877,0.3917748917748918,0.5689102564102564,0.11698717948717947,1.090727253685289,0.19514898743291975
single,620,0,0.43230000505377264,0.25842696629213485,0.4123867009063928,0.665079365079365,0.09523809523809523,1.1274754924439827,0.20098581231678458
single,621,0,0.5260118030790569,0.350210970464135,0.5350370778942208,0.5174603174603174,0.0746031746031746,0.9539590074109338,0.1680206375955691
single,622,0,0.5319379831993168,0.3220338983050848,0.35189237870088935,0.5040257648953301,0.07246376811594203,0.9514242152775307,0.17081538889532974
single,623,0,0.4991788867990807,0.338235294117647,0.4013206162876009,0.6076555023923446,0.10685805422647528,1.096503644001358,0.20070534434462176
single,624,0,0.483871707559775,0.27536231884057966,0.4004787843042015,0.5964912280701755,0.09888357256778309,1.061694321365664,0.1931742873087232
single,625,0,0.5393926265499581,0.38164251207729477,0.4588492382542726,0.5412698412698412,0.09047619047619047,1.0848136087145173,0.19093306231274534
single,626,0,0.4859564828642117,0.3006535947712418,0.2523291925465838,0.6140350877192983,0.11004784688995217,1.0432293585964831,0.20083327886056782
single,627,0,0.48627845216763793,0.2876712328767123,0.4393162393162393,0.5730158730158731,0.09523809523809523,1.0423141992010827,0.18519832259412006
single,628,0,0.42521993133425307,0.24719101123595508,0.43872499568702095,0.6666666666666666,0.10317460317460318,1.079444264720807,0.19409352640908017
single,629,0,0.5218529811141607,0.35323383084577115,0.44365079365079363,0.5396825396825397,0.09047619047619047,0.9901292924291649,0.18101604226514897
single,630,0,0.5209352668290884,0.3005464480874317,0.3625541125541126,0.553968253968254,0.09682539682539681,1.0195093474934804,0.18676298072764716
single,631,0,0.5173300648919059,0.35585585585585583,0.4895504039339656,0.5629984051036683,0.09888357256778309,1.0568445276030387,0.18765697793333272
single,632,0,0.4561982283551205,0.3181818181818182,0.46712292002147077,0.6190476190476191,0.08730158730158731,1.1343018721997606,0.19800785121819162
single,633,0,0.5213882860393891,0.34761904761904755,0.4601193852470086,0.5698412698412699,0.10634920634920635,1.0838247632987468,0.1921178860227198
single,634,0,0.513213163263811,0.22777777777777777,0.3301579225086688,0.5384615384615384,0.08493589743589743,0.9802808199799573,0.18011307433081605
single,635,0,0.47209386180031343,0.35185185185185186,0.5177944862155388,0.6238095238095238,0.09523809523809523,1.1726281375495757,0.20766819097626088
single,636,0,0.4603863638999887,0.2552083333333333,0.30161847894406035,0.6428571428571429,0.1111111111111111,1.1327778962270836,0.20819030572260275
single,637,0,0.5041476324376121,0.33816425120772947,0.414182574438226,0.592948717948718,0.10576923076923077,1.0930773527282516,0.19677731456318578
single,638,0,0.4913243571984098,0.28703703703703703,0.4062788828611614,0.5853269537480065,0.0909090909090909,1.0732459266757852,0.19423152547651798
single,639,0,0.538188594571784,0.3055555555555556,0.29945680067165664,0.5323624595469255,0.10032362459546924,1.000752637818832,0.1853681551211059
single,640,0,0.4420412098921445,0.24019607843137256,0.34774703853651223,0.6523809523809524,0.12380952380952381,1.1219109572791939,0.2058831745892764
single,641,0,0.4746907236793148,0.2873563218390805,0.2908578065372491,0.6314102564102564,0.11217948717948718,1.0724751901974163,0.20317031179589104
single,642,0,0.452679802631617,0.24193548387096775,0.3070818070818071,0.645933014354067,0.11961722488038279,1.0571368015387737,0.20144930528781338
single,643,0,0.44650425934312726,0.21875,0.2822512167339754,0.6156299840510367,0.0909090909090909,1.06731256130672,0.19732053672158
single,644,0,0.4552045980589757,0.297979797979798,0.3585854304421892,0.6156299840510367,0.10845295055821373,1.127482332972475,0.20523043734996552
single,645,0,0.4984611168064121,0.23809523809523805,0.3070628578156504,0.5342902711323764,0.0909090909090909,0.9905643928489215,0.17930730994628719
single,646,0,0.4788867135400614,0.3,0.42387591023524,0.6012759170653907,0.08133971291866028,1.0903693245902317,0.19569226609284643
single,647,0,0.4928864778411344,0.27848101265822783,0.46580548802771027,0.5650793650793651,0.07777777777777778,1.0423310596111828,0.18669336214743418
single,648,0,0.42795961302819924,0.19806763285024154,0.306077694235589,0.5857142857142857,0.08888888888888889,0.9929905889006602,0.17939265202236587
single,649,0,0.4900320261080802,0.3181818181818182,0.35844004950620095,0.6015873015873016,0.09999999999999999,1.1175091788358025,0.20443219751397645
single,650,0,0.43368389703145466,0.3037037037037037,0.5017487612940834,0.6444444444444445,0.10634920634920635,1.1355412820869102,0.20073691312021955
single,651,0,0.49336033848216126,0.3148148148148148,0.38392468098350446,0.5865384615384616,0.08493589743589743,1.067182456161602,0.1932411611676709
single,652,0,0.46096672349710643,0.2777777777777778,0.3462033462033462,0.6301587301587301,0.11746031746031745,1.149792284660303,0.21058855087269687
single,653,0,0.4944909366031882,0.31216931216931215,0.3820785504060484,0.6215780998389694,0.12238325281803542,1.1039407789653606,0.2036881146919943
single,654,0,0.5055865505202009,0.3466666666666667,0.2715791234526597,0.5925925925925927,0.10628019323671496,1.050386918278175,0.20069804945187306
single,655,0,0.4857356115566982,0.30303030303030304,0.3911127052446995,0.5901116427432217,0.10366826156299841,1.0956879563390614,0.19739257745742003
single,656,0,0.5070573166822107,0.3717948717948718,0.4546470999301188,0.5789473684210527,0.0861244019138756,1.1099387631484572,0.1961173513196041
single,657,0,0.4474829029502499,0.25641025641025644,0.3282568282568283,0.6317460317460317,0.10634920634920635,1.0707421340620085,0.20030574065777892
single,658,0,0.5292325393439615,0.2885572139303482,0.4378891941391942,0.49523809523809526,0.06984126984126984,0.8733464099884118,0.15832125850825396
single,659,0,0.4921747323937562,0.3289473684210526,0.47310673822301724,0.5746031746031746,0.09841269841269841,0.9961299068798602,0.1822903926678651
single,660,0,0.5347670825756031,0.2804232804232804,0.3633124627310674,0.533011272141707,0.08051529790660227,0.9731370999783525,0.1795234256417414
single,661,0,0.4693226974297943,0.2761904761904762,0.3901030999109867,0.6363636363636364,0.12280701754385966,1.1318281049183605,0.20666797478372914
single,662,0,0.4791978835670723,0.2968036529680365,0.39604516930098327,0.6236044657097288,0.1036682615629984,1.1101664834964353,0.20074146408828678
single,663,0,0.5153310672247022,0.35585585585585583,0.537051012051012,0.5333333333333333,0.09365079365079365,1.064640635467645,0.18294533367454657
single,664,0,0.520000163227989,0.2903225806451613,0.4251098715348209,0.5725677830940988,0.11004784688995216,1.0677842701800964,0.19265793604202106
single,665,0,0.5037652457842353,0.297979797979798,0.38402543958099516,0.5789473684210527,0.09728867623604466,1.0731403664248573,0.19430105956162577
single,666,0,0.4950517972873236,0.3145539906103287,0.4695428273043196,0.594896331738437,0.1116427432216906,1.1198208164001882,0.19903122498532996
single,667,0,0.4855265721030905,0.25,0.3271171171171171,0.561904761904762,0.08412698412698412,0.9924234380865314,0.1806916147166855
single,668,0,0.43817776584123663,0.3111111111111111,0.41383894102570223,0.6587301587301587,0.1253968253968254,1.1763045003375845,0.21409663493737519
single,669,0,0.5072664258939263,0.28125,0.3506682206682206,0.5614035087719298,0.08771929824561404,1.0815390336638415,0.19507461327779022
single,670,0,0.4831641132447115,0.24242424242424243,0.3830639948287007,0.6217948717948717,0.1217948717948718,1.114938923315005,0.20485996079155208
single,671,0,0.4370084942678767,0.22424242424242422,0.21462370256113628,0.6602870813397129,0.11802232854864432,1.1605614462865568,0.21763287520579455
single,672,0,0.4771444173206409,0.19135802469135801,0.24488195152560985,0.5897435897435898,0.10897435897435899,1.0563299831458368,0.1976012698581917
single,673,0,0.45834711872578393,0.20512820512820515,0.28367328367328365,0.6267942583732058,0.10685805422647528,1.0574159089497208,0.19800543020694109
single,674,0,0.46089312655740816,0.3080168776371308,0.4376161278335191,0.6474358974358975,0.11538461538461538,1.1599987200439854,0.20908275352111005
single,675,0,0.45960524297523325,0.28169014084507044,0.3593167701863354,0.6333333333333333,0.10793650793650793,1.1065597411851673,0.20293032683226245
single,676,0,0.4476345263270789,0.24285714285714285,0.3145917001338688,0.6523125996810207,0.10685805422647528,1.1918858842353899,0.21445649297706826
single,677,0,0.46546311634723087,0.24444444444444446,0.4127292261861158,0.6108452950558214,0.10207336523125997,1.108064586492657,0.19661669216021235
single,678,0,0.48718075705842273,0.28333333333333327,0.339389534883721,0.5901116427432217,0.11323763955342903,1.0446165682054795,0.19338414713575916
single,679,0,0.47158860765768335,0.24242424242424243,0.3699679943100996,0.5933014354066986,0.07814992025518341,1.119689756960181,0.198084020811058
single,680,0,0.4463278940182645,0.29535864978902954,0.44130944130944133,0.6428571428571429,0.10952380952380952,1.1125967134860317,0.201588908365699
single,681,0,0.5390361239631042,0.2768361581920904,0.3724963924963925,0.5222222222222223,0.08412698412698412,0.9523489186724472,0.17505755993527086
single,682,0,0.5346102882438469,0.327683615819209,0.38426492588059297,0.5491143317230275,0.0998389694041868,1.0306983831991705,0.1891680056855941
single,683,0,0.504437152211577,0.31216931216931215,0.40277777777777773,0.5534290271132377,0.09888357256778309,0.9952668838657726,0.18219217768608406
single,684,0,0.4216710138368804,0.21686746987951808,0.3609879280610988,0.6762360446570973,0.10845295055821373,1.1808191902875809,0.20862382113821476
single,685,0,0.460344780672483,0.22222222222222224,0.3263370547581074,0.6188197767145135,0.08293460925039871,1.0981114549132662,0.19640909426699282
single,686,0,0.4351134545708537,0.25882352941176473,0.4104109690982493,0.6746031746031745,0.10793650793650794,1.169130420982731,0.20872372333555325
single,687,0,0.5056167102924544,0.34136546184738953,0.5787519226543617,0.5837320574162679,0.10207336523125997,1.1768245974127316,0.20139742274631586
single,688,0,0.5028970522344555,0.2794117647058823,0.35405542842613774,0.5608974358974358,0.07692307692307691,0.9728882997527792,0.1769737275713131
single,689,0,0.5461841631700333,0.3333333333333333,0.4270157414083153,0.5190476190476191,0.08095238095238096,0.9923089427389812,0.17702467246878506
single,690,0,0.49834914106321015,0.273972602739726,0.38817597438287094,0.5677830940988836,0.07496012759170655,1.0473060206959053,0.18721441602403557
single,691,0,0.4704648469766006,0.23728813559322035,0.2899874331059996,0.5897435897435898,0.10096153846153845,1.000039834441848,0.18948348117994732
single,692,0,0.46760120463877247,0.2831050228310502,0.35508135838605104,0.620414673046252,0.08931419457735247,1.0853480064976677,0.1980580654854347
single,693,0,0.5404059952840489,0.3850574712643678,0.41185185185185186,0.48888888888888893,0.08412698412698412,0.989709658630935,0.173374831816855
single,694,0,0.4867129762005052,0.3286384976525822,0.46127730294396957,0.5825396825396826,0.10634920634920636,1.1101538433942206,0.1959588522836211
single,695,0,0.5157602932440694,0.3203463203463203,0.43071662206363365,0.5619047619047618,0.07777777777777778,0.9958265559468428,0.17706826967660663
single,696,0,0.49984808629145333,0.25157232704402516,0.2637844611528822,0.5689102564102565,0.09615384615384616,1.0369495541389082,0.19492355025606126
single,697,0,0.421591089361341,0.19999999999999998,0.27877552395713995,0.6618819776714514,0.10845295055821373,1.1127548855443832,0.2050434591506847
single,698,0,0.5077020753075808,0.3101851851851852,0.45245841374873635,0.5365079365079365,0.08095238095238096,0.9935855204332933,0.17478109764523117
single,699,0,0.48531788818825744,0.2674897119341564,0.4340909090909091,0.5821371610845295,0.07336523125996809,1.0463292395530102,0.18728435186700154
single,700,0,0.4935001093376958,0.32941176470588235,0.5365242165242164,0.532695374800638,0.07017543859649122,1.0140668247598383,0.17323454547814546
single,701,0,0.5028030260268346,0.30054644808743175,0.3530672579453067,0.5761904761904763,0.09841269841269841,1.0426285519806964,0.19216313007032923
single,702,0,0.4565742432183304,0.2747747747747748,0.3671814296814297,0.6111111111111112,0.08730158730158731,1.0771065928081736,0.19338943371839004
single,703,0,0.4650306496564742,0.3289473684210526,0.426251413300442,0.638095238095238,0.10952380952380952,1.1469247846194508,0.20820247134421765
single,704,0,0.4852699350261535,0.3409090909090909,0.5426166590667275,0.5841269841269842,0.0857142857142857,1.0815341162816623,0.18804195004698557
single,705,0,0.5357305995272643,0.40437158469945356,0.39654373927958836,0.5469255663430421,0.09061488673139158,1.064327885832989,0.19192843941297835
single,706,0,0.4749846766833452,0.29012345679012347,0.3078499509934955,0.620414673046252,0.12599681020733652,1.1104954699861194,0.20762337803950745
single,707,0,0.4833139593320997,0.3440860215053763,0.3485320443967061,0.6331738437001596,0.12280701754385964,1.0682078245083364,0.2026389627995072
single,708,0,0.4711359100922798,0.325,0.48814668477589823,0.6222222222222222,0.10952380952380952,1.1401956340159225,0.20077519772639332
single,709,0,0.4569746823354444,0.1869918699186992,0.14619748836616306,0.6283891547049442,0.12280701754385964,1.0906719190695078,0.210733701506145
single,710,0,0.4461028276730861,0.20930232558139536,0.370914192190788,0.645933014354067,0.0861244019138756,1.0607994321677845,0.18927949917603637
single,711,0,0.5070228668042485,0.338235294117647,0.408994708994709,0.5764895330112721,0.09178743961352658,1.0121659970399395,0.18736742982984725
single,712,0,0.4828548760820068,0.26368159203980096,0.337109931691975,0.6047619047619047,0.09841269841269841,1.0471478098752156,0.19441334939452662
single,713,0,0.44281296894756855,0.2769953051643192,0.33968253968253964,0.6602870813397129,0.11483253588516747,1.232420177683396,0.2211166258453973
single,714,0,0.47513385834255334,0.27868852459016397,0.2909259259259259,0.5984126984126984,0.09523809523809523,1.0800121932335174,0.19685707469312574
single,715,0,0.5294348007293527,0.3450980392156862,0.5438071434674869,0.5349206349206349,0.06984126984126984,1.050513586084385,0.17938880827607484
single,716,0,0.5083237736999346,0.27011494252873564,0.2962536159719258,0.5416666666666666,0.07852564102564102,1.014127449341176,0.18668963585198814
single,717,0,0.4858493713265593,0.2876712328767123,0.3655433534309503,0.5917065390749601,0.08452950558213716,1.0645276369139542,0.19023841372084327
single,718,0,0.4602619841549042,0.25268817204301075,0.3028822607503183,0.641025641025641,0.11538461538461538,1.1063046378416075,0.20605807388845754
single,719,0,0.4696854768200385,0.2847222222222222,0.2462203582893238,0.6188197767145135,0.12280701754385966,1.1013312282200813,0.20814101915108085
single,720,0,0.45008550918246754,0.3,0.34041847041847034,0.6521739130434782,0.10628019323671499,1.0981553296241497,0.20341994626312607
single,721,0,0.5341090151735407,0.3333333333333333,0.3364502164502164,0.5224358974358975,0.07211538461538462,0.9836877269051536,0.18138710873944877
single,722,0,0.4947617736000583,0.32222222222222224,0.33627250409165305,0.6076555023923446,0.11004784688995216,1.0298149018235565,0.19597244360828062
single,723,0,0.4472969064262822,0.2828282828282828,0.31946452476572956,0.6555555555555556,0.11587301587301586,1.1306478274416418,0.21117419930728418
single,724,0,0.451432248120376,0.28571428571428575,0.3921869649139193,0.6142857142857143,0.09047619047619049,1.1093145232415138,0.19767690213936626
single,725,0,0.4483588623300648,0.28205128205128205,0.32472006890611543,0.6523125996810207,0.11642743221690592,1.2411216574731956,0.22186136104406687
single,726,0,0.457011081024959,0.22943722943722944,0.3639334521687463,0.6185897435897436,0.08653846153846155,1.15642343706531,0.2058383756002455
single,727,0,0.5282674025433453,0.3387096774193548,0.3901482544237207,0.5502392344497608,0.09409888357256779,1.028193140712223,0.1870065547575623
single,728,0,0.45417630624695976,0.2931726907630522,0.44685072610604526,0.6222222222222222,0.09523809523809523,1.104629689628147,0.19661050092969612
single,729,0,0.405198479137093,0.18357487922705315,0.23156282897884964,0.701923076923077,0.11057692307692309,1.1756646535459798,0.21830966906641455
single,730,0,0.517759877449489,0.2905982905982906,0.48383167220376516,0.5352564102564102,0.0641025641025641,1.0331456371651775,0.18090174764348163
single,731,0,0.43183250182262084,0.1735159817351598,0.2613619091047272,0.6473429951690822,0.09017713365539452,1.0903989010199997,0.20064653294141446
single,732,0,0.48021719773196075,0.30303030303030304,0.4047619047619047,0.6363636363636364,0.13237639553429026,1.106493908791023,0.20393807047201376
single,733,0,0.46068299945445507,0.21383647798742142,0.24832180056060657,0.6188197767145135,0.12280701754385964,1.0159318847551544,0.1943821601395274
single,734,0,0.5492847102158255,0.38709677419354843,0.4221072796934866,0.5233494363929146,0.0853462157809984,1.0280501895792973,0.18471620007855563
single,735,0,0.45179960451970747,0.26153846153846155,0.30142009987515606,0.6314102564102564,0.09935897435897435,1.1690392198857316,0.21344008923664579
single,736,0,0.40829344076448915,0.29333333333333333,0.3919803600654665,0.646031746031746,0.1126984126984127,1.1824441931354548,0.21144715697691396
single,737,0,0.5350475131115972,0.29559748427672955,0.3330779054916986,0.5258899676375405,0.09385113268608414,0.9486725915931528,0.17684385311839382
single,738,0,0.5334393830002223,0.32275132275132273,0.40970464135021095,0.5390749601275918,0.0909090909090909,0.9974198378706568,0.18277690136372418
single,739,0,0.43852604215686347,0.21393034825870647,0.30314647226411934,0.6698412698412698,0.12857142857142856,1.143097497526817,0.20968425658923348
single,740,0,0.4846777073138751,0.30864197530864196,0.29015873015873017,0.6251993620414673,0.1164274322169059,1.0817902504173664,0.2076556215927445
single,741,0,0.4801720703952565,0.28019323671497587,0.34380823854508064,0.5984126984126984,0.0888888888888889,1.0681312825094988,0.19449910805299986
single,742,0,0.4139459667269645,0.2727272727272727,0.3639463601532567,0.6888888888888888,0.12063492063492064,1.209340207041128,0.21891762287849112
single,743,0,0.4384693467942041,0.3022222222222222,0.3835658914728682,0.6746031746031745,0.11904761904761905,1.1843185977588024,0.21673987087486069
single,744,0,0.48460280920431115,0.25146198830409355,0.26422466422466423,0.605177993527508,0.09870550161812298,1.0200620942811407,0.19266393920895045
single,745,0,0.4831429647794517,0.23809523809523805,0.2528634522696868,0.5833333333333334,0.09134615384615384,0.9936772732497422,0.18648126567009968
single,746,0,0.45702031300568874,0.22666666666666666,0.3380492293535771,0.6349206349206349,0.09999999999999999,1.1631442504566063,0.20794798877906162
single,747,0,0.514746724368866,0.3229166666666667,0.37805220883534135,0.5598086124401914,0.08771929824561403,1.0611941703948216,0.19399080393241683
single,748,0,0.5110368419828926,0.2598870056497175,0.3147075647075647,0.5502392344497608,0.08771929824561403,1.0236118876262787,0.18691597117367573
single,749,0,0.48632234936367696,0.31300813008130085,0.4844310373722139,0.6108452950558214,0.10366826156299841,1.0469934639135534,0.1890544031955077
single,750,0,0.4502218106376215,0.2456140350877193,0.3822072072072073,0.6587301587301587,0.11746031746031747,1.1477599330474266,0.20674718718232046
single,751,0,0.485525434239144,0.2830188679245283,0.29106603115554525,0.6003236245954692,0.10841423948220065,1.0890923720688077,0.20324632361460263
single,752,0,0.49846501797439746,0.3201754385964912,0.4526264017312611,0.5777777777777777,0.09523809523809523,1.040253928383458,0.1875788188289178
single,753,0,0.46835829606643825,0.25268817204301075,0.31158008658008657,0.6174603174603175,0.1111111111111111,1.0401577951299668,0.19415130408974704
single,754,0,0.4578647192111081,0.22641509433962267,0.23343223051762838,0.6441223832528179,0.12399355877616748,1.1021154375816276,0.20911503899143402
single,755,0,0.49073444163787405,0.2742616033755274,0.4487760321519912,0.5777777777777777,0.0857142857142857,0.9657328294639926,0.17350345606647224
single,756,0,0.4588018541462667,0.2845528455284553,0.47594019247846014,0.6349206349206349,0.10793650793650794,1.1897740644476096,0.20720739256599296
single,757,0,0.4639239319377375,0.2388888888888889,0.28403154510749445,0.6299840510366826,0.11164274322169059,1.1152980983184708,0.20846691648492324
single,758,0,0.4649606617463668,0.28571428571428575,0.2833695628307314,0.6156299840510366,0.1116427432216906,1.0602027643844256,0.19886109802367632
single,759,0,0.47210293116762875,0.25833333333333336,0.4236874236874237,0.5793650793650794,0.07777777777777778,1.0348994545657328,0.1841924936145658
single,760,0,0.4965307921357092,0.3101851851851852,0.37574452398967856,0.5952380952380952,0.08730158730158731,1.0413734443193026,0.190600859285433
single,761,0,0.49582518425076966,0.30845771144278605,0.3992877492877493,0.560897435897436,0.09615384615384615,1.0101198599222239,0.18354250567180178
single,762,0,0.434710713475682,0.22380952380952382,0.29594182282969467,0.6650641025641025,0.11217948717948718,1.1452380800406905,0.20929157463243783
single,763,0,0.5041387231247838,0.28571428571428575,0.2759783368273934,0.5737179487179486,0.08653846153846152,1.017775826019572,0.190064806764499
single,764,0,0.500613979307377,0.2948717948717949,0.27427458836686336,0.5709728867623604,0.09728867623604465,0.9837500625815072,0.18909687489716073
single,765,0,0.5000475764503296,0.32758620689655177,0.3766775027090106,0.5789473684210527,0.11802232854864435,1.0309340909389346,0.1904218938953847
single,766,0,0.445656124529378,0.20346320346320346,0.3238379472402319,0.645933014354067,0.09409888357256779,1.1286172561242167,0.20434230868571016
single,767,0,0.5274452202887531,0.3140096618357488,0.3909551656920078,0.5365079365079365,0.0746031746031746,0.9782974135852863,0.1774982478888436
single,768,0,0.42388203499465554,0.234375,0.2774528914879792,0.6699029126213593,0.11650485436893203,1.2657426778663379,0.22819215388375827
single,769,0,0.4665183204691064,0.26785714285714285,0.2601976533585322,0.6346153846153846,0.11217948717948718,1.1022123524566418,0.20768086013574347
single,770,0,0.4358784951928349,0.29523809523809524,0.3501667708984782,0.6825396825396824,0.13015873015873017,1.2601519898942024,0.226309538253713
single,771,0,0.5150344220494837,0.319047619047619,0.4272070136731791,0.5666666666666667,0.09523809523809523,1.0527438371563456,0.19038658890233465
single,772,0,0.4394564513281671,0.28138528138528135,0.4033594696245299,0.6174603174603175,0.09365079365079365,1.132218295743095,0.2037725620813394
single,773,0,0.47716939092679134,0.2698412698412698,0.4284061269976763,0.6092503987240829,0.08452950558213716,1.0939088013767773,0.19183433757350374
single,774,0,0.44669808231812363,0.18461538461538463,0.28851237683249215,0.6360708534621577,0.1143317230273752,1.072480274951119,0.19851473522640783
single,775,0,0.4666433252705982,0.2619047619047619,0.4128842431281456,0.611111111111111,0.07936507936507937,1.1104138491678237,0.19505153926331475
single,776,0,0.432108257865692,0.25,0.29222999222999224,0.6618589743589743,0.09775641025641026,1.1867626467597432,0.21549911948673825
single,777,0,0.49178966915247835,0.3419913419913419,0.4824566029444078,0.6153846153846154,0.11378205128205128,1.1309352168759925,0.20068973015421343
single,778,0,0.5517273724289086,0.34502923976608185,0.38711694809255787,0.5087719298245613,0.08452950558213716,0.9972302978340366,0.18025488442093732
single,779,0,0.4572992324111142,0.2604166666666667,0.31287942467544594,0.6395534290271132,0.11164274322169059,1.0736212143636454,0.19906335758728502
single,780,0,0.5329236324890161,0.3924050632911393,0.5430400140092811,0.569377990430622,0.10207336523125997,1.0892487897819378,0.193344606451037
single,781,0,0.4413204016852257,0.28378378378378377,0.39357864357864353,0.6761904761904761,0.12380952380952381,1.1713276834169526,0.21575221218331353
single,782,0,0.5085953699282325,0.2760416666666667,0.38796653796653796,0.5753205128205128,0.09935897435897438,1.0490277457550956,0.1928675349155383
single,783,0,0.4372154363885115,0.16969696969696968,0.18174503844090828,0.669871794871795,0.1217948717948718,1.0754658993554647,0.20674088786953856
single,784,0,0.5066377675581392,0.32945736434108525,0.4841437632135306,0.5448717948717948,0.05448717948717949,1.0558444989496867,0.18227491806360752
single,785,0,0.49963713136900445,0.3439153439153439,0.3722551602986386,0.5952380952380952,0.10317460317460318,1.103454337918761,0.20297007194740638
single,786,0,0.47524406209504333,0.25213675213675213,0.3560311498828678,0.5952380952380952,0.07301587301587302,1.0738616845140092,0.1925030221763262
single,787,0,0.4892134617117878,0.30476190476190473,0.4037154864302266,0.606060606060606,0.10685805422647528,1.106214257569213,0.20107179438589431
single,788,0,0.49871600296856533,0.30434782608695654,0.3908955395023506,0.5857142857142857,0.09523809523809525,1.0753437414243485,0.19220335516337458
single,789,0,0.43395479618434774,0.16666666666666666,0.25059228829768737,0.6283891547049442,0.11164274322169059,1.0576877432285567,0.19589739226638422
single,790,0,0.49271573646087136,0.2905982905982906,0.44028746565208204,0.5917065390749601,0.08931419457735247,1.136418139348635,0.19876574663976032
single,791,0,0.5021500975740953,0.28444444444444444,0.43118212197159567,0.5730158730158731,0.08888888888888889,1.0261531989829549,0.18435742668011101
single,792,0,0.5363197470412693,0.36904761904761907,0.5521746915959157,0.5390749601275918,0.08133971291866028,0.9964175659957419,0.17437072257086214
single,793,0,0.48856231232595143,0.2705314009661836,0.38578088578088576,0.583732057416268,0.09728867623604465,1.0509857583879436,0.1925654578209284
single,794,0,0.5029582422133921,0.26143790849673204,0.2600797208991523,0.5741626794258373,0.10366826156299841,1.0144820289771,0.19139158677950374
single,795,0,0.5489307274998753,0.38974358974358975,0.45315507620866574,0.534621578099839,0.09017713365539452,1.0291618480069022,0.18595899674159458
single,796,0,0.45223503173287183,0.27230046948356806,0.34998357963875204,0.6507177033492823,0.10526315789473684,1.15563935794313,0.21206528727842558
single,797,0,0.4518602772712328,0.23391812865497075,0.249973418394471,0.6475279106858055,0.11961722488038277,1.1107730353873055,0.21026281077333864
single,798,0,0.46357799019196033,0.2272727272727273,0.32141706924315616,0.6073717948717948,0.10096153846153845,1.063789559276801,0.19327491820579135
single,799,0,0.44721337650442433,0.2597402597402597,0.384004884004884,0.6602870813397129,0.11004784688995216,1.1799072920538396,0.2118888019675679
single,800,0,0.49252579757411047,0.3218390804597701,0.30483765833377374,0.5925925925925926,0.09500805152979068,1.1001629261871466,0.2030576245391348
single,801,0,0.4628337694749023,0.20547945205479454,0.31151716500553706,0.620414673046252,0.0909090909090909,1.0347523121289084,0.19012655209746762
single,802,0,0.5117589599619944,0.3010752688172043,0.4042431039547118,0.5881410256410257,0.11698717948717947,1.1079891843813015,0.2005847905974025
single,803,0,0.4581754762608931,0.20114942528735633,0.2871151026392962,0.6108452950558214,0.11961722488038277,0.9828477272684775,0.18451144868804079
single,804,0,0.5215384675699501,0.3128205128205128,0.39535961114908486,0.5657051282051282,0.09615384615384615,0.9762188831293525,0.1789217527962509
single,805,0,0.3773087136804693,0.2210144927536232,0.40819343258367646,0.7444444444444445,0.1253968253968254,1.2596859076926006,0.22388967563653195
single,806,0,0.5019408498719357,0.32456140350877194,0.4422341849668176,0.5821371610845295,0.08771929824561403,1.0851447347420384,0.1936560989055207
single,807,0,0.5431156844918134,0.3615023474178403,0.4691723435909482,0.5384615384615384,0.08974358974358974,1.0275083088771038,0.18139958446182491
single,808,0,0.5052559710707455,0.25870646766169153,0.37439059463933727,0.5689102564102564,0.09455128205128205,0.962564114821117,0.17683706807799907
single,809,0,0.47467349113376317,0.2727272727272727,0.40055026090781104,0.6060606060606061,0.09250398724082935,1.0211681395838303,0.18548464126880557
single,810,0,0.504789909428197,0.2785388127853881,0.417361037241901,0.5523809523809524,0.0761904761904762,1.0666317692115093,0.18798405982843536
single,811,0,0.47142822264517203,0.22222222222222224,0.3825882941323566,0.6172248803827751,0.09409888357256779,1.0689779234403713,0.1947108816034501
single,812,0,0.5055296219021832,0.3060109289617487,0.3664304738931605,0.5598086124401914,0.09888357256778309,0.9934403627753589,0.18427913122826342
single,813,0,0.44963189846720075,0.29113924050632906,0.4341913106973348,0.6666666666666666,0.12063492063492064,1.2096966883615328,0.21864840876357217
single,814,0,0.4624487280421365,0.25136612021857924,0.27036193554706633,0.6331738437001596,0.10685805422647528,1.1074528495082363,0.2066513068244852
single,815,0,0.46607127672630805,0.2486772486772487,0.30158730158730157,0.6298076923076924,0.11217948717948718,1.0726018489788178,0.20080001648699772
single,816,0,0.517748551537032,0.3655913978494623,0.4172097629544438,0.5693779904306221,0.11004784688995216,1.0064201557298817,0.18821884016800258
single,817,0,0.44973588369673695,0.29107981220657275,0.4265458640458641,0.5888888888888889,0.10476190476190476,1.0701386241578652,0.190691836821809
single,818,0,0.5075169635539348,0.2873563218390805,0.46281455671699573,0.546031746031746,0.05555555555555555,1.0432794279031674,0.17841229875877743
single,819,0,0.45347830919770754,0.26666666666666666,0.40165178142706237,0.6206349206349207,0.08412698412698412,1.131471073793189,0.2023407763118599
single,820,0,0.45377256038596,0.22745098039215686,0.4236453201970443,0.638095238095238,0.09682539682539683,1.133301061060951,0.19925053762258815
single,821,0,0.5487975287955008,0.3285024154589372,0.4790598290598291,0.519047619047619,0.07777777777777778,0.9843643188444814,0.17712433257599733
single,822,0,0.45908222518198233,0.2857142857142857,0.4272901285206454,0.6108452950558214,0.08452950558213716,1.1038256185355744,0.19413263688244695
single,823,0,0.5162458628539389,0.3128205128205128,0.43095684803001877,0.5603174603174603,0.10634920634920635,1.0509692238678106,0.19258067180066749
single,824,0,0.43148261609778094,0.2235294117647059,0.3740551776266062,0.6619047619047619,0.09682539682539681,1.1389094414289214,0.2021499695997743
single,825,0,0.5273424226732372,0.2857142857142857,0.3844774839727976,0.5240384615384616,0.07852564102564102,0.9818252718892863,0.17726912478908094
single,826,0,0.5082644044423644,0.3163841807909604,0.371905035734823,0.5821371610845295,0.1164274322169059,1.1065449926040285,0.2007117873305393
single,827,0,0.5002166942332127,0.23671497584541065,0.3626820334137408,0.5714285714285714,0.08253968253968254,1.0157334161327676,0.18575779716354587
single,828,0,0.453670184365837,0.2567049808429119,0.41102564102564104,0.6,0.06666666666666667,1.0689128935304282,0.18659735279679643
single,829,0,0.5029773742046884,0.2777777777777778,0.48298017512603764,0.5603174603174603,0.0761904761904762,1.0224639393677115,0.17917223993848216
single,830,0,0.3956393342488806,0.24096385542168675,0.3453224230581338,0.7111111111111111,0.10793650793650793,1.1606542350625408,0.2126777652991286
single,831,0,0.5332723983227811,0.3427230046948357,0.42468944099378875,0.5406698564593301,0.07814992025518341,0.986728948117988,0.18026178911384663
single,832,0,0.48623862971689263,0.27777777777777773,0.48106675321865194,0.5869218500797447,0.07017543859649122,1.0883420794571064,0.18706913043152443
single,833,0,0.417309508049117,0.21025641025641026,0.27691243509929914,0.701923076923077,0.1378205128205128,1.1667396113814714,0.2185929740865998
single,834,0,0.4955112077842851,0.2927927927927928,0.4311011904761905,0.5948963317384369,0.1036682615629984,1.058767838944015,0.19261405501167342
single,835,0,0.5004909801100886,0.2714285714285714,0.4096606458675424,0.5773524720893142,0.09250398724082935,1.0672309417385177,0.1903343148270998
single,836,0,0.49228918904300195,0.2909090909090909,0.319047619047619,0.6025641025641025,0.11698717948717947,1.0866309787413486,0.202298524036127
single,837,0,0.3983633600168357,0.23809523809523805,0.31486487415997744,0.6952380952380951,0.10317460317460318,1.1744542565063492,0.2169002153835479
single,838,0,0.4417595110843655,0.22077922077922074,0.38770913770913773,0.657097288676236,0.11483253588516747,1.1453146157246237,0.20593544880884815
single,839,0,0.5000712287875041,0.26553672316384186,0.34909909909909914,0.5454545454545454,0.09728867623604465,0.931780514202431,0.17446015696297124
single,840,0,0.43969924941148836,0.23287671232876708,0.30489907629148133,0.6619047619047619,0.10634920634920635,1.172989923067589,0.21267475758696172
single,841,0,0.4470235771422734,0.23943661971830985,0.2819287856152532,0.6428571428571429,0.09047619047619049,1.0949165927234217,0.20187602027680426
single,842,0,0.47293172662476235,0.23684210526315788,0.38854489164086686,0.6158730158730159,0.09841269841269841,1.0749464620169977,0.194368172097071
single,843,0,0.5064886531968328,0.27941176470588236,0.4169886430160403,0.5801282051282052,0.10096153846153848,1.0540815365871932,0.18935123466425466
single,844,0,0.47569334312438066,0.32275132275132273,0.3516464556837227,0.6411483253588517,0.12440191387559808,1.1350758949679582,0.20970830904445914
single,845,0,0.4922787818433763,0.3333333333333333,0.3964793281653747,0.6028708133971291,0.12759170653907495,1.0548929705993524,0.1974111216806772
single,846,0,0.5467759495151875,0.35964912280701755,0.5419168230143839,0.5422647527910686,0.09250398724082935,1.0742271791659705,0.18606708712593842
single,847,0,0.47561747327780574,0.24019607843137258,0.3267719103688966,0.6132686084142395,0.09870550161812298,1.0870028181642446,0.19882345864011527
single,848,0,0.44907251400289,0.2338308457711443,0.28685948290191454,0.6236044657097289,0.08452950558213716,1.1056813242576424,0.20333786005091428
single,849,0,0.4819665798470662,0.2962962962962963,0.26512105500383565,0.5996810207336524,0.09728867623604465,1.0863237341064875,0.2049538169304216
single,850,0,0.46119238583243477,0.35353535353535354,0.41793819495597884,0.6571428571428571,0.14285714285714285,1.2303387886132844,0.22166325227789976
single,851,0,0.5094734862909132,0.2994350282485876,0.3309937844821566,0.5757575757575757,0.10207336523125997,1.0751680792809453,0.19791245779614441
single,852,0,0.4952109930603315,0.2727272727272727,0.3732211407964636,0.5761904761904763,0.09523809523809523,1.1007963885843877,0.1981957731896562
single,853,0,0.4922715485312555,0.25641025641025644,0.37721776191892165,0.5677830940988836,0.10207336523125997,0.9790996501499437,0.179184621588265
single,854,0,0.4667369935589368,0.2222222222222222,0.304426250078424,0.6507177033492823,0.1499202551834131,1.0549249961270941,0.20266651364022228
single,855,0,0.46832661094117595,0.3333333333333333,0.3055555555555556,0.6442307692307692,0.11858974358974357,1.1710944532812302,0.21919693431068862
single,856,0,0.5518623577311558,0.37254901960784315,0.497243534246848,0.5103668261562998,0.0861244019138756,1.0093809514061765,0.17919293129570765
single,857,0,0.5174799332911079,0.3333333333333333,0.5637788137788138,0.5380952380952381,0.07619047619047618,1.0570327514668076,0.1803684274680308
single,858,0,0.5397688188287174,0.3789954337899543,0.5059777102330293,0.5135566188197767,0.08452950558213716,0.9613858769827409,0.16887697997464937
single,859,0,0.4986628773795787,0.2222222222222222,0.2717166245335259,0.5657051282051283,0.08653846153846155,1.0626130934883633,0.19835739585638615
single,860,0,0.4793088942736143,0.31196581196581197,0.44046969578884476,0.5980861244019139,0.08931419457735247,1.1034639822919654,0.19426523830341566
single,861,0,0.48416326713762237,0.2792792792792793,0.4567099567099567,0.6031746031746031,0.10634920634920635,1.009651040114455,0.1859980339260221
single,862,0,0.4762050275624177,0.2777777777777778,0.2920441383304377,0.6121794871794871,0.09935897435897435,1.0599746106165904,0.2004295062259074
single,863,0,0.44567245891763574,0.19718309859154928,0.2824439146647106,0.6347687400318979,0.09569377990430622,1.142297703885309,0.20666025628791415
single,864,0,0.427460370245069,0.23129251700680267,0.45577105151573233,0.6698412698412698,0.09047619047619047,1.1058060508931218,0.1927277094316637
single,865,0,0.4455580485830162,0.2271062271062271,0.38757763975155274,0.6380952380952382,0.0746031746031746,1.0512462330628738,0.18688873926669577
single,866,0,0.5615019780681749,0.3879781420765027,0.44937794937794945,0.5247208931419457,0.09728867623604466,1.0174743989167065,0.18586541136622117
single,867,0,0.4928743040786802,0.32142857142857145,0.5229497790473401,0.5968253968253968,0.09365079365079365,1.0962271598546423,0.1918808828145875
single,868,0,0.5340375939316324,0.3333333333333333,0.31033816425120775,0.5272435897435898,0.08653846153846152,0.9203285210217261,0.17430715466384392
single,869,0,0.43084988643752914,0.3004115226337448,0.408100613982967,0.6238095238095238,0.08095238095238094,1.1229214704564212,0.20069352833602697
single,870,0,0.48040984978214984,0.3010752688172043,0.2958597883597884,0.5996810207336524,0.09250398724082935,1.0393276178994417,0.1927618170191215
single,871,0,0.47615890711042214,0.2904761904761905,0.3930845332549711,0.611111111111111,0.10476190476190476,1.1196505528587835,0.20347187291757504
single,872,0,0.45906937767720385,0.32170542635658916,0.5078497336697505,0.5968253968253968,0.08888888888888889,1.1025005189591643,0.19329309500754852
single,873,0,0.44951788696820155,0.29353233830845776,0.3480873486345442,0.6634920634920635,0.12857142857142856,1.2339040590556098,0.22178714485613635
single,874,0,0.4233288751245596,0.2413793103448276,0.47337109837109836,0.684126984126984,0.12222222222222223,1.2106797511161687,0.21506959601865658
single,875,0,0.4523280000357944,0.2698412698412698,0.30099873559789175,0.6474358974358975,0.11217948717948718,1.1621361566896233,0.21497575186925952
single,876,0,0.46915036468585347,0.21904761904761905,0.3146460585484976,0.5996810207336524,0.08293460925039872,1.0812963410676792,0.19804620158006891
single,877,0,0.46595662012667477,0.25980392156862747,0.32753707285622174,0.5996810207336524,0.08931419457735247,1.0602528709376056,0.19455445688145526
single,878,0,0.46882646662575306,0.2843137254901961,0.3651317303002697,0.6158730158730159,0.10317460317460318,1.103193514041443,0.20089514349172058
single,879,0,0.46432186795899577,0.27777777777777773,0.3460765593744317,0.6507936507936508,0.12380952380952381,1.073908135673827,0.20286290216523048
single,880,0,0.4970981835629582,0.2722222222222222,0.34450442345179183,0.5913461538461539,0.11057692307692307,1.0503770573035933,0.19486426840484072
single,881,0,0.47565882338328097,0.25,0.30706494165398274,0.6153846153846154,0.10416666666666667,1.1411013203238032,0.20695766300515003
single,882,0,0.5306992472256806,0.2727272727272727,0.33970588235294114,0.5323624595469255,0.09385113268608414,1.0062444799563834,0.1830765190865591
single,883,0,0.5506646156751672,0.36000000000000004,0.3385594273941461,0.5129449838187703,0.09223300970873786,0.9855077455204352,0.18178427468315925
single,884,0,0.4744012874636039,0.35185185185185186,0.40608445132438936,0.5869218500797447,0.09250398724082935,1.0716859376049301,0.1946728390616755
single,885,0,0.48610678824070463,0.2933333333333334,0.4100555185431934,0.6063492063492063,0.09682539682539681,1.1295808565940282,0.2021749288871414
single,886,0,0.4894279232254542,0.3466666666666667,0.48871366728509585,0.5933014354066986,0.11164274322169059,1.0818313564610056,0.1940473993920054
single,887,0,0.48676163138475786,0.2510822510822511,0.41970203285992763,0.5933014354066986,0.08771929824561403,1.063185712099069,0.19033053687175427
single,888,0,0.50132521414572,0.3434343434343434,0.425105969008408,0.5714285714285715,0.10634920634920635,1.0485317084057038,0.18840146058803456
single,889,0,0.47548290825768474,0.22510822510822512,0.3698717948717949,0.5873015873015873,0.07301587301587302,1.041634286253416,0.18578925226458753
single,890,0,0.5252399538738902,0.291005291005291,0.40255791505791505,0.5406698564593301,0.0861244019138756,1.000942615797277,0.1829696173556824
single,891,0,0.5250086502556395,0.36231884057971014,0.4835985897478674,0.5587301587301587,0.09999999999999999,1.059108578648199,0.19031658888152223
single,892,0,0.5243214527804786,0.3873873873873874,0.5233449741876709,0.5550239234449761,0.09888357256778309,1.0399248357298931,0.1859242528452797
single,893,0,0.41927031798320785,0.2751937984496124,0.43098669623059865,0.684126984126984,0.11111111111111112,1.2379892400163803,0.22022172799527806
single,894,0,0.4409925781650604,0.23474178403755866,0.28726708074534163,0.6363636363636364,0.08931419457735246,1.1600825519729392,0.21015954234058712
single,895,0,0.48657135031856513,0.2869198312236287,0.4595238095238095,0.5793650793650794,0.08888888888888889,1.0220350666808993,0.1819025595388645
single,896,0,0.45276965728114255,0.27179487179487183,0.3482834325306908,0.6044657097288676,0.1084529505582137,1.0379425057650717,0.19424428541077743
single,897,0,0.4706041859868812,0.28455284552845533,0.4260981912144703,0.607936507936508,0.08412698412698412,1.0941487429476207,0.19514487326687147
single,898,0,0.4885826146827143,0.273972602739726,0.3737554112554113,0.5977564102564102,0.08974358974358976,1.0611105008969661,0.19095370844136414
single,899,0,0.498797211315759,0.3333333333333333,0.353968253968254,0.5817307692307692,0.08493589743589743,1.1070139307123041,0.20032124442254262
single,900,0,0.4813387549513455,0.32882882882882886,0.4333749121999661,0.6158730158730159,0.1126984126984127,1.076088619510849,0.19456058695244507
single,901,0,0.5069186382098958,0.3333333333333333,0.44292578992701387,0.6142857142857143,0.13015873015873017,1.0630992168429076,0.20052084734270972
single,902,0,0.5308100280915683,0.3881856540084388,0.48470868753887625,0.5374800637958533,0.07017543859649122,1.0134211607966714,0.17759447238248158
single,903,0,0.45744094981656763,0.1898148148148148,0.2853552685398945,0.619047619047619,0.08888888888888889,1.0315344653961158,0.18994770793171598
single,904,0,0.4472814256432429,0.29411764705882354,0.3370132953466287,0.6428571428571429,0.11111111111111112,1.180676752500093,0.21371986922445727
single,905,0,0.5390360450167919,0.319634703196347,0.431984681984682,0.521531100478469,0.06539074960127592,0.9785221678629088,0.17634243289710083
single,906,0,0.4256695097125954,0.19248826291079812,0.2606513641397363,0.671451355661882,0.09888357256778309,1.1289888105157095,0.20872774073125033
single,907,0,0.48865455946313757,0.303921568627451,0.3856326422115896,0.6190476190476191,0.1126984126984127,1.0957764122205902,0.20233988075641277
single,908,0,0.46234264634397193,0.1875,0.2843708505818949,0.5948963317384369,0.10207336523125997,1.035554407385045,0.18986155530111984
single,909,0,0.4635700506653284,0.27777777777777773,0.5287807654004837,0.6571428571428571,0.1396825396825397,1.0689732161590824,0.1951701953873937
single,910,0,0.4384311450787309,0.18452380952380953,0.24332171893147506,0.657051282051282,0.1266025641025641,1.0429293177760952,0.2022108850562391
single,911,0,0.4607367245969718,0.31343283582089554,0.32187119421161975,0.6315789473684211,0.09888357256778309,1.1742358765872127,0.2116767617970758
single,912,0,0.5523728831825688,0.3157894736842105,0.41648035230352304,0.5047619047619047,0.09523809523809523,0.9647279145829816,0.17427717391870665
single,913,0,0.5058725136979022,0.3076923076923077,0.3751929969671905,0.5598086124401913,0.08293460925039874,1.0999542606027919,0.19422575006068452
single,914,0,0.49904683227690844,0.2916666666666667,0.3946719335336226,0.5693779904306221,0.08293460925039874,1.0385645075280951,0.18520652477031532
single,915,0,0.46775482341702945,0.2876712328767123,0.34654167625182114,0.626984126984127,0.09365079365079365,1.1584659075061994,0.20635993778199904
single,916,0,0.5006704771836881,0.3603603603603604,0.49763733918663494,0.6025641025641026,0.1201923076923077,1.128036599229769,0.20155342217794536
single,917,0,0.5242976691112778,0.30256410256410254,0.39904247798984643,0.5470494417862839,0.0861244019138756,1.001193078402889,0.18359944819895554
single,918,0,0.5032922557392027,0.2655367231638418,0.3526936026936027,0.5619047619047619,0.10317460317460318,0.9885938873327952,0.1843679248028638
single,919,0,0.4848239394543558,0.27672955974842767,0.2845331388945454,0.608695652173913,0.11272141706924316,1.0568759467994908,0.20112463705628414
single,920,0,0.5276894693987982,0.28431372549019607,0.42923976608187137,0.5135566188197768,0.07974481658692185,0.9192119757246306,0.16281974120510723
single,921,0,0.49138067446803185,0.30120481927710846,0.4453804461121534,0.5885167464114832,0.08133971291866028,1.033999212598829,0.18316160436525042
single,922,0,0.4669996626552621,0.2450980392156863,0.3406011053069877,0.6251993620414673,0.11004784688995216,1.1193730249976725,0.20341767659388932
single,923,0,0.4524288489920538,0.23148148148148148,0.36708603601642653,0.6206349206349207,0.10793650793650794,1.0381171437360275,0.1917988530155843
single,924,0,0.49761265183704034,0.31140350877192985,0.47252646951442134,0.5936507936507937,0.1015873015873016,1.0390022444444325,0.18619785946559733
single,925,0,0.4809532698084662,0.22043010752688175,0.3148809523809524,0.608974358974359,0.11057692307692309,1.0212096735964264,0.19038266398029324
single,926,0,0.5212367587246062,0.32338308457711445,0.4280023730824645,0.5587761674718197,0.09500805152979065,1.0351451727728689,0.18743228286602007
single,927,0,0.47125108903619656,0.23611111111111108,0.32320299393470125,0.6025641025641025,0.08493589743589743,1.0853349248051896,0.19342817192184536
single,928,0,0.44084826749913336,0.2727272727272727,0.2991075071399429,0.6857142857142856,0.15555555555555556,1.1529833561277956,0.22275615838766324
single,929,0,0.47117322368773956,0.22222222222222224,0.3061928962794423,0.5996810207336524,0.09569377990430622,1.109080269463455,0.20110151327659853
single,930,0,0.5087344050191406,0.3151515151515151,0.3043610978393587,0.5725677830940988,0.09250398724082935,1.0117727808293937,0.1916444660654996
single,931,0,0.4684438116431728,0.2560386473429952,0.3634619941465414,0.6296296296296297,0.11272141706924316,1.1545755124213153,0.20781268611777826
single,932,0,0.537464611527812,0.3671497584541063,0.5019972579581066,0.5625,0.11378205128205128,1.009974598674931,0.18602366670231163
single,933,0,0.5387075127539326,0.3235294117647059,0.4247070201388099,0.5247208931419458,0.07814992025518341,0.972389689256094,0.17660074970297832
single,934,0,0.48049552170225845,0.29674796747967486,0.4118404118404118,0.6025641025641025,0.07852564102564102,1.1043316697477357,0.19512959742969685
single,935,0,0.4257727652253432,0.18461538461538463,0.23023504273504272,0.6602870813397129,0.11164274322169059,1.0593758723773765,0.19925675568441462
single,936,0,0.4029781500522793,0.17156862745098037,0.31025641025641026,0.6921850079744817,0.13875598086124405,1.1770074608996532,0.21669541081197696
single,937,0,0.45269460997060545,0.2839506172839506,0.49973418394471025,0.6047619047619048,0.10476190476190476,1.047683782992032,0.1865194803482126
single,938,0,0.47165292774112366,0.25396825396825395,0.31481869943062635,0.6065040650406504,0.09918699186991871,1.1006596378606155,0.20301414872131726
single,939,0,0.49493917961055606,0.2573099415204678,0.3033849684452094,0.5805422647527911,0.10207336523125997,0.9689094003334158,0.18128190307696398
single,940,0,0.5055119444090482,0.2888888888888889,0.390305649891942,0.5608974358974359,0.07211538461538461,1.0292956491236647,0.1827283538154205
single,941,0,0.5018903158804643,0.2612612612612613,0.368168757955992,0.5693779904306221,0.07177033492822965,1.032853142477388,0.18479540035964362
single,942,0,0.4367788950692721,0.2688172043010753,0.46239837398373984,0.6507177033492823,0.0861244019138756,1.2156633954781777,0.20766799311297998
single,943,0,0.47800215110901106,0.24404761904761907,0.2797747747747748,0.5996810207336524,0.11004784688995216,1.054116013400354,0.19540787251244096
single,944,0,0.4697127469836828,0.30158730158730157,0.44383116883116885,0.6285714285714286,0.09841269841269841,1.1228183560747051,0.19773696846992875
single,945,0,0.44734742592178467,0.2413793103448276,0.2817496229260935,0.668261562998405,0.12759170653907495,1.1300615760842898,0.2166808386092658
single,946,0,0.5124472020650015,0.24875621890547261,0.3599823201414389,0.5426731078904993,0.07729468599033817,0.9643799014986193,0.1754240374125409
single,947,0,0.46205559978607313,0.2641509433962264,0.26666666666666666,0.6427432216905902,0.12599681020733652,1.072926914016856,0.20556333441707572
single,948,0,0.38835259918880577,0.19791666666666666,0.24502630945244572,0.7496012759170654,0.1499202551834131,1.2535943578003164,0.23500751128562772
single,949,0,0.5055748507975865,0.32666666666666666,0.28593485051316375,0.592948717948718,0.11217948717948718,1.0248726013519198,0.1934257999226282
single,950,0,0.4743618228648303,0.28806584362139914,0.4102187670303516,0.6076555023923444,0.08133971291866028,1.0928159567983264,0.19547548021563588
single,951,0,0.5044372574192905,0.29577464788732394,0.392770673486786,0.543859649122807,0.07177033492822966,0.984253311435822,0.17964504466725284
single,952,0,0.42594351479197656,0.27848101265822783,0.35916332105079835,0.6714285714285714,0.10317460317460318,1.1635914653130242,0.21111839686545175
single,953,0,0.4903943238474642,0.2988505747126437,0.330724712053826,0.6057692307692307,0.11538461538461538,1.0458491037133315,0.1982933048683635
single,954,0,0.4235744232774741,0.17261904761904764,0.20341394025604553,0.6746411483253588,0.12918660287081338,1.1280073756262738,0.21470861682521059
single,955,0,0.4194410706123129,0.22839506172839505,0.24212264076067114,0.7081339712918661,0.15470494417862837,1.2204158444797983,0.23158974427685108
single,956,0,0.4732568476755143,0.3051643192488263,0.4076042820228867,0.6142857142857143,0.11428571428571428,1.0801159803959328,0.1954233267751163
single,957,0,0.5025048042195298,0.3672316384180791,0.345920548497681,0.6009615384615384,0.11057692307692307,1.1067425324896292,0.20791975493678616
single,958,0,0.48147248240295965,0.3625,0.4491483964029393,0.6236044657097289,0.10207336523125998,1.1183572140405431,0.2006626474424528
single,959,0,0.45135953758584985,0.2611111111111111,0.29583333333333334,0.6539074960127591,0.11961722488038279,1.1186484600692648,0.21092122489348408
single,960,0,0.5217815170791735,0.2288557213930348,0.37807486631016046,0.5422647527910686,0.08293460925039874,0.9974341528984811,0.18190077520024284
single,961,0,0.4800326438686923,0.273224043715847,0.33528265107212474,0.6108452950558214,0.11004784688995216,1.2028276401758815,0.2162982623707743
single,962,0,0.5061603232063874,0.3225806451612903,0.39210526315789473,0.5977564102564102,0.1185897435897436,1.0783562880359157,0.19896110837361256
single,963,0,0.41922722218944625,0.2625,0.3833666333666334,0.6682539682539682,0.1015873015873016,1.1608680071558957,0.2108979071501349
single,964,0,0.5034243220529828,0.2824858757062147,0.33059735522115824,0.5534290271132377,0.09250398724082935,1.0102242890440651,0.18373376956339912
single,965,0,0.5238647286550862,0.2611111111111111,0.3542016806722689,0.530448717948718,0.08012820512820512,0.9943479311540798,0.1814055399360175
single,966,0,0.4497843842493759,0.22058823529411767,0.318742985409652,0.6507936507936508,0.11587301587301586,1.1734336431062193,0.21402534298489953
single,967,0,0.4923296897041371,0.28048780487804875,0.46617826617826613,0.5634920634920636,0.07777777777777778,1.092866709674219,0.18811834599312716
single,968,0,0.5291572662144298,0.30054644808743175,0.4095588235294117,0.543859649122807,0.09569377990430622,1.0313934568917034,0.18494106989142542
single,969,0,0.47134813134945314,0.27485380116959063,0.2902754014573882,0.6028708133971291,0.10207336523125997,1.0465695093638647,0.19800455824149585
single,970,0,0.45220183935837027,0.30158730158730157,0.4567265234030026,0.6412698412698413,0.10634920634920635,1.1429850854903725,0.20344754542086585
single,971,0,0.4859765601165987,0.2727272727272727,0.4336527869574796,0.5746031746031747,0.0746031746031746,1.0243694189947672,0.1838397440379044
single,972,0,0.5605729730807761,0.367816091954023,0.3967307356516367,0.5103668261562998,0.08452950558213716,0.9708940747772168,0.17750970056759696
single,973,0,0.4789184570071226,0.2655367231638418,0.2881562881562882,0.6124401913875599,0.10845295055821373,1.1409787713886141,0.2070535426853138
single,974,0,0.49842281721071774,0.26570048309178745,0.3881091617933723,0.5897435897435898,0.10256410256410257,0.9891502415828662,0.183534957986112
single,975,0,0.45254440080536584,0.3034825870646766,0.35532821824381927,0.6156299840510366,0.10366826156299841,1.103328349768746,0.2017015043769237
single,976,0,0.4840638990776683,0.2100456621004566,0.3346179283679283,0.578525641025641,0.08012820512820513,1.0147325871082147,0.1818224299589585
single,977,0,0.46144530489444247,0.2638888888888889,0.34273280026653347,0.6238095238095238,0.09365079365079365,1.0724668944400821,0.19722566242837694
single,978,0,0.5355540744580565,0.3854166666666667,0.42295936994732175,0.5677830940988835,0.10526315789473684,1.0497397094084098,0.19219234204429203
single,979,0,0.46436161801167586,0.2528735632183908,0.24883745508349187,0.6060606060606061,0.08771929824561403,1.068340158333027,0.20001777800642462
single,980,0,0.5272626080320543,0.4343434343434343,0.4402878943108828,0.594551282051282,0.11378205128205128,1.070812306567853,0.1977230894316981
single,981,0,0.48262292431803155,0.34871794871794876,0.3518400131136792,0.6047619047619047,0.10317460317460318,1.1014124638893312,0.20083527854255126
single,982,0,0.49801852610033936,0.27619047619047615,0.3993781094527364,0.5789473684210527,0.09728867623604465,1.050744626122012,0.18971040532619224
single,983,0,0.4528791777043124,0.215962441314554,0.3749941814457944,0.6507936507936508,0.11746031746031747,1.0817076110594595,0.20309438546424582
single,984,0,0.4825437630630776,0.30952380952380953,0.41121357415933385,0.5996810207336524,0.10685805422647528,1.0535175415495142,0.1933379993975388
single,985,0,0.46921915559737787,0.26126126126126126,0.41104003790570953,0.6331738437001595,0.11483253588516747,1.0708125352105975,0.19740656569787943
single,986,0,0.5444839130339858,0.3262411347517731,0.3107686453576864,0.530448717948718,0.10416666666666667,0.9656532375925595,0.18323621781019303
single,987,0,0.5047293267039591,0.25252525252525254,0.44398618680545326,0.5698412698412698,0.10317460317460318,1.011264322976112,0.18473959920456395
single,988,0,0.5171646566553371,0.24479166666666666,0.34862924203737666,0.5374800637958533,0.07974481658692185,0.946563637391221,0.17170436708494383
single,989,0,0.41831946031336686,0.19607843137254902,0.2730945579726068,0.7033492822966507,0.13078149920255186,1.1649171914013314,0.21638746354444585
single,990,0,0.4356277561917265,0.2647058823529412,0.3249491249491249,0.6762360446570973,0.12121212121212122,1.2169378801456556,0.22266540632929266
single,991,0,0.46640590150624206,0.24193548387096775,0.2526515151515151,0.6140350877192983,0.0909090909090909,1.0828391749899176,0.2001209206865521
single,992,0,0.4532943052362391,0.2916666666666667,0.2925405742821473,0.6650641025641025,0.1346153846153846,1.192563149592513,0.22328992118833565
single,993,0,0.47231725056160495,0.2153846153846154,0.30606995884773663,0.6044657097288676,0.09250398724082935,1.0548206292565063,0.19653026761063427
single,994,0,0.46548196768405486,0.24102564102564106,0.32668194510299775,0.6296296296296297,0.1143317230273752,1.1365068891056307,0.2054660059711181
single,995,0,0.47569935073679753,0.26666666666666666,0.2878111693416312,0.6251993620414673,0.14035087719298245,1.0602299046347958,0.2011352928996197
single,996,0,0.4948941842477153,0.31249999999999994,0.4488825128360012,0.5873015873015873,0.0857142857142857,1.11157704158897,0.19374046616675053
single,997,0,0.428233198654065,0.16475095785440613,0.3158573061303893,0.6395534290271133,0.07336523125996809,1.0743641662111922,0.1908311037333262
single,998,0,0.4818944838725699,0.3440860215053763,0.33412730819835756,0.6267942583732058,0.11164274322169059,1.087891226897681,0.20439231227961355
single,999,0,0.49846650491813826,0.3333333333333333,0.354884246188594,0.6121794871794871,0.12820512820512822,1.0358457297176422,0.20037257835766797
