seed,fold,sample_id,mode,view,prediction
42,1,600 ppm 5 5,single,scale_1.0_rot_0_flip_0,3.3389732837677
42,1,1000 ppm 4 3,single,scale_1.0_rot_0_flip_0,3.999216318130493
42,1,1000 ppm 3 9,single,scale_1.0_rot_0_flip_0,3.6027233600616455
42,1,1000 ppm 3 10,single,scale_1.0_rot_0_flip_0,3.550725221633911
42,1,600 ppm 3 7,single,scale_1.0_rot_0_flip_0,3.850062608718872
42,1,800 ppm 5 7,single,scale_1.0_rot_0_flip_0,4.09223747253418
42,1,400 ppm 4 4,single,scale_1.0_rot_0_flip_0,3.5541698932647705
42,1,800 ppm 2 8,single,scale_1.0_rot_0_flip_0,3.3741116523742676
42,1,400 ppm 3 2,single,scale_1.0_rot_0_flip_0,3.5751264095306396
42,1,800 ppm 3 9,single,scale_1.0_rot_0_flip_0,3.938427209854126
42,1,1000 ppm 5 1,single,scale_1.0_rot_0_flip_0,3.639169931411743
42,1,800 ppm 4 5,single,scale_1.0_rot_0_flip_0,3.7120466232299805
42,1,800 ppm 2 1,single,scale_1.0_rot_0_flip_0,3.9879629611968994
42,1,400 ppm 1 5,single,scale_1.0_rot_0_flip_0,3.673779010772705
42,1,400 ppm 4 8,single,scale_1.0_rot_0_flip_0,3.8397443294525146
42,1,800 ppm 3 4,single,scale_1.0_rot_0_flip_0,3.70617413520813
42,1,1000 ppm 2 1,single,scale_1.0_rot_0_flip_0,2.4187839031219482
42,1,400 ppm 3 10,single,scale_1.0_rot_0_flip_0,3.509704828262329
42,1,1000 ppm 3 3,single,scale_1.0_rot_0_flip_0,3.5199835300445557
42,1,c 9,single,scale_1.0_rot_0_flip_0,2.6383330821990967
42,1,800 ppm 3 3,single,scale_1.0_rot_0_flip_0,3.822084665298462
42,1,800 ppm 2 9,single,scale_1.0_rot_0_flip_0,3.7801406383514404
42,1,600 ppm 2 9,single,scale_1.0_rot_0_flip_0,4.1102094650268555
42,1,400 ppm 2 10,single,scale_1.0_rot_0_flip_0,3.4260518550872803
42,1,800 ppm 4 7,single,scale_1.0_rot_0_flip_0,3.7546920776367188
42,1,1000 ppm 2 7,single,scale_1.0_rot_0_flip_0,3.1495895385742188
42,1,800 ppm 5 9,single,scale_1.0_rot_0_flip_0,3.56278920173645
42,1,600 ppm 3 6,single,scale_1.0_rot_0_flip_0,3.944688081741333
42,1,1000 ppm 1 5,single,scale_1.0_rot_0_flip_0,3.7745862007141113
42,1,600 ppm 5 10,single,scale_1.0_rot_0_flip_0,2.833066463470459
42,1,600 ppm 2 5,single,scale_1.0_rot_0_flip_0,4.2134528160095215
42,1,800 ppm 1 10,single,scale_1.0_rot_0_flip_0,3.758540153503418
42,1,1000 ppm 3 8,single,scale_1.0_rot_0_flip_0,3.575739860534668
42,1,800 ppm 2 3,single,scale_1.0_rot_0_flip_0,3.7657792568206787
42,1,1000 ppm 5 7,single,scale_1.0_rot_0_flip_0,3.7223007678985596
42,1,400 ppm 1 3,single,scale_1.0_rot_0_flip_0,4.084076881408691
42,1,800 ppm 4 6,single,scale_1.0_rot_0_flip_0,2.624889612197876
42,1,600 ppm 5 4,single,scale_1.0_rot_0_flip_0,3.5143320560455322
42,1,400 ppm 2 7,single,scale_1.0_rot_0_flip_0,3.107933282852173
42,1,1000 ppm 5 9,single,scale_1.0_rot_0_flip_0,3.717238187789917
42,1,400 ppm 5 8,single,scale_1.0_rot_0_flip_0,3.585397958755493
42,1,c 4,single,scale_1.0_rot_0_flip_0,2.8422977924346924
42,1,1000 ppm 1 8,single,scale_1.0_rot_0_flip_0,3.3545565605163574
42,1,c 3,single,scale_1.0_rot_0_flip_0,3.2590672969818115
42,1,800 ppm 1 9,single,scale_1.0_rot_0_flip_0,3.7178666591644287
42,1,1000 ppm 3 2,single,scale_1.0_rot_0_flip_0,3.4351437091827393
42,1,1000 ppm 5 4,single,scale_1.0_rot_0_flip_0,3.9792990684509277
42,1,1000 ppm 3 5,single,scale_1.0_rot_0_flip_0,3.6777074337005615
42,1,800 ppm 1 4,single,scale_1.0_rot_0_flip_0,3.476067066192627
42,1,1000 ppm 1 7,single,scale_1.0_rot_0_flip_0,4.272739887237549
42,1,1000 ppm 3 4,single,scale_1.0_rot_0_flip_0,3.8882415294647217
42,1,400 ppm 5 1,single,scale_1.0_rot_0_flip_0,2.907653331756592
42,1,1000 ppm 2 4,single,scale_1.0_rot_0_flip_0,3.927088975906372
42,1,600 ppm 5 5,d4,scale_1.0_rot_0_flip_0,3.3389732837677
42,1,1000 ppm 4 3,d4,scale_1.0_rot_0_flip_0,3.999216318130493
42,1,1000 ppm 3 9,d4,scale_1.0_rot_0_flip_0,3.6027233600616455
42,1,1000 ppm 3 10,d4,scale_1.0_rot_0_flip_0,3.550725221633911
42,1,600 ppm 3 7,d4,scale_1.0_rot_0_flip_0,3.850062608718872
42,1,800 ppm 5 7,d4,scale_1.0_rot_0_flip_0,4.09223747253418
42,1,400 ppm 4 4,d4,scale_1.0_rot_0_flip_0,3.5541698932647705
42,1,800 ppm 2 8,d4,scale_1.0_rot_0_flip_0,3.3741116523742676
42,1,400 ppm 3 2,d4,scale_1.0_rot_0_flip_0,3.5751264095306396
42,1,800 ppm 3 9,d4,scale_1.0_rot_0_flip_0,3.938427209854126
42,1,1000 ppm 5 1,d4,scale_1.0_rot_0_flip_0,3.639169931411743
42,1,800 ppm 4 5,d4,scale_1.0_rot_0_flip_0,3.7120466232299805
42,1,800 ppm 2 1,d4,scale_1.0_rot_0_flip_0,3.9879629611968994
42,1,400 ppm 1 5,d4,scale_1.0_rot_0_flip_0,3.673779010772705
42,1,400 ppm 4 8,d4,scale_1.0_rot_0_flip_0,3.8397443294525146
42,1,800 ppm 3 4,d4,scale_1.0_rot_0_flip_0,3.70617413520813
42,1,1000 ppm 2 1,d4,scale_1.0_rot_0_flip_0,2.4187839031219482
42,1,400 ppm 3 10,d4,scale_1.0_rot_0_flip_0,3.509704828262329
42,1,1000 ppm 3 3,d4,scale_1.0_rot_0_flip_0,3.5199835300445557
42,1,c 9,d4,scale_1.0_rot_0_flip_0,2.6383330821990967
42,1,800 ppm 3 3,d4,scale_1.0_rot_0_flip_0,3.822084665298462
42,1,800 ppm 2 9,d4,scale_1.0_rot_0_flip_0,3.7801406383514404
42,1,600 ppm 2 9,d4,scale_1.0_rot_0_flip_0,4.1102094650268555
42,1,400 ppm 2 10,d4,scale_1.0_rot_0_flip_0,3.4260518550872803
42,1,800 ppm 4 7,d4,scale_1.0_rot_0_flip_0,3.7546920776367188
42,1,1000 ppm 2 7,d4,scale_1.0_rot_0_flip_0,3.1495895385742188
42,1,800 ppm 5 9,d4,scale_1.0_rot_0_flip_0,3.56278920173645
42,1,600 ppm 3 6,d4,scale_1.0_rot_0_flip_0,3.944688081741333
42,1,1000 ppm 1 5,d4,scale_1.0_rot_0_flip_0,3.7745862007141113
42,1,600 ppm 5 10,d4,scale_1.0_rot_0_flip_0,2.833066463470459
42,1,600 ppm 2 5,d4,scale_1.0_rot_0_flip_0,4.2134528160095215
42,1,800 ppm 1 10,d4,scale_1.0_rot_0_flip_0,3.758540153503418
42,1,1000 ppm 3 8,d4,scale_1.0_rot_0_flip_0,3.575739860534668
42,1,800 ppm 2 3,d4,scale_1.0_rot_0_flip_0,3.7657792568206787
42,1,1000 ppm 5 7,d4,scale_1.0_rot_0_flip_0,3.7223007678985596
42,1,400 ppm 1 3,d4,scale_1.0_rot_0_flip_0,4.084076881408691
42,1,800 ppm 4 6,d4,scale_1.0_rot_0_flip_0,2.624889612197876
42,1,600 ppm 5 4,d4,scale_1.0_rot_0_flip_0,3.5143320560455322
42,1,400 ppm 2 7,d4,scale_1.0_rot_0_flip_0,3.107933282852173
42,1,1000 ppm 5 9,d4,scale_1.0_rot_0_flip_0,3.717238187789917
42,1,400 ppm 5 8,d4,scale_1.0_rot_0_flip_0,3.585397958755493
42,1,c 4,d4,scale_1.0_rot_0_flip_0,2.8422977924346924
42,1,1000 ppm 1 8,d4,scale_1.0_rot_0_flip_0,3.3545565605163574
42,1,c 3,d4,scale_1.0_rot_0_flip_0,3.2590672969818115
42,1,800 ppm 1 9,d4,scale_1.0_rot_0_flip_0,3.7178666591644287
42,1,1000 ppm 3 2,d4,scale_1.0_rot_0_flip_0,3.4351437091827393
42,1,1000 ppm 5 4,d4,scale_1.0_rot_0_flip_0,3.9792990684509277
42,1,1000 ppm 3 5,d4,scale_1.0_rot_0_flip_0,3.6777074337005615
42,1,800 ppm 1 4,d4,scale_1.0_rot_0_flip_0,3.476067066192627
42,1,1000 ppm 1 7,d4,scale_1.0_rot_0_flip_0,4.272739887237549
42,1,1000 ppm 3 4,d4,scale_1.0_rot_0_flip_0,3.8882415294647217
42,1,400 ppm 5 1,d4,scale_1.0_rot_0_flip_0,2.907653331756592
42,1,1000 ppm 2 4,d4,scale_1.0_rot_0_flip_0,3.927088975906372
42,1,600 ppm 5 5,d4,scale_1.0_rot_0_flip_1,3.4304769039154053
42,1,1000 ppm 4 3,d4,scale_1.0_rot_0_flip_1,3.967466115951538
42,1,1000 ppm 3 9,d4,scale_1.0_rot_0_flip_1,3.5187532901763916
42,1,1000 ppm 3 10,d4,scale_1.0_rot_0_flip_1,3.5945870876312256
42,1,600 ppm 3 7,d4,scale_1.0_rot_0_flip_1,3.76511549949646
42,1,800 ppm 5 7,d4,scale_1.0_rot_0_flip_1,4.156826972961426
42,1,400 ppm 4 4,d4,scale_1.0_rot_0_flip_1,3.6956276893615723
42,1,800 ppm 2 8,d4,scale_1.0_rot_0_flip_1,3.42083477973938
42,1,400 ppm 3 2,d4,scale_1.0_rot_0_flip_1,3.6948978900909424
42,1,800 ppm 3 9,d4,scale_1.0_rot_0_flip_1,3.9468774795532227
42,1,1000 ppm 5 1,d4,scale_1.0_rot_0_flip_1,3.6432785987854004
42,1,800 ppm 4 5,d4,scale_1.0_rot_0_flip_1,3.7672643661499023
42,1,800 ppm 2 1,d4,scale_1.0_rot_0_flip_1,3.9680979251861572
42,1,400 ppm 1 5,d4,scale_1.0_rot_0_flip_1,3.717700242996216
42,1,400 ppm 4 8,d4,scale_1.0_rot_0_flip_1,3.853633403778076
42,1,800 ppm 3 4,d4,scale_1.0_rot_0_flip_1,3.67653489112854
42,1,1000 ppm 2 1,d4,scale_1.0_rot_0_flip_1,2.3767035007476807
42,1,400 ppm 3 10,d4,scale_1.0_rot_0_flip_1,3.3583428859710693
42,1,1000 ppm 3 3,d4,scale_1.0_rot_0_flip_1,3.582045555114746
42,1,c 9,d4,scale_1.0_rot_0_flip_1,2.7421553134918213
42,1,800 ppm 3 3,d4,scale_1.0_rot_0_flip_1,3.7639148235321045
42,1,800 ppm 2 9,d4,scale_1.0_rot_0_flip_1,3.7963411808013916
42,1,600 ppm 2 9,d4,scale_1.0_rot_0_flip_1,4.199403285980225
42,1,400 ppm 2 10,d4,scale_1.0_rot_0_flip_1,3.4533448219299316
42,1,800 ppm 4 7,d4,scale_1.0_rot_0_flip_1,3.683046817779541
42,1,1000 ppm 2 7,d4,scale_1.0_rot_0_flip_1,3.169403076171875
42,1,800 ppm 5 9,d4,scale_1.0_rot_0_flip_1,3.5454466342926025
42,1,600 ppm 3 6,d4,scale_1.0_rot_0_flip_1,3.8434746265411377
42,1,1000 ppm 1 5,d4,scale_1.0_rot_0_flip_1,3.7491068840026855
42,1,600 ppm 5 10,d4,scale_1.0_rot_0_flip_1,2.929534673690796
42,1,600 ppm 2 5,d4,scale_1.0_rot_0_flip_1,4.1489338874816895
42,1,800 ppm 1 10,d4,scale_1.0_rot_0_flip_1,3.6742770671844482
42,1,1000 ppm 3 8,d4,scale_1.0_rot_0_flip_1,3.6515257358551025
42,1,800 ppm 2 3,d4,scale_1.0_rot_0_flip_1,3.9036428928375244
42,1,1000 ppm 5 7,d4,scale_1.0_rot_0_flip_1,3.7185583114624023
42,1,400 ppm 1 3,d4,scale_1.0_rot_0_flip_1,4.032991409301758
42,1,800 ppm 4 6,d4,scale_1.0_rot_0_flip_1,2.6328649520874023
42,1,600 ppm 5 4,d4,scale_1.0_rot_0_flip_1,3.489384889602661
42,1,400 ppm 2 7,d4,scale_1.0_rot_0_flip_1,3.1394104957580566
42,1,1000 ppm 5 9,d4,scale_1.0_rot_0_flip_1,3.6926403045654297
42,1,400 ppm 5 8,d4,scale_1.0_rot_0_flip_1,3.630971908569336
42,1,c 4,d4,scale_1.0_rot_0_flip_1,2.90375018119812
42,1,1000 ppm 1 8,d4,scale_1.0_rot_0_flip_1,3.4315054416656494
42,1,c 3,d4,scale_1.0_rot_0_flip_1,3.2040679454803467
42,1,800 ppm 1 9,d4,scale_1.0_rot_0_flip_1,3.640779733657837
42,1,1000 ppm 3 2,d4,scale_1.0_rot_0_flip_1,3.3667337894439697
42,1,1000 ppm 5 4,d4,scale_1.0_rot_0_flip_1,4.022679805755615
42,1,1000 ppm 3 5,d4,scale_1.0_rot_0_flip_1,3.706291913986206
42,1,800 ppm 1 4,d4,scale_1.0_rot_0_flip_1,3.5549323558807373
42,1,1000 ppm 1 7,d4,scale_1.0_rot_0_flip_1,4.222895622253418
42,1,1000 ppm 3 4,d4,scale_1.0_rot_0_flip_1,3.8644907474517822
42,1,400 ppm 5 1,d4,scale_1.0_rot_0_flip_1,2.9821040630340576
42,1,1000 ppm 2 4,d4,scale_1.0_rot_0_flip_1,3.9249842166900635
42,1,600 ppm 5 5,d4,scale_1.0_rot_90_flip_0,3.5991270542144775
42,1,1000 ppm 4 3,d4,scale_1.0_rot_90_flip_0,4.138717174530029
42,1,1000 ppm 3 9,d4,scale_1.0_rot_90_flip_0,3.7395060062408447
42,1,1000 ppm 3 10,d4,scale_1.0_rot_90_flip_0,3.617969512939453
42,1,600 ppm 3 7,d4,scale_1.0_rot_90_flip_0,4.1658196449279785
42,1,800 ppm 5 7,d4,scale_1.0_rot_90_flip_0,4.097025394439697
42,1,400 ppm 4 4,d4,scale_1.0_rot_90_flip_0,3.311626672744751
42,1,800 ppm 2 8,d4,scale_1.0_rot_90_flip_0,3.727741003036499
42,1,400 ppm 3 2,d4,scale_1.0_rot_90_flip_0,3.9834649562835693
42,1,800 ppm 3 9,d4,scale_1.0_rot_90_flip_0,4.006320953369141
42,1,1000 ppm 5 1,d4,scale_1.0_rot_90_flip_0,3.8413808345794678
42,1,800 ppm 4 5,d4,scale_1.0_rot_90_flip_0,4.0181145668029785
42,1,800 ppm 2 1,d4,scale_1.0_rot_90_flip_0,3.974811315536499
42,1,400 ppm 1 5,d4,scale_1.0_rot_90_flip_0,3.9432826042175293
42,1,400 ppm 4 8,d4,scale_1.0_rot_90_flip_0,3.8452086448669434
42,1,800 ppm 3 4,d4,scale_1.0_rot_90_flip_0,3.7284514904022217
42,1,1000 ppm 2 1,d4,scale_1.0_rot_90_flip_0,2.7346131801605225
42,1,400 ppm 3 10,d4,scale_1.0_rot_90_flip_0,3.6942074298858643
42,1,1000 ppm 3 3,d4,scale_1.0_rot_90_flip_0,3.6436498165130615
42,1,c 9,d4,scale_1.0_rot_90_flip_0,3.509317636489868
42,1,800 ppm 3 3,d4,scale_1.0_rot_90_flip_0,4.023837089538574
42,1,800 ppm 2 9,d4,scale_1.0_rot_90_flip_0,3.7805991172790527
42,1,600 ppm 2 9,d4,scale_1.0_rot_90_flip_0,4.232999324798584
42,1,400 ppm 2 10,d4,scale_1.0_rot_90_flip_0,3.5492475032806396
42,1,800 ppm 4 7,d4,scale_1.0_rot_90_flip_0,3.5823309421539307
42,1,1000 ppm 2 7,d4,scale_1.0_rot_90_flip_0,3.351693868637085
42,1,800 ppm 5 9,d4,scale_1.0_rot_90_flip_0,3.5729453563690186
42,1,600 ppm 3 6,d4,scale_1.0_rot_90_flip_0,3.6095011234283447
42,1,1000 ppm 1 5,d4,scale_1.0_rot_90_flip_0,3.71178936958313
42,1,600 ppm 5 10,d4,scale_1.0_rot_90_flip_0,3.178088426589966
42,1,600 ppm 2 5,d4,scale_1.0_rot_90_flip_0,4.096064567565918
42,1,800 ppm 1 10,d4,scale_1.0_rot_90_flip_0,3.5645248889923096
42,1,1000 ppm 3 8,d4,scale_1.0_rot_90_flip_0,3.6788594722747803
42,1,800 ppm 2 3,d4,scale_1.0_rot_90_flip_0,4.07623291015625
42,1,1000 ppm 5 7,d4,scale_1.0_rot_90_flip_0,3.7750422954559326
42,1,400 ppm 1 3,d4,scale_1.0_rot_90_flip_0,4.056588172912598
42,1,800 ppm 4 6,d4,scale_1.0_rot_90_flip_0,2.8451550006866455
42,1,600 ppm 5 4,d4,scale_1.0_rot_90_flip_0,3.4185287952423096
42,1,400 ppm 2 7,d4,scale_1.0_rot_90_flip_0,3.0897645950317383
42,1,1000 ppm 5 9,d4,scale_1.0_rot_90_flip_0,3.7318363189697266
42,1,400 ppm 5 8,d4,scale_1.0_rot_90_flip_0,3.9011237621307373
42,1,c 4,d4,scale_1.0_rot_90_flip_0,3.1021292209625244
42,1,1000 ppm 1 8,d4,scale_1.0_rot_90_flip_0,3.483090400695801
42,1,c 3,d4,scale_1.0_rot_90_flip_0,3.585803270339966
42,1,800 ppm 1 9,d4,scale_1.0_rot_90_flip_0,3.660252571105957
42,1,1000 ppm 3 2,d4,scale_1.0_rot_90_flip_0,3.9033100605010986
42,1,1000 ppm 5 4,d4,scale_1.0_rot_90_flip_0,4.103621959686279
42,1,1000 ppm 3 5,d4,scale_1.0_rot_90_flip_0,3.69538950920105
42,1,800 ppm 1 4,d4,scale_1.0_rot_90_flip_0,3.7198102474212646
42,1,1000 ppm 1 7,d4,scale_1.0_rot_90_flip_0,4.187413692474365
42,1,1000 ppm 3 4,d4,scale_1.0_rot_90_flip_0,3.9875166416168213
42,1,400 ppm 5 1,d4,scale_1.0_rot_90_flip_0,3.1411068439483643
42,1,1000 ppm 2 4,d4,scale_1.0_rot_90_flip_0,3.9272398948669434
42,1,600 ppm 5 5,d4,scale_1.0_rot_90_flip_1,3.6020710468292236
42,1,1000 ppm 4 3,d4,scale_1.0_rot_90_flip_1,4.04384708404541
42,1,1000 ppm 3 9,d4,scale_1.0_rot_90_flip_1,3.8120639324188232
42,1,1000 ppm 3 10,d4,scale_1.0_rot_90_flip_1,3.647239923477173
42,1,600 ppm 3 7,d4,scale_1.0_rot_90_flip_1,4.173032760620117
42,1,800 ppm 5 7,d4,scale_1.0_rot_90_flip_1,4.041269302368164
42,1,400 ppm 4 4,d4,scale_1.0_rot_90_flip_1,3.61842942237854
42,1,800 ppm 2 8,d4,scale_1.0_rot_90_flip_1,3.6747164726257324
42,1,400 ppm 3 2,d4,scale_1.0_rot_90_flip_1,3.953420400619507
42,1,800 ppm 3 9,d4,scale_1.0_rot_90_flip_1,3.956488847732544
42,1,1000 ppm 5 1,d4,scale_1.0_rot_90_flip_1,3.9018335342407227
42,1,800 ppm 4 5,d4,scale_1.0_rot_90_flip_1,4.068004608154297
42,1,800 ppm 2 1,d4,scale_1.0_rot_90_flip_1,3.9941577911376953
42,1,400 ppm 1 5,d4,scale_1.0_rot_90_flip_1,4.0174946784973145
42,1,400 ppm 4 8,d4,scale_1.0_rot_90_flip_1,3.913095474243164
42,1,800 ppm 3 4,d4,scale_1.0_rot_90_flip_1,3.763234853744507
42,1,1000 ppm 2 1,d4,scale_1.0_rot_90_flip_1,2.612952709197998
42,1,400 ppm 3 10,d4,scale_1.0_rot_90_flip_1,3.7600505352020264
42,1,1000 ppm 3 3,d4,scale_1.0_rot_90_flip_1,3.72228741645813
42,1,c 9,d4,scale_1.0_rot_90_flip_1,3.4289488792419434
42,1,800 ppm 3 3,d4,scale_1.0_rot_90_flip_1,4.00462532043457
42,1,800 ppm 2 9,d4,scale_1.0_rot_90_flip_1,3.790987491607666
42,1,600 ppm 2 9,d4,scale_1.0_rot_90_flip_1,4.201808929443359
42,1,400 ppm 2 10,d4,scale_1.0_rot_90_flip_1,3.5460736751556396
42,1,800 ppm 4 7,d4,scale_1.0_rot_90_flip_1,3.645399332046509
42,1,1000 ppm 2 7,d4,scale_1.0_rot_90_flip_1,3.4427449703216553
42,1,800 ppm 5 9,d4,scale_1.0_rot_90_flip_1,3.620145797729492
42,1,600 ppm 3 6,d4,scale_1.0_rot_90_flip_1,3.6603434085845947
42,1,1000 ppm 1 5,d4,scale_1.0_rot_90_flip_1,3.8602828979492188
42,1,600 ppm 5 10,d4,scale_1.0_rot_90_flip_1,3.186563014984131
42,1,600 ppm 2 5,d4,scale_1.0_rot_90_flip_1,4.073365211486816
42,1,800 ppm 1 10,d4,scale_1.0_rot_90_flip_1,3.4750187397003174
42,1,1000 ppm 3 8,d4,scale_1.0_rot_90_flip_1,3.6855216026306152
42,1,800 ppm 2 3,d4,scale_1.0_rot_90_flip_1,3.8161582946777344
42,1,1000 ppm 5 7,d4,scale_1.0_rot_90_flip_1,3.731062412261963
42,1,400 ppm 1 3,d4,scale_1.0_rot_90_flip_1,4.024939060211182
42,1,800 ppm 4 6,d4,scale_1.0_rot_90_flip_1,2.9124128818511963
42,1,600 ppm 5 4,d4,scale_1.0_rot_90_flip_1,3.3298819065093994
42,1,400 ppm 2 7,d4,scale_1.0_rot_90_flip_1,3.152409791946411
42,1,1000 ppm 5 9,d4,scale_1.0_rot_90_flip_1,3.717491865158081
42,1,400 ppm 5 8,d4,scale_1.0_rot_90_flip_1,3.9835891723632812
42,1,c 4,d4,scale_1.0_rot_90_flip_1,3.123934745788574
42,1,1000 ppm 1 8,d4,scale_1.0_rot_90_flip_1,3.529013156890869
42,1,c 3,d4,scale_1.0_rot_90_flip_1,3.5621397495269775
42,1,800 ppm 1 9,d4,scale_1.0_rot_90_flip_1,3.6923329830169678
42,1,1000 ppm 3 2,d4,scale_1.0_rot_90_flip_1,3.83323335647583
42,1,1000 ppm 5 4,d4,scale_1.0_rot_90_flip_1,4.193768501281738
42,1,1000 ppm 3 5,d4,scale_1.0_rot_90_flip_1,3.575895071029663
42,1,800 ppm 1 4,d4,scale_1.0_rot_90_flip_1,3.697133779525757
42,1,1000 ppm 1 7,d4,scale_1.0_rot_90_flip_1,4.112114906311035
42,1,1000 ppm 3 4,d4,scale_1.0_rot_90_flip_1,4.019591331481934
42,1,400 ppm 5 1,d4,scale_1.0_rot_90_flip_1,3.1641347408294678
42,1,1000 ppm 2 4,d4,scale_1.0_rot_90_flip_1,3.926945924758911
42,1,600 ppm 5 5,d4,scale_1.0_rot_180_flip_0,3.3483173847198486
42,1,1000 ppm 4 3,d4,scale_1.0_rot_180_flip_0,3.968088388442993
42,1,1000 ppm 3 9,d4,scale_1.0_rot_180_flip_0,3.5471456050872803
42,1,1000 ppm 3 10,d4,scale_1.0_rot_180_flip_0,3.5261831283569336
42,1,600 ppm 3 7,d4,scale_1.0_rot_180_flip_0,3.8438141345977783
42,1,800 ppm 5 7,d4,scale_1.0_rot_180_flip_0,3.892336368560791
42,1,400 ppm 4 4,d4,scale_1.0_rot_180_flip_0,3.623255968093872
42,1,800 ppm 2 8,d4,scale_1.0_rot_180_flip_0,3.411315679550171
42,1,400 ppm 3 2,d4,scale_1.0_rot_180_flip_0,3.6373560428619385
42,1,800 ppm 3 9,d4,scale_1.0_rot_180_flip_0,3.8460495471954346
42,1,1000 ppm 5 1,d4,scale_1.0_rot_180_flip_0,3.753938913345337
42,1,800 ppm 4 5,d4,scale_1.0_rot_180_flip_0,3.736353874206543
42,1,800 ppm 2 1,d4,scale_1.0_rot_180_flip_0,3.895662546157837
42,1,400 ppm 1 5,d4,scale_1.0_rot_180_flip_0,3.70255970954895
42,1,400 ppm 4 8,d4,scale_1.0_rot_180_flip_0,3.858623743057251
42,1,800 ppm 3 4,d4,scale_1.0_rot_180_flip_0,3.4367992877960205
42,1,1000 ppm 2 1,d4,scale_1.0_rot_180_flip_0,2.592381477355957
42,1,400 ppm 3 10,d4,scale_1.0_rot_180_flip_0,3.234879732131958
42,1,1000 ppm 3 3,d4,scale_1.0_rot_180_flip_0,3.378063917160034
42,1,c 9,d4,scale_1.0_rot_180_flip_0,2.7774546146392822
42,1,800 ppm 3 3,d4,scale_1.0_rot_180_flip_0,3.806533098220825
42,1,800 ppm 2 9,d4,scale_1.0_rot_180_flip_0,3.3135414123535156
42,1,600 ppm 2 9,d4,scale_1.0_rot_180_flip_0,4.127853870391846
42,1,400 ppm 2 10,d4,scale_1.0_rot_180_flip_0,3.407235860824585
42,1,800 ppm 4 7,d4,scale_1.0_rot_180_flip_0,3.7689220905303955
42,1,1000 ppm 2 7,d4,scale_1.0_rot_180_flip_0,3.3731255531311035
42,1,800 ppm 5 9,d4,scale_1.0_rot_180_flip_0,3.6801400184631348
42,1,600 ppm 3 6,d4,scale_1.0_rot_180_flip_0,3.9266505241394043
42,1,1000 ppm 1 5,d4,scale_1.0_rot_180_flip_0,3.6128652095794678
42,1,600 ppm 5 10,d4,scale_1.0_rot_180_flip_0,2.9136135578155518
42,1,600 ppm 2 5,d4,scale_1.0_rot_180_flip_0,3.8909432888031006
42,1,800 ppm 1 10,d4,scale_1.0_rot_180_flip_0,3.3678085803985596
42,1,1000 ppm 3 8,d4,scale_1.0_rot_180_flip_0,3.6282753944396973
42,1,800 ppm 2 3,d4,scale_1.0_rot_180_flip_0,3.855196952819824
42,1,1000 ppm 5 7,d4,scale_1.0_rot_180_flip_0,3.3218934535980225
42,1,400 ppm 1 3,d4,scale_1.0_rot_180_flip_0,4.07338285446167
42,1,800 ppm 4 6,d4,scale_1.0_rot_180_flip_0,2.4772450923919678
42,1,600 ppm 5 4,d4,scale_1.0_rot_180_flip_0,3.1442668437957764
42,1,400 ppm 2 7,d4,scale_1.0_rot_180_flip_0,3.046869993209839
42,1,1000 ppm 5 9,d4,scale_1.0_rot_180_flip_0,3.7113912105560303
42,1,400 ppm 5 8,d4,scale_1.0_rot_180_flip_0,3.9156668186187744
42,1,c 4,d4,scale_1.0_rot_180_flip_0,2.828129529953003
42,1,1000 ppm 1 8,d4,scale_1.0_rot_180_flip_0,3.1627957820892334
42,1,c 3,d4,scale_1.0_rot_180_flip_0,3.248948574066162
42,1,800 ppm 1 9,d4,scale_1.0_rot_180_flip_0,3.471172571182251
42,1,1000 ppm 3 2,d4,scale_1.0_rot_180_flip_0,3.801875591278076
42,1,1000 ppm 5 4,d4,scale_1.0_rot_180_flip_0,3.843757390975952
42,1,1000 ppm 3 5,d4,scale_1.0_rot_180_flip_0,3.562056541442871
42,1,800 ppm 1 4,d4,scale_1.0_rot_180_flip_0,3.7905242443084717
42,1,1000 ppm 1 7,d4,scale_1.0_rot_180_flip_0,4.146572113037109
42,1,1000 ppm 3 4,d4,scale_1.0_rot_180_flip_0,3.647005796432495
42,1,400 ppm 5 1,d4,scale_1.0_rot_180_flip_0,2.9676735401153564
42,1,1000 ppm 2 4,d4,scale_1.0_rot_180_flip_0,3.7882988452911377
42,1,600 ppm 5 5,d4,scale_1.0_rot_180_flip_1,3.2900125980377197
42,1,1000 ppm 4 3,d4,scale_1.0_rot_180_flip_1,3.9843928813934326
42,1,1000 ppm 3 9,d4,scale_1.0_rot_180_flip_1,3.5892224311828613
42,1,1000 ppm 3 10,d4,scale_1.0_rot_180_flip_1,3.5537936687469482
42,1,600 ppm 3 7,d4,scale_1.0_rot_180_flip_1,3.8409430980682373
42,1,800 ppm 5 7,d4,scale_1.0_rot_180_flip_1,3.952214241027832
42,1,400 ppm 4 4,d4,scale_1.0_rot_180_flip_1,3.2120048999786377
42,1,800 ppm 2 8,d4,scale_1.0_rot_180_flip_1,3.482185125350952
42,1,400 ppm 3 2,d4,scale_1.0_rot_180_flip_1,3.4906749725341797
42,1,800 ppm 3 9,d4,scale_1.0_rot_180_flip_1,3.8572120666503906
42,1,1000 ppm 5 1,d4,scale_1.0_rot_180_flip_1,3.704949378967285
42,1,800 ppm 4 5,d4,scale_1.0_rot_180_flip_1,3.922039270401001
42,1,800 ppm 2 1,d4,scale_1.0_rot_180_flip_1,3.9124345779418945
42,1,400 ppm 1 5,d4,scale_1.0_rot_180_flip_1,3.7837765216827393
42,1,400 ppm 4 8,d4,scale_1.0_rot_180_flip_1,3.838402032852173
42,1,800 ppm 3 4,d4,scale_1.0_rot_180_flip_1,3.4509406089782715
42,1,1000 ppm 2 1,d4,scale_1.0_rot_180_flip_1,2.5385491847991943
42,1,400 ppm 3 10,d4,scale_1.0_rot_180_flip_1,3.3684589862823486
42,1,1000 ppm 3 3,d4,scale_1.0_rot_180_flip_1,3.311174154281616
42,1,c 9,d4,scale_1.0_rot_180_flip_1,2.8122479915618896
42,1,800 ppm 3 3,d4,scale_1.0_rot_180_flip_1,3.8122081756591797
42,1,800 ppm 2 9,d4,scale_1.0_rot_180_flip_1,3.5281131267547607
42,1,600 ppm 2 9,d4,scale_1.0_rot_180_flip_1,4.091641426086426
42,1,400 ppm 2 10,d4,scale_1.0_rot_180_flip_1,3.3907132148742676
42,1,800 ppm 4 7,d4,scale_1.0_rot_180_flip_1,3.6802945137023926
42,1,1000 ppm 2 7,d4,scale_1.0_rot_180_flip_1,3.3657896518707275
42,1,800 ppm 5 9,d4,scale_1.0_rot_180_flip_1,3.5934841632843018
42,1,600 ppm 3 6,d4,scale_1.0_rot_180_flip_1,3.918034076690674
42,1,1000 ppm 1 5,d4,scale_1.0_rot_180_flip_1,3.7032759189605713
42,1,600 ppm 5 10,d4,scale_1.0_rot_180_flip_1,2.85015606880188
42,1,600 ppm 2 5,d4,scale_1.0_rot_180_flip_1,3.8916656970977783
42,1,800 ppm 1 10,d4,scale_1.0_rot_180_flip_1,3.2892773151397705
42,1,1000 ppm 3 8,d4,scale_1.0_rot_180_flip_1,3.6549317836761475
42,1,800 ppm 2 3,d4,scale_1.0_rot_180_flip_1,3.864712953567505
42,1,1000 ppm 5 7,d4,scale_1.0_rot_180_flip_1,3.261230707168579
42,1,400 ppm 1 3,d4,scale_1.0_rot_180_flip_1,4.0127739906311035
42,1,800 ppm 4 6,d4,scale_1.0_rot_180_flip_1,2.4520020484924316
42,1,600 ppm 5 4,d4,scale_1.0_rot_180_flip_1,3.368129014968872
42,1,400 ppm 2 7,d4,scale_1.0_rot_180_flip_1,3.0753390789031982
42,1,1000 ppm 5 9,d4,scale_1.0_rot_180_flip_1,3.802258014678955
42,1,400 ppm 5 8,d4,scale_1.0_rot_180_flip_1,3.9346790313720703
42,1,c 4,d4,scale_1.0_rot_180_flip_1,2.799076795578003
42,1,1000 ppm 1 8,d4,scale_1.0_rot_180_flip_1,3.1679182052612305
42,1,c 3,d4,scale_1.0_rot_180_flip_1,3.322868585586548
42,1,800 ppm 1 9,d4,scale_1.0_rot_180_flip_1,3.5403246879577637
42,1,1000 ppm 3 2,d4,scale_1.0_rot_180_flip_1,3.727372169494629
42,1,1000 ppm 5 4,d4,scale_1.0_rot_180_flip_1,3.76977801322937
42,1,1000 ppm 3 5,d4,scale_1.0_rot_180_flip_1,3.6131908893585205
42,1,800 ppm 1 4,d4,scale_1.0_rot_180_flip_1,3.8342933654785156
42,1,1000 ppm 1 7,d4,scale_1.0_rot_180_flip_1,4.247539043426514
42,1,1000 ppm 3 4,d4,scale_1.0_rot_180_flip_1,3.6710703372955322
42,1,400 ppm 5 1,d4,scale_1.0_rot_180_flip_1,3.022099256515503
42,1,1000 ppm 2 4,d4,scale_1.0_rot_180_flip_1,3.873342752456665
42,1,600 ppm 5 5,d4,scale_1.0_rot_270_flip_0,3.6671833992004395
42,1,1000 ppm 4 3,d4,scale_1.0_rot_270_flip_0,3.9648196697235107
42,1,1000 ppm 3 9,d4,scale_1.0_rot_270_flip_0,3.7428081035614014
42,1,1000 ppm 3 10,d4,scale_1.0_rot_270_flip_0,3.664975881576538
42,1,600 ppm 3 7,d4,scale_1.0_rot_270_flip_0,4.184270858764648
42,1,800 ppm 5 7,d4,scale_1.0_rot_270_flip_0,4.03619384765625
42,1,400 ppm 4 4,d4,scale_1.0_rot_270_flip_0,3.647191047668457
42,1,800 ppm 2 8,d4,scale_1.0_rot_270_flip_0,3.802638530731201
42,1,400 ppm 3 2,d4,scale_1.0_rot_270_flip_0,3.9299705028533936
42,1,800 ppm 3 9,d4,scale_1.0_rot_270_flip_0,3.917280673980713
42,1,1000 ppm 5 1,d4,scale_1.0_rot_270_flip_0,3.8094677925109863
42,1,800 ppm 4 5,d4,scale_1.0_rot_270_flip_0,4.087400436401367
42,1,800 ppm 2 1,d4,scale_1.0_rot_270_flip_0,4.109046459197998
42,1,400 ppm 1 5,d4,scale_1.0_rot_270_flip_0,3.943408250808716
42,1,400 ppm 4 8,d4,scale_1.0_rot_270_flip_0,3.895581007003784
42,1,800 ppm 3 4,d4,scale_1.0_rot_270_flip_0,3.798356533050537
42,1,1000 ppm 2 1,d4,scale_1.0_rot_270_flip_0,2.8603122234344482
42,1,400 ppm 3 10,d4,scale_1.0_rot_270_flip_0,3.55847430229187
42,1,1000 ppm 3 3,d4,scale_1.0_rot_270_flip_0,3.7818315029144287
42,1,c 9,d4,scale_1.0_rot_270_flip_0,3.254030227661133
42,1,800 ppm 3 3,d4,scale_1.0_rot_270_flip_0,3.9588916301727295
42,1,800 ppm 2 9,d4,scale_1.0_rot_270_flip_0,3.3488245010375977
42,1,600 ppm 2 9,d4,scale_1.0_rot_270_flip_0,4.074400901794434
42,1,400 ppm 2 10,d4,scale_1.0_rot_270_flip_0,3.6047699451446533
42,1,800 ppm 4 7,d4,scale_1.0_rot_270_flip_0,3.852987051010132
42,1,1000 ppm 2 7,d4,scale_1.0_rot_270_flip_0,3.3735740184783936
42,1,800 ppm 5 9,d4,scale_1.0_rot_270_flip_0,3.5850744247436523
42,1,600 ppm 3 6,d4,scale_1.0_rot_270_flip_0,3.7376692295074463
42,1,1000 ppm 1 5,d4,scale_1.0_rot_270_flip_0,3.6976635456085205
42,1,600 ppm 5 10,d4,scale_1.0_rot_270_flip_0,3.098832368850708
42,1,600 ppm 2 5,d4,scale_1.0_rot_270_flip_0,4.059204578399658
42,1,800 ppm 1 10,d4,scale_1.0_rot_270_flip_0,3.568913221359253
42,1,1000 ppm 3 8,d4,scale_1.0_rot_270_flip_0,3.6954424381256104
42,1,800 ppm 2 3,d4,scale_1.0_rot_270_flip_0,4.178595542907715
42,1,1000 ppm 5 7,d4,scale_1.0_rot_270_flip_0,3.779385805130005
42,1,400 ppm 1 3,d4,scale_1.0_rot_270_flip_0,4.0564775466918945
42,1,800 ppm 4 6,d4,scale_1.0_rot_270_flip_0,3.014796257019043
42,1,600 ppm 5 4,d4,scale_1.0_rot_270_flip_0,3.4462502002716064
42,1,400 ppm 2 7,d4,scale_1.0_rot_270_flip_0,3.3727493286132812
42,1,1000 ppm 5 9,d4,scale_1.0_rot_270_flip_0,3.8736979961395264
42,1,400 ppm 5 8,d4,scale_1.0_rot_270_flip_0,4.016176223754883
42,1,c 4,d4,scale_1.0_rot_270_flip_0,3.1795310974121094
42,1,1000 ppm 1 8,d4,scale_1.0_rot_270_flip_0,3.5567820072174072
42,1,c 3,d4,scale_1.0_rot_270_flip_0,3.475503921508789
42,1,800 ppm 1 9,d4,scale_1.0_rot_270_flip_0,3.7192931175231934
42,1,1000 ppm 3 2,d4,scale_1.0_rot_270_flip_0,3.7999823093414307
42,1,1000 ppm 5 4,d4,scale_1.0_rot_270_flip_0,4.083929061889648
42,1,1000 ppm 3 5,d4,scale_1.0_rot_270_flip_0,3.786785364151001
42,1,800 ppm 1 4,d4,scale_1.0_rot_270_flip_0,3.840019464492798
42,1,1000 ppm 1 7,d4,scale_1.0_rot_270_flip_0,3.921950340270996
42,1,1000 ppm 3 4,d4,scale_1.0_rot_270_flip_0,4.039281845092773
42,1,400 ppm 5 1,d4,scale_1.0_rot_270_flip_0,3.0480475425720215
42,1,1000 ppm 2 4,d4,scale_1.0_rot_270_flip_0,3.9014241695404053
42,1,600 ppm 5 5,d4,scale_1.0_rot_270_flip_1,3.7856428623199463
42,1,1000 ppm 4 3,d4,scale_1.0_rot_270_flip_1,3.94248104095459
42,1,1000 ppm 3 9,d4,scale_1.0_rot_270_flip_1,3.7821695804595947
42,1,1000 ppm 3 10,d4,scale_1.0_rot_270_flip_1,3.7557260990142822
42,1,600 ppm 3 7,d4,scale_1.0_rot_270_flip_1,4.1470866203308105
42,1,800 ppm 5 7,d4,scale_1.0_rot_270_flip_1,4.091550827026367
42,1,400 ppm 4 4,d4,scale_1.0_rot_270_flip_1,3.7981483936309814
42,1,800 ppm 2 8,d4,scale_1.0_rot_270_flip_1,3.798443555831909
42,1,400 ppm 3 2,d4,scale_1.0_rot_270_flip_1,3.865098237991333
42,1,800 ppm 3 9,d4,scale_1.0_rot_270_flip_1,3.9026432037353516
42,1,1000 ppm 5 1,d4,scale_1.0_rot_270_flip_1,3.7521746158599854
42,1,800 ppm 4 5,d4,scale_1.0_rot_270_flip_1,4.110384941101074
42,1,800 ppm 2 1,d4,scale_1.0_rot_270_flip_1,4.037484645843506
42,1,400 ppm 1 5,d4,scale_1.0_rot_270_flip_1,3.9319629669189453
42,1,400 ppm 4 8,d4,scale_1.0_rot_270_flip_1,3.9074864387512207
42,1,800 ppm 3 4,d4,scale_1.0_rot_270_flip_1,3.6884913444519043
42,1,1000 ppm 2 1,d4,scale_1.0_rot_270_flip_1,2.940574884414673
42,1,400 ppm 3 10,d4,scale_1.0_rot_270_flip_1,3.6142163276672363
42,1,1000 ppm 3 3,d4,scale_1.0_rot_270_flip_1,3.8328874111175537
42,1,c 9,d4,scale_1.0_rot_270_flip_1,3.2205135822296143
42,1,800 ppm 3 3,d4,scale_1.0_rot_270_flip_1,3.9997775554656982
42,1,800 ppm 2 9,d4,scale_1.0_rot_270_flip_1,3.5665574073791504
42,1,600 ppm 2 9,d4,scale_1.0_rot_270_flip_1,4.081028938293457
42,1,400 ppm 2 10,d4,scale_1.0_rot_270_flip_1,3.5376195907592773
42,1,800 ppm 4 7,d4,scale_1.0_rot_270_flip_1,3.6602532863616943
42,1,1000 ppm 2 7,d4,scale_1.0_rot_270_flip_1,3.4257164001464844
42,1,800 ppm 5 9,d4,scale_1.0_rot_270_flip_1,3.5407536029815674
42,1,600 ppm 3 6,d4,scale_1.0_rot_270_flip_1,3.806731939315796
42,1,1000 ppm 1 5,d4,scale_1.0_rot_270_flip_1,3.7583348751068115
42,1,600 ppm 5 10,d4,scale_1.0_rot_270_flip_1,3.1628236770629883
42,1,600 ppm 2 5,d4,scale_1.0_rot_270_flip_1,4.032968044281006
42,1,800 ppm 1 10,d4,scale_1.0_rot_270_flip_1,3.719489812850952
42,1,1000 ppm 3 8,d4,scale_1.0_rot_270_flip_1,3.7246501445770264
42,1,800 ppm 2 3,d4,scale_1.0_rot_270_flip_1,4.122482776641846
42,1,1000 ppm 5 7,d4,scale_1.0_rot_270_flip_1,3.755598545074463
42,1,400 ppm 1 3,d4,scale_1.0_rot_270_flip_1,4.062958717346191
42,1,800 ppm 4 6,d4,scale_1.0_rot_270_flip_1,2.937089443206787
42,1,600 ppm 5 4,d4,scale_1.0_rot_270_flip_1,3.3782012462615967
42,1,400 ppm 2 7,d4,scale_1.0_rot_270_flip_1,3.2570865154266357
42,1,1000 ppm 5 9,d4,scale_1.0_rot_270_flip_1,3.867666721343994
42,1,400 ppm 5 8,d4,scale_1.0_rot_270_flip_1,3.919844150543213
42,1,c 4,d4,scale_1.0_rot_270_flip_1,3.131931781768799
42,1,1000 ppm 1 8,d4,scale_1.0_rot_270_flip_1,3.5797524452209473
42,1,c 3,d4,scale_1.0_rot_270_flip_1,3.590242862701416
42,1,800 ppm 1 9,d4,scale_1.0_rot_270_flip_1,3.6056158542633057
42,1,1000 ppm 3 2,d4,scale_1.0_rot_270_flip_1,3.861234188079834
42,1,1000 ppm 5 4,d4,scale_1.0_rot_270_flip_1,4.029626846313477
42,1,1000 ppm 3 5,d4,scale_1.0_rot_270_flip_1,3.750148057937622
42,1,800 ppm 1 4,d4,scale_1.0_rot_270_flip_1,3.660480260848999
42,1,1000 ppm 1 7,d4,scale_1.0_rot_270_flip_1,4.0380754470825195
42,1,1000 ppm 3 4,d4,scale_1.0_rot_270_flip_1,3.856581449508667
42,1,400 ppm 5 1,d4,scale_1.0_rot_270_flip_1,3.037576913833618
42,1,1000 ppm 2 4,d4,scale_1.0_rot_270_flip_1,3.955235242843628
42,2,800 ppm 4 4,single,scale_1.0_rot_0_flip_0,3.4318721294403076
42,2,400 ppm 1 10,single,scale_1.0_rot_0_flip_0,2.6217408180236816
42,2,c 8,single,scale_1.0_rot_0_flip_0,-0.0011901557445526123
42,2,800 ppm 5 8,single,scale_1.0_rot_0_flip_0,2.959038496017456
42,2,600 ppm 3 4,single,scale_1.0_rot_0_flip_0,2.9157514572143555
42,2,1000 ppm 2 10,single,scale_1.0_rot_0_flip_0,2.9024386405944824
42,2,800 ppm 3 1,single,scale_1.0_rot_0_flip_0,2.687805414199829
42,2,400 ppm 4 3,single,scale_1.0_rot_0_flip_0,2.42942476272583
42,2,600 ppm 1 2,single,scale_1.0_rot_0_flip_0,3.2873177528381348
42,2,400 ppm 3 7,single,scale_1.0_rot_0_flip_0,1.7593175172805786
42,2,600 ppm 2 10,single,scale_1.0_rot_0_flip_0,4.689817905426025
42,2,800 ppm 5 5,single,scale_1.0_rot_0_flip_0,3.762627601623535
42,2,400 ppm 5 2,single,scale_1.0_rot_0_flip_0,2.1719982624053955
42,2,800 ppm 1 2,single,scale_1.0_rot_0_flip_0,4.57161808013916
42,2,600 ppm 3 5,single,scale_1.0_rot_0_flip_0,2.5559017658233643
42,2,800 ppm 2 5,single,scale_1.0_rot_0_flip_0,1.9750274419784546
42,2,1000 ppm 5 3,single,scale_1.0_rot_0_flip_0,2.9542758464813232
42,2,400 ppm 5 10,single,scale_1.0_rot_0_flip_0,4.125233173370361
42,2,1000 ppm 2 5,single,scale_1.0_rot_0_flip_0,3.205965042114258
42,2,400 ppm 2 4,single,scale_1.0_rot_0_flip_0,3.2386746406555176
42,2,600 ppm 4 6,single,scale_1.0_rot_0_flip_0,2.058483600616455
42,2,c 6,single,scale_1.0_rot_0_flip_0,1.159413456916809
42,2,800 ppm 1 7,single,scale_1.0_rot_0_flip_0,3.2448625564575195
42,2,1000 ppm 5 2,single,scale_1.0_rot_0_flip_0,3.046800374984741
42,2,600 ppm 2 1,single,scale_1.0_rot_0_flip_0,4.863195896148682
42,2,400 ppm 4 1,single,scale_1.0_rot_0_flip_0,2.5443904399871826
42,2,600 ppm 4 4,single,scale_1.0_rot_0_flip_0,3.490236759185791
42,2,600 ppm 2 8,single,scale_1.0_rot_0_flip_0,3.3390283584594727
42,2,400 ppm 1 6,single,scale_1.0_rot_0_flip_0,2.5248398780822754
42,2,1000 ppm 4 9,single,scale_1.0_rot_0_flip_0,4.642856121063232
42,2,400 ppm 3 9,single,scale_1.0_rot_0_flip_0,2.4324121475219727
42,2,600 ppm 2 6,single,scale_1.0_rot_0_flip_0,5.611852169036865
42,2,600 ppm 4 5,single,scale_1.0_rot_0_flip_0,4.385322093963623
42,2,600 ppm 4 9,single,scale_1.0_rot_0_flip_0,3.3848037719726562
42,2,400 ppm 2 9,single,scale_1.0_rot_0_flip_0,2.4952566623687744
42,2,800 ppm 1 1,single,scale_1.0_rot_0_flip_0,3.7507877349853516
42,2,1000 ppm 4 5,single,scale_1.0_rot_0_flip_0,3.5349817276000977
42,2,1000 ppm 1 1,single,scale_1.0_rot_0_flip_0,3.797494649887085
42,2,600 ppm 1 8,single,scale_1.0_rot_0_flip_0,1.8654030561447144
42,2,600 ppm 5 7,single,scale_1.0_rot_0_flip_0,2.5596694946289062
42,2,1000 ppm 2 8,single,scale_1.0_rot_0_flip_0,5.486013889312744
42,2,600 ppm 1 5,single,scale_1.0_rot_0_flip_0,3.140359401702881
42,2,600 ppm 1 9,single,scale_1.0_rot_0_flip_0,3.169212818145752
42,2,600 ppm 2 2,single,scale_1.0_rot_0_flip_0,4.295286178588867
42,2,600 ppm 5 2,single,scale_1.0_rot_0_flip_0,3.0714120864868164
42,2,800 ppm 4 9,single,scale_1.0_rot_0_flip_0,2.994035243988037
42,2,600 ppm 2 4,single,scale_1.0_rot_0_flip_0,4.255094051361084
42,2,600 ppm 4 7,single,scale_1.0_rot_0_flip_0,2.7038230895996094
42,2,1000 ppm 5 8,single,scale_1.0_rot_0_flip_0,3.40872859954834
42,2,600 ppm 5 3,single,scale_1.0_rot_0_flip_0,4.228928089141846
42,2,1000 ppm 4 4,single,scale_1.0_rot_0_flip_0,4.049010753631592
42,2,1000 ppm 4 7,single,scale_1.0_rot_0_flip_0,4.843163967132568
42,2,800 ppm 4 4,d4,scale_1.0_rot_0_flip_0,3.4318721294403076
42,2,400 ppm 1 10,d4,scale_1.0_rot_0_flip_0,2.6217408180236816
42,2,c 8,d4,scale_1.0_rot_0_flip_0,-0.0011901557445526123
42,2,800 ppm 5 8,d4,scale_1.0_rot_0_flip_0,2.959038496017456
42,2,600 ppm 3 4,d4,scale_1.0_rot_0_flip_0,2.9157514572143555
42,2,1000 ppm 2 10,d4,scale_1.0_rot_0_flip_0,2.9024386405944824
42,2,800 ppm 3 1,d4,scale_1.0_rot_0_flip_0,2.687805414199829
42,2,400 ppm 4 3,d4,scale_1.0_rot_0_flip_0,2.42942476272583
42,2,600 ppm 1 2,d4,scale_1.0_rot_0_flip_0,3.2873177528381348
42,2,400 ppm 3 7,d4,scale_1.0_rot_0_flip_0,1.7593175172805786
42,2,600 ppm 2 10,d4,scale_1.0_rot_0_flip_0,4.689817905426025
42,2,800 ppm 5 5,d4,scale_1.0_rot_0_flip_0,3.762627601623535
42,2,400 ppm 5 2,d4,scale_1.0_rot_0_flip_0,2.1719982624053955
42,2,800 ppm 1 2,d4,scale_1.0_rot_0_flip_0,4.57161808013916
42,2,600 ppm 3 5,d4,scale_1.0_rot_0_flip_0,2.5559017658233643
42,2,800 ppm 2 5,d4,scale_1.0_rot_0_flip_0,1.9750274419784546
42,2,1000 ppm 5 3,d4,scale_1.0_rot_0_flip_0,2.9542758464813232
42,2,400 ppm 5 10,d4,scale_1.0_rot_0_flip_0,4.125233173370361
42,2,1000 ppm 2 5,d4,scale_1.0_rot_0_flip_0,3.205965042114258
42,2,400 ppm 2 4,d4,scale_1.0_rot_0_flip_0,3.2386746406555176
42,2,600 ppm 4 6,d4,scale_1.0_rot_0_flip_0,2.058483600616455
42,2,c 6,d4,scale_1.0_rot_0_flip_0,1.159413456916809
42,2,800 ppm 1 7,d4,scale_1.0_rot_0_flip_0,3.2448625564575195
42,2,1000 ppm 5 2,d4,scale_1.0_rot_0_flip_0,3.046800374984741
42,2,600 ppm 2 1,d4,scale_1.0_rot_0_flip_0,4.863195896148682
42,2,400 ppm 4 1,d4,scale_1.0_rot_0_flip_0,2.5443904399871826
42,2,600 ppm 4 4,d4,scale_1.0_rot_0_flip_0,3.490236759185791
42,2,600 ppm 2 8,d4,scale_1.0_rot_0_flip_0,3.3390283584594727
42,2,400 ppm 1 6,d4,scale_1.0_rot_0_flip_0,2.5248398780822754
42,2,1000 ppm 4 9,d4,scale_1.0_rot_0_flip_0,4.642856121063232
42,2,400 ppm 3 9,d4,scale_1.0_rot_0_flip_0,2.4324121475219727
42,2,600 ppm 2 6,d4,scale_1.0_rot_0_flip_0,5.611852169036865
42,2,600 ppm 4 5,d4,scale_1.0_rot_0_flip_0,4.385322093963623
42,2,600 ppm 4 9,d4,scale_1.0_rot_0_flip_0,3.3848037719726562
42,2,400 ppm 2 9,d4,scale_1.0_rot_0_flip_0,2.4952566623687744
42,2,800 ppm 1 1,d4,scale_1.0_rot_0_flip_0,3.7507877349853516
42,2,1000 ppm 4 5,d4,scale_1.0_rot_0_flip_0,3.5349817276000977
42,2,1000 ppm 1 1,d4,scale_1.0_rot_0_flip_0,3.797494649887085
42,2,600 ppm 1 8,d4,scale_1.0_rot_0_flip_0,1.8654030561447144
42,2,600 ppm 5 7,d4,scale_1.0_rot_0_flip_0,2.5596694946289062
42,2,1000 ppm 2 8,d4,scale_1.0_rot_0_flip_0,5.486013889312744
42,2,600 ppm 1 5,d4,scale_1.0_rot_0_flip_0,3.140359401702881
42,2,600 ppm 1 9,d4,scale_1.0_rot_0_flip_0,3.169212818145752
42,2,600 ppm 2 2,d4,scale_1.0_rot_0_flip_0,4.295286178588867
42,2,600 ppm 5 2,d4,scale_1.0_rot_0_flip_0,3.0714120864868164
42,2,800 ppm 4 9,d4,scale_1.0_rot_0_flip_0,2.994035243988037
42,2,600 ppm 2 4,d4,scale_1.0_rot_0_flip_0,4.255094051361084
42,2,600 ppm 4 7,d4,scale_1.0_rot_0_flip_0,2.7038230895996094
42,2,1000 ppm 5 8,d4,scale_1.0_rot_0_flip_0,3.40872859954834
42,2,600 ppm 5 3,d4,scale_1.0_rot_0_flip_0,4.228928089141846
42,2,1000 ppm 4 4,d4,scale_1.0_rot_0_flip_0,4.049010753631592
42,2,1000 ppm 4 7,d4,scale_1.0_rot_0_flip_0,4.843163967132568
42,2,800 ppm 4 4,d4,scale_1.0_rot_0_flip_1,3.3011786937713623
42,2,400 ppm 1 10,d4,scale_1.0_rot_0_flip_1,2.6313390731811523
42,2,c 8,d4,scale_1.0_rot_0_flip_1,-0.13330337405204773
42,2,800 ppm 5 8,d4,scale_1.0_rot_0_flip_1,2.98162579536438
42,2,600 ppm 3 4,d4,scale_1.0_rot_0_flip_1,2.9097485542297363
42,2,1000 ppm 2 10,d4,scale_1.0_rot_0_flip_1,2.753793478012085
42,2,800 ppm 3 1,d4,scale_1.0_rot_0_flip_1,2.7577967643737793
42,2,400 ppm 4 3,d4,scale_1.0_rot_0_flip_1,2.508857011795044
42,2,600 ppm 1 2,d4,scale_1.0_rot_0_flip_1,3.5509934425354004
42,2,400 ppm 3 7,d4,scale_1.0_rot_0_flip_1,1.8378063440322876
42,2,600 ppm 2 10,d4,scale_1.0_rot_0_flip_1,4.784388542175293
42,2,800 ppm 5 5,d4,scale_1.0_rot_0_flip_1,3.7620062828063965
42,2,400 ppm 5 2,d4,scale_1.0_rot_0_flip_1,2.4318594932556152
42,2,800 ppm 1 2,d4,scale_1.0_rot_0_flip_1,4.354177474975586
42,2,600 ppm 3 5,d4,scale_1.0_rot_0_flip_1,2.566185474395752
42,2,800 ppm 2 5,d4,scale_1.0_rot_0_flip_1,1.9147340059280396
42,2,1000 ppm 5 3,d4,scale_1.0_rot_0_flip_1,2.8069405555725098
42,2,400 ppm 5 10,d4,scale_1.0_rot_0_flip_1,4.428295612335205
42,2,1000 ppm 2 5,d4,scale_1.0_rot_0_flip_1,2.9443137645721436
42,2,400 ppm 2 4,d4,scale_1.0_rot_0_flip_1,3.009479522705078
42,2,600 ppm 4 6,d4,scale_1.0_rot_0_flip_1,1.8506369590759277
42,2,c 6,d4,scale_1.0_rot_0_flip_1,1.2229211330413818
42,2,800 ppm 1 7,d4,scale_1.0_rot_0_flip_1,3.5777151584625244
42,2,1000 ppm 5 2,d4,scale_1.0_rot_0_flip_1,3.126629114151001
42,2,600 ppm 2 1,d4,scale_1.0_rot_0_flip_1,4.582961082458496
42,2,400 ppm 4 1,d4,scale_1.0_rot_0_flip_1,2.7373697757720947
42,2,600 ppm 4 4,d4,scale_1.0_rot_0_flip_1,3.339003086090088
42,2,600 ppm 2 8,d4,scale_1.0_rot_0_flip_1,3.337676525115967
42,2,400 ppm 1 6,d4,scale_1.0_rot_0_flip_1,2.5946543216705322
42,2,1000 ppm 4 9,d4,scale_1.0_rot_0_flip_1,5.037096977233887
42,2,400 ppm 3 9,d4,scale_1.0_rot_0_flip_1,2.4979121685028076
42,2,600 ppm 2 6,d4,scale_1.0_rot_0_flip_1,5.5606865882873535
42,2,600 ppm 4 5,d4,scale_1.0_rot_0_flip_1,4.352571964263916
42,2,600 ppm 4 9,d4,scale_1.0_rot_0_flip_1,3.4665167331695557
42,2,400 ppm 2 9,d4,scale_1.0_rot_0_flip_1,2.4341626167297363
42,2,800 ppm 1 1,d4,scale_1.0_rot_0_flip_1,3.4124319553375244
42,2,1000 ppm 4 5,d4,scale_1.0_rot_0_flip_1,3.257615566253662
42,2,1000 ppm 1 1,d4,scale_1.0_rot_0_flip_1,3.7386021614074707
42,2,600 ppm 1 8,d4,scale_1.0_rot_0_flip_1,2.1932296752929688
42,2,600 ppm 5 7,d4,scale_1.0_rot_0_flip_1,2.594865560531616
42,2,1000 ppm 2 8,d4,scale_1.0_rot_0_flip_1,5.394712924957275
42,2,600 ppm 1 5,d4,scale_1.0_rot_0_flip_1,3.225050687789917
42,2,600 ppm 1 9,d4,scale_1.0_rot_0_flip_1,3.2533841133117676
42,2,600 ppm 2 2,d4,scale_1.0_rot_0_flip_1,4.2276129722595215
42,2,600 ppm 5 2,d4,scale_1.0_rot_0_flip_1,3.0632429122924805
42,2,800 ppm 4 9,d4,scale_1.0_rot_0_flip_1,2.9137978553771973
42,2,600 ppm 2 4,d4,scale_1.0_rot_0_flip_1,4.470391273498535
42,2,600 ppm 4 7,d4,scale_1.0_rot_0_flip_1,2.8173203468322754
42,2,1000 ppm 5 8,d4,scale_1.0_rot_0_flip_1,3.876405715942383
42,2,600 ppm 5 3,d4,scale_1.0_rot_0_flip_1,3.8588216304779053
42,2,1000 ppm 4 4,d4,scale_1.0_rot_0_flip_1,4.101023197174072
42,2,1000 ppm 4 7,d4,scale_1.0_rot_0_flip_1,5.077329158782959
42,2,800 ppm 4 4,d4,scale_1.0_rot_90_flip_0,4.607837677001953
42,2,400 ppm 1 10,d4,scale_1.0_rot_90_flip_0,3.037257432937622
42,2,c 8,d4,scale_1.0_rot_90_flip_0,1.0258125066757202
42,2,800 ppm 5 8,d4,scale_1.0_rot_90_flip_0,4.268744468688965
42,2,600 ppm 3 4,d4,scale_1.0_rot_90_flip_0,4.112587928771973
42,2,1000 ppm 2 10,d4,scale_1.0_rot_90_flip_0,3.7537474632263184
42,2,800 ppm 3 1,d4,scale_1.0_rot_90_flip_0,3.787729263305664
42,2,400 ppm 4 3,d4,scale_1.0_rot_90_flip_0,2.87813663482666
42,2,600 ppm 1 2,d4,scale_1.0_rot_90_flip_0,4.212559223175049
42,2,400 ppm 3 7,d4,scale_1.0_rot_90_flip_0,2.3492655754089355
42,2,600 ppm 2 10,d4,scale_1.0_rot_90_flip_0,4.540568828582764
42,2,800 ppm 5 5,d4,scale_1.0_rot_90_flip_0,4.038914680480957
42,2,400 ppm 5 2,d4,scale_1.0_rot_90_flip_0,3.577608585357666
42,2,800 ppm 1 2,d4,scale_1.0_rot_90_flip_0,4.466604232788086
42,2,600 ppm 3 5,d4,scale_1.0_rot_90_flip_0,3.3277535438537598
42,2,800 ppm 2 5,d4,scale_1.0_rot_90_flip_0,3.171110153198242
42,2,1000 ppm 5 3,d4,scale_1.0_rot_90_flip_0,3.705198287963867
42,2,400 ppm 5 10,d4,scale_1.0_rot_90_flip_0,4.917720794677734
42,2,1000 ppm 2 5,d4,scale_1.0_rot_90_flip_0,4.348182678222656
42,2,400 ppm 2 4,d4,scale_1.0_rot_90_flip_0,3.6344244480133057
42,2,600 ppm 4 6,d4,scale_1.0_rot_90_flip_0,2.7805967330932617
42,2,c 6,d4,scale_1.0_rot_90_flip_0,2.360384464263916
42,2,800 ppm 1 7,d4,scale_1.0_rot_90_flip_0,3.98118257522583
42,2,1000 ppm 5 2,d4,scale_1.0_rot_90_flip_0,3.5761775970458984
42,2,600 ppm 2 1,d4,scale_1.0_rot_90_flip_0,5.220118045806885
42,2,400 ppm 4 1,d4,scale_1.0_rot_90_flip_0,3.241088390350342
42,2,600 ppm 4 4,d4,scale_1.0_rot_90_flip_0,3.5238192081451416
42,2,600 ppm 2 8,d4,scale_1.0_rot_90_flip_0,4.331819534301758
42,2,400 ppm 1 6,d4,scale_1.0_rot_90_flip_0,3.938326597213745
42,2,1000 ppm 4 9,d4,scale_1.0_rot_90_flip_0,4.2023420333862305
42,2,400 ppm 3 9,d4,scale_1.0_rot_90_flip_0,3.4453511238098145
42,2,600 ppm 2 6,d4,scale_1.0_rot_90_flip_0,4.933351993560791
42,2,600 ppm 4 5,d4,scale_1.0_rot_90_flip_0,5.023841381072998
42,2,600 ppm 4 9,d4,scale_1.0_rot_90_flip_0,4.476487636566162
42,2,400 ppm 2 9,d4,scale_1.0_rot_90_flip_0,3.4630966186523438
42,2,800 ppm 1 1,d4,scale_1.0_rot_90_flip_0,4.354559421539307
42,2,1000 ppm 4 5,d4,scale_1.0_rot_90_flip_0,4.8293585777282715
42,2,1000 ppm 1 1,d4,scale_1.0_rot_90_flip_0,4.164127349853516
42,2,600 ppm 1 8,d4,scale_1.0_rot_90_flip_0,2.7206082344055176
42,2,600 ppm 5 7,d4,scale_1.0_rot_90_flip_0,3.4437944889068604
42,2,1000 ppm 2 8,d4,scale_1.0_rot_90_flip_0,5.353194236755371
42,2,600 ppm 1 5,d4,scale_1.0_rot_90_flip_0,3.7726705074310303
42,2,600 ppm 1 9,d4,scale_1.0_rot_90_flip_0,3.975851535797119
42,2,600 ppm 2 2,d4,scale_1.0_rot_90_flip_0,4.972955226898193
42,2,600 ppm 5 2,d4,scale_1.0_rot_90_flip_0,4.043060779571533
42,2,800 ppm 4 9,d4,scale_1.0_rot_90_flip_0,3.927499771118164
42,2,600 ppm 2 4,d4,scale_1.0_rot_90_flip_0,5.101561069488525
42,2,600 ppm 4 7,d4,scale_1.0_rot_90_flip_0,3.650735378265381
42,2,1000 ppm 5 8,d4,scale_1.0_rot_90_flip_0,4.608937740325928
42,2,600 ppm 5 3,d4,scale_1.0_rot_90_flip_0,4.683958530426025
42,2,1000 ppm 4 4,d4,scale_1.0_rot_90_flip_0,4.8808159828186035
42,2,1000 ppm 4 7,d4,scale_1.0_rot_90_flip_0,5.459112644195557
42,2,800 ppm 4 4,d4,scale_1.0_rot_90_flip_1,4.280420780181885
42,2,400 ppm 1 10,d4,scale_1.0_rot_90_flip_1,3.0473084449768066
42,2,c 8,d4,scale_1.0_rot_90_flip_1,1.0237233638763428
42,2,800 ppm 5 8,d4,scale_1.0_rot_90_flip_1,4.386334419250488
42,2,600 ppm 3 4,d4,scale_1.0_rot_90_flip_1,4.141230583190918
42,2,1000 ppm 2 10,d4,scale_1.0_rot_90_flip_1,3.8323631286621094
42,2,800 ppm 3 1,d4,scale_1.0_rot_90_flip_1,3.5274388790130615
42,2,400 ppm 4 3,d4,scale_1.0_rot_90_flip_1,2.717151641845703
42,2,600 ppm 1 2,d4,scale_1.0_rot_90_flip_1,4.52040433883667
42,2,400 ppm 3 7,d4,scale_1.0_rot_90_flip_1,2.402639627456665
42,2,600 ppm 2 10,d4,scale_1.0_rot_90_flip_1,4.720815658569336
42,2,800 ppm 5 5,d4,scale_1.0_rot_90_flip_1,3.997235059738159
42,2,400 ppm 5 2,d4,scale_1.0_rot_90_flip_1,3.3411457538604736
42,2,800 ppm 1 2,d4,scale_1.0_rot_90_flip_1,4.464588642120361
42,2,600 ppm 3 5,d4,scale_1.0_rot_90_flip_1,3.425523519515991
42,2,800 ppm 2 5,d4,scale_1.0_rot_90_flip_1,3.279123067855835
42,2,1000 ppm 5 3,d4,scale_1.0_rot_90_flip_1,3.8011908531188965
42,2,400 ppm 5 10,d4,scale_1.0_rot_90_flip_1,4.933720588684082
42,2,1000 ppm 2 5,d4,scale_1.0_rot_90_flip_1,4.236361980438232
42,2,400 ppm 2 4,d4,scale_1.0_rot_90_flip_1,3.8960602283477783
42,2,600 ppm 4 6,d4,scale_1.0_rot_90_flip_1,2.5764570236206055
42,2,c 6,d4,scale_1.0_rot_90_flip_1,2.4550108909606934
42,2,800 ppm 1 7,d4,scale_1.0_rot_90_flip_1,3.76527738571167
42,2,1000 ppm 5 2,d4,scale_1.0_rot_90_flip_1,3.7042806148529053
42,2,600 ppm 2 1,d4,scale_1.0_rot_90_flip_1,5.286779880523682
42,2,400 ppm 4 1,d4,scale_1.0_rot_90_flip_1,3.5404765605926514
42,2,600 ppm 4 4,d4,scale_1.0_rot_90_flip_1,3.6265501976013184
42,2,600 ppm 2 8,d4,scale_1.0_rot_90_flip_1,4.576427459716797
42,2,400 ppm 1 6,d4,scale_1.0_rot_90_flip_1,4.077976226806641
42,2,1000 ppm 4 9,d4,scale_1.0_rot_90_flip_1,4.351672649383545
42,2,400 ppm 3 9,d4,scale_1.0_rot_90_flip_1,3.4844536781311035
42,2,600 ppm 2 6,d4,scale_1.0_rot_90_flip_1,4.718773365020752
42,2,600 ppm 4 5,d4,scale_1.0_rot_90_flip_1,5.175220012664795
42,2,600 ppm 4 9,d4,scale_1.0_rot_90_flip_1,4.452662467956543
42,2,400 ppm 2 9,d4,scale_1.0_rot_90_flip_1,3.278341054916382
42,2,800 ppm 1 1,d4,scale_1.0_rot_90_flip_1,4.019770622253418
42,2,1000 ppm 4 5,d4,scale_1.0_rot_90_flip_1,4.5032734870910645
42,2,1000 ppm 1 1,d4,scale_1.0_rot_90_flip_1,4.111270904541016
42,2,600 ppm 1 8,d4,scale_1.0_rot_90_flip_1,2.7353713512420654
42,2,600 ppm 5 7,d4,scale_1.0_rot_90_flip_1,3.5776491165161133
42,2,1000 ppm 2 8,d4,scale_1.0_rot_90_flip_1,5.417799472808838
42,2,600 ppm 1 5,d4,scale_1.0_rot_90_flip_1,3.6922335624694824
42,2,600 ppm 1 9,d4,scale_1.0_rot_90_flip_1,4.1542229652404785
42,2,600 ppm 2 2,d4,scale_1.0_rot_90_flip_1,5.24729061126709
42,2,600 ppm 5 2,d4,scale_1.0_rot_90_flip_1,4.393093109130859
42,2,800 ppm 4 9,d4,scale_1.0_rot_90_flip_1,3.9639358520507812
42,2,600 ppm 2 4,d4,scale_1.0_rot_90_flip_1,5.060827732086182
42,2,600 ppm 4 7,d4,scale_1.0_rot_90_flip_1,3.5445966720581055
42,2,1000 ppm 5 8,d4,scale_1.0_rot_90_flip_1,4.4745073318481445
42,2,600 ppm 5 3,d4,scale_1.0_rot_90_flip_1,4.510368347167969
42,2,1000 ppm 4 4,d4,scale_1.0_rot_90_flip_1,4.796048641204834
42,2,1000 ppm 4 7,d4,scale_1.0_rot_90_flip_1,5.307258129119873
42,2,800 ppm 4 4,d4,scale_1.0_rot_180_flip_0,3.83019757270813
42,2,400 ppm 1 10,d4,scale_1.0_rot_180_flip_0,3.069521903991699
42,2,c 8,d4,scale_1.0_rot_180_flip_0,0.6200659275054932
42,2,800 ppm 5 8,d4,scale_1.0_rot_180_flip_0,3.772744655609131
42,2,600 ppm 3 4,d4,scale_1.0_rot_180_flip_0,3.848430633544922
42,2,1000 ppm 2 10,d4,scale_1.0_rot_180_flip_0,3.2272090911865234
42,2,800 ppm 3 1,d4,scale_1.0_rot_180_flip_0,3.2483062744140625
42,2,400 ppm 4 3,d4,scale_1.0_rot_180_flip_0,3.144930839538574
42,2,600 ppm 1 2,d4,scale_1.0_rot_180_flip_0,3.9525866508483887
42,2,400 ppm 3 7,d4,scale_1.0_rot_180_flip_0,1.7668132781982422
42,2,600 ppm 2 10,d4,scale_1.0_rot_180_flip_0,3.872126817703247
42,2,800 ppm 5 5,d4,scale_1.0_rot_180_flip_0,5.093087673187256
42,2,400 ppm 5 2,d4,scale_1.0_rot_180_flip_0,3.362456798553467
42,2,800 ppm 1 2,d4,scale_1.0_rot_180_flip_0,4.458330154418945
42,2,600 ppm 3 5,d4,scale_1.0_rot_180_flip_0,2.8845863342285156
42,2,800 ppm 2 5,d4,scale_1.0_rot_180_flip_0,2.655071258544922
42,2,1000 ppm 5 3,d4,scale_1.0_rot_180_flip_0,3.6569645404815674
42,2,400 ppm 5 10,d4,scale_1.0_rot_180_flip_0,4.487301826477051
42,2,1000 ppm 2 5,d4,scale_1.0_rot_180_flip_0,3.0842692852020264
42,2,400 ppm 2 4,d4,scale_1.0_rot_180_flip_0,3.334501266479492
42,2,600 ppm 4 6,d4,scale_1.0_rot_180_flip_0,3.142233371734619
42,2,c 6,d4,scale_1.0_rot_180_flip_0,1.97427499294281
42,2,800 ppm 1 7,d4,scale_1.0_rot_180_flip_0,4.197487831115723
42,2,1000 ppm 5 2,d4,scale_1.0_rot_180_flip_0,3.8226823806762695
42,2,600 ppm 2 1,d4,scale_1.0_rot_180_flip_0,5.120734691619873
42,2,400 ppm 4 1,d4,scale_1.0_rot_180_flip_0,3.5730276107788086
42,2,600 ppm 4 4,d4,scale_1.0_rot_180_flip_0,3.516929864883423
42,2,600 ppm 2 8,d4,scale_1.0_rot_180_flip_0,3.6207947731018066
42,2,400 ppm 1 6,d4,scale_1.0_rot_180_flip_0,3.784787178039551
42,2,1000 ppm 4 9,d4,scale_1.0_rot_180_flip_0,5.446558475494385
42,2,400 ppm 3 9,d4,scale_1.0_rot_180_flip_0,3.2359776496887207
42,2,600 ppm 2 6,d4,scale_1.0_rot_180_flip_0,5.010819435119629
42,2,600 ppm 4 5,d4,scale_1.0_rot_180_flip_0,5.310710906982422
42,2,600 ppm 4 9,d4,scale_1.0_rot_180_flip_0,4.162856578826904
42,2,400 ppm 2 9,d4,scale_1.0_rot_180_flip_0,3.5148887634277344
42,2,800 ppm 1 1,d4,scale_1.0_rot_180_flip_0,3.8549625873565674
42,2,1000 ppm 4 5,d4,scale_1.0_rot_180_flip_0,4.3774638175964355
42,2,1000 ppm 1 1,d4,scale_1.0_rot_180_flip_0,4.157491207122803
42,2,600 ppm 1 8,d4,scale_1.0_rot_180_flip_0,2.6751809120178223
42,2,600 ppm 5 7,d4,scale_1.0_rot_180_flip_0,3.153208017349243
42,2,1000 ppm 2 8,d4,scale_1.0_rot_180_flip_0,5.61154317855835
42,2,600 ppm 1 5,d4,scale_1.0_rot_180_flip_0,3.065314769744873
42,2,600 ppm 1 9,d4,scale_1.0_rot_180_flip_0,3.872295379638672
42,2,600 ppm 2 2,d4,scale_1.0_rot_180_flip_0,4.808318138122559
42,2,600 ppm 5 2,d4,scale_1.0_rot_180_flip_0,3.8059656620025635
42,2,800 ppm 4 9,d4,scale_1.0_rot_180_flip_0,3.4241838455200195
42,2,600 ppm 2 4,d4,scale_1.0_rot_180_flip_0,4.762598991394043
42,2,600 ppm 4 7,d4,scale_1.0_rot_180_flip_0,3.447805404663086
42,2,1000 ppm 5 8,d4,scale_1.0_rot_180_flip_0,4.6246514320373535
42,2,600 ppm 5 3,d4,scale_1.0_rot_180_flip_0,4.382155895233154
42,2,1000 ppm 4 4,d4,scale_1.0_rot_180_flip_0,4.661632061004639
42,2,1000 ppm 4 7,d4,scale_1.0_rot_180_flip_0,4.901193141937256
42,2,800 ppm 4 4,d4,scale_1.0_rot_180_flip_1,3.6415863037109375
42,2,400 ppm 1 10,d4,scale_1.0_rot_180_flip_1,2.8920540809631348
42,2,c 8,d4,scale_1.0_rot_180_flip_1,0.8367139101028442
42,2,800 ppm 5 8,d4,scale_1.0_rot_180_flip_1,3.6015753746032715
42,2,600 ppm 3 4,d4,scale_1.0_rot_180_flip_1,3.8898544311523438
42,2,1000 ppm 2 10,d4,scale_1.0_rot_180_flip_1,3.1020679473876953
42,2,800 ppm 3 1,d4,scale_1.0_rot_180_flip_1,3.1860551834106445
42,2,400 ppm 4 3,d4,scale_1.0_rot_180_flip_1,3.0144622325897217
42,2,600 ppm 1 2,d4,scale_1.0_rot_180_flip_1,3.9244351387023926
42,2,400 ppm 3 7,d4,scale_1.0_rot_180_flip_1,1.587497591972351
42,2,600 ppm 2 10,d4,scale_1.0_rot_180_flip_1,3.506403684616089
42,2,800 ppm 5 5,d4,scale_1.0_rot_180_flip_1,5.162831783294678
42,2,400 ppm 5 2,d4,scale_1.0_rot_180_flip_1,3.4950575828552246
42,2,800 ppm 1 2,d4,scale_1.0_rot_180_flip_1,4.402281761169434
42,2,600 ppm 3 5,d4,scale_1.0_rot_180_flip_1,2.7036538124084473
42,2,800 ppm 2 5,d4,scale_1.0_rot_180_flip_1,2.928368091583252
42,2,1000 ppm 5 3,d4,scale_1.0_rot_180_flip_1,3.9244956970214844
42,2,400 ppm 5 10,d4,scale_1.0_rot_180_flip_1,4.4271159172058105
42,2,1000 ppm 2 5,d4,scale_1.0_rot_180_flip_1,3.1778430938720703
42,2,400 ppm 2 4,d4,scale_1.0_rot_180_flip_1,3.7608377933502197
42,2,600 ppm 4 6,d4,scale_1.0_rot_180_flip_1,2.876269578933716
42,2,c 6,d4,scale_1.0_rot_180_flip_1,1.814423680305481
42,2,800 ppm 1 7,d4,scale_1.0_rot_180_flip_1,4.2076497077941895
42,2,1000 ppm 5 2,d4,scale_1.0_rot_180_flip_1,3.9128708839416504
42,2,600 ppm 2 1,d4,scale_1.0_rot_180_flip_1,5.082700252532959
42,2,400 ppm 4 1,d4,scale_1.0_rot_180_flip_1,3.480867385864258
42,2,600 ppm 4 4,d4,scale_1.0_rot_180_flip_1,3.176365613937378
42,2,600 ppm 2 8,d4,scale_1.0_rot_180_flip_1,3.8907480239868164
42,2,400 ppm 1 6,d4,scale_1.0_rot_180_flip_1,3.667465925216675
42,2,1000 ppm 4 9,d4,scale_1.0_rot_180_flip_1,5.173034191131592
42,2,400 ppm 3 9,d4,scale_1.0_rot_180_flip_1,3.126565456390381
42,2,600 ppm 2 6,d4,scale_1.0_rot_180_flip_1,5.0992021560668945
42,2,600 ppm 4 5,d4,scale_1.0_rot_180_flip_1,5.227287292480469
42,2,600 ppm 4 9,d4,scale_1.0_rot_180_flip_1,4.082162857055664
42,2,400 ppm 2 9,d4,scale_1.0_rot_180_flip_1,3.365501880645752
42,2,800 ppm 1 1,d4,scale_1.0_rot_180_flip_1,4.24360990524292
42,2,1000 ppm 4 5,d4,scale_1.0_rot_180_flip_1,4.378879547119141
42,2,1000 ppm 1 1,d4,scale_1.0_rot_180_flip_1,4.256229877471924
42,2,600 ppm 1 8,d4,scale_1.0_rot_180_flip_1,2.470686197280884
42,2,600 ppm 5 7,d4,scale_1.0_rot_180_flip_1,3.0101490020751953
42,2,1000 ppm 2 8,d4,scale_1.0_rot_180_flip_1,5.672287940979004
42,2,600 ppm 1 5,d4,scale_1.0_rot_180_flip_1,3.1780965328216553
42,2,600 ppm 1 9,d4,scale_1.0_rot_180_flip_1,3.7187225818634033
42,2,600 ppm 2 2,d4,scale_1.0_rot_180_flip_1,4.554588794708252
42,2,600 ppm 5 2,d4,scale_1.0_rot_180_flip_1,3.7768099308013916
42,2,800 ppm 4 9,d4,scale_1.0_rot_180_flip_1,3.491178035736084
42,2,600 ppm 2 4,d4,scale_1.0_rot_180_flip_1,4.7432122230529785
42,2,600 ppm 4 7,d4,scale_1.0_rot_180_flip_1,3.458139181137085
42,2,1000 ppm 5 8,d4,scale_1.0_rot_180_flip_1,4.62764310836792
42,2,600 ppm 5 3,d4,scale_1.0_rot_180_flip_1,4.410009860992432
42,2,1000 ppm 4 4,d4,scale_1.0_rot_180_flip_1,4.528684139251709
42,2,1000 ppm 4 7,d4,scale_1.0_rot_180_flip_1,4.933862209320068
42,2,800 ppm 4 4,d4,scale_1.0_rot_270_flip_0,4.396908283233643
42,2,400 ppm 1 10,d4,scale_1.0_rot_270_flip_0,3.214414596557617
42,2,c 8,d4,scale_1.0_rot_270_flip_0,0.8046343326568604
42,2,800 ppm 5 8,d4,scale_1.0_rot_270_flip_0,4.147650241851807
42,2,600 ppm 3 4,d4,scale_1.0_rot_270_flip_0,4.0365166664123535
42,2,1000 ppm 2 10,d4,scale_1.0_rot_270_flip_0,4.027553558349609
42,2,800 ppm 3 1,d4,scale_1.0_rot_270_flip_0,3.9943747520446777
42,2,400 ppm 4 3,d4,scale_1.0_rot_270_flip_0,3.354292631149292
42,2,600 ppm 1 2,d4,scale_1.0_rot_270_flip_0,4.564172267913818
42,2,400 ppm 3 7,d4,scale_1.0_rot_270_flip_0,2.4574646949768066
42,2,600 ppm 2 10,d4,scale_1.0_rot_270_flip_0,4.85713529586792
42,2,800 ppm 5 5,d4,scale_1.0_rot_270_flip_0,4.300923824310303
42,2,400 ppm 5 2,d4,scale_1.0_rot_270_flip_0,3.274036169052124
42,2,800 ppm 1 2,d4,scale_1.0_rot_270_flip_0,4.37439489364624
42,2,600 ppm 3 5,d4,scale_1.0_rot_270_flip_0,3.550036907196045
42,2,800 ppm 2 5,d4,scale_1.0_rot_270_flip_0,3.340243101119995
42,2,1000 ppm 5 3,d4,scale_1.0_rot_270_flip_0,3.712799549102783
42,2,400 ppm 5 10,d4,scale_1.0_rot_270_flip_0,4.994129657745361
42,2,1000 ppm 2 5,d4,scale_1.0_rot_270_flip_0,4.404300689697266
42,2,400 ppm 2 4,d4,scale_1.0_rot_270_flip_0,3.513904094696045
42,2,600 ppm 4 6,d4,scale_1.0_rot_270_flip_0,3.025176525115967
42,2,c 6,d4,scale_1.0_rot_270_flip_0,2.3457674980163574
42,2,800 ppm 1 7,d4,scale_1.0_rot_270_flip_0,3.7893567085266113
42,2,1000 ppm 5 2,d4,scale_1.0_rot_270_flip_0,4.081055641174316
42,2,600 ppm 2 1,d4,scale_1.0_rot_270_flip_0,5.252035617828369
42,2,400 ppm 4 1,d4,scale_1.0_rot_270_flip_0,3.533543109893799
42,2,600 ppm 4 4,d4,scale_1.0_rot_270_flip_0,4.156260013580322
42,2,600 ppm 2 8,d4,scale_1.0_rot_270_flip_0,4.499862194061279
42,2,400 ppm 1 6,d4,scale_1.0_rot_270_flip_0,3.298229694366455
42,2,1000 ppm 4 9,d4,scale_1.0_rot_270_flip_0,4.422122955322266
42,2,400 ppm 3 9,d4,scale_1.0_rot_270_flip_0,3.0909249782562256
42,2,600 ppm 2 6,d4,scale_1.0_rot_270_flip_0,4.313131332397461
42,2,600 ppm 4 5,d4,scale_1.0_rot_270_flip_0,5.660369396209717
42,2,600 ppm 4 9,d4,scale_1.0_rot_270_flip_0,3.6455492973327637
42,2,400 ppm 2 9,d4,scale_1.0_rot_270_flip_0,3.3244400024414062
42,2,800 ppm 1 1,d4,scale_1.0_rot_270_flip_0,4.140021800994873
42,2,1000 ppm 4 5,d4,scale_1.0_rot_270_flip_0,4.782149791717529
42,2,1000 ppm 1 1,d4,scale_1.0_rot_270_flip_0,4.413213729858398
42,2,600 ppm 1 8,d4,scale_1.0_rot_270_flip_0,2.7608227729797363
42,2,600 ppm 5 7,d4,scale_1.0_rot_270_flip_0,3.3435466289520264
42,2,1000 ppm 2 8,d4,scale_1.0_rot_270_flip_0,4.379787921905518
42,2,600 ppm 1 5,d4,scale_1.0_rot_270_flip_0,3.8708620071411133
42,2,600 ppm 1 9,d4,scale_1.0_rot_270_flip_0,3.981586217880249
42,2,600 ppm 2 2,d4,scale_1.0_rot_270_flip_0,4.628947734832764
42,2,600 ppm 5 2,d4,scale_1.0_rot_270_flip_0,4.4009199142456055
42,2,800 ppm 4 9,d4,scale_1.0_rot_270_flip_0,3.5139970779418945
42,2,600 ppm 2 4,d4,scale_1.0_rot_270_flip_0,4.956920623779297
42,2,600 ppm 4 7,d4,scale_1.0_rot_270_flip_0,4.281371593475342
42,2,1000 ppm 5 8,d4,scale_1.0_rot_270_flip_0,4.618571758270264
42,2,600 ppm 5 3,d4,scale_1.0_rot_270_flip_0,4.81373929977417
42,2,1000 ppm 4 4,d4,scale_1.0_rot_270_flip_0,4.93017053604126
42,2,1000 ppm 4 7,d4,scale_1.0_rot_270_flip_0,5.3759355545043945
42,2,800 ppm 4 4,d4,scale_1.0_rot_270_flip_1,4.57188081741333
42,2,400 ppm 1 10,d4,scale_1.0_rot_270_flip_1,3.4376516342163086
42,2,c 8,d4,scale_1.0_rot_270_flip_1,0.8890876770019531
42,2,800 ppm 5 8,d4,scale_1.0_rot_270_flip_1,4.081311225891113
42,2,600 ppm 3 4,d4,scale_1.0_rot_270_flip_1,3.9895405769348145
42,2,1000 ppm 2 10,d4,scale_1.0_rot_270_flip_1,3.955127716064453
42,2,800 ppm 3 1,d4,scale_1.0_rot_270_flip_1,3.9879093170166016
42,2,400 ppm 4 3,d4,scale_1.0_rot_270_flip_1,3.818596839904785
42,2,600 ppm 1 2,d4,scale_1.0_rot_270_flip_1,4.429605960845947
42,2,400 ppm 3 7,d4,scale_1.0_rot_270_flip_1,2.4212942123413086
42,2,600 ppm 2 10,d4,scale_1.0_rot_270_flip_1,4.627237796783447
42,2,800 ppm 5 5,d4,scale_1.0_rot_270_flip_1,4.203033924102783
42,2,400 ppm 5 2,d4,scale_1.0_rot_270_flip_1,3.204861640930176
42,2,800 ppm 1 2,d4,scale_1.0_rot_270_flip_1,4.381900310516357
42,2,600 ppm 3 5,d4,scale_1.0_rot_270_flip_1,3.737166404724121
42,2,800 ppm 2 5,d4,scale_1.0_rot_270_flip_1,3.3625166416168213
42,2,1000 ppm 5 3,d4,scale_1.0_rot_270_flip_1,3.938037633895874
42,2,400 ppm 5 10,d4,scale_1.0_rot_270_flip_1,4.753837585449219
42,2,1000 ppm 2 5,d4,scale_1.0_rot_270_flip_1,4.371165752410889
42,2,400 ppm 2 4,d4,scale_1.0_rot_270_flip_1,3.623311758041382
42,2,600 ppm 4 6,d4,scale_1.0_rot_270_flip_1,3.3225841522216797
42,2,c 6,d4,scale_1.0_rot_270_flip_1,2.359123945236206
42,2,800 ppm 1 7,d4,scale_1.0_rot_270_flip_1,3.99212646484375
42,2,1000 ppm 5 2,d4,scale_1.0_rot_270_flip_1,4.008837699890137
42,2,600 ppm 2 1,d4,scale_1.0_rot_270_flip_1,5.3249430656433105
42,2,400 ppm 4 1,d4,scale_1.0_rot_270_flip_1,3.5833048820495605
42,2,600 ppm 4 4,d4,scale_1.0_rot_270_flip_1,3.9161882400512695
42,2,600 ppm 2 8,d4,scale_1.0_rot_270_flip_1,4.573885440826416
42,2,400 ppm 1 6,d4,scale_1.0_rot_270_flip_1,3.650611162185669
42,2,1000 ppm 4 9,d4,scale_1.0_rot_270_flip_1,4.463420391082764
42,2,400 ppm 3 9,d4,scale_1.0_rot_270_flip_1,3.328324556350708
42,2,600 ppm 2 6,d4,scale_1.0_rot_270_flip_1,4.060418605804443
42,2,600 ppm 4 5,d4,scale_1.0_rot_270_flip_1,5.3907790184021
42,2,600 ppm 4 9,d4,scale_1.0_rot_270_flip_1,3.7249584197998047
42,2,400 ppm 2 9,d4,scale_1.0_rot_270_flip_1,3.4213268756866455
42,2,800 ppm 1 1,d4,scale_1.0_rot_270_flip_1,4.134880065917969
42,2,1000 ppm 4 5,d4,scale_1.0_rot_270_flip_1,4.90903902053833
42,2,1000 ppm 1 1,d4,scale_1.0_rot_270_flip_1,4.814733505249023
42,2,600 ppm 1 8,d4,scale_1.0_rot_270_flip_1,2.7057113647460938
42,2,600 ppm 5 7,d4,scale_1.0_rot_270_flip_1,3.231161594390869
42,2,1000 ppm 2 8,d4,scale_1.0_rot_270_flip_1,4.5561394691467285
42,2,600 ppm 1 5,d4,scale_1.0_rot_270_flip_1,3.5199508666992188
42,2,600 ppm 1 9,d4,scale_1.0_rot_270_flip_1,4.14854621887207
42,2,600 ppm 2 2,d4,scale_1.0_rot_270_flip_1,4.706541538238525
42,2,600 ppm 5 2,d4,scale_1.0_rot_270_flip_1,4.382777690887451
42,2,800 ppm 4 9,d4,scale_1.0_rot_270_flip_1,3.671161413192749
42,2,600 ppm 2 4,d4,scale_1.0_rot_270_flip_1,4.973474502563477
42,2,600 ppm 4 7,d4,scale_1.0_rot_270_flip_1,4.251039028167725
42,2,1000 ppm 5 8,d4,scale_1.0_rot_270_flip_1,4.669247150421143
42,2,600 ppm 5 3,d4,scale_1.0_rot_270_flip_1,4.804065704345703
42,2,1000 ppm 4 4,d4,scale_1.0_rot_270_flip_1,5.071432590484619
42,2,1000 ppm 4 7,d4,scale_1.0_rot_270_flip_1,4.944939613342285
42,3,400 ppm 5 6,single,scale_1.0_rot_0_flip_0,2.481386423110962
42,3,800 ppm 5 6,single,scale_1.0_rot_0_flip_0,5.417673110961914
42,3,800 ppm 1 8,single,scale_1.0_rot_0_flip_0,4.2435994148254395
42,3,400 ppm 1 7,single,scale_1.0_rot_0_flip_0,4.3903279304504395
42,3,400 ppm 3 8,single,scale_1.0_rot_0_flip_0,2.3892617225646973
42,3,1000 ppm 4 10,single,scale_1.0_rot_0_flip_0,4.604200839996338
42,3,600 ppm 4 1,single,scale_1.0_rot_0_flip_0,2.644456624984741
42,3,400 ppm 4 2,single,scale_1.0_rot_0_flip_0,4.414453029632568
42,3,1000 ppm 3 7,single,scale_1.0_rot_0_flip_0,3.2741477489471436
42,3,800 ppm 4 1,single,scale_1.0_rot_0_flip_0,4.000467300415039
42,3,600 ppm 1 10,single,scale_1.0_rot_0_flip_0,4.491872787475586
42,3,400 ppm 5 4,single,scale_1.0_rot_0_flip_0,4.129179000854492
42,3,1000 ppm 1 10,single,scale_1.0_rot_0_flip_0,5.371006488800049
42,3,800 ppm 5 1,single,scale_1.0_rot_0_flip_0,2.7890050411224365
42,3,1000 ppm 1 2,single,scale_1.0_rot_0_flip_0,4.053822040557861
42,3,800 ppm 4 10,single,scale_1.0_rot_0_flip_0,3.25142765045166
42,3,800 ppm 3 10,single,scale_1.0_rot_0_flip_0,2.730546236038208
42,3,600 ppm 4 2,single,scale_1.0_rot_0_flip_0,4.363840103149414
42,3,600 ppm 5 9,single,scale_1.0_rot_0_flip_0,4.646273612976074
42,3,600 ppm 4 3,single,scale_1.0_rot_0_flip_0,4.120448589324951
42,3,600 ppm 2 3,single,scale_1.0_rot_0_flip_0,5.672450542449951
42,3,400 ppm 1 8,single,scale_1.0_rot_0_flip_0,4.993845462799072
42,3,800 ppm 2 6,single,scale_1.0_rot_0_flip_0,3.8788204193115234
42,3,400 ppm 3 3,single,scale_1.0_rot_0_flip_0,1.7488667964935303
42,3,400 ppm 4 7,single,scale_1.0_rot_0_flip_0,3.6344590187072754
42,3,400 ppm 1 1,single,scale_1.0_rot_0_flip_0,2.9359700679779053
42,3,600 ppm 3 2,single,scale_1.0_rot_0_flip_0,2.8817200660705566
42,3,400 ppm 2 5,single,scale_1.0_rot_0_flip_0,2.7929513454437256
42,3,800 ppm 2 10,single,scale_1.0_rot_0_flip_0,4.9144392013549805
42,3,400 ppm 2 6,single,scale_1.0_rot_0_flip_0,3.708245277404785
42,3,400 ppm 2 2,single,scale_1.0_rot_0_flip_0,2.3709800243377686
42,3,800 ppm 1 3,single,scale_1.0_rot_0_flip_0,4.585288047790527
42,3,400 ppm 5 7,single,scale_1.0_rot_0_flip_0,4.578742027282715
42,3,1000 ppm 3 1,single,scale_1.0_rot_0_flip_0,4.799347400665283
42,3,1000 ppm 2 9,single,scale_1.0_rot_0_flip_0,4.291194438934326
42,3,1000 ppm 2 6,single,scale_1.0_rot_0_flip_0,4.573634624481201
42,3,400 ppm 2 1,single,scale_1.0_rot_0_flip_0,3.4414961338043213
42,3,800 ppm 4 2,single,scale_1.0_rot_0_flip_0,5.319802761077881
42,3,800 ppm 1 6,single,scale_1.0_rot_0_flip_0,4.840230464935303
42,3,800 ppm 4 3,single,scale_1.0_rot_0_flip_0,3.947801351547241
42,3,1000 ppm 5 5,single,scale_1.0_rot_0_flip_0,4.883376121520996
42,3,600 ppm 5 6,single,scale_1.0_rot_0_flip_0,3.877904176712036
42,3,400 ppm 5 3,single,scale_1.0_rot_0_flip_0,4.785536289215088
42,3,600 ppm 1 6,single,scale_1.0_rot_0_flip_0,4.654271125793457
42,3,1000 ppm 1 6,single,scale_1.0_rot_0_flip_0,5.1260151863098145
42,3,800 ppm 5 2,single,scale_1.0_rot_0_flip_0,4.81604528427124
42,3,c 2,single,scale_1.0_rot_0_flip_0,1.214759111404419
42,3,800 ppm 2 2,single,scale_1.0_rot_0_flip_0,4.508216857910156
42,3,400 ppm 5 9,single,scale_1.0_rot_0_flip_0,5.568810939788818
42,3,400 ppm 2 8,single,scale_1.0_rot_0_flip_0,4.144165515899658
42,3,400 ppm 1 4,single,scale_1.0_rot_0_flip_0,4.719662666320801
42,3,1000 ppm 2 2,single,scale_1.0_rot_0_flip_0,3.2411575317382812
42,3,400 ppm 5 6,d4,scale_1.0_rot_0_flip_0,2.481386423110962
42,3,800 ppm 5 6,d4,scale_1.0_rot_0_flip_0,5.417673110961914
42,3,800 ppm 1 8,d4,scale_1.0_rot_0_flip_0,4.2435994148254395
42,3,400 ppm 1 7,d4,scale_1.0_rot_0_flip_0,4.3903279304504395
42,3,400 ppm 3 8,d4,scale_1.0_rot_0_flip_0,2.3892617225646973
42,3,1000 ppm 4 10,d4,scale_1.0_rot_0_flip_0,4.604200839996338
42,3,600 ppm 4 1,d4,scale_1.0_rot_0_flip_0,2.644456624984741
42,3,400 ppm 4 2,d4,scale_1.0_rot_0_flip_0,4.414453029632568
42,3,1000 ppm 3 7,d4,scale_1.0_rot_0_flip_0,3.2741477489471436
42,3,800 ppm 4 1,d4,scale_1.0_rot_0_flip_0,4.000467300415039
42,3,600 ppm 1 10,d4,scale_1.0_rot_0_flip_0,4.491872787475586
42,3,400 ppm 5 4,d4,scale_1.0_rot_0_flip_0,4.129179000854492
42,3,1000 ppm 1 10,d4,scale_1.0_rot_0_flip_0,5.371006488800049
42,3,800 ppm 5 1,d4,scale_1.0_rot_0_flip_0,2.7890050411224365
42,3,1000 ppm 1 2,d4,scale_1.0_rot_0_flip_0,4.053822040557861
42,3,800 ppm 4 10,d4,scale_1.0_rot_0_flip_0,3.25142765045166
42,3,800 ppm 3 10,d4,scale_1.0_rot_0_flip_0,2.730546236038208
42,3,600 ppm 4 2,d4,scale_1.0_rot_0_flip_0,4.363840103149414
42,3,600 ppm 5 9,d4,scale_1.0_rot_0_flip_0,4.646273612976074
42,3,600 ppm 4 3,d4,scale_1.0_rot_0_flip_0,4.120448589324951
42,3,600 ppm 2 3,d4,scale_1.0_rot_0_flip_0,5.672450542449951
42,3,400 ppm 1 8,d4,scale_1.0_rot_0_flip_0,4.993845462799072
42,3,800 ppm 2 6,d4,scale_1.0_rot_0_flip_0,3.8788204193115234
42,3,400 ppm 3 3,d4,scale_1.0_rot_0_flip_0,1.7488667964935303
42,3,400 ppm 4 7,d4,scale_1.0_rot_0_flip_0,3.6344590187072754
42,3,400 ppm 1 1,d4,scale_1.0_rot_0_flip_0,2.9359700679779053
42,3,600 ppm 3 2,d4,scale_1.0_rot_0_flip_0,2.8817200660705566
42,3,400 ppm 2 5,d4,scale_1.0_rot_0_flip_0,2.7929513454437256
42,3,800 ppm 2 10,d4,scale_1.0_rot_0_flip_0,4.9144392013549805
42,3,400 ppm 2 6,d4,scale_1.0_rot_0_flip_0,3.708245277404785
42,3,400 ppm 2 2,d4,scale_1.0_rot_0_flip_0,2.3709800243377686
42,3,800 ppm 1 3,d4,scale_1.0_rot_0_flip_0,4.585288047790527
42,3,400 ppm 5 7,d4,scale_1.0_rot_0_flip_0,4.578742027282715
42,3,1000 ppm 3 1,d4,scale_1.0_rot_0_flip_0,4.799347400665283
42,3,1000 ppm 2 9,d4,scale_1.0_rot_0_flip_0,4.291194438934326
42,3,1000 ppm 2 6,d4,scale_1.0_rot_0_flip_0,4.573634624481201
42,3,400 ppm 2 1,d4,scale_1.0_rot_0_flip_0,3.4414961338043213
42,3,800 ppm 4 2,d4,scale_1.0_rot_0_flip_0,5.319802761077881
42,3,800 ppm 1 6,d4,scale_1.0_rot_0_flip_0,4.840230464935303
42,3,800 ppm 4 3,d4,scale_1.0_rot_0_flip_0,3.947801351547241
42,3,1000 ppm 5 5,d4,scale_1.0_rot_0_flip_0,4.883376121520996
42,3,600 ppm 5 6,d4,scale_1.0_rot_0_flip_0,3.877904176712036
42,3,400 ppm 5 3,d4,scale_1.0_rot_0_flip_0,4.785536289215088
42,3,600 ppm 1 6,d4,scale_1.0_rot_0_flip_0,4.654271125793457
42,3,1000 ppm 1 6,d4,scale_1.0_rot_0_flip_0,5.1260151863098145
42,3,800 ppm 5 2,d4,scale_1.0_rot_0_flip_0,4.81604528427124
42,3,c 2,d4,scale_1.0_rot_0_flip_0,1.214759111404419
42,3,800 ppm 2 2,d4,scale_1.0_rot_0_flip_0,4.508216857910156
42,3,400 ppm 5 9,d4,scale_1.0_rot_0_flip_0,5.568810939788818
42,3,400 ppm 2 8,d4,scale_1.0_rot_0_flip_0,4.144165515899658
42,3,400 ppm 1 4,d4,scale_1.0_rot_0_flip_0,4.719662666320801
42,3,1000 ppm 2 2,d4,scale_1.0_rot_0_flip_0,3.2411575317382812
42,3,400 ppm 5 6,d4,scale_1.0_rot_0_flip_1,2.3424479961395264
42,3,800 ppm 5 6,d4,scale_1.0_rot_0_flip_1,5.346523761749268
42,3,800 ppm 1 8,d4,scale_1.0_rot_0_flip_1,4.201435565948486
42,3,400 ppm 1 7,d4,scale_1.0_rot_0_flip_1,4.443966388702393
42,3,400 ppm 3 8,d4,scale_1.0_rot_0_flip_1,2.548762798309326
42,3,1000 ppm 4 10,d4,scale_1.0_rot_0_flip_1,4.312540531158447
42,3,600 ppm 4 1,d4,scale_1.0_rot_0_flip_1,2.6176466941833496
42,3,400 ppm 4 2,d4,scale_1.0_rot_0_flip_1,4.017104148864746
42,3,1000 ppm 3 7,d4,scale_1.0_rot_0_flip_1,3.2102081775665283
42,3,800 ppm 4 1,d4,scale_1.0_rot_0_flip_1,3.9460031986236572
42,3,600 ppm 1 10,d4,scale_1.0_rot_0_flip_1,4.773987770080566
42,3,400 ppm 5 4,d4,scale_1.0_rot_0_flip_1,4.247454643249512
42,3,1000 ppm 1 10,d4,scale_1.0_rot_0_flip_1,5.485002517700195
42,3,800 ppm 5 1,d4,scale_1.0_rot_0_flip_1,2.886005163192749
42,3,1000 ppm 1 2,d4,scale_1.0_rot_0_flip_1,4.174252986907959
42,3,800 ppm 4 10,d4,scale_1.0_rot_0_flip_1,3.397369623184204
42,3,800 ppm 3 10,d4,scale_1.0_rot_0_flip_1,2.8138587474823
42,3,600 ppm 4 2,d4,scale_1.0_rot_0_flip_1,4.233194351196289
42,3,600 ppm 5 9,d4,scale_1.0_rot_0_flip_1,4.751764297485352
42,3,600 ppm 4 3,d4,scale_1.0_rot_0_flip_1,4.062218189239502
42,3,600 ppm 2 3,d4,scale_1.0_rot_0_flip_1,5.753174304962158
42,3,400 ppm 1 8,d4,scale_1.0_rot_0_flip_1,4.970510959625244
42,3,800 ppm 2 6,d4,scale_1.0_rot_0_flip_1,4.067395210266113
42,3,400 ppm 3 3,d4,scale_1.0_rot_0_flip_1,1.9380449056625366
42,3,400 ppm 4 7,d4,scale_1.0_rot_0_flip_1,3.7101893424987793
42,3,400 ppm 1 1,d4,scale_1.0_rot_0_flip_1,3.150785207748413
42,3,600 ppm 3 2,d4,scale_1.0_rot_0_flip_1,2.5718445777893066
42,3,400 ppm 2 5,d4,scale_1.0_rot_0_flip_1,2.8562347888946533
42,3,800 ppm 2 10,d4,scale_1.0_rot_0_flip_1,4.675164222717285
42,3,400 ppm 2 6,d4,scale_1.0_rot_0_flip_1,3.3947861194610596
42,3,400 ppm 2 2,d4,scale_1.0_rot_0_flip_1,2.3289716243743896
42,3,800 ppm 1 3,d4,scale_1.0_rot_0_flip_1,4.480743885040283
42,3,400 ppm 5 7,d4,scale_1.0_rot_0_flip_1,4.693589210510254
42,3,1000 ppm 3 1,d4,scale_1.0_rot_0_flip_1,4.671799182891846
42,3,1000 ppm 2 9,d4,scale_1.0_rot_0_flip_1,3.736651659011841
42,3,1000 ppm 2 6,d4,scale_1.0_rot_0_flip_1,4.548586368560791
42,3,400 ppm 2 1,d4,scale_1.0_rot_0_flip_1,3.747100830078125
42,3,800 ppm 4 2,d4,scale_1.0_rot_0_flip_1,5.233760356903076
42,3,800 ppm 1 6,d4,scale_1.0_rot_0_flip_1,5.070082187652588
42,3,800 ppm 4 3,d4,scale_1.0_rot_0_flip_1,4.206085205078125
42,3,1000 ppm 5 5,d4,scale_1.0_rot_0_flip_1,4.840052127838135
42,3,600 ppm 5 6,d4,scale_1.0_rot_0_flip_1,3.806231737136841
42,3,400 ppm 5 3,d4,scale_1.0_rot_0_flip_1,4.990372180938721
42,3,600 ppm 1 6,d4,scale_1.0_rot_0_flip_1,4.739236354827881
42,3,1000 ppm 1 6,d4,scale_1.0_rot_0_flip_1,5.098565578460693
42,3,800 ppm 5 2,d4,scale_1.0_rot_0_flip_1,4.909368991851807
42,3,c 2,d4,scale_1.0_rot_0_flip_1,1.5793170928955078
42,3,800 ppm 2 2,d4,scale_1.0_rot_0_flip_1,4.413540840148926
42,3,400 ppm 5 9,d4,scale_1.0_rot_0_flip_1,5.8266072273254395
42,3,400 ppm 2 8,d4,scale_1.0_rot_0_flip_1,4.269259452819824
42,3,400 ppm 1 4,d4,scale_1.0_rot_0_flip_1,4.839199542999268
42,3,1000 ppm 2 2,d4,scale_1.0_rot_0_flip_1,3.1566455364227295
42,3,400 ppm 5 6,d4,scale_1.0_rot_90_flip_0,4.468949794769287
42,3,800 ppm 5 6,d4,scale_1.0_rot_90_flip_0,6.187238693237305
42,3,800 ppm 1 8,d4,scale_1.0_rot_90_flip_0,4.032018184661865
42,3,400 ppm 1 7,d4,scale_1.0_rot_90_flip_0,4.576653480529785
42,3,400 ppm 3 8,d4,scale_1.0_rot_90_flip_0,4.244479656219482
42,3,1000 ppm 4 10,d4,scale_1.0_rot_90_flip_0,5.4163594245910645
42,3,600 ppm 4 1,d4,scale_1.0_rot_90_flip_0,4.181102275848389
42,3,400 ppm 4 2,d4,scale_1.0_rot_90_flip_0,4.817493438720703
42,3,1000 ppm 3 7,d4,scale_1.0_rot_90_flip_0,4.4883198738098145
42,3,800 ppm 4 1,d4,scale_1.0_rot_90_flip_0,5.159278392791748
42,3,600 ppm 1 10,d4,scale_1.0_rot_90_flip_0,5.591773509979248
42,3,400 ppm 5 4,d4,scale_1.0_rot_90_flip_0,4.104652404785156
42,3,1000 ppm 1 10,d4,scale_1.0_rot_90_flip_0,6.462806224822998
42,3,800 ppm 5 1,d4,scale_1.0_rot_90_flip_0,4.330494403839111
42,3,1000 ppm 1 2,d4,scale_1.0_rot_90_flip_0,4.366005897521973
42,3,800 ppm 4 10,d4,scale_1.0_rot_90_flip_0,4.79307222366333
42,3,800 ppm 3 10,d4,scale_1.0_rot_90_flip_0,4.203981876373291
42,3,600 ppm 4 2,d4,scale_1.0_rot_90_flip_0,5.808861255645752
42,3,600 ppm 5 9,d4,scale_1.0_rot_90_flip_0,5.398324966430664
42,3,600 ppm 4 3,d4,scale_1.0_rot_90_flip_0,5.066366195678711
42,3,600 ppm 2 3,d4,scale_1.0_rot_90_flip_0,5.683448314666748
42,3,400 ppm 1 8,d4,scale_1.0_rot_90_flip_0,5.459956645965576
42,3,800 ppm 2 6,d4,scale_1.0_rot_90_flip_0,5.41359806060791
42,3,400 ppm 3 3,d4,scale_1.0_rot_90_flip_0,3.3321945667266846
42,3,400 ppm 4 7,d4,scale_1.0_rot_90_flip_0,3.9524986743927
42,3,400 ppm 1 1,d4,scale_1.0_rot_90_flip_0,4.025694847106934
42,3,600 ppm 3 2,d4,scale_1.0_rot_90_flip_0,4.691897869110107
42,3,400 ppm 2 5,d4,scale_1.0_rot_90_flip_0,3.9619994163513184
42,3,800 ppm 2 10,d4,scale_1.0_rot_90_flip_0,6.223353862762451
42,3,400 ppm 2 6,d4,scale_1.0_rot_90_flip_0,5.044066905975342
42,3,400 ppm 2 2,d4,scale_1.0_rot_90_flip_0,3.8845629692077637
42,3,800 ppm 1 3,d4,scale_1.0_rot_90_flip_0,4.463382244110107
42,3,400 ppm 5 7,d4,scale_1.0_rot_90_flip_0,5.398853302001953
42,3,1000 ppm 3 1,d4,scale_1.0_rot_90_flip_0,5.125567436218262
42,3,1000 ppm 2 9,d4,scale_1.0_rot_90_flip_0,5.377152919769287
42,3,1000 ppm 2 6,d4,scale_1.0_rot_90_flip_0,5.491409778594971
42,3,400 ppm 2 1,d4,scale_1.0_rot_90_flip_0,4.7208404541015625
42,3,800 ppm 4 2,d4,scale_1.0_rot_90_flip_0,6.132065773010254
42,3,800 ppm 1 6,d4,scale_1.0_rot_90_flip_0,5.254522800445557
42,3,800 ppm 4 3,d4,scale_1.0_rot_90_flip_0,4.926839828491211
42,3,1000 ppm 5 5,d4,scale_1.0_rot_90_flip_0,5.779543399810791
42,3,600 ppm 5 6,d4,scale_1.0_rot_90_flip_0,4.797311305999756
42,3,400 ppm 5 3,d4,scale_1.0_rot_90_flip_0,4.003018856048584
42,3,600 ppm 1 6,d4,scale_1.0_rot_90_flip_0,5.989315032958984
42,3,1000 ppm 1 6,d4,scale_1.0_rot_90_flip_0,5.5182785987854
42,3,800 ppm 5 2,d4,scale_1.0_rot_90_flip_0,5.817142009735107
42,3,c 2,d4,scale_1.0_rot_90_flip_0,2.5223872661590576
42,3,800 ppm 2 2,d4,scale_1.0_rot_90_flip_0,4.606294631958008
42,3,400 ppm 5 9,d4,scale_1.0_rot_90_flip_0,5.467648983001709
42,3,400 ppm 2 8,d4,scale_1.0_rot_90_flip_0,5.361656188964844
42,3,400 ppm 1 4,d4,scale_1.0_rot_90_flip_0,5.3305792808532715
42,3,1000 ppm 2 2,d4,scale_1.0_rot_90_flip_0,4.420131683349609
42,3,400 ppm 5 6,d4,scale_1.0_rot_90_flip_1,4.252872467041016
42,3,800 ppm 5 6,d4,scale_1.0_rot_90_flip_1,6.207566738128662
42,3,800 ppm 1 8,d4,scale_1.0_rot_90_flip_1,3.926564931869507
42,3,400 ppm 1 7,d4,scale_1.0_rot_90_flip_1,4.404703140258789
42,3,400 ppm 3 8,d4,scale_1.0_rot_90_flip_1,4.223315715789795
42,3,1000 ppm 4 10,d4,scale_1.0_rot_90_flip_1,5.547152042388916
42,3,600 ppm 4 1,d4,scale_1.0_rot_90_flip_1,4.200541019439697
42,3,400 ppm 4 2,d4,scale_1.0_rot_90_flip_1,4.713773250579834
42,3,1000 ppm 3 7,d4,scale_1.0_rot_90_flip_1,4.437005519866943
42,3,800 ppm 4 1,d4,scale_1.0_rot_90_flip_1,5.076161861419678
42,3,600 ppm 1 10,d4,scale_1.0_rot_90_flip_1,5.463873386383057
42,3,400 ppm 5 4,d4,scale_1.0_rot_90_flip_1,4.091273784637451
42,3,1000 ppm 1 10,d4,scale_1.0_rot_90_flip_1,6.4013590812683105
42,3,800 ppm 5 1,d4,scale_1.0_rot_90_flip_1,4.176253795623779
42,3,1000 ppm 1 2,d4,scale_1.0_rot_90_flip_1,3.927746057510376
42,3,800 ppm 4 10,d4,scale_1.0_rot_90_flip_1,4.666520595550537
42,3,800 ppm 3 10,d4,scale_1.0_rot_90_flip_1,3.910438060760498
42,3,600 ppm 4 2,d4,scale_1.0_rot_90_flip_1,5.7442946434021
42,3,600 ppm 5 9,d4,scale_1.0_rot_90_flip_1,5.609670639038086
42,3,600 ppm 4 3,d4,scale_1.0_rot_90_flip_1,5.080621719360352
42,3,600 ppm 2 3,d4,scale_1.0_rot_90_flip_1,5.614400863647461
42,3,400 ppm 1 8,d4,scale_1.0_rot_90_flip_1,5.117297172546387
42,3,800 ppm 2 6,d4,scale_1.0_rot_90_flip_1,5.3394317626953125
42,3,400 ppm 3 3,d4,scale_1.0_rot_90_flip_1,3.1530399322509766
42,3,400 ppm 4 7,d4,scale_1.0_rot_90_flip_1,3.908540725708008
42,3,400 ppm 1 1,d4,scale_1.0_rot_90_flip_1,3.799252986907959
42,3,600 ppm 3 2,d4,scale_1.0_rot_90_flip_1,4.8361663818359375
42,3,400 ppm 2 5,d4,scale_1.0_rot_90_flip_1,3.9944796562194824
42,3,800 ppm 2 10,d4,scale_1.0_rot_90_flip_1,6.1928534507751465
42,3,400 ppm 2 6,d4,scale_1.0_rot_90_flip_1,4.777651309967041
42,3,400 ppm 2 2,d4,scale_1.0_rot_90_flip_1,3.99361515045166
42,3,800 ppm 1 3,d4,scale_1.0_rot_90_flip_1,4.364149570465088
42,3,400 ppm 5 7,d4,scale_1.0_rot_90_flip_1,5.25119686126709
42,3,1000 ppm 3 1,d4,scale_1.0_rot_90_flip_1,5.033396244049072
42,3,1000 ppm 2 9,d4,scale_1.0_rot_90_flip_1,5.40698766708374
42,3,1000 ppm 2 6,d4,scale_1.0_rot_90_flip_1,5.456868648529053
42,3,400 ppm 2 1,d4,scale_1.0_rot_90_flip_1,4.821662902832031
42,3,800 ppm 4 2,d4,scale_1.0_rot_90_flip_1,5.927914619445801
42,3,800 ppm 1 6,d4,scale_1.0_rot_90_flip_1,4.998080730438232
42,3,800 ppm 4 3,d4,scale_1.0_rot_90_flip_1,5.202473163604736
42,3,1000 ppm 5 5,d4,scale_1.0_rot_90_flip_1,5.605244159698486
42,3,600 ppm 5 6,d4,scale_1.0_rot_90_flip_1,4.648136615753174
42,3,400 ppm 5 3,d4,scale_1.0_rot_90_flip_1,4.0311174392700195
42,3,600 ppm 1 6,d4,scale_1.0_rot_90_flip_1,6.245419979095459
42,3,1000 ppm 1 6,d4,scale_1.0_rot_90_flip_1,5.534559726715088
42,3,800 ppm 5 2,d4,scale_1.0_rot_90_flip_1,5.8980937004089355
42,3,c 2,d4,scale_1.0_rot_90_flip_1,2.4551351070404053
42,3,800 ppm 2 2,d4,scale_1.0_rot_90_flip_1,4.527393817901611
42,3,400 ppm 5 9,d4,scale_1.0_rot_90_flip_1,5.719929218292236
42,3,400 ppm 2 8,d4,scale_1.0_rot_90_flip_1,5.035304069519043
42,3,400 ppm 1 4,d4,scale_1.0_rot_90_flip_1,4.98611307144165
42,3,1000 ppm 2 2,d4,scale_1.0_rot_90_flip_1,4.304000377655029
42,3,400 ppm 5 6,d4,scale_1.0_rot_180_flip_0,3.9024999141693115
42,3,800 ppm 5 6,d4,scale_1.0_rot_180_flip_0,5.85831356048584
42,3,800 ppm 1 8,d4,scale_1.0_rot_180_flip_0,3.8923134803771973
42,3,400 ppm 1 7,d4,scale_1.0_rot_180_flip_0,3.719747304916382
42,3,400 ppm 3 8,d4,scale_1.0_rot_180_flip_0,4.0535969734191895
42,3,1000 ppm 4 10,d4,scale_1.0_rot_180_flip_0,5.689903736114502
42,3,600 ppm 4 1,d4,scale_1.0_rot_180_flip_0,4.009912490844727
42,3,400 ppm 4 2,d4,scale_1.0_rot_180_flip_0,4.6215996742248535
42,3,1000 ppm 3 7,d4,scale_1.0_rot_180_flip_0,4.766808032989502
42,3,800 ppm 4 1,d4,scale_1.0_rot_180_flip_0,4.366951942443848
42,3,600 ppm 1 10,d4,scale_1.0_rot_180_flip_0,5.639658451080322
42,3,400 ppm 5 4,d4,scale_1.0_rot_180_flip_0,3.575298547744751
42,3,1000 ppm 1 10,d4,scale_1.0_rot_180_flip_0,6.129021167755127
42,3,800 ppm 5 1,d4,scale_1.0_rot_180_flip_0,4.6230950355529785
42,3,1000 ppm 1 2,d4,scale_1.0_rot_180_flip_0,3.715104341506958
42,3,800 ppm 4 10,d4,scale_1.0_rot_180_flip_0,4.281947612762451
42,3,800 ppm 3 10,d4,scale_1.0_rot_180_flip_0,4.207252025604248
42,3,600 ppm 4 2,d4,scale_1.0_rot_180_flip_0,5.46882963180542
42,3,600 ppm 5 9,d4,scale_1.0_rot_180_flip_0,5.768981456756592
42,3,600 ppm 4 3,d4,scale_1.0_rot_180_flip_0,4.876624584197998
42,3,600 ppm 2 3,d4,scale_1.0_rot_180_flip_0,5.442420959472656
42,3,400 ppm 1 8,d4,scale_1.0_rot_180_flip_0,4.2115254402160645
42,3,800 ppm 2 6,d4,scale_1.0_rot_180_flip_0,5.459739685058594
42,3,400 ppm 3 3,d4,scale_1.0_rot_180_flip_0,2.509462594985962
42,3,400 ppm 4 7,d4,scale_1.0_rot_180_flip_0,4.237851142883301
42,3,400 ppm 1 1,d4,scale_1.0_rot_180_flip_0,3.5176424980163574
42,3,600 ppm 3 2,d4,scale_1.0_rot_180_flip_0,4.131984233856201
42,3,400 ppm 2 5,d4,scale_1.0_rot_180_flip_0,3.9086074829101562
42,3,800 ppm 2 10,d4,scale_1.0_rot_180_flip_0,6.573134899139404
42,3,400 ppm 2 6,d4,scale_1.0_rot_180_flip_0,4.928277492523193
42,3,400 ppm 2 2,d4,scale_1.0_rot_180_flip_0,4.093055725097656
42,3,800 ppm 1 3,d4,scale_1.0_rot_180_flip_0,4.008418083190918
42,3,400 ppm 5 7,d4,scale_1.0_rot_180_flip_0,5.470784664154053
42,3,1000 ppm 3 1,d4,scale_1.0_rot_180_flip_0,3.493581533432007
42,3,1000 ppm 2 9,d4,scale_1.0_rot_180_flip_0,5.256922245025635
42,3,1000 ppm 2 6,d4,scale_1.0_rot_180_flip_0,5.472400188446045
42,3,400 ppm 2 1,d4,scale_1.0_rot_180_flip_0,4.282577037811279
42,3,800 ppm 4 2,d4,scale_1.0_rot_180_flip_0,5.820261001586914
42,3,800 ppm 1 6,d4,scale_1.0_rot_180_flip_0,4.538989067077637
42,3,800 ppm 4 3,d4,scale_1.0_rot_180_flip_0,5.203746318817139
42,3,1000 ppm 5 5,d4,scale_1.0_rot_180_flip_0,5.624577045440674
42,3,600 ppm 5 6,d4,scale_1.0_rot_180_flip_0,5.103188991546631
42,3,400 ppm 5 3,d4,scale_1.0_rot_180_flip_0,4.432252883911133
42,3,600 ppm 1 6,d4,scale_1.0_rot_180_flip_0,5.79517936706543
42,3,1000 ppm 1 6,d4,scale_1.0_rot_180_flip_0,4.866418361663818
42,3,800 ppm 5 2,d4,scale_1.0_rot_180_flip_0,6.018992900848389
42,3,c 2,d4,scale_1.0_rot_180_flip_0,2.5619845390319824
42,3,800 ppm 2 2,d4,scale_1.0_rot_180_flip_0,5.154737949371338
42,3,400 ppm 5 9,d4,scale_1.0_rot_180_flip_0,5.285953044891357
42,3,400 ppm 2 8,d4,scale_1.0_rot_180_flip_0,4.939437389373779
42,3,400 ppm 1 4,d4,scale_1.0_rot_180_flip_0,5.794785976409912
42,3,1000 ppm 2 2,d4,scale_1.0_rot_180_flip_0,4.400679588317871
42,3,400 ppm 5 6,d4,scale_1.0_rot_180_flip_1,4.126515865325928
42,3,800 ppm 5 6,d4,scale_1.0_rot_180_flip_1,5.839362621307373
42,3,800 ppm 1 8,d4,scale_1.0_rot_180_flip_1,3.9394443035125732
42,3,400 ppm 1 7,d4,scale_1.0_rot_180_flip_1,3.64687180519104
42,3,400 ppm 3 8,d4,scale_1.0_rot_180_flip_1,4.0503010749816895
42,3,1000 ppm 4 10,d4,scale_1.0_rot_180_flip_1,5.614195346832275
42,3,600 ppm 4 1,d4,scale_1.0_rot_180_flip_1,4.059825897216797
42,3,400 ppm 4 2,d4,scale_1.0_rot_180_flip_1,4.717695236206055
42,3,1000 ppm 3 7,d4,scale_1.0_rot_180_flip_1,4.818710803985596
42,3,800 ppm 4 1,d4,scale_1.0_rot_180_flip_1,4.5630598068237305
42,3,600 ppm 1 10,d4,scale_1.0_rot_180_flip_1,5.464488506317139
42,3,400 ppm 5 4,d4,scale_1.0_rot_180_flip_1,3.6255877017974854
42,3,1000 ppm 1 10,d4,scale_1.0_rot_180_flip_1,6.234524250030518
42,3,800 ppm 5 1,d4,scale_1.0_rot_180_flip_1,4.506986618041992
42,3,1000 ppm 1 2,d4,scale_1.0_rot_180_flip_1,3.529928684234619
42,3,800 ppm 4 10,d4,scale_1.0_rot_180_flip_1,4.232709884643555
42,3,800 ppm 3 10,d4,scale_1.0_rot_180_flip_1,4.22661828994751
42,3,600 ppm 4 2,d4,scale_1.0_rot_180_flip_1,5.912808895111084
42,3,600 ppm 5 9,d4,scale_1.0_rot_180_flip_1,5.898787498474121
42,3,600 ppm 4 3,d4,scale_1.0_rot_180_flip_1,5.046845436096191
42,3,600 ppm 2 3,d4,scale_1.0_rot_180_flip_1,5.332906723022461
42,3,400 ppm 1 8,d4,scale_1.0_rot_180_flip_1,4.499452114105225
42,3,800 ppm 2 6,d4,scale_1.0_rot_180_flip_1,5.194178104400635
42,3,400 ppm 3 3,d4,scale_1.0_rot_180_flip_1,2.6919195652008057
42,3,400 ppm 4 7,d4,scale_1.0_rot_180_flip_1,4.310897350311279
42,3,400 ppm 1 1,d4,scale_1.0_rot_180_flip_1,3.618013381958008
42,3,600 ppm 3 2,d4,scale_1.0_rot_180_flip_1,4.048839092254639
42,3,400 ppm 2 5,d4,scale_1.0_rot_180_flip_1,4.1017165184021
42,3,800 ppm 2 10,d4,scale_1.0_rot_180_flip_1,6.572544574737549
42,3,400 ppm 2 6,d4,scale_1.0_rot_180_flip_1,4.875442981719971
42,3,400 ppm 2 2,d4,scale_1.0_rot_180_flip_1,3.943420886993408
42,3,800 ppm 1 3,d4,scale_1.0_rot_180_flip_1,3.8554275035858154
42,3,400 ppm 5 7,d4,scale_1.0_rot_180_flip_1,5.4668707847595215
42,3,1000 ppm 3 1,d4,scale_1.0_rot_180_flip_1,3.513051986694336
42,3,1000 ppm 2 9,d4,scale_1.0_rot_180_flip_1,5.125739574432373
42,3,1000 ppm 2 6,d4,scale_1.0_rot_180_flip_1,5.290830135345459
42,3,400 ppm 2 1,d4,scale_1.0_rot_180_flip_1,4.3363213539123535
42,3,800 ppm 4 2,d4,scale_1.0_rot_180_flip_1,5.6883344650268555
42,3,800 ppm 1 6,d4,scale_1.0_rot_180_flip_1,4.929817199707031
42,3,800 ppm 4 3,d4,scale_1.0_rot_180_flip_1,4.924801826477051
42,3,1000 ppm 5 5,d4,scale_1.0_rot_180_flip_1,5.977456569671631
42,3,600 ppm 5 6,d4,scale_1.0_rot_180_flip_1,4.818753242492676
42,3,400 ppm 5 3,d4,scale_1.0_rot_180_flip_1,4.410141468048096
42,3,600 ppm 1 6,d4,scale_1.0_rot_180_flip_1,5.830538272857666
42,3,1000 ppm 1 6,d4,scale_1.0_rot_180_flip_1,4.921545028686523
42,3,800 ppm 5 2,d4,scale_1.0_rot_180_flip_1,5.959566593170166
42,3,c 2,d4,scale_1.0_rot_180_flip_1,2.6849281787872314
42,3,800 ppm 2 2,d4,scale_1.0_rot_180_flip_1,4.63146448135376
42,3,400 ppm 5 9,d4,scale_1.0_rot_180_flip_1,5.358303546905518
42,3,400 ppm 2 8,d4,scale_1.0_rot_180_flip_1,4.766932010650635
42,3,400 ppm 1 4,d4,scale_1.0_rot_180_flip_1,5.510182857513428
42,3,1000 ppm 2 2,d4,scale_1.0_rot_180_flip_1,4.503342151641846
42,3,400 ppm 5 6,d4,scale_1.0_rot_270_flip_0,4.245760440826416
42,3,800 ppm 5 6,d4,scale_1.0_rot_270_flip_0,6.146544456481934
42,3,800 ppm 1 8,d4,scale_1.0_rot_270_flip_0,4.344246864318848
42,3,400 ppm 1 7,d4,scale_1.0_rot_270_flip_0,5.012207508087158
42,3,400 ppm 3 8,d4,scale_1.0_rot_270_flip_0,4.095578670501709
42,3,1000 ppm 4 10,d4,scale_1.0_rot_270_flip_0,5.34634256362915
42,3,600 ppm 4 1,d4,scale_1.0_rot_270_flip_0,3.7454845905303955
42,3,400 ppm 4 2,d4,scale_1.0_rot_270_flip_0,5.178420066833496
42,3,1000 ppm 3 7,d4,scale_1.0_rot_270_flip_0,4.509382247924805
42,3,800 ppm 4 1,d4,scale_1.0_rot_270_flip_0,4.374495029449463
42,3,600 ppm 1 10,d4,scale_1.0_rot_270_flip_0,5.483232021331787
42,3,400 ppm 5 4,d4,scale_1.0_rot_270_flip_0,4.560380458831787
42,3,1000 ppm 1 10,d4,scale_1.0_rot_270_flip_0,6.1635565757751465
42,3,800 ppm 5 1,d4,scale_1.0_rot_270_flip_0,4.258070468902588
42,3,1000 ppm 1 2,d4,scale_1.0_rot_270_flip_0,4.321330547332764
42,3,800 ppm 4 10,d4,scale_1.0_rot_270_flip_0,4.535681247711182
42,3,800 ppm 3 10,d4,scale_1.0_rot_270_flip_0,4.26370096206665
42,3,600 ppm 4 2,d4,scale_1.0_rot_270_flip_0,5.442896366119385
42,3,600 ppm 5 9,d4,scale_1.0_rot_270_flip_0,5.760372638702393
42,3,600 ppm 4 3,d4,scale_1.0_rot_270_flip_0,4.820398807525635
42,3,600 ppm 2 3,d4,scale_1.0_rot_270_flip_0,5.831950664520264
42,3,400 ppm 1 8,d4,scale_1.0_rot_270_flip_0,5.288848400115967
42,3,800 ppm 2 6,d4,scale_1.0_rot_270_flip_0,5.720471382141113
42,3,400 ppm 3 3,d4,scale_1.0_rot_270_flip_0,3.675189733505249
42,3,400 ppm 4 7,d4,scale_1.0_rot_270_flip_0,4.437535762786865
42,3,400 ppm 1 1,d4,scale_1.0_rot_270_flip_0,3.8062326908111572
42,3,600 ppm 3 2,d4,scale_1.0_rot_270_flip_0,4.187968730926514
42,3,400 ppm 2 5,d4,scale_1.0_rot_270_flip_0,4.302647113800049
42,3,800 ppm 2 10,d4,scale_1.0_rot_270_flip_0,6.384251117706299
42,3,400 ppm 2 6,d4,scale_1.0_rot_270_flip_0,4.841383457183838
42,3,400 ppm 2 2,d4,scale_1.0_rot_270_flip_0,3.808181047439575
42,3,800 ppm 1 3,d4,scale_1.0_rot_270_flip_0,4.9583563804626465
42,3,400 ppm 5 7,d4,scale_1.0_rot_270_flip_0,5.308700084686279
42,3,1000 ppm 3 1,d4,scale_1.0_rot_270_flip_0,4.8990912437438965
42,3,1000 ppm 2 9,d4,scale_1.0_rot_270_flip_0,5.765257358551025
42,3,1000 ppm 2 6,d4,scale_1.0_rot_270_flip_0,5.393417835235596
42,3,400 ppm 2 1,d4,scale_1.0_rot_270_flip_0,4.912840843200684
42,3,800 ppm 4 2,d4,scale_1.0_rot_270_flip_0,6.025562763214111
42,3,800 ppm 1 6,d4,scale_1.0_rot_270_flip_0,4.048704147338867
42,3,800 ppm 4 3,d4,scale_1.0_rot_270_flip_0,5.307669162750244
42,3,1000 ppm 5 5,d4,scale_1.0_rot_270_flip_0,5.723742961883545
42,3,600 ppm 5 6,d4,scale_1.0_rot_270_flip_0,5.214926242828369
42,3,400 ppm 5 3,d4,scale_1.0_rot_270_flip_0,3.1599714756011963
42,3,600 ppm 1 6,d4,scale_1.0_rot_270_flip_0,6.146615505218506
42,3,1000 ppm 1 6,d4,scale_1.0_rot_270_flip_0,4.193395137786865
42,3,800 ppm 5 2,d4,scale_1.0_rot_270_flip_0,5.925792217254639
42,3,c 2,d4,scale_1.0_rot_270_flip_0,2.5595452785491943
42,3,800 ppm 2 2,d4,scale_1.0_rot_270_flip_0,4.901932716369629
42,3,400 ppm 5 9,d4,scale_1.0_rot_270_flip_0,6.070589542388916
42,3,400 ppm 2 8,d4,scale_1.0_rot_270_flip_0,5.034052848815918
42,3,400 ppm 1 4,d4,scale_1.0_rot_270_flip_0,5.807199001312256
42,3,1000 ppm 2 2,d4,scale_1.0_rot_270_flip_0,4.513097286224365
42,3,400 ppm 5 6,d4,scale_1.0_rot_270_flip_1,4.108810901641846
42,3,800 ppm 5 6,d4,scale_1.0_rot_270_flip_1,6.293853282928467
42,3,800 ppm 1 8,d4,scale_1.0_rot_270_flip_1,4.60762357711792
42,3,400 ppm 1 7,d4,scale_1.0_rot_270_flip_1,4.810475826263428
42,3,400 ppm 3 8,d4,scale_1.0_rot_270_flip_1,4.100707530975342
42,3,1000 ppm 4 10,d4,scale_1.0_rot_270_flip_1,5.688053607940674
42,3,600 ppm 4 1,d4,scale_1.0_rot_270_flip_1,3.8027617931365967
42,3,400 ppm 4 2,d4,scale_1.0_rot_270_flip_1,5.156769275665283
42,3,1000 ppm 3 7,d4,scale_1.0_rot_270_flip_1,4.532637119293213
42,3,800 ppm 4 1,d4,scale_1.0_rot_270_flip_1,4.361691951751709
42,3,600 ppm 1 10,d4,scale_1.0_rot_270_flip_1,5.529765605926514
42,3,400 ppm 5 4,d4,scale_1.0_rot_270_flip_1,4.427227020263672
42,3,1000 ppm 1 10,d4,scale_1.0_rot_270_flip_1,6.30960750579834
42,3,800 ppm 5 1,d4,scale_1.0_rot_270_flip_1,4.284111976623535
42,3,1000 ppm 1 2,d4,scale_1.0_rot_270_flip_1,4.577067852020264
42,3,800 ppm 4 10,d4,scale_1.0_rot_270_flip_1,4.3637614250183105
42,3,800 ppm 3 10,d4,scale_1.0_rot_270_flip_1,3.981304883956909
42,3,600 ppm 4 2,d4,scale_1.0_rot_270_flip_1,5.643846035003662
42,3,600 ppm 5 9,d4,scale_1.0_rot_270_flip_1,5.660811901092529
42,3,600 ppm 4 3,d4,scale_1.0_rot_270_flip_1,4.8070902824401855
42,3,600 ppm 2 3,d4,scale_1.0_rot_270_flip_1,6.029988765716553
42,3,400 ppm 1 8,d4,scale_1.0_rot_270_flip_1,5.300445079803467
42,3,800 ppm 2 6,d4,scale_1.0_rot_270_flip_1,5.755426406860352
42,3,400 ppm 3 3,d4,scale_1.0_rot_270_flip_1,3.6324398517608643
42,3,400 ppm 4 7,d4,scale_1.0_rot_270_flip_1,4.101936340332031
42,3,400 ppm 1 1,d4,scale_1.0_rot_270_flip_1,3.796722412109375
42,3,600 ppm 3 2,d4,scale_1.0_rot_270_flip_1,4.249633312225342
42,3,400 ppm 2 5,d4,scale_1.0_rot_270_flip_1,4.344540596008301
42,3,800 ppm 2 10,d4,scale_1.0_rot_270_flip_1,6.553488254547119
42,3,400 ppm 2 6,d4,scale_1.0_rot_270_flip_1,5.076897144317627
42,3,400 ppm 2 2,d4,scale_1.0_rot_270_flip_1,4.085638523101807
42,3,800 ppm 1 3,d4,scale_1.0_rot_270_flip_1,4.947390079498291
42,3,400 ppm 5 7,d4,scale_1.0_rot_270_flip_1,5.248895168304443
42,3,1000 ppm 3 1,d4,scale_1.0_rot_270_flip_1,4.994056224822998
42,3,1000 ppm 2 9,d4,scale_1.0_rot_270_flip_1,5.794776439666748
42,3,1000 ppm 2 6,d4,scale_1.0_rot_270_flip_1,5.663260459899902
42,3,400 ppm 2 1,d4,scale_1.0_rot_270_flip_1,4.649224758148193
42,3,800 ppm 4 2,d4,scale_1.0_rot_270_flip_1,6.072804927825928
42,3,800 ppm 1 6,d4,scale_1.0_rot_270_flip_1,4.267932415008545
42,3,800 ppm 4 3,d4,scale_1.0_rot_270_flip_1,5.0277581214904785
42,3,1000 ppm 5 5,d4,scale_1.0_rot_270_flip_1,5.963070392608643
42,3,600 ppm 5 6,d4,scale_1.0_rot_270_flip_1,5.164669990539551
42,3,400 ppm 5 3,d4,scale_1.0_rot_270_flip_1,3.341917037963867
42,3,600 ppm 1 6,d4,scale_1.0_rot_270_flip_1,6.137526988983154
42,3,1000 ppm 1 6,d4,scale_1.0_rot_270_flip_1,4.573521137237549
42,3,800 ppm 5 2,d4,scale_1.0_rot_270_flip_1,5.971458911895752
42,3,c 2,d4,scale_1.0_rot_270_flip_1,2.458510637283325
42,3,800 ppm 2 2,d4,scale_1.0_rot_270_flip_1,4.7472147941589355
42,3,400 ppm 5 9,d4,scale_1.0_rot_270_flip_1,6.076171875
42,3,400 ppm 2 8,d4,scale_1.0_rot_270_flip_1,5.252138614654541
42,3,400 ppm 1 4,d4,scale_1.0_rot_270_flip_1,5.783783435821533
42,3,1000 ppm 2 2,d4,scale_1.0_rot_270_flip_1,4.518280029296875
42,4,1000 ppm 1 3,single,scale_1.0_rot_0_flip_0,4.181094169616699
42,4,400 ppm 4 6,single,scale_1.0_rot_0_flip_0,2.1877033710479736
42,4,600 ppm 3 1,single,scale_1.0_rot_0_flip_0,3.482288360595703
42,4,400 ppm 3 5,single,scale_1.0_rot_0_flip_0,2.8695690631866455
42,4,c 10,single,scale_1.0_rot_0_flip_0,1.1210461854934692
42,4,400 ppm 1 2,single,scale_1.0_rot_0_flip_0,2.0284154415130615
42,4,800 ppm 2 4,single,scale_1.0_rot_0_flip_0,2.691995143890381
42,4,800 ppm 5 4,single,scale_1.0_rot_0_flip_0,4.276965141296387
42,4,1000 ppm 1 4,single,scale_1.0_rot_0_flip_0,4.063351631164551
42,4,1000 ppm 4 2,single,scale_1.0_rot_0_flip_0,3.9731638431549072
42,4,400 ppm 2 3,single,scale_1.0_rot_0_flip_0,1.122076153755188
42,4,600 ppm 1 3,single,scale_1.0_rot_0_flip_0,2.981959581375122
42,4,400 ppm 5 5,single,scale_1.0_rot_0_flip_0,4.261708736419678
42,4,800 ppm 3 7,single,scale_1.0_rot_0_flip_0,3.5023272037506104
42,4,400 ppm 1 9,single,scale_1.0_rot_0_flip_0,4.124619483947754
42,4,800 ppm 5 3,single,scale_1.0_rot_0_flip_0,3.349217653274536
42,4,800 ppm 3 6,single,scale_1.0_rot_0_flip_0,2.4631540775299072
42,4,1000 ppm 4 8,single,scale_1.0_rot_0_flip_0,4.597629547119141
42,4,800 ppm 4 8,single,scale_1.0_rot_0_flip_0,2.1228156089782715
42,4,400 ppm 4 9,single,scale_1.0_rot_0_flip_0,2.772836208343506
42,4,c 7,single,scale_1.0_rot_0_flip_0,0.45022469758987427
42,4,800 ppm 1 5,single,scale_1.0_rot_0_flip_0,3.840468406677246
42,4,600 ppm 2 7,single,scale_1.0_rot_0_flip_0,4.073116302490234
42,4,600 ppm 1 7,single,scale_1.0_rot_0_flip_0,2.209312915802002
42,4,1000 ppm 3 6,single,scale_1.0_rot_0_flip_0,3.490792989730835
42,4,1000 ppm 1 9,single,scale_1.0_rot_0_flip_0,3.9400088787078857
42,4,800 ppm 2 7,single,scale_1.0_rot_0_flip_0,5.08413028717041
42,4,800 ppm 3 2,single,scale_1.0_rot_0_flip_0,2.305137872695923
42,4,1000 ppm 4 6,single,scale_1.0_rot_0_flip_0,3.7146356105804443
42,4,600 ppm 1 4,single,scale_1.0_rot_0_flip_0,1.6678712368011475
42,4,600 ppm 3 10,single,scale_1.0_rot_0_flip_0,2.6043457984924316
42,4,600 ppm 5 8,single,scale_1.0_rot_0_flip_0,1.0541237592697144
42,4,c 5,single,scale_1.0_rot_0_flip_0,1.651980996131897
42,4,600 ppm 3 9,single,scale_1.0_rot_0_flip_0,2.025921106338501
42,4,1000 ppm 5 10,single,scale_1.0_rot_0_flip_0,4.214528560638428
42,4,600 ppm 5 1,single,scale_1.0_rot_0_flip_0,1.413008689880371
42,4,600 ppm 1 1,single,scale_1.0_rot_0_flip_0,2.6118245124816895
42,4,800 ppm 5 10,single,scale_1.0_rot_0_flip_0,2.450615882873535
42,4,400 ppm 4 5,single,scale_1.0_rot_0_flip_0,2.115183115005493
42,4,600 ppm 3 8,single,scale_1.0_rot_0_flip_0,2.31126070022583
42,4,800 ppm 3 8,single,scale_1.0_rot_0_flip_0,1.3163772821426392
42,4,1000 ppm 5 6,single,scale_1.0_rot_0_flip_0,3.037835121154785
42,4,600 ppm 4 8,single,scale_1.0_rot_0_flip_0,3.012932300567627
42,4,800 ppm 3 5,single,scale_1.0_rot_0_flip_0,2.4138598442077637
42,4,400 ppm 3 1,single,scale_1.0_rot_0_flip_0,0.7052441835403442
42,4,400 ppm 3 6,single,scale_1.0_rot_0_flip_0,1.520026683807373
42,4,600 ppm 4 10,single,scale_1.0_rot_0_flip_0,2.597423791885376
42,4,1000 ppm 4 1,single,scale_1.0_rot_0_flip_0,4.126497745513916
42,4,400 ppm 4 10,single,scale_1.0_rot_0_flip_0,2.3429017066955566
42,4,600 ppm 3 3,single,scale_1.0_rot_0_flip_0,2.5662522315979004
42,4,400 ppm 3 4,single,scale_1.0_rot_0_flip_0,2.991055965423584
42,4,1000 ppm 2 3,single,scale_1.0_rot_0_flip_0,2.1050100326538086
42,4,1000 ppm 1 3,d4,scale_1.0_rot_0_flip_0,4.181094169616699
42,4,400 ppm 4 6,d4,scale_1.0_rot_0_flip_0,2.1877033710479736
42,4,600 ppm 3 1,d4,scale_1.0_rot_0_flip_0,3.482288360595703
42,4,400 ppm 3 5,d4,scale_1.0_rot_0_flip_0,2.8695690631866455
42,4,c 10,d4,scale_1.0_rot_0_flip_0,1.1210461854934692
42,4,400 ppm 1 2,d4,scale_1.0_rot_0_flip_0,2.0284154415130615
42,4,800 ppm 2 4,d4,scale_1.0_rot_0_flip_0,2.691995143890381
42,4,800 ppm 5 4,d4,scale_1.0_rot_0_flip_0,4.276965141296387
42,4,1000 ppm 1 4,d4,scale_1.0_rot_0_flip_0,4.063351631164551
42,4,1000 ppm 4 2,d4,scale_1.0_rot_0_flip_0,3.9731638431549072
42,4,400 ppm 2 3,d4,scale_1.0_rot_0_flip_0,1.122076153755188
42,4,600 ppm 1 3,d4,scale_1.0_rot_0_flip_0,2.981959581375122
42,4,400 ppm 5 5,d4,scale_1.0_rot_0_flip_0,4.261708736419678
42,4,800 ppm 3 7,d4,scale_1.0_rot_0_flip_0,3.5023272037506104
42,4,400 ppm 1 9,d4,scale_1.0_rot_0_flip_0,4.124619483947754
42,4,800 ppm 5 3,d4,scale_1.0_rot_0_flip_0,3.349217653274536
42,4,800 ppm 3 6,d4,scale_1.0_rot_0_flip_0,2.4631540775299072
42,4,1000 ppm 4 8,d4,scale_1.0_rot_0_flip_0,4.597629547119141
42,4,800 ppm 4 8,d4,scale_1.0_rot_0_flip_0,2.1228156089782715
42,4,400 ppm 4 9,d4,scale_1.0_rot_0_flip_0,2.772836208343506
42,4,c 7,d4,scale_1.0_rot_0_flip_0,0.45022469758987427
42,4,800 ppm 1 5,d4,scale_1.0_rot_0_flip_0,3.840468406677246
42,4,600 ppm 2 7,d4,scale_1.0_rot_0_flip_0,4.073116302490234
42,4,600 ppm 1 7,d4,scale_1.0_rot_0_flip_0,2.209312915802002
42,4,1000 ppm 3 6,d4,scale_1.0_rot_0_flip_0,3.490792989730835
42,4,1000 ppm 1 9,d4,scale_1.0_rot_0_flip_0,3.9400088787078857
42,4,800 ppm 2 7,d4,scale_1.0_rot_0_flip_0,5.08413028717041
42,4,800 ppm 3 2,d4,scale_1.0_rot_0_flip_0,2.305137872695923
42,4,1000 ppm 4 6,d4,scale_1.0_rot_0_flip_0,3.7146356105804443
42,4,600 ppm 1 4,d4,scale_1.0_rot_0_flip_0,1.6678712368011475
42,4,600 ppm 3 10,d4,scale_1.0_rot_0_flip_0,2.6043457984924316
42,4,600 ppm 5 8,d4,scale_1.0_rot_0_flip_0,1.0541237592697144
42,4,c 5,d4,scale_1.0_rot_0_flip_0,1.651980996131897
42,4,600 ppm 3 9,d4,scale_1.0_rot_0_flip_0,2.025921106338501
42,4,1000 ppm 5 10,d4,scale_1.0_rot_0_flip_0,4.214528560638428
42,4,600 ppm 5 1,d4,scale_1.0_rot_0_flip_0,1.413008689880371
42,4,600 ppm 1 1,d4,scale_1.0_rot_0_flip_0,2.6118245124816895
42,4,800 ppm 5 10,d4,scale_1.0_rot_0_flip_0,2.450615882873535
42,4,400 ppm 4 5,d4,scale_1.0_rot_0_flip_0,2.115183115005493
42,4,600 ppm 3 8,d4,scale_1.0_rot_0_flip_0,2.31126070022583
42,4,800 ppm 3 8,d4,scale_1.0_rot_0_flip_0,1.3163772821426392
42,4,1000 ppm 5 6,d4,scale_1.0_rot_0_flip_0,3.037835121154785
42,4,600 ppm 4 8,d4,scale_1.0_rot_0_flip_0,3.012932300567627
42,4,800 ppm 3 5,d4,scale_1.0_rot_0_flip_0,2.4138598442077637
42,4,400 ppm 3 1,d4,scale_1.0_rot_0_flip_0,0.7052441835403442
42,4,400 ppm 3 6,d4,scale_1.0_rot_0_flip_0,1.520026683807373
42,4,600 ppm 4 10,d4,scale_1.0_rot_0_flip_0,2.597423791885376
42,4,1000 ppm 4 1,d4,scale_1.0_rot_0_flip_0,4.126497745513916
42,4,400 ppm 4 10,d4,scale_1.0_rot_0_flip_0,2.3429017066955566
42,4,600 ppm 3 3,d4,scale_1.0_rot_0_flip_0,2.5662522315979004
42,4,400 ppm 3 4,d4,scale_1.0_rot_0_flip_0,2.991055965423584
42,4,1000 ppm 2 3,d4,scale_1.0_rot_0_flip_0,2.1050100326538086
42,4,1000 ppm 1 3,d4,scale_1.0_rot_0_flip_1,4.565149307250977
42,4,400 ppm 4 6,d4,scale_1.0_rot_0_flip_1,1.9931954145431519
42,4,600 ppm 3 1,d4,scale_1.0_rot_0_flip_1,3.7610926628112793
42,4,400 ppm 3 5,d4,scale_1.0_rot_0_flip_1,2.578538179397583
42,4,c 10,d4,scale_1.0_rot_0_flip_1,0.7478339672088623
42,4,400 ppm 1 2,d4,scale_1.0_rot_0_flip_1,2.0207602977752686
42,4,800 ppm 2 4,d4,scale_1.0_rot_0_flip_1,2.9429049491882324
42,4,800 ppm 5 4,d4,scale_1.0_rot_0_flip_1,4.204363822937012
42,4,1000 ppm 1 4,d4,scale_1.0_rot_0_flip_1,4.287110328674316
42,4,1000 ppm 4 2,d4,scale_1.0_rot_0_flip_1,3.9517009258270264
42,4,400 ppm 2 3,d4,scale_1.0_rot_0_flip_1,1.2075597047805786
42,4,600 ppm 1 3,d4,scale_1.0_rot_0_flip_1,3.0773582458496094
42,4,400 ppm 5 5,d4,scale_1.0_rot_0_flip_1,3.934121608734131
42,4,800 ppm 3 7,d4,scale_1.0_rot_0_flip_1,3.5292177200317383
42,4,400 ppm 1 9,d4,scale_1.0_rot_0_flip_1,4.233131408691406
42,4,800 ppm 5 3,d4,scale_1.0_rot_0_flip_1,3.5704874992370605
42,4,800 ppm 3 6,d4,scale_1.0_rot_0_flip_1,2.2559046745300293
42,4,1000 ppm 4 8,d4,scale_1.0_rot_0_flip_1,4.641761779785156
42,4,800 ppm 4 8,d4,scale_1.0_rot_0_flip_1,2.215129852294922
42,4,400 ppm 4 9,d4,scale_1.0_rot_0_flip_1,3.1210291385650635
42,4,c 7,d4,scale_1.0_rot_0_flip_1,0.5952733755111694
42,4,800 ppm 1 5,d4,scale_1.0_rot_0_flip_1,4.085787773132324
42,4,600 ppm 2 7,d4,scale_1.0_rot_0_flip_1,4.217996120452881
42,4,600 ppm 1 7,d4,scale_1.0_rot_0_flip_1,2.1429052352905273
42,4,1000 ppm 3 6,d4,scale_1.0_rot_0_flip_1,3.213379144668579
42,4,1000 ppm 1 9,d4,scale_1.0_rot_0_flip_1,4.346755027770996
42,4,800 ppm 2 7,d4,scale_1.0_rot_0_flip_1,4.9583740234375
42,4,800 ppm 3 2,d4,scale_1.0_rot_0_flip_1,2.447535276412964
42,4,1000 ppm 4 6,d4,scale_1.0_rot_0_flip_1,3.516467571258545
42,4,600 ppm 1 4,d4,scale_1.0_rot_0_flip_1,1.7136894464492798
42,4,600 ppm 3 10,d4,scale_1.0_rot_0_flip_1,2.9651525020599365
42,4,600 ppm 5 8,d4,scale_1.0_rot_0_flip_1,1.1603968143463135
42,4,c 5,d4,scale_1.0_rot_0_flip_1,1.9058254957199097
42,4,600 ppm 3 9,d4,scale_1.0_rot_0_flip_1,2.0696120262145996
42,4,1000 ppm 5 10,d4,scale_1.0_rot_0_flip_1,4.180817127227783
42,4,600 ppm 5 1,d4,scale_1.0_rot_0_flip_1,1.535561442375183
42,4,600 ppm 1 1,d4,scale_1.0_rot_0_flip_1,2.474378824234009
42,4,800 ppm 5 10,d4,scale_1.0_rot_0_flip_1,2.677943468093872
42,4,400 ppm 4 5,d4,scale_1.0_rot_0_flip_1,2.06169056892395
42,4,600 ppm 3 8,d4,scale_1.0_rot_0_flip_1,2.2566370964050293
42,4,800 ppm 3 8,d4,scale_1.0_rot_0_flip_1,1.269999384880066
42,4,1000 ppm 5 6,d4,scale_1.0_rot_0_flip_1,3.3414061069488525
42,4,600 ppm 4 8,d4,scale_1.0_rot_0_flip_1,2.7213034629821777
42,4,800 ppm 3 5,d4,scale_1.0_rot_0_flip_1,2.7527594566345215
42,4,400 ppm 3 1,d4,scale_1.0_rot_0_flip_1,0.8356198072433472
42,4,400 ppm 3 6,d4,scale_1.0_rot_0_flip_1,1.6210981607437134
42,4,600 ppm 4 10,d4,scale_1.0_rot_0_flip_1,2.5820300579071045
42,4,1000 ppm 4 1,d4,scale_1.0_rot_0_flip_1,4.044687271118164
42,4,400 ppm 4 10,d4,scale_1.0_rot_0_flip_1,2.5008301734924316
42,4,600 ppm 3 3,d4,scale_1.0_rot_0_flip_1,2.0587546825408936
42,4,400 ppm 3 4,d4,scale_1.0_rot_0_flip_1,2.7492427825927734
42,4,1000 ppm 2 3,d4,scale_1.0_rot_0_flip_1,2.183016300201416
42,4,1000 ppm 1 3,d4,scale_1.0_rot_90_flip_0,5.397602558135986
42,4,400 ppm 4 6,d4,scale_1.0_rot_90_flip_0,2.6436734199523926
42,4,600 ppm 3 1,d4,scale_1.0_rot_90_flip_0,4.806138038635254
42,4,400 ppm 3 5,d4,scale_1.0_rot_90_flip_0,3.787703037261963
42,4,c 10,d4,scale_1.0_rot_90_flip_0,2.387077569961548
42,4,400 ppm 1 2,d4,scale_1.0_rot_90_flip_0,3.548588752746582
42,4,800 ppm 2 4,d4,scale_1.0_rot_90_flip_0,3.927335262298584
42,4,800 ppm 5 4,d4,scale_1.0_rot_90_flip_0,3.742767095565796
42,4,1000 ppm 1 4,d4,scale_1.0_rot_90_flip_0,4.681789398193359
42,4,1000 ppm 4 2,d4,scale_1.0_rot_90_flip_0,4.6826276779174805
42,4,400 ppm 2 3,d4,scale_1.0_rot_90_flip_0,3.107330799102783
42,4,600 ppm 1 3,d4,scale_1.0_rot_90_flip_0,4.132180213928223
42,4,400 ppm 5 5,d4,scale_1.0_rot_90_flip_0,4.061809539794922
42,4,800 ppm 3 7,d4,scale_1.0_rot_90_flip_0,4.081129550933838
42,4,400 ppm 1 9,d4,scale_1.0_rot_90_flip_0,3.6450204849243164
42,4,800 ppm 5 3,d4,scale_1.0_rot_90_flip_0,4.3729095458984375
42,4,800 ppm 3 6,d4,scale_1.0_rot_90_flip_0,4.149348258972168
42,4,1000 ppm 4 8,d4,scale_1.0_rot_90_flip_0,5.403946876525879
42,4,800 ppm 4 8,d4,scale_1.0_rot_90_flip_0,3.7618184089660645
42,4,400 ppm 4 9,d4,scale_1.0_rot_90_flip_0,3.9993841648101807
42,4,c 7,d4,scale_1.0_rot_90_flip_0,2.100914239883423
42,4,800 ppm 1 5,d4,scale_1.0_rot_90_flip_0,4.4876532554626465
42,4,600 ppm 2 7,d4,scale_1.0_rot_90_flip_0,5.444601058959961
42,4,600 ppm 1 7,d4,scale_1.0_rot_90_flip_0,3.6659698486328125
42,4,1000 ppm 3 6,d4,scale_1.0_rot_90_flip_0,4.773402214050293
42,4,1000 ppm 1 9,d4,scale_1.0_rot_90_flip_0,5.611361026763916
42,4,800 ppm 2 7,d4,scale_1.0_rot_90_flip_0,4.163082122802734
42,4,800 ppm 3 2,d4,scale_1.0_rot_90_flip_0,3.552269458770752
42,4,1000 ppm 4 6,d4,scale_1.0_rot_90_flip_0,4.359436988830566
42,4,600 ppm 1 4,d4,scale_1.0_rot_90_flip_0,3.4303627014160156
42,4,600 ppm 3 10,d4,scale_1.0_rot_90_flip_0,3.4166617393493652
42,4,600 ppm 5 8,d4,scale_1.0_rot_90_flip_0,2.335129737854004
42,4,c 5,d4,scale_1.0_rot_90_flip_0,3.41227126121521
42,4,600 ppm 3 9,d4,scale_1.0_rot_90_flip_0,3.67594575881958
42,4,1000 ppm 5 10,d4,scale_1.0_rot_90_flip_0,4.16010856628418
42,4,600 ppm 5 1,d4,scale_1.0_rot_90_flip_0,3.0611796379089355
42,4,600 ppm 1 1,d4,scale_1.0_rot_90_flip_0,3.596602201461792
42,4,800 ppm 5 10,d4,scale_1.0_rot_90_flip_0,3.688882827758789
42,4,400 ppm 4 5,d4,scale_1.0_rot_90_flip_0,2.694166660308838
42,4,600 ppm 3 8,d4,scale_1.0_rot_90_flip_0,3.3841004371643066
42,4,800 ppm 3 8,d4,scale_1.0_rot_90_flip_0,2.8126325607299805
42,4,1000 ppm 5 6,d4,scale_1.0_rot_90_flip_0,4.8661885261535645
42,4,600 ppm 4 8,d4,scale_1.0_rot_90_flip_0,3.759899854660034
42,4,800 ppm 3 5,d4,scale_1.0_rot_90_flip_0,1.5326483249664307
42,4,400 ppm 3 1,d4,scale_1.0_rot_90_flip_0,2.473881483078003
42,4,400 ppm 3 6,d4,scale_1.0_rot_90_flip_0,3.2796146869659424
42,4,600 ppm 4 10,d4,scale_1.0_rot_90_flip_0,4.670533180236816
42,4,1000 ppm 4 1,d4,scale_1.0_rot_90_flip_0,4.694064617156982
42,4,400 ppm 4 10,d4,scale_1.0_rot_90_flip_0,3.747925281524658
42,4,600 ppm 3 3,d4,scale_1.0_rot_90_flip_0,3.1404247283935547
42,4,400 ppm 3 4,d4,scale_1.0_rot_90_flip_0,4.02431058883667
42,4,1000 ppm 2 3,d4,scale_1.0_rot_90_flip_0,2.5949060916900635
42,4,1000 ppm 1 3,d4,scale_1.0_rot_90_flip_1,5.386288642883301
42,4,400 ppm 4 6,d4,scale_1.0_rot_90_flip_1,2.759190797805786
42,4,600 ppm 3 1,d4,scale_1.0_rot_90_flip_1,4.7954559326171875
42,4,400 ppm 3 5,d4,scale_1.0_rot_90_flip_1,3.806979179382324
42,4,c 10,d4,scale_1.0_rot_90_flip_1,2.3481340408325195
42,4,400 ppm 1 2,d4,scale_1.0_rot_90_flip_1,3.6217682361602783
42,4,800 ppm 2 4,d4,scale_1.0_rot_90_flip_1,3.9637975692749023
42,4,800 ppm 5 4,d4,scale_1.0_rot_90_flip_1,3.944875717163086
42,4,1000 ppm 1 4,d4,scale_1.0_rot_90_flip_1,4.754143714904785
42,4,1000 ppm 4 2,d4,scale_1.0_rot_90_flip_1,4.682883262634277
42,4,400 ppm 2 3,d4,scale_1.0_rot_90_flip_1,3.1252493858337402
42,4,600 ppm 1 3,d4,scale_1.0_rot_90_flip_1,4.153010368347168
42,4,400 ppm 5 5,d4,scale_1.0_rot_90_flip_1,4.382265090942383
42,4,800 ppm 3 7,d4,scale_1.0_rot_90_flip_1,4.2826247215271
42,4,400 ppm 1 9,d4,scale_1.0_rot_90_flip_1,3.8150999546051025
42,4,800 ppm 5 3,d4,scale_1.0_rot_90_flip_1,4.391765594482422
42,4,800 ppm 3 6,d4,scale_1.0_rot_90_flip_1,4.112485885620117
42,4,1000 ppm 4 8,d4,scale_1.0_rot_90_flip_1,5.532911777496338
42,4,800 ppm 4 8,d4,scale_1.0_rot_90_flip_1,3.794455051422119
42,4,400 ppm 4 9,d4,scale_1.0_rot_90_flip_1,3.731168746948242
42,4,c 7,d4,scale_1.0_rot_90_flip_1,2.318432331085205
42,4,800 ppm 1 5,d4,scale_1.0_rot_90_flip_1,4.395362377166748
42,4,600 ppm 2 7,d4,scale_1.0_rot_90_flip_1,5.640088081359863
42,4,600 ppm 1 7,d4,scale_1.0_rot_90_flip_1,3.4948925971984863
42,4,1000 ppm 3 6,d4,scale_1.0_rot_90_flip_1,4.6740827560424805
42,4,1000 ppm 1 9,d4,scale_1.0_rot_90_flip_1,5.311771392822266
42,4,800 ppm 2 7,d4,scale_1.0_rot_90_flip_1,4.268811225891113
42,4,800 ppm 3 2,d4,scale_1.0_rot_90_flip_1,3.6427268981933594
42,4,1000 ppm 4 6,d4,scale_1.0_rot_90_flip_1,4.526637077331543
42,4,600 ppm 1 4,d4,scale_1.0_rot_90_flip_1,3.288013458251953
42,4,600 ppm 3 10,d4,scale_1.0_rot_90_flip_1,3.2455077171325684
42,4,600 ppm 5 8,d4,scale_1.0_rot_90_flip_1,2.03810977935791
42,4,c 5,d4,scale_1.0_rot_90_flip_1,3.3393075466156006
42,4,600 ppm 3 9,d4,scale_1.0_rot_90_flip_1,3.584944009780884
42,4,1000 ppm 5 10,d4,scale_1.0_rot_90_flip_1,3.885753631591797
42,4,600 ppm 5 1,d4,scale_1.0_rot_90_flip_1,3.0525741577148438
42,4,600 ppm 1 1,d4,scale_1.0_rot_90_flip_1,3.424699306488037
42,4,800 ppm 5 10,d4,scale_1.0_rot_90_flip_1,3.5732760429382324
42,4,400 ppm 4 5,d4,scale_1.0_rot_90_flip_1,2.798863410949707
42,4,600 ppm 3 8,d4,scale_1.0_rot_90_flip_1,3.5836496353149414
42,4,800 ppm 3 8,d4,scale_1.0_rot_90_flip_1,2.6925814151763916
42,4,1000 ppm 5 6,d4,scale_1.0_rot_90_flip_1,4.875328063964844
42,4,600 ppm 4 8,d4,scale_1.0_rot_90_flip_1,3.251708984375
42,4,800 ppm 3 5,d4,scale_1.0_rot_90_flip_1,1.7590886354446411
42,4,400 ppm 3 1,d4,scale_1.0_rot_90_flip_1,2.514000654220581
42,4,400 ppm 3 6,d4,scale_1.0_rot_90_flip_1,3.4021337032318115
42,4,600 ppm 4 10,d4,scale_1.0_rot_90_flip_1,4.52044677734375
42,4,1000 ppm 4 1,d4,scale_1.0_rot_90_flip_1,4.878273963928223
42,4,400 ppm 4 10,d4,scale_1.0_rot_90_flip_1,3.915501594543457
42,4,600 ppm 3 3,d4,scale_1.0_rot_90_flip_1,3.0212228298187256
42,4,400 ppm 3 4,d4,scale_1.0_rot_90_flip_1,4.096955299377441
42,4,1000 ppm 2 3,d4,scale_1.0_rot_90_flip_1,2.400233268737793
42,4,1000 ppm 1 3,d4,scale_1.0_rot_180_flip_0,4.73606014251709
42,4,400 ppm 4 6,d4,scale_1.0_rot_180_flip_0,2.769798755645752
42,4,600 ppm 3 1,d4,scale_1.0_rot_180_flip_0,4.21562385559082
42,4,400 ppm 3 5,d4,scale_1.0_rot_180_flip_0,3.2849435806274414
42,4,c 10,d4,scale_1.0_rot_180_flip_0,1.9569976329803467
42,4,400 ppm 1 2,d4,scale_1.0_rot_180_flip_0,3.5165295600891113
42,4,800 ppm 2 4,d4,scale_1.0_rot_180_flip_0,4.499603748321533
42,4,800 ppm 5 4,d4,scale_1.0_rot_180_flip_0,4.440178871154785
42,4,1000 ppm 1 4,d4,scale_1.0_rot_180_flip_0,4.795698165893555
42,4,1000 ppm 4 2,d4,scale_1.0_rot_180_flip_0,4.56104850769043
42,4,400 ppm 2 3,d4,scale_1.0_rot_180_flip_0,2.5576589107513428
42,4,600 ppm 1 3,d4,scale_1.0_rot_180_flip_0,3.8770391941070557
42,4,400 ppm 5 5,d4,scale_1.0_rot_180_flip_0,3.249333381652832
42,4,800 ppm 3 7,d4,scale_1.0_rot_180_flip_0,4.081348419189453
42,4,400 ppm 1 9,d4,scale_1.0_rot_180_flip_0,3.997340679168701
42,4,800 ppm 5 3,d4,scale_1.0_rot_180_flip_0,4.413037300109863
42,4,800 ppm 3 6,d4,scale_1.0_rot_180_flip_0,3.295433521270752
42,4,1000 ppm 4 8,d4,scale_1.0_rot_180_flip_0,5.661782264709473
42,4,800 ppm 4 8,d4,scale_1.0_rot_180_flip_0,3.0748538970947266
42,4,400 ppm 4 9,d4,scale_1.0_rot_180_flip_0,3.589442014694214
42,4,c 7,d4,scale_1.0_rot_180_flip_0,1.9933158159255981
42,4,800 ppm 1 5,d4,scale_1.0_rot_180_flip_0,4.485265254974365
42,4,600 ppm 2 7,d4,scale_1.0_rot_180_flip_0,5.029703140258789
42,4,600 ppm 1 7,d4,scale_1.0_rot_180_flip_0,3.0254921913146973
42,4,1000 ppm 3 6,d4,scale_1.0_rot_180_flip_0,4.394513130187988
42,4,1000 ppm 1 9,d4,scale_1.0_rot_180_flip_0,5.255041122436523
42,4,800 ppm 2 7,d4,scale_1.0_rot_180_flip_0,5.102884292602539
42,4,800 ppm 3 2,d4,scale_1.0_rot_180_flip_0,3.9223828315734863
42,4,1000 ppm 4 6,d4,scale_1.0_rot_180_flip_0,4.756232261657715
42,4,600 ppm 1 4,d4,scale_1.0_rot_180_flip_0,2.567094087600708
42,4,600 ppm 3 10,d4,scale_1.0_rot_180_flip_0,3.425518274307251
42,4,600 ppm 5 8,d4,scale_1.0_rot_180_flip_0,1.5851763486862183
42,4,c 5,d4,scale_1.0_rot_180_flip_0,3.177398204803467
42,4,600 ppm 3 9,d4,scale_1.0_rot_180_flip_0,3.021209239959717
42,4,1000 ppm 5 10,d4,scale_1.0_rot_180_flip_0,4.804240703582764
42,4,600 ppm 5 1,d4,scale_1.0_rot_180_flip_0,2.233327865600586
42,4,600 ppm 1 1,d4,scale_1.0_rot_180_flip_0,3.3136792182922363
42,4,800 ppm 5 10,d4,scale_1.0_rot_180_flip_0,3.6642563343048096
42,4,400 ppm 4 5,d4,scale_1.0_rot_180_flip_0,2.9558918476104736
42,4,600 ppm 3 8,d4,scale_1.0_rot_180_flip_0,3.3535099029541016
42,4,800 ppm 3 8,d4,scale_1.0_rot_180_flip_0,2.359175443649292
42,4,1000 ppm 5 6,d4,scale_1.0_rot_180_flip_0,4.558750629425049
42,4,600 ppm 4 8,d4,scale_1.0_rot_180_flip_0,3.130283832550049
42,4,800 ppm 3 5,d4,scale_1.0_rot_180_flip_0,2.6060121059417725
42,4,400 ppm 3 1,d4,scale_1.0_rot_180_flip_0,1.9876641035079956
42,4,400 ppm 3 6,d4,scale_1.0_rot_180_flip_0,2.436422109603882
42,4,600 ppm 4 10,d4,scale_1.0_rot_180_flip_0,3.5559351444244385
42,4,1000 ppm 4 1,d4,scale_1.0_rot_180_flip_0,3.8997085094451904
42,4,400 ppm 4 10,d4,scale_1.0_rot_180_flip_0,3.850043296813965
42,4,600 ppm 3 3,d4,scale_1.0_rot_180_flip_0,3.323148250579834
42,4,400 ppm 3 4,d4,scale_1.0_rot_180_flip_0,3.586029291152954
42,4,1000 ppm 2 3,d4,scale_1.0_rot_180_flip_0,3.2611658573150635
42,4,1000 ppm 1 3,d4,scale_1.0_rot_180_flip_1,4.944677352905273
42,4,400 ppm 4 6,d4,scale_1.0_rot_180_flip_1,2.8779008388519287
42,4,600 ppm 3 1,d4,scale_1.0_rot_180_flip_1,4.2479705810546875
42,4,400 ppm 3 5,d4,scale_1.0_rot_180_flip_1,3.305305004119873
42,4,c 10,d4,scale_1.0_rot_180_flip_1,2.050647258758545
42,4,400 ppm 1 2,d4,scale_1.0_rot_180_flip_1,3.533834934234619
42,4,800 ppm 2 4,d4,scale_1.0_rot_180_flip_1,4.1944990158081055
42,4,800 ppm 5 4,d4,scale_1.0_rot_180_flip_1,4.3680315017700195
42,4,1000 ppm 1 4,d4,scale_1.0_rot_180_flip_1,4.643774032592773
42,4,1000 ppm 4 2,d4,scale_1.0_rot_180_flip_1,4.2100677490234375
42,4,400 ppm 2 3,d4,scale_1.0_rot_180_flip_1,2.4411544799804688
42,4,600 ppm 1 3,d4,scale_1.0_rot_180_flip_1,3.5668692588806152
42,4,400 ppm 5 5,d4,scale_1.0_rot_180_flip_1,3.3759121894836426
42,4,800 ppm 3 7,d4,scale_1.0_rot_180_flip_1,4.118290424346924
42,4,400 ppm 1 9,d4,scale_1.0_rot_180_flip_1,4.0535078048706055
42,4,800 ppm 5 3,d4,scale_1.0_rot_180_flip_1,4.6102166175842285
42,4,800 ppm 3 6,d4,scale_1.0_rot_180_flip_1,3.453165054321289
42,4,1000 ppm 4 8,d4,scale_1.0_rot_180_flip_1,5.508587837219238
42,4,800 ppm 4 8,d4,scale_1.0_rot_180_flip_1,3.2137136459350586
42,4,400 ppm 4 9,d4,scale_1.0_rot_180_flip_1,3.179307222366333
42,4,c 7,d4,scale_1.0_rot_180_flip_1,1.860381007194519
42,4,800 ppm 1 5,d4,scale_1.0_rot_180_flip_1,4.201714038848877
42,4,600 ppm 2 7,d4,scale_1.0_rot_180_flip_1,5.268515586853027
42,4,600 ppm 1 7,d4,scale_1.0_rot_180_flip_1,3.1382484436035156
42,4,1000 ppm 3 6,d4,scale_1.0_rot_180_flip_1,4.545809745788574
42,4,1000 ppm 1 9,d4,scale_1.0_rot_180_flip_1,5.377930164337158
42,4,800 ppm 2 7,d4,scale_1.0_rot_180_flip_1,5.452757835388184
42,4,800 ppm 3 2,d4,scale_1.0_rot_180_flip_1,3.3220133781433105
42,4,1000 ppm 4 6,d4,scale_1.0_rot_180_flip_1,4.955556392669678
42,4,600 ppm 1 4,d4,scale_1.0_rot_180_flip_1,2.381175994873047
42,4,600 ppm 3 10,d4,scale_1.0_rot_180_flip_1,3.2584002017974854
42,4,600 ppm 5 8,d4,scale_1.0_rot_180_flip_1,1.8148146867752075
42,4,c 5,d4,scale_1.0_rot_180_flip_1,3.039621114730835
42,4,600 ppm 3 9,d4,scale_1.0_rot_180_flip_1,2.9519052505493164
42,4,1000 ppm 5 10,d4,scale_1.0_rot_180_flip_1,4.747308254241943
42,4,600 ppm 5 1,d4,scale_1.0_rot_180_flip_1,2.409482955932617
42,4,600 ppm 1 1,d4,scale_1.0_rot_180_flip_1,3.580261707305908
42,4,800 ppm 5 10,d4,scale_1.0_rot_180_flip_1,3.492861270904541
42,4,400 ppm 4 5,d4,scale_1.0_rot_180_flip_1,2.812870502471924
42,4,600 ppm 3 8,d4,scale_1.0_rot_180_flip_1,3.3410696983337402
42,4,800 ppm 3 8,d4,scale_1.0_rot_180_flip_1,2.6474087238311768
42,4,1000 ppm 5 6,d4,scale_1.0_rot_180_flip_1,4.258990287780762
42,4,600 ppm 4 8,d4,scale_1.0_rot_180_flip_1,3.5267930030822754
42,4,800 ppm 3 5,d4,scale_1.0_rot_180_flip_1,2.364367723464966
42,4,400 ppm 3 1,d4,scale_1.0_rot_180_flip_1,1.82212233543396
42,4,400 ppm 3 6,d4,scale_1.0_rot_180_flip_1,2.48842453956604
42,4,600 ppm 4 10,d4,scale_1.0_rot_180_flip_1,3.3139705657958984
42,4,1000 ppm 4 1,d4,scale_1.0_rot_180_flip_1,4.1213274002075195
42,4,400 ppm 4 10,d4,scale_1.0_rot_180_flip_1,3.7142229080200195
42,4,600 ppm 3 3,d4,scale_1.0_rot_180_flip_1,3.187924861907959
42,4,400 ppm 3 4,d4,scale_1.0_rot_180_flip_1,3.387417793273926
42,4,1000 ppm 2 3,d4,scale_1.0_rot_180_flip_1,3.0166773796081543
42,4,1000 ppm 1 3,d4,scale_1.0_rot_270_flip_0,4.993149280548096
42,4,400 ppm 4 6,d4,scale_1.0_rot_270_flip_0,3.106661081314087
42,4,600 ppm 3 1,d4,scale_1.0_rot_270_flip_0,4.957149505615234
42,4,400 ppm 3 5,d4,scale_1.0_rot_270_flip_0,3.104661703109741
42,4,c 10,d4,scale_1.0_rot_270_flip_0,2.1036815643310547
42,4,400 ppm 1 2,d4,scale_1.0_rot_270_flip_0,3.546388626098633
42,4,800 ppm 2 4,d4,scale_1.0_rot_270_flip_0,4.0293049812316895
42,4,800 ppm 5 4,d4,scale_1.0_rot_270_flip_0,4.461618423461914
42,4,1000 ppm 1 4,d4,scale_1.0_rot_270_flip_0,4.84255313873291
42,4,1000 ppm 4 2,d4,scale_1.0_rot_270_flip_0,4.729752540588379
42,4,400 ppm 2 3,d4,scale_1.0_rot_270_flip_0,2.9284818172454834
42,4,600 ppm 1 3,d4,scale_1.0_rot_270_flip_0,4.727870941162109
42,4,400 ppm 5 5,d4,scale_1.0_rot_270_flip_0,4.755293846130371
42,4,800 ppm 3 7,d4,scale_1.0_rot_270_flip_0,3.9154467582702637
42,4,400 ppm 1 9,d4,scale_1.0_rot_270_flip_0,3.155731201171875
42,4,800 ppm 5 3,d4,scale_1.0_rot_270_flip_0,4.764482021331787
42,4,800 ppm 3 6,d4,scale_1.0_rot_270_flip_0,3.746022939682007
42,4,1000 ppm 4 8,d4,scale_1.0_rot_270_flip_0,5.462058067321777
42,4,800 ppm 4 8,d4,scale_1.0_rot_270_flip_0,3.82968807220459
42,4,400 ppm 4 9,d4,scale_1.0_rot_270_flip_0,4.255805015563965
42,4,c 7,d4,scale_1.0_rot_270_flip_0,2.0789613723754883
42,4,800 ppm 1 5,d4,scale_1.0_rot_270_flip_0,5.022267818450928
42,4,600 ppm 2 7,d4,scale_1.0_rot_270_flip_0,5.670993804931641
42,4,600 ppm 1 7,d4,scale_1.0_rot_270_flip_0,3.6161818504333496
42,4,1000 ppm 3 6,d4,scale_1.0_rot_270_flip_0,4.885117053985596
42,4,1000 ppm 1 9,d4,scale_1.0_rot_270_flip_0,5.64756965637207
42,4,800 ppm 2 7,d4,scale_1.0_rot_270_flip_0,5.152788162231445
42,4,800 ppm 3 2,d4,scale_1.0_rot_270_flip_0,4.005558967590332
42,4,1000 ppm 4 6,d4,scale_1.0_rot_270_flip_0,4.837562084197998
42,4,600 ppm 1 4,d4,scale_1.0_rot_270_flip_0,3.192343235015869
42,4,600 ppm 3 10,d4,scale_1.0_rot_270_flip_0,3.237144947052002
42,4,600 ppm 5 8,d4,scale_1.0_rot_270_flip_0,2.1474547386169434
42,4,c 5,d4,scale_1.0_rot_270_flip_0,3.415827751159668
42,4,600 ppm 3 9,d4,scale_1.0_rot_270_flip_0,3.37943959236145
42,4,1000 ppm 5 10,d4,scale_1.0_rot_270_flip_0,4.953805923461914
42,4,600 ppm 5 1,d4,scale_1.0_rot_270_flip_0,3.0821080207824707
42,4,600 ppm 1 1,d4,scale_1.0_rot_270_flip_0,3.7718210220336914
42,4,800 ppm 5 10,d4,scale_1.0_rot_270_flip_0,3.7826664447784424
42,4,400 ppm 4 5,d4,scale_1.0_rot_270_flip_0,2.953000068664551
42,4,600 ppm 3 8,d4,scale_1.0_rot_270_flip_0,3.5084218978881836
42,4,800 ppm 3 8,d4,scale_1.0_rot_270_flip_0,2.895860195159912
42,4,1000 ppm 5 6,d4,scale_1.0_rot_270_flip_0,5.139225959777832
42,4,600 ppm 4 8,d4,scale_1.0_rot_270_flip_0,3.6117963790893555
42,4,800 ppm 3 5,d4,scale_1.0_rot_270_flip_0,2.362372398376465
42,4,400 ppm 3 1,d4,scale_1.0_rot_270_flip_0,2.7951455116271973
42,4,400 ppm 3 6,d4,scale_1.0_rot_270_flip_0,3.319931983947754
42,4,600 ppm 4 10,d4,scale_1.0_rot_270_flip_0,4.108253479003906
42,4,1000 ppm 4 1,d4,scale_1.0_rot_270_flip_0,4.840621471405029
42,4,400 ppm 4 10,d4,scale_1.0_rot_270_flip_0,3.6616549491882324
42,4,600 ppm 3 3,d4,scale_1.0_rot_270_flip_0,3.2539305686950684
42,4,400 ppm 3 4,d4,scale_1.0_rot_270_flip_0,4.067018508911133
42,4,1000 ppm 2 3,d4,scale_1.0_rot_270_flip_0,3.0896155834198
42,4,1000 ppm 1 3,d4,scale_1.0_rot_270_flip_1,5.170331954956055
42,4,400 ppm 4 6,d4,scale_1.0_rot_270_flip_1,2.9209718704223633
42,4,600 ppm 3 1,d4,scale_1.0_rot_270_flip_1,4.66903829574585
42,4,400 ppm 3 5,d4,scale_1.0_rot_270_flip_1,3.285006046295166
42,4,c 10,d4,scale_1.0_rot_270_flip_1,1.8322175741195679
42,4,400 ppm 1 2,d4,scale_1.0_rot_270_flip_1,3.3210179805755615
42,4,800 ppm 2 4,d4,scale_1.0_rot_270_flip_1,4.03294038772583
42,4,800 ppm 5 4,d4,scale_1.0_rot_270_flip_1,4.12062406539917
42,4,1000 ppm 1 4,d4,scale_1.0_rot_270_flip_1,4.880795955657959
42,4,1000 ppm 4 2,d4,scale_1.0_rot_270_flip_1,5.23594856262207
42,4,400 ppm 2 3,d4,scale_1.0_rot_270_flip_1,3.086766242980957
42,4,600 ppm 1 3,d4,scale_1.0_rot_270_flip_1,4.546324253082275
42,4,400 ppm 5 5,d4,scale_1.0_rot_270_flip_1,4.729588508605957
42,4,800 ppm 3 7,d4,scale_1.0_rot_270_flip_1,3.944324254989624
42,4,400 ppm 1 9,d4,scale_1.0_rot_270_flip_1,3.029540777206421
42,4,800 ppm 5 3,d4,scale_1.0_rot_270_flip_1,4.403410911560059
42,4,800 ppm 3 6,d4,scale_1.0_rot_270_flip_1,3.8567237854003906
42,4,1000 ppm 4 8,d4,scale_1.0_rot_270_flip_1,5.450471878051758
42,4,800 ppm 4 8,d4,scale_1.0_rot_270_flip_1,3.7411913871765137
42,4,400 ppm 4 9,d4,scale_1.0_rot_270_flip_1,4.358361721038818
42,4,c 7,d4,scale_1.0_rot_270_flip_1,2.395087718963623
42,4,800 ppm 1 5,d4,scale_1.0_rot_270_flip_1,5.012745380401611
42,4,600 ppm 2 7,d4,scale_1.0_rot_270_flip_1,5.601207733154297
42,4,600 ppm 1 7,d4,scale_1.0_rot_270_flip_1,3.5968997478485107
42,4,1000 ppm 3 6,d4,scale_1.0_rot_270_flip_1,4.939268112182617
42,4,1000 ppm 1 9,d4,scale_1.0_rot_270_flip_1,5.810373783111572
42,4,800 ppm 2 7,d4,scale_1.0_rot_270_flip_1,5.278604507446289
42,4,800 ppm 3 2,d4,scale_1.0_rot_270_flip_1,3.7155160903930664
42,4,1000 ppm 4 6,d4,scale_1.0_rot_270_flip_1,5.019744873046875
42,4,600 ppm 1 4,d4,scale_1.0_rot_270_flip_1,3.1723742485046387
42,4,600 ppm 3 10,d4,scale_1.0_rot_270_flip_1,3.588252544403076
42,4,600 ppm 5 8,d4,scale_1.0_rot_270_flip_1,2.153618097305298
42,4,c 5,d4,scale_1.0_rot_270_flip_1,3.4035305976867676
42,4,600 ppm 3 9,d4,scale_1.0_rot_270_flip_1,3.3605241775512695
42,4,1000 ppm 5 10,d4,scale_1.0_rot_270_flip_1,4.557172775268555
42,4,600 ppm 5 1,d4,scale_1.0_rot_270_flip_1,3.0030341148376465
42,4,600 ppm 1 1,d4,scale_1.0_rot_270_flip_1,3.797414541244507
42,4,800 ppm 5 10,d4,scale_1.0_rot_270_flip_1,3.887939453125
42,4,400 ppm 4 5,d4,scale_1.0_rot_270_flip_1,2.7138705253601074
42,4,600 ppm 3 8,d4,scale_1.0_rot_270_flip_1,3.8939383029937744
42,4,800 ppm 3 8,d4,scale_1.0_rot_270_flip_1,2.7013802528381348
42,4,1000 ppm 5 6,d4,scale_1.0_rot_270_flip_1,5.079921722412109
42,4,600 ppm 4 8,d4,scale_1.0_rot_270_flip_1,3.570328712463379
42,4,800 ppm 3 5,d4,scale_1.0_rot_270_flip_1,2.2945563793182373
42,4,400 ppm 3 1,d4,scale_1.0_rot_270_flip_1,2.7149055004119873
42,4,400 ppm 3 6,d4,scale_1.0_rot_270_flip_1,3.1514291763305664
42,4,600 ppm 4 10,d4,scale_1.0_rot_270_flip_1,4.330099105834961
42,4,1000 ppm 4 1,d4,scale_1.0_rot_270_flip_1,4.845279693603516
42,4,400 ppm 4 10,d4,scale_1.0_rot_270_flip_1,4.0735673904418945
42,4,600 ppm 3 3,d4,scale_1.0_rot_270_flip_1,3.308539390563965
42,4,400 ppm 3 4,d4,scale_1.0_rot_270_flip_1,4.197786331176758
42,4,1000 ppm 2 3,d4,scale_1.0_rot_270_flip_1,2.9988646507263184
