task,backbone,seed,fold,best_epoch,selection,inference,dataset_index,sample_id,group,residue_mg_cm2,target,prediction,view_count,view_instability,target_label,prediction_label,baseline_prediction,probability_low,probability_medium,probability_high
bin_classification,resnet50,42,1,8,inner_refit,single,3,600 ppm 5 5,,3.07249289,1,1,1,0.0,medium,medium,0,0.2722530961036682,0.4387762248516083,0.2889707386493683
bin_classification,resnet50,42,1,8,inner_refit,single,5,1000 ppm 4 3,,7.189555601,2,2,1,0.0,high,high,0,0.1989581286907196,0.3984285891056061,0.4026132822036743
bin_classification,resnet50,42,1,8,inner_refit,single,6,1000 ppm 3 9,,6.405368276,2,2,1,0.0,high,high,0,0.08606473356485367,0.3291096091270447,0.5848256945610046
bin_classification,resnet50,42,1,8,inner_refit,single,7,1000 ppm 3 10,,4.236281385,2,1,1,0.0,high,medium,0,0.2699391841888428,0.4307434856891632,0.29931730031967163
bin_classification,resnet50,42,1,8,inner_refit,single,8,600 ppm 3 7,,2.508319707,0,1,1,0.0,low,medium,0,0.2924025356769562,0.5728116631507874,0.13478584587574005
bin_classification,resnet50,42,1,8,inner_refit,single,9,800 ppm 5 7,,3.900390988,2,2,1,0.0,high,high,0,0.301451176404953,0.32588914036750793,0.37265974283218384
bin_classification,resnet50,42,1,8,inner_refit,single,11,400 ppm 4 4,,2.489788579,0,0,1,0.0,low,low,0,0.41840267181396484,0.26354748010635376,0.3180498480796814
bin_classification,resnet50,42,1,8,inner_refit,single,12,800 ppm 2 8,,2.765988542,1,2,1,0.0,medium,high,0,0.23115044832229614,0.38152605295181274,0.3873234987258911
bin_classification,resnet50,42,1,8,inner_refit,single,13,400 ppm 3 2,,1.924704767,0,0,1,0.0,low,low,0,0.42899754643440247,0.39496365189552307,0.17603880167007446
bin_classification,resnet50,42,1,8,inner_refit,single,21,800 ppm 3 9,,3.382216957,1,1,1,0.0,medium,medium,0,0.3412120044231415,0.39998942613601685,0.2587985396385193
bin_classification,resnet50,42,1,8,inner_refit,single,27,1000 ppm 5 1,,3.059802771,1,1,1,0.0,medium,medium,0,0.1499180942773819,0.5138822793960571,0.3361996114253998
bin_classification,resnet50,42,1,8,inner_refit,single,28,800 ppm 4 5,,2.521832891,0,1,1,0.0,low,medium,0,0.254708468914032,0.5354095697402954,0.2098819464445114
bin_classification,resnet50,42,1,8,inner_refit,single,29,800 ppm 2 1,,4.06487884,2,2,1,0.0,high,high,0,0.26068398356437683,0.3484915792942047,0.39082440733909607
bin_classification,resnet50,42,1,8,inner_refit,single,34,400 ppm 1 5,,2.341339231,0,2,1,0.0,low,high,0,0.23504069447517395,0.25545939803123474,0.5094999074935913
bin_classification,resnet50,42,1,8,inner_refit,single,45,400 ppm 4 8,,2.558849953,0,0,1,0.0,low,low,0,0.5378137230873108,0.28270554542541504,0.17948076128959656
bin_classification,resnet50,42,1,8,inner_refit,single,49,800 ppm 3 4,,3.337767404,1,1,1,0.0,medium,medium,0,0.33778664469718933,0.5067480206489563,0.15546533465385437
bin_classification,resnet50,42,1,8,inner_refit,single,53,1000 ppm 2 1,,3.63646254,2,1,1,0.0,high,medium,0,0.27994170784950256,0.5031379461288452,0.21692033112049103
bin_classification,resnet50,42,1,8,inner_refit,single,54,400 ppm 3 10,,3.10781821,1,0,1,0.0,medium,low,0,0.40249869227409363,0.28848570585250854,0.3090156316757202
bin_classification,resnet50,42,1,8,inner_refit,single,66,1000 ppm 3 3,,3.51299382,1,1,1,0.0,medium,medium,0,0.30941465497016907,0.37215468287467957,0.31843072175979614
bin_classification,resnet50,42,1,8,inner_refit,single,67,c 9,,0.057884192,0,0,1,0.0,low,low,0,0.696944534778595,0.19563208520412445,0.10742340981960297
bin_classification,resnet50,42,1,8,inner_refit,single,70,800 ppm 3 3,,3.888822319,2,1,1,0.0,high,medium,0,0.11406026035547256,0.6159160733222961,0.2700236737728119
bin_classification,resnet50,42,1,8,inner_refit,single,79,800 ppm 2 9,,4.519795322,2,2,1,0.0,high,high,0,0.22236090898513794,0.3789900541305542,0.39864906668663025
bin_classification,resnet50,42,1,8,inner_refit,single,81,600 ppm 2 9,,3.516388075,1,2,1,0.0,medium,high,0,0.22345036268234253,0.2855018973350525,0.4910476803779602
bin_classification,resnet50,42,1,8,inner_refit,single,83,400 ppm 2 10,,2.028021582,0,1,1,0.0,low,medium,0,0.1967717409133911,0.49349141120910645,0.30973684787750244
bin_classification,resnet50,42,1,8,inner_refit,single,94,800 ppm 4 7,,2.433103134,0,0,1,0.0,low,low,0,0.37694093585014343,0.3332688808441162,0.28979018330574036
bin_classification,resnet50,42,1,8,inner_refit,single,99,1000 ppm 2 7,,2.945844467,1,1,1,0.0,medium,medium,0,0.18764172494411469,0.4991128742694855,0.31324532628059387
bin_classification,resnet50,42,1,8,inner_refit,single,108,800 ppm 5 9,,4.625114916,2,2,1,0.0,high,high,0,0.07397972792387009,0.29266005754470825,0.6333602666854858
bin_classification,resnet50,42,1,8,inner_refit,single,109,600 ppm 3 6,,2.589302372,1,1,1,0.0,medium,medium,0,0.2703818678855896,0.5464616417884827,0.18315650522708893
bin_classification,resnet50,42,1,8,inner_refit,single,111,1000 ppm 1 5,,5.633915275,2,2,1,0.0,high,high,0,0.18680645525455475,0.2699286639690399,0.5432648658752441
bin_classification,resnet50,42,1,8,inner_refit,single,113,600 ppm 5 10,,2.366026608,0,1,1,0.0,low,medium,0,0.31525176763534546,0.4644709825515747,0.22027724981307983
bin_classification,resnet50,42,1,8,inner_refit,single,114,600 ppm 2 5,,7.364696779,2,2,1,0.0,high,high,0,0.14770035445690155,0.40889716148376465,0.443402498960495
bin_classification,resnet50,42,1,8,inner_refit,single,115,800 ppm 1 10,,3.305771452,1,2,1,0.0,medium,high,0,0.30119866132736206,0.2592386305332184,0.43956267833709717
bin_classification,resnet50,42,1,8,inner_refit,single,117,1000 ppm 3 8,,3.306848768,1,2,1,0.0,medium,high,0,0.15721015632152557,0.38175615668296814,0.4610336124897003
bin_classification,resnet50,42,1,8,inner_refit,single,121,800 ppm 2 3,,4.083341711,2,2,1,0.0,high,high,0,0.17168767750263214,0.2825852632522583,0.5457270741462708
bin_classification,resnet50,42,1,8,inner_refit,single,126,1000 ppm 5 7,,3.420269793,1,2,1,0.0,medium,high,0,0.3327507972717285,0.27453386783599854,0.39271530508995056
bin_classification,resnet50,42,1,8,inner_refit,single,130,400 ppm 1 3,,2.14727081,0,2,1,0.0,low,high,0,0.22249974310398102,0.34628674387931824,0.43121352791786194
bin_classification,resnet50,42,1,8,inner_refit,single,131,800 ppm 4 6,,2.875276352,1,1,1,0.0,medium,medium,0,0.3794827163219452,0.3893892765045166,0.23112799227237701
bin_classification,resnet50,42,1,8,inner_refit,single,132,600 ppm 5 4,,1.814695158,0,0,1,0.0,low,low,0,0.424190491437912,0.39311203360557556,0.18269741535186768
bin_classification,resnet50,42,1,8,inner_refit,single,138,400 ppm 2 7,,2.096952551,0,1,1,0.0,low,medium,0,0.19898289442062378,0.4833287298679352,0.3176884055137634
bin_classification,resnet50,42,1,8,inner_refit,single,143,1000 ppm 5 9,,3.907491301,2,2,1,0.0,high,high,0,0.12082371860742569,0.428240567445755,0.4509357511997223
bin_classification,resnet50,42,1,8,inner_refit,single,146,400 ppm 5 8,,1.963308029,0,2,1,0.0,low,high,0,0.045072972774505615,0.28245818614959717,0.6724688410758972
bin_classification,resnet50,42,1,8,inner_refit,single,148,c 4,,0.028773772,0,0,1,0.0,low,low,0,0.6035104990005493,0.2819879353046417,0.11450158059597015
bin_classification,resnet50,42,1,8,inner_refit,single,156,1000 ppm 1 8,,2.743553968,1,2,1,0.0,medium,high,0,0.2474304884672165,0.32752639055252075,0.42504313588142395
bin_classification,resnet50,42,1,8,inner_refit,single,157,c 3,,0.03666858,0,0,1,0.0,low,low,0,0.4700201749801636,0.3216063380241394,0.20837350189685822
bin_classification,resnet50,42,1,8,inner_refit,single,166,800 ppm 1 9,,4.20466345,2,1,1,0.0,high,medium,0,0.10321079194545746,0.6147633194923401,0.28202590346336365
bin_classification,resnet50,42,1,8,inner_refit,single,175,1000 ppm 3 2,,5.16842706,2,1,1,0.0,high,medium,0,0.27764081954956055,0.4635325074195862,0.2588266432285309
bin_classification,resnet50,42,1,8,inner_refit,single,186,1000 ppm 5 4,,4.896407171,2,2,1,0.0,high,high,0,0.2649405598640442,0.3479507267475128,0.387108713388443
bin_classification,resnet50,42,1,8,inner_refit,single,189,1000 ppm 3 5,,3.571688657,1,2,1,0.0,medium,high,0,0.16576768457889557,0.3570980429649353,0.47713425755500793
bin_classification,resnet50,42,1,8,inner_refit,single,192,800 ppm 1 4,,3.526156319,1,2,1,0.0,medium,high,0,0.19832183420658112,0.3970266580581665,0.4046514630317688
bin_classification,resnet50,42,1,8,inner_refit,single,193,1000 ppm 1 7,,13.21918184,2,2,1,0.0,high,high,0,0.049206897616386414,0.09866373986005783,0.8521293997764587
bin_classification,resnet50,42,1,8,inner_refit,single,202,1000 ppm 3 4,,3.664180216,2,2,1,0.0,high,high,0,0.2491099089384079,0.276576966047287,0.4743131101131439
bin_classification,resnet50,42,1,8,inner_refit,single,204,400 ppm 5 1,,2.488451456,0,2,1,0.0,low,high,0,0.22353893518447876,0.28445878624916077,0.4920022487640381
bin_classification,resnet50,42,1,8,inner_refit,single,205,1000 ppm 2 4,,2.575755666,1,1,1,0.0,medium,medium,0,0.23060467839241028,0.3986511528491974,0.37074416875839233
bin_classification,resnet50,42,1,8,inner_refit,d4_mean,3,600 ppm 5 5,,3.07249289,1,2,8,0.5,medium,high,0,0.22513943910598755,0.3661460280418396,0.40871453285217285
bin_classification,resnet50,42,1,8,inner_refit,d4_mean,5,1000 ppm 4 3,,7.189555601,2,2,8,0.0,high,high,0,0.20110854506492615,0.28879305720329285,0.510098397731781
bin_classification,resnet50,42,1,8,inner_refit,d4_mean,6,1000 ppm 3 9,,6.405368276,2,2,8,0.0,high,high,0,0.07811132818460464,0.25687935948371887,0.6650093197822571
bin_classification,resnet50,42,1,8,inner_refit,d4_mean,7,1000 ppm 3 10,,4.236281385,2,1,8,0.125,high,medium,0,0.28702443838119507,0.38741326332092285,0.3255622982978821
bin_classification,resnet50,42,1,8,inner_refit,d4_mean,8,600 ppm 3 7,,2.508319707,0,1,8,0.0,low,medium,0,0.3029322922229767,0.4933164417743683,0.20375126600265503
bin_classification,resnet50,42,1,8,inner_refit,d4_mean,9,800 ppm 5 7,,3.900390988,2,2,8,0.375,high,high,0,0.33597925305366516,0.2989504337310791,0.36507028341293335
bin_classification,resnet50,42,1,8,inner_refit,d4_mean,11,400 ppm 4 4,,2.489788579,0,2,8,0.5,low,high,0,0.36407753825187683,0.24006253480911255,0.395859956741333
bin_classification,resnet50,42,1,8,inner_refit,d4_mean,12,800 ppm 2 8,,2.765988542,1,2,8,0.25,medium,high,0,0.21455112099647522,0.3258148431777954,0.45963403582572937
bin_classification,resnet50,42,1,8,inner_refit,d4_mean,13,400 ppm 3 2,,1.924704767,0,1,8,0.625,low,medium,0,0.3576802611351013,0.36392146348953247,0.2783983051776886
bin_classification,resnet50,42,1,8,inner_refit,d4_mean,21,800 ppm 3 9,,3.382216957,1,2,8,0.5,medium,high,0,0.31991660594940186,0.3182813823223114,0.36180201172828674
bin_classification,resnet50,42,1,8,inner_refit,d4_mean,27,1000 ppm 5 1,,3.059802771,1,1,8,0.375,medium,medium,0,0.1467391848564148,0.44375720620155334,0.40950360894203186
bin_classification,resnet50,42,1,8,inner_refit,d4_mean,28,800 ppm 4 5,,2.521832891,0,1,8,0.0,low,medium,0,0.22940807044506073,0.546336829662323,0.22425514459609985
bin_classification,resnet50,42,1,8,inner_refit,d4_mean,29,800 ppm 2 1,,4.06487884,2,2,8,0.0,high,high,0,0.2266349494457245,0.32130205631256104,0.4520629644393921
bin_classification,resnet50,42,1,8,inner_refit,d4_mean,34,400 ppm 1 5,,2.341339231,0,2,8,0.125,low,high,0,0.21239154040813446,0.27874118089675903,0.5088673233985901
bin_classification,resnet50,42,1,8,inner_refit,d4_mean,45,400 ppm 4 8,,2.558849953,0,0,8,0.0,low,low,0,0.5234338641166687,0.28026634454727173,0.196299746632576
bin_classification,resnet50,42,1,8,inner_refit,d4_mean,49,800 ppm 3 4,,3.337767404,1,1,8,0.25,medium,medium,0,0.3613733649253845,0.4737696349620819,0.16485697031021118
bin_classification,resnet50,42,1,8,inner_refit,d4_mean,53,1000 ppm 2 1,,3.63646254,2,1,8,0.125,high,medium,0,0.2549501657485962,0.4483872652053833,0.2966625988483429
bin_classification,resnet50,42,1,8,inner_refit,d4_mean,54,400 ppm 3 10,,3.10781821,1,2,8,0.125,medium,high,0,0.2774938642978668,0.2882458567619324,0.4342602789402008
bin_classification,resnet50,42,1,8,inner_refit,d4_mean,66,1000 ppm 3 3,,3.51299382,1,2,8,0.5,medium,high,0,0.2500562369823456,0.36658236384391785,0.3833613991737366
bin_classification,resnet50,42,1,8,inner_refit,d4_mean,67,c 9,,0.057884192,0,0,8,0.0,low,low,0,0.6352515816688538,0.18769773840904236,0.1770506352186203
bin_classification,resnet50,42,1,8,inner_refit,d4_mean,70,800 ppm 3 3,,3.888822319,2,1,8,0.375,high,medium,0,0.14564821124076843,0.5207884311676025,0.33356332778930664
bin_classification,resnet50,42,1,8,inner_refit,d4_mean,79,800 ppm 2 9,,4.519795322,2,2,8,0.0,high,high,0,0.21836504340171814,0.32858744263648987,0.453047513961792
bin_classification,resnet50,42,1,8,inner_refit,d4_mean,81,600 ppm 2 9,,3.516388075,1,2,8,0.0,medium,high,0,0.218515545129776,0.2587054967880249,0.5227789282798767
bin_classification,resnet50,42,1,8,inner_refit,d4_mean,83,400 ppm 2 10,,2.028021582,0,1,8,0.375,low,medium,0,0.18558163940906525,0.4355664551258087,0.37885192036628723
bin_classification,resnet50,42,1,8,inner_refit,d4_mean,94,800 ppm 4 7,,2.433103134,0,0,8,0.625,low,low,0,0.3405117094516754,0.3235141634941101,0.3359740972518921
bin_classification,resnet50,42,1,8,inner_refit,d4_mean,99,1000 ppm 2 7,,2.945844467,1,2,8,0.375,medium,high,0,0.1559346616268158,0.33968859910964966,0.5043767094612122
bin_classification,resnet50,42,1,8,inner_refit,d4_mean,108,800 ppm 5 9,,4.625114916,2,2,8,0.0,high,high,0,0.09958412498235703,0.32156527042388916,0.5788505673408508
bin_classification,resnet50,42,1,8,inner_refit,d4_mean,109,600 ppm 3 6,,2.589302372,1,1,8,0.25,medium,medium,0,0.3531813621520996,0.47694262862205505,0.16987600922584534
bin_classification,resnet50,42,1,8,inner_refit,d4_mean,111,1000 ppm 1 5,,5.633915275,2,2,8,0.0,high,high,0,0.20863455533981323,0.2781717777252197,0.5131936073303223
bin_classification,resnet50,42,1,8,inner_refit,d4_mean,113,600 ppm 5 10,,2.366026608,0,1,8,0.0,low,medium,0,0.2989910840988159,0.45556992292404175,0.24543894827365875
bin_classification,resnet50,42,1,8,inner_refit,d4_mean,114,600 ppm 2 5,,7.364696779,2,2,8,0.0,high,high,0,0.1234050914645195,0.28780290484428406,0.5887920260429382
bin_classification,resnet50,42,1,8,inner_refit,d4_mean,115,800 ppm 1 10,,3.305771452,1,2,8,0.25,medium,high,0,0.32851117849349976,0.26017245650291443,0.4113163352012634
bin_classification,resnet50,42,1,8,inner_refit,d4_mean,117,1000 ppm 3 8,,3.306848768,1,2,8,0.0,medium,high,0,0.12968072295188904,0.31240785121917725,0.5579113960266113
bin_classification,resnet50,42,1,8,inner_refit,d4_mean,121,800 ppm 2 3,,4.083341711,2,2,8,0.0,high,high,0,0.18096770346164703,0.2701902389526367,0.5488420724868774
bin_classification,resnet50,42,1,8,inner_refit,d4_mean,126,1000 ppm 5 7,,3.420269793,1,2,8,0.125,medium,high,0,0.28020450472831726,0.29437077045440674,0.4254247546195984
bin_classification,resnet50,42,1,8,inner_refit,d4_mean,130,400 ppm 1 3,,2.14727081,0,2,8,0.0,low,high,0,0.1868438869714737,0.2865810990333557,0.5265750288963318
bin_classification,resnet50,42,1,8,inner_refit,d4_mean,131,800 ppm 4 6,,2.875276352,1,1,8,0.125,medium,medium,0,0.3030858039855957,0.40571796894073486,0.2911962866783142
bin_classification,resnet50,42,1,8,inner_refit,d4_mean,132,600 ppm 5 4,,1.814695158,0,0,8,0.125,low,low,0,0.44505274295806885,0.3461526334285736,0.20879462361335754
bin_classification,resnet50,42,1,8,inner_refit,d4_mean,138,400 ppm 2 7,,2.096952551,0,1,8,0.5,low,medium,0,0.14886127412319183,0.4324421286582947,0.4186965823173523
bin_classification,resnet50,42,1,8,inner_refit,d4_mean,143,1000 ppm 5 9,,3.907491301,2,2,8,0.25,high,high,0,0.11986222118139267,0.35196834802627563,0.5281695127487183
bin_classification,resnet50,42,1,8,inner_refit,d4_mean,146,400 ppm 5 8,,1.963308029,0,2,8,0.0,low,high,0,0.0916103720664978,0.2437455952167511,0.6646440625190735
bin_classification,resnet50,42,1,8,inner_refit,d4_mean,148,c 4,,0.028773772,0,0,8,0.0,low,low,0,0.5979640483856201,0.2750551104545593,0.12698087096214294
bin_classification,resnet50,42,1,8,inner_refit,d4_mean,156,1000 ppm 1 8,,2.743553968,1,2,8,0.0,medium,high,0,0.23492270708084106,0.31804919242858887,0.4470280706882477
bin_classification,resnet50,42,1,8,inner_refit,d4_mean,157,c 3,,0.03666858,0,0,8,0.0,low,low,0,0.46863728761672974,0.29250121116638184,0.23886148631572723
bin_classification,resnet50,42,1,8,inner_refit,d4_mean,166,800 ppm 1 9,,4.20466345,2,1,8,0.5,high,medium,0,0.10238758474588394,0.48639392852783203,0.411218523979187
bin_classification,resnet50,42,1,8,inner_refit,d4_mean,175,1000 ppm 3 2,,5.16842706,2,2,8,0.375,high,high,0,0.2538078725337982,0.3574298024177551,0.38876232504844666
bin_classification,resnet50,42,1,8,inner_refit,d4_mean,186,1000 ppm 5 4,,4.896407171,2,2,8,0.375,high,high,0,0.19673794507980347,0.32506364583969116,0.47819840908050537
bin_classification,resnet50,42,1,8,inner_refit,d4_mean,189,1000 ppm 3 5,,3.571688657,1,2,8,0.0,medium,high,0,0.15296216309070587,0.3151615262031555,0.5318763256072998
bin_classification,resnet50,42,1,8,inner_refit,d4_mean,192,800 ppm 1 4,,3.526156319,1,2,8,0.5,medium,high,0,0.23522013425827026,0.3723992705345154,0.39238059520721436
bin_classification,resnet50,42,1,8,inner_refit,d4_mean,193,1000 ppm 1 7,,13.21918184,2,2,8,0.0,high,high,0,0.06970849633216858,0.1987624317407608,0.7315290570259094
bin_classification,resnet50,42,1,8,inner_refit,d4_mean,202,1000 ppm 3 4,,3.664180216,2,2,8,0.0,high,high,0,0.24464349448680878,0.23857390880584717,0.5167825818061829
bin_classification,resnet50,42,1,8,inner_refit,d4_mean,204,400 ppm 5 1,,2.488451456,0,2,8,0.0,low,high,0,0.20068711042404175,0.2682631015777588,0.5310498476028442
bin_classification,resnet50,42,1,8,inner_refit,d4_mean,205,1000 ppm 2 4,,2.575755666,1,2,8,0.375,medium,high,0,0.2160971462726593,0.3547186851501465,0.4291841685771942
bin_classification,resnet50,42,1,8,inner_refit,d4_vote,3,600 ppm 5 5,,3.07249289,1,2,8,0.5,medium,high,0,0.22513943910598755,0.3661460280418396,0.40871453285217285
bin_classification,resnet50,42,1,8,inner_refit,d4_vote,5,1000 ppm 4 3,,7.189555601,2,2,8,0.0,high,high,0,0.20110854506492615,0.28879305720329285,0.510098397731781
bin_classification,resnet50,42,1,8,inner_refit,d4_vote,6,1000 ppm 3 9,,6.405368276,2,2,8,0.0,high,high,0,0.07811132818460464,0.25687935948371887,0.6650093197822571
bin_classification,resnet50,42,1,8,inner_refit,d4_vote,7,1000 ppm 3 10,,4.236281385,2,1,8,0.125,high,medium,0,0.28702443838119507,0.38741326332092285,0.3255622982978821
bin_classification,resnet50,42,1,8,inner_refit,d4_vote,8,600 ppm 3 7,,2.508319707,0,1,8,0.0,low,medium,0,0.3029322922229767,0.4933164417743683,0.20375126600265503
bin_classification,resnet50,42,1,8,inner_refit,d4_vote,9,800 ppm 5 7,,3.900390988,2,2,8,0.375,high,high,0,0.33597925305366516,0.2989504337310791,0.36507028341293335
bin_classification,resnet50,42,1,8,inner_refit,d4_vote,11,400 ppm 4 4,,2.489788579,0,2,8,0.5,low,high,0,0.36407753825187683,0.24006253480911255,0.395859956741333
bin_classification,resnet50,42,1,8,inner_refit,d4_vote,12,800 ppm 2 8,,2.765988542,1,2,8,0.25,medium,high,0,0.21455112099647522,0.3258148431777954,0.45963403582572937
bin_classification,resnet50,42,1,8,inner_refit,d4_vote,13,400 ppm 3 2,,1.924704767,0,1,8,0.625,low,medium,0,0.3576802611351013,0.36392146348953247,0.2783983051776886
bin_classification,resnet50,42,1,8,inner_refit,d4_vote,21,800 ppm 3 9,,3.382216957,1,2,8,0.5,medium,high,0,0.31991660594940186,0.3182813823223114,0.36180201172828674
bin_classification,resnet50,42,1,8,inner_refit,d4_vote,27,1000 ppm 5 1,,3.059802771,1,1,8,0.375,medium,medium,0,0.1467391848564148,0.44375720620155334,0.40950360894203186
bin_classification,resnet50,42,1,8,inner_refit,d4_vote,28,800 ppm 4 5,,2.521832891,0,1,8,0.0,low,medium,0,0.22940807044506073,0.546336829662323,0.22425514459609985
bin_classification,resnet50,42,1,8,inner_refit,d4_vote,29,800 ppm 2 1,,4.06487884,2,2,8,0.0,high,high,0,0.2266349494457245,0.32130205631256104,0.4520629644393921
bin_classification,resnet50,42,1,8,inner_refit,d4_vote,34,400 ppm 1 5,,2.341339231,0,2,8,0.125,low,high,0,0.21239154040813446,0.27874118089675903,0.5088673233985901
bin_classification,resnet50,42,1,8,inner_refit,d4_vote,45,400 ppm 4 8,,2.558849953,0,0,8,0.0,low,low,0,0.5234338641166687,0.28026634454727173,0.196299746632576
bin_classification,resnet50,42,1,8,inner_refit,d4_vote,49,800 ppm 3 4,,3.337767404,1,1,8,0.25,medium,medium,0,0.3613733649253845,0.4737696349620819,0.16485697031021118
bin_classification,resnet50,42,1,8,inner_refit,d4_vote,53,1000 ppm 2 1,,3.63646254,2,1,8,0.125,high,medium,0,0.2549501657485962,0.4483872652053833,0.2966625988483429
bin_classification,resnet50,42,1,8,inner_refit,d4_vote,54,400 ppm 3 10,,3.10781821,1,2,8,0.125,medium,high,0,0.2774938642978668,0.2882458567619324,0.4342602789402008
bin_classification,resnet50,42,1,8,inner_refit,d4_vote,66,1000 ppm 3 3,,3.51299382,1,2,8,0.5,medium,high,0,0.2500562369823456,0.36658236384391785,0.3833613991737366
bin_classification,resnet50,42,1,8,inner_refit,d4_vote,67,c 9,,0.057884192,0,0,8,0.0,low,low,0,0.6352515816688538,0.18769773840904236,0.1770506352186203
bin_classification,resnet50,42,1,8,inner_refit,d4_vote,70,800 ppm 3 3,,3.888822319,2,1,8,0.375,high,medium,0,0.14564821124076843,0.5207884311676025,0.33356332778930664
bin_classification,resnet50,42,1,8,inner_refit,d4_vote,79,800 ppm 2 9,,4.519795322,2,2,8,0.0,high,high,0,0.21836504340171814,0.32858744263648987,0.453047513961792
bin_classification,resnet50,42,1,8,inner_refit,d4_vote,81,600 ppm 2 9,,3.516388075,1,2,8,0.0,medium,high,0,0.218515545129776,0.2587054967880249,0.5227789282798767
bin_classification,resnet50,42,1,8,inner_refit,d4_vote,83,400 ppm 2 10,,2.028021582,0,1,8,0.375,low,medium,0,0.18558163940906525,0.4355664551258087,0.37885192036628723
bin_classification,resnet50,42,1,8,inner_refit,d4_vote,94,800 ppm 4 7,,2.433103134,0,0,8,0.625,low,low,0,0.3405117094516754,0.3235141634941101,0.3359740972518921
bin_classification,resnet50,42,1,8,inner_refit,d4_vote,99,1000 ppm 2 7,,2.945844467,1,2,8,0.375,medium,high,0,0.1559346616268158,0.33968859910964966,0.5043767094612122
bin_classification,resnet50,42,1,8,inner_refit,d4_vote,108,800 ppm 5 9,,4.625114916,2,2,8,0.0,high,high,0,0.09958412498235703,0.32156527042388916,0.5788505673408508
bin_classification,resnet50,42,1,8,inner_refit,d4_vote,109,600 ppm 3 6,,2.589302372,1,1,8,0.25,medium,medium,0,0.3531813621520996,0.47694262862205505,0.16987600922584534
bin_classification,resnet50,42,1,8,inner_refit,d4_vote,111,1000 ppm 1 5,,5.633915275,2,2,8,0.0,high,high,0,0.20863455533981323,0.2781717777252197,0.5131936073303223
bin_classification,resnet50,42,1,8,inner_refit,d4_vote,113,600 ppm 5 10,,2.366026608,0,1,8,0.0,low,medium,0,0.2989910840988159,0.45556992292404175,0.24543894827365875
bin_classification,resnet50,42,1,8,inner_refit,d4_vote,114,600 ppm 2 5,,7.364696779,2,2,8,0.0,high,high,0,0.1234050914645195,0.28780290484428406,0.5887920260429382
bin_classification,resnet50,42,1,8,inner_refit,d4_vote,115,800 ppm 1 10,,3.305771452,1,2,8,0.25,medium,high,0,0.32851117849349976,0.26017245650291443,0.4113163352012634
bin_classification,resnet50,42,1,8,inner_refit,d4_vote,117,1000 ppm 3 8,,3.306848768,1,2,8,0.0,medium,high,0,0.12968072295188904,0.31240785121917725,0.5579113960266113
bin_classification,resnet50,42,1,8,inner_refit,d4_vote,121,800 ppm 2 3,,4.083341711,2,2,8,0.0,high,high,0,0.18096770346164703,0.2701902389526367,0.5488420724868774
bin_classification,resnet50,42,1,8,inner_refit,d4_vote,126,1000 ppm 5 7,,3.420269793,1,2,8,0.125,medium,high,0,0.28020450472831726,0.29437077045440674,0.4254247546195984
bin_classification,resnet50,42,1,8,inner_refit,d4_vote,130,400 ppm 1 3,,2.14727081,0,2,8,0.0,low,high,0,0.1868438869714737,0.2865810990333557,0.5265750288963318
bin_classification,resnet50,42,1,8,inner_refit,d4_vote,131,800 ppm 4 6,,2.875276352,1,1,8,0.125,medium,medium,0,0.3030858039855957,0.40571796894073486,0.2911962866783142
bin_classification,resnet50,42,1,8,inner_refit,d4_vote,132,600 ppm 5 4,,1.814695158,0,0,8,0.125,low,low,0,0.44505274295806885,0.3461526334285736,0.20879462361335754
bin_classification,resnet50,42,1,8,inner_refit,d4_vote,138,400 ppm 2 7,,2.096952551,0,1,8,0.5,low,medium,0,0.14886127412319183,0.4324421286582947,0.4186965823173523
bin_classification,resnet50,42,1,8,inner_refit,d4_vote,143,1000 ppm 5 9,,3.907491301,2,2,8,0.25,high,high,0,0.11986222118139267,0.35196834802627563,0.5281695127487183
bin_classification,resnet50,42,1,8,inner_refit,d4_vote,146,400 ppm 5 8,,1.963308029,0,2,8,0.0,low,high,0,0.0916103720664978,0.2437455952167511,0.6646440625190735
bin_classification,resnet50,42,1,8,inner_refit,d4_vote,148,c 4,,0.028773772,0,0,8,0.0,low,low,0,0.5979640483856201,0.2750551104545593,0.12698087096214294
bin_classification,resnet50,42,1,8,inner_refit,d4_vote,156,1000 ppm 1 8,,2.743553968,1,2,8,0.0,medium,high,0,0.23492270708084106,0.31804919242858887,0.4470280706882477
bin_classification,resnet50,42,1,8,inner_refit,d4_vote,157,c 3,,0.03666858,0,0,8,0.0,low,low,0,0.46863728761672974,0.29250121116638184,0.23886148631572723
bin_classification,resnet50,42,1,8,inner_refit,d4_vote,166,800 ppm 1 9,,4.20466345,2,1,8,0.5,high,medium,0,0.10238758474588394,0.48639392852783203,0.411218523979187
bin_classification,resnet50,42,1,8,inner_refit,d4_vote,175,1000 ppm 3 2,,5.16842706,2,2,8,0.375,high,high,0,0.2538078725337982,0.3574298024177551,0.38876232504844666
bin_classification,resnet50,42,1,8,inner_refit,d4_vote,186,1000 ppm 5 4,,4.896407171,2,2,8,0.375,high,high,0,0.19673794507980347,0.32506364583969116,0.47819840908050537
bin_classification,resnet50,42,1,8,inner_refit,d4_vote,189,1000 ppm 3 5,,3.571688657,1,2,8,0.0,medium,high,0,0.15296216309070587,0.3151615262031555,0.5318763256072998
bin_classification,resnet50,42,1,8,inner_refit,d4_vote,192,800 ppm 1 4,,3.526156319,1,2,8,0.5,medium,high,0,0.23522013425827026,0.3723992705345154,0.39238059520721436
bin_classification,resnet50,42,1,8,inner_refit,d4_vote,193,1000 ppm 1 7,,13.21918184,2,2,8,0.0,high,high,0,0.06970849633216858,0.1987624317407608,0.7315290570259094
bin_classification,resnet50,42,1,8,inner_refit,d4_vote,202,1000 ppm 3 4,,3.664180216,2,2,8,0.0,high,high,0,0.24464349448680878,0.23857390880584717,0.5167825818061829
bin_classification,resnet50,42,1,8,inner_refit,d4_vote,204,400 ppm 5 1,,2.488451456,0,2,8,0.0,low,high,0,0.20068711042404175,0.2682631015777588,0.5310498476028442
bin_classification,resnet50,42,1,8,inner_refit,d4_vote,205,1000 ppm 2 4,,2.575755666,1,2,8,0.375,medium,high,0,0.2160971462726593,0.3547186851501465,0.4291841685771942
bin_classification,resnet50,42,2,20,inner_refit,single,0,800 ppm 4 4,,2.946573479,1,1,1,0.0,medium,medium,2,0.23679715394973755,0.70339435338974,0.059808529913425446
bin_classification,resnet50,42,2,20,inner_refit,single,1,400 ppm 1 10,,2.439106538,0,1,1,0.0,low,medium,2,0.32775577902793884,0.6231068968772888,0.04913734644651413
bin_classification,resnet50,42,2,20,inner_refit,single,2,c 8,,0.026443476,0,0,1,0.0,low,low,2,0.8901581168174744,0.09272774308919907,0.01711416244506836
bin_classification,resnet50,42,2,20,inner_refit,single,14,800 ppm 5 8,,1.813308383,0,1,1,0.0,low,medium,2,0.0780489519238472,0.7481095194816589,0.17384155094623566
bin_classification,resnet50,42,2,20,inner_refit,single,20,600 ppm 3 4,,2.760653598,1,1,1,0.0,medium,medium,2,0.13255943357944489,0.7936060428619385,0.07383446395397186
bin_classification,resnet50,42,2,20,inner_refit,single,22,1000 ppm 2 10,,3.02169275,1,1,1,0.0,medium,medium,2,0.10232405364513397,0.671546459197998,0.22612953186035156
bin_classification,resnet50,42,2,20,inner_refit,single,30,800 ppm 3 1,,3.635232962,1,1,1,0.0,medium,medium,2,0.4347507357597351,0.5115787982940674,0.053670480847358704
bin_classification,resnet50,42,2,20,inner_refit,single,35,400 ppm 4 3,,1.918214246,0,1,1,0.0,low,medium,2,0.45300793647766113,0.47926729917526245,0.0677248165011406
bin_classification,resnet50,42,2,20,inner_refit,single,38,600 ppm 1 2,,3.709535965,2,1,1,0.0,high,medium,2,0.16928857564926147,0.6906417608261108,0.14006970822811127
bin_classification,resnet50,42,2,20,inner_refit,single,43,400 ppm 3 7,,0.89575865,0,0,1,0.0,low,low,2,0.6493031978607178,0.2878971993923187,0.06279966980218887
bin_classification,resnet50,42,2,20,inner_refit,single,44,600 ppm 2 10,,5.751181016,2,2,1,0.0,high,high,2,0.07272668182849884,0.44249069690704346,0.4847825765609741
bin_classification,resnet50,42,2,20,inner_refit,single,48,800 ppm 5 5,,2.12508079,0,1,1,0.0,low,medium,2,0.13325293362140656,0.5296695828437805,0.3370774984359741
bin_classification,resnet50,42,2,20,inner_refit,single,51,400 ppm 5 2,,2.358077692,0,0,1,0.0,low,low,2,0.43939366936683655,0.4380626380443573,0.12254370003938675
bin_classification,resnet50,42,2,20,inner_refit,single,57,800 ppm 1 2,,2.433875926,0,2,1,0.0,low,high,2,0.10195852071046829,0.3589249551296234,0.5391165614128113
bin_classification,resnet50,42,2,20,inner_refit,single,58,600 ppm 3 5,,3.400726676,1,0,1,0.0,medium,low,2,0.49799203872680664,0.4625476896762848,0.0394601970911026
bin_classification,resnet50,42,2,20,inner_refit,single,61,800 ppm 2 5,,2.123468918,0,1,1,0.0,low,medium,2,0.31531020998954773,0.6173226237297058,0.06736715137958527
bin_classification,resnet50,42,2,20,inner_refit,single,71,1000 ppm 5 3,,3.480640553,1,0,1,0.0,medium,low,2,0.5070767402648926,0.37715163826942444,0.11577160656452179
bin_classification,resnet50,42,2,20,inner_refit,single,73,400 ppm 5 10,,6.150568182,2,1,1,0.0,high,medium,2,0.2119777649641037,0.40305668115615845,0.38496553897857666
bin_classification,resnet50,42,2,20,inner_refit,single,76,1000 ppm 2 5,,3.820821694,2,1,1,0.0,high,medium,2,0.17374494671821594,0.5579572319984436,0.26829785108566284
bin_classification,resnet50,42,2,20,inner_refit,single,77,400 ppm 2 4,,2.142971305,0,2,1,0.0,low,high,2,0.22431498765945435,0.3729422986507416,0.4027427136898041
bin_classification,resnet50,42,2,20,inner_refit,single,78,600 ppm 4 6,,2.917928606,1,1,1,0.0,medium,medium,2,0.32801389694213867,0.5105419158935547,0.16144423186779022
bin_classification,resnet50,42,2,20,inner_refit,single,80,c 6,,0.063760031,0,0,1,0.0,low,low,2,0.7308058142662048,0.2263752818107605,0.04281890019774437
bin_classification,resnet50,42,2,20,inner_refit,single,89,800 ppm 1 7,,3.238793179,1,1,1,0.0,medium,medium,2,0.10767357796430588,0.6355583667755127,0.25676801800727844
bin_classification,resnet50,42,2,20,inner_refit,single,92,1000 ppm 5 2,,4.757997682,2,1,1,0.0,high,medium,2,0.30678626894950867,0.5359469652175903,0.1572667360305786
bin_classification,resnet50,42,2,20,inner_refit,single,93,600 ppm 2 1,,4.813990004,2,1,1,0.0,high,medium,2,0.1962227076292038,0.5486287474632263,0.2551485002040863
bin_classification,resnet50,42,2,20,inner_refit,single,95,400 ppm 4 1,,3.41261835,1,1,1,0.0,medium,medium,2,0.07944243401288986,0.7513913512229919,0.1691661775112152
bin_classification,resnet50,42,2,20,inner_refit,single,105,600 ppm 4 4,,4.722478116,2,1,1,0.0,high,medium,2,0.31549400091171265,0.5455411076545715,0.13896484673023224
bin_classification,resnet50,42,2,20,inner_refit,single,107,600 ppm 2 8,,2.425778023,0,1,1,0.0,low,medium,2,0.1768682450056076,0.7388805150985718,0.08425118774175644
bin_classification,resnet50,42,2,20,inner_refit,single,118,400 ppm 1 6,,2.131122072,0,1,1,0.0,low,medium,2,0.3170877993106842,0.5087851881980896,0.17412705719470978
bin_classification,resnet50,42,2,20,inner_refit,single,120,1000 ppm 4 9,,6.363669718,2,2,1,0.0,high,high,2,0.06452421844005585,0.15369628369808197,0.7817794680595398
bin_classification,resnet50,42,2,20,inner_refit,single,122,400 ppm 3 9,,1.584373627,0,0,1,0.0,low,low,2,0.52599036693573,0.43437427282333374,0.03963533788919449
bin_classification,resnet50,42,2,20,inner_refit,single,124,600 ppm 2 6,,5.169349346,2,2,1,0.0,high,high,2,0.05223103612661362,0.1317775845527649,0.8159913420677185
bin_classification,resnet50,42,2,20,inner_refit,single,133,600 ppm 4 5,,3.062108267,1,1,1,0.0,medium,medium,2,0.16470515727996826,0.6360505223274231,0.19924437999725342
bin_classification,resnet50,42,2,20,inner_refit,single,137,600 ppm 4 9,,6.74653579,2,1,1,0.0,high,medium,2,0.04458663612604141,0.6286908388137817,0.32672256231307983
bin_classification,resnet50,42,2,20,inner_refit,single,139,400 ppm 2 9,,3.092722153,1,1,1,0.0,medium,medium,2,0.28995200991630554,0.369493693113327,0.34055429697036743
bin_classification,resnet50,42,2,20,inner_refit,single,147,800 ppm 1 1,,3.206888056,1,1,1,0.0,medium,medium,2,0.2349359393119812,0.51006019115448,0.25500383973121643
bin_classification,resnet50,42,2,20,inner_refit,single,149,1000 ppm 4 5,,5.501306043,2,1,1,0.0,high,medium,2,0.37018120288848877,0.3905462920665741,0.23927246034145355
bin_classification,resnet50,42,2,20,inner_refit,single,151,1000 ppm 1 1,,5.764585045,2,1,1,0.0,high,medium,2,0.2632499039173126,0.5773543119430542,0.1593957394361496
bin_classification,resnet50,42,2,20,inner_refit,single,160,600 ppm 1 8,,3.375017339,1,1,1,0.0,medium,medium,2,0.36758357286453247,0.5315794944763184,0.10083698481321335
bin_classification,resnet50,42,2,20,inner_refit,single,164,600 ppm 5 7,,2.199153042,0,1,1,0.0,low,medium,2,0.4599815011024475,0.47518154978752136,0.06483694165945053
bin_classification,resnet50,42,2,20,inner_refit,single,177,1000 ppm 2 8,,8.920432073,2,2,1,0.0,high,high,2,0.019754858687520027,0.22714759409427643,0.7530975341796875
bin_classification,resnet50,42,2,20,inner_refit,single,178,600 ppm 1 5,,2.578333626,1,1,1,0.0,medium,medium,2,0.17827901244163513,0.641871452331543,0.1798495650291443
bin_classification,resnet50,42,2,20,inner_refit,single,179,600 ppm 1 9,,2.309240059,0,1,1,0.0,low,medium,2,0.3302598297595978,0.5228145718574524,0.14692555367946625
bin_classification,resnet50,42,2,20,inner_refit,single,180,600 ppm 2 2,,3.987730061,2,2,1,0.0,high,high,2,0.10378136485815048,0.40617215633392334,0.4900464415550232
bin_classification,resnet50,42,2,20,inner_refit,single,183,600 ppm 5 2,,2.267431961,0,0,1,0.0,low,low,2,0.485956072807312,0.4431029260158539,0.07094099372625351
bin_classification,resnet50,42,2,20,inner_refit,single,185,800 ppm 4 9,,1.601926465,0,1,1,0.0,low,medium,2,0.45155617594718933,0.48601245880126953,0.06243127956986427
bin_classification,resnet50,42,2,20,inner_refit,single,187,600 ppm 2 4,,5.228335334,2,1,1,0.0,high,medium,2,0.22996774315834045,0.4622623324394226,0.30776989459991455
bin_classification,resnet50,42,2,20,inner_refit,single,191,600 ppm 4 7,,3.434518809,1,1,1,0.0,medium,medium,2,0.36116331815719604,0.547951877117157,0.09088481217622757
bin_classification,resnet50,42,2,20,inner_refit,single,194,1000 ppm 5 8,,3.570707045,1,2,1,0.0,medium,high,2,0.12042853236198425,0.40704330801963806,0.4725281000137329
bin_classification,resnet50,42,2,20,inner_refit,single,197,600 ppm 5 3,,3.545661039,1,1,1,0.0,medium,medium,2,0.28292179107666016,0.563051164150238,0.1540270745754242
bin_classification,resnet50,42,2,20,inner_refit,single,198,1000 ppm 4 4,,4.912650043,2,1,1,0.0,high,medium,2,0.16570259630680084,0.5220099687576294,0.31228742003440857
bin_classification,resnet50,42,2,20,inner_refit,single,208,1000 ppm 4 7,,4.80521563,2,1,1,0.0,high,medium,2,0.2551439702510834,0.5441495776176453,0.2007063925266266
bin_classification,resnet50,42,2,20,inner_refit,d4_mean,0,800 ppm 4 4,,2.946573479,1,1,8,0.0,medium,medium,2,0.1763082593679428,0.6616665720939636,0.16202518343925476
bin_classification,resnet50,42,2,20,inner_refit,d4_mean,1,400 ppm 1 10,,2.439106538,0,1,8,0.0,low,medium,2,0.37558120489120483,0.5625444054603577,0.06187440827488899
bin_classification,resnet50,42,2,20,inner_refit,d4_mean,2,c 8,,0.026443476,0,0,8,0.0,low,low,2,0.8599482774734497,0.08594278991222382,0.05410891771316528
bin_classification,resnet50,42,2,20,inner_refit,d4_mean,14,800 ppm 5 8,,1.813308383,0,1,8,0.5,low,medium,2,0.04634520411491394,0.5081544518470764,0.44550034403800964
bin_classification,resnet50,42,2,20,inner_refit,d4_mean,20,600 ppm 3 4,,2.760653598,1,1,8,0.0,medium,medium,2,0.1815420240163803,0.6364505887031555,0.18200740218162537
bin_classification,resnet50,42,2,20,inner_refit,d4_mean,22,1000 ppm 2 10,,3.02169275,1,1,8,0.125,medium,medium,2,0.0941331759095192,0.5810462832450867,0.32482054829597473
bin_classification,resnet50,42,2,20,inner_refit,d4_mean,30,800 ppm 3 1,,3.635232962,1,1,8,0.125,medium,medium,2,0.34849879145622253,0.49754461646080017,0.1539566069841385
bin_classification,resnet50,42,2,20,inner_refit,d4_mean,35,400 ppm 4 3,,1.918214246,0,0,8,0.25,low,low,2,0.4681270718574524,0.41159385442733765,0.12027906626462936
bin_classification,resnet50,42,2,20,inner_refit,d4_mean,38,600 ppm 1 2,,3.709535965,2,1,8,0.0,high,medium,2,0.1555829793214798,0.6393766403198242,0.2050403654575348
bin_classification,resnet50,42,2,20,inner_refit,d4_mean,43,400 ppm 3 7,,0.89575865,0,0,8,0.0,low,low,2,0.6101416349411011,0.3109898269176483,0.07886861264705658
bin_classification,resnet50,42,2,20,inner_refit,d4_mean,44,600 ppm 2 10,,5.751181016,2,2,8,0.0,high,high,2,0.07557477056980133,0.3021222949028015,0.6223029494285583
bin_classification,resnet50,42,2,20,inner_refit,d4_mean,48,800 ppm 5 5,,2.12508079,0,1,8,0.125,low,medium,2,0.11186438053846359,0.5374752283096313,0.35066038370132446
bin_classification,resnet50,42,2,20,inner_refit,d4_mean,51,400 ppm 5 2,,2.358077692,0,1,8,0.5,low,medium,2,0.3156673312187195,0.3928888738155365,0.2914438545703888
bin_classification,resnet50,42,2,20,inner_refit,d4_mean,57,800 ppm 1 2,,2.433875926,0,2,8,0.5,low,high,2,0.10352972149848938,0.40246716141700745,0.4940031170845032
bin_classification,resnet50,42,2,20,inner_refit,d4_mean,58,600 ppm 3 5,,3.400726676,1,0,8,0.125,medium,low,2,0.5082152485847473,0.4185001850128174,0.0732845813035965
bin_classification,resnet50,42,2,20,inner_refit,d4_mean,61,800 ppm 2 5,,2.123468918,0,1,8,0.0,low,medium,2,0.2635670006275177,0.5876595973968506,0.14877337217330933
bin_classification,resnet50,42,2,20,inner_refit,d4_mean,71,1000 ppm 5 3,,3.480640553,1,0,8,0.125,medium,low,2,0.4675169289112091,0.3633880019187927,0.16909503936767578
bin_classification,resnet50,42,2,20,inner_refit,d4_mean,73,400 ppm 5 10,,6.150568182,2,2,8,0.375,high,high,2,0.13313649594783783,0.28607815504074097,0.58078533411026
bin_classification,resnet50,42,2,20,inner_refit,d4_mean,76,1000 ppm 2 5,,3.820821694,2,1,8,0.5,high,medium,2,0.12509967386722565,0.46860384941101074,0.4062964618206024
bin_classification,resnet50,42,2,20,inner_refit,d4_mean,77,400 ppm 2 4,,2.142971305,0,2,8,0.25,low,high,2,0.24621638655662537,0.3382567763328552,0.4155268371105194
bin_classification,resnet50,42,2,20,inner_refit,d4_mean,78,600 ppm 4 6,,2.917928606,1,1,8,0.0,medium,medium,2,0.31543755531311035,0.5037332773208618,0.18082913756370544
bin_classification,resnet50,42,2,20,inner_refit,d4_mean,80,c 6,,0.063760031,0,0,8,0.0,low,low,2,0.7337609529495239,0.20932798087596893,0.05691102147102356
bin_classification,resnet50,42,2,20,inner_refit,d4_mean,89,800 ppm 1 7,,3.238793179,1,1,8,0.0,medium,medium,2,0.10541798174381256,0.7008245587348938,0.19375748932361603
bin_classification,resnet50,42,2,20,inner_refit,d4_mean,92,1000 ppm 5 2,,4.757997682,2,1,8,0.25,high,medium,2,0.23385010659694672,0.48474055528640747,0.28140929341316223
bin_classification,resnet50,42,2,20,inner_refit,d4_mean,93,600 ppm 2 1,,4.813990004,2,1,8,0.25,high,medium,2,0.22532248497009277,0.3969570994377136,0.3777203857898712
bin_classification,resnet50,42,2,20,inner_refit,d4_mean,95,400 ppm 4 1,,3.41261835,1,1,8,0.25,medium,medium,2,0.08290264010429382,0.6119574308395386,0.3051398992538452
bin_classification,resnet50,42,2,20,inner_refit,d4_mean,105,600 ppm 4 4,,4.722478116,2,1,8,0.0,high,medium,2,0.2699999213218689,0.5316869020462036,0.19831310212612152
bin_classification,resnet50,42,2,20,inner_refit,d4_mean,107,600 ppm 2 8,,2.425778023,0,1,8,0.125,low,medium,2,0.15462610125541687,0.6030882596969604,0.2422856092453003
bin_classification,resnet50,42,2,20,inner_refit,d4_mean,118,400 ppm 1 6,,2.131122072,0,1,8,0.25,low,medium,2,0.3541000187397003,0.41903409361839294,0.2268659472465515
bin_classification,resnet50,42,2,20,inner_refit,d4_mean,120,1000 ppm 4 9,,6.363669718,2,2,8,0.25,high,high,2,0.07875318080186844,0.3289823830127716,0.5922644138336182
bin_classification,resnet50,42,2,20,inner_refit,d4_mean,122,400 ppm 3 9,,1.584373627,0,1,8,0.25,low,medium,2,0.44843026995658875,0.4537341892719269,0.09783554077148438
bin_classification,resnet50,42,2,20,inner_refit,d4_mean,124,600 ppm 2 6,,5.169349346,2,2,8,0.0,high,high,2,0.06624531000852585,0.2603514492511749,0.6734032034873962
bin_classification,resnet50,42,2,20,inner_refit,d4_mean,133,600 ppm 4 5,,3.062108267,1,1,8,0.0,medium,medium,2,0.15742293000221252,0.5811197757720947,0.26145726442337036
bin_classification,resnet50,42,2,20,inner_refit,d4_mean,137,600 ppm 4 9,,6.74653579,2,1,8,0.375,high,medium,2,0.057071153074502945,0.5647376775741577,0.37819117307662964
bin_classification,resnet50,42,2,20,inner_refit,d4_mean,139,400 ppm 2 9,,3.092722153,1,1,8,0.5,medium,medium,2,0.3236280083656311,0.35362905263900757,0.3227429687976837
bin_classification,resnet50,42,2,20,inner_refit,d4_mean,147,800 ppm 1 1,,3.206888056,1,1,8,0.375,medium,medium,2,0.1442108452320099,0.46559399366378784,0.3901951313018799
bin_classification,resnet50,42,2,20,inner_refit,d4_mean,149,1000 ppm 4 5,,5.501306043,2,1,8,0.25,high,medium,2,0.28696703910827637,0.4139346778392792,0.29909828305244446
bin_classification,resnet50,42,2,20,inner_refit,d4_mean,151,1000 ppm 1 1,,5.764585045,2,1,8,0.25,high,medium,2,0.30475887656211853,0.4409795105457306,0.25426164269447327
bin_classification,resnet50,42,2,20,inner_refit,d4_mean,160,600 ppm 1 8,,3.375017339,1,1,8,0.125,medium,medium,2,0.3456055223941803,0.4945678114891052,0.15982665121555328
bin_classification,resnet50,42,2,20,inner_refit,d4_mean,164,600 ppm 5 7,,2.199153042,0,1,8,0.0,low,medium,2,0.37066036462783813,0.4687475860118866,0.16059201955795288
bin_classification,resnet50,42,2,20,inner_refit,d4_mean,177,1000 ppm 2 8,,8.920432073,2,2,8,0.25,high,high,2,0.029460450634360313,0.4227651059627533,0.5477744340896606
bin_classification,resnet50,42,2,20,inner_refit,d4_mean,178,600 ppm 1 5,,2.578333626,1,1,8,0.125,medium,medium,2,0.20157788693904877,0.522158682346344,0.27626344561576843
bin_classification,resnet50,42,2,20,inner_refit,d4_mean,179,600 ppm 1 9,,2.309240059,0,1,8,0.0,low,medium,2,0.23468059301376343,0.5183191299438477,0.24700024724006653
bin_classification,resnet50,42,2,20,inner_refit,d4_mean,180,600 ppm 2 2,,3.987730061,2,2,8,0.125,high,high,2,0.07826054096221924,0.2891034483909607,0.6326360106468201
bin_classification,resnet50,42,2,20,inner_refit,d4_mean,183,600 ppm 5 2,,2.267431961,0,0,8,0.375,low,low,2,0.4315160810947418,0.3890842795372009,0.17939965426921844
bin_classification,resnet50,42,2,20,inner_refit,d4_mean,185,800 ppm 4 9,,1.601926465,0,1,8,0.125,low,medium,2,0.36285170912742615,0.4829433858394623,0.1542048454284668
bin_classification,resnet50,42,2,20,inner_refit,d4_mean,187,600 ppm 2 4,,5.228335334,2,2,8,0.5,high,high,2,0.1837928146123886,0.38929030299186707,0.42691686749458313
bin_classification,resnet50,42,2,20,inner_refit,d4_mean,191,600 ppm 4 7,,3.434518809,1,1,8,0.0,medium,medium,2,0.23320181667804718,0.6085782647132874,0.15821996331214905
bin_classification,resnet50,42,2,20,inner_refit,d4_mean,194,1000 ppm 5 8,,3.570707045,1,2,8,0.25,medium,high,2,0.05545097962021828,0.2773672342300415,0.6671818494796753
bin_classification,resnet50,42,2,20,inner_refit,d4_mean,197,600 ppm 5 3,,3.545661039,1,1,8,0.625,medium,medium,2,0.3291206359863281,0.39263179898262024,0.27824756503105164
bin_classification,resnet50,42,2,20,inner_refit,d4_mean,198,1000 ppm 4 4,,4.912650043,2,1,8,0.5,high,medium,2,0.14194342494010925,0.43976008892059326,0.4182965159416199
bin_classification,resnet50,42,2,20,inner_refit,d4_mean,208,1000 ppm 4 7,,4.80521563,2,1,8,0.375,high,medium,2,0.20516535639762878,0.4454471468925476,0.349387526512146
bin_classification,resnet50,42,2,20,inner_refit,d4_vote,0,800 ppm 4 4,,2.946573479,1,1,8,0.0,medium,medium,2,0.1763082593679428,0.6616665720939636,0.16202518343925476
bin_classification,resnet50,42,2,20,inner_refit,d4_vote,1,400 ppm 1 10,,2.439106538,0,1,8,0.0,low,medium,2,0.37558120489120483,0.5625444054603577,0.06187440827488899
bin_classification,resnet50,42,2,20,inner_refit,d4_vote,2,c 8,,0.026443476,0,0,8,0.0,low,low,2,0.8599482774734497,0.08594278991222382,0.05410891771316528
bin_classification,resnet50,42,2,20,inner_refit,d4_vote,14,800 ppm 5 8,,1.813308383,0,1,8,0.5,low,medium,2,0.04634520411491394,0.5081544518470764,0.44550034403800964
bin_classification,resnet50,42,2,20,inner_refit,d4_vote,20,600 ppm 3 4,,2.760653598,1,1,8,0.0,medium,medium,2,0.1815420240163803,0.6364505887031555,0.18200740218162537
bin_classification,resnet50,42,2,20,inner_refit,d4_vote,22,1000 ppm 2 10,,3.02169275,1,1,8,0.125,medium,medium,2,0.0941331759095192,0.5810462832450867,0.32482054829597473
bin_classification,resnet50,42,2,20,inner_refit,d4_vote,30,800 ppm 3 1,,3.635232962,1,1,8,0.125,medium,medium,2,0.34849879145622253,0.49754461646080017,0.1539566069841385
bin_classification,resnet50,42,2,20,inner_refit,d4_vote,35,400 ppm 4 3,,1.918214246,0,0,8,0.25,low,low,2,0.4681270718574524,0.41159385442733765,0.12027906626462936
bin_classification,resnet50,42,2,20,inner_refit,d4_vote,38,600 ppm 1 2,,3.709535965,2,1,8,0.0,high,medium,2,0.1555829793214798,0.6393766403198242,0.2050403654575348
bin_classification,resnet50,42,2,20,inner_refit,d4_vote,43,400 ppm 3 7,,0.89575865,0,0,8,0.0,low,low,2,0.6101416349411011,0.3109898269176483,0.07886861264705658
bin_classification,resnet50,42,2,20,inner_refit,d4_vote,44,600 ppm 2 10,,5.751181016,2,2,8,0.0,high,high,2,0.07557477056980133,0.3021222949028015,0.6223029494285583
bin_classification,resnet50,42,2,20,inner_refit,d4_vote,48,800 ppm 5 5,,2.12508079,0,1,8,0.125,low,medium,2,0.11186438053846359,0.5374752283096313,0.35066038370132446
bin_classification,resnet50,42,2,20,inner_refit,d4_vote,51,400 ppm 5 2,,2.358077692,0,1,8,0.5,low,medium,2,0.3156673312187195,0.3928888738155365,0.2914438545703888
bin_classification,resnet50,42,2,20,inner_refit,d4_vote,57,800 ppm 1 2,,2.433875926,0,2,8,0.5,low,high,2,0.10352972149848938,0.40246716141700745,0.4940031170845032
bin_classification,resnet50,42,2,20,inner_refit,d4_vote,58,600 ppm 3 5,,3.400726676,1,0,8,0.125,medium,low,2,0.5082152485847473,0.4185001850128174,0.0732845813035965
bin_classification,resnet50,42,2,20,inner_refit,d4_vote,61,800 ppm 2 5,,2.123468918,0,1,8,0.0,low,medium,2,0.2635670006275177,0.5876595973968506,0.14877337217330933
bin_classification,resnet50,42,2,20,inner_refit,d4_vote,71,1000 ppm 5 3,,3.480640553,1,0,8,0.125,medium,low,2,0.4675169289112091,0.3633880019187927,0.16909503936767578
bin_classification,resnet50,42,2,20,inner_refit,d4_vote,73,400 ppm 5 10,,6.150568182,2,2,8,0.375,high,high,2,0.13313649594783783,0.28607815504074097,0.58078533411026
bin_classification,resnet50,42,2,20,inner_refit,d4_vote,76,1000 ppm 2 5,,3.820821694,2,1,8,0.5,high,medium,2,0.12509967386722565,0.46860384941101074,0.4062964618206024
bin_classification,resnet50,42,2,20,inner_refit,d4_vote,77,400 ppm 2 4,,2.142971305,0,2,8,0.25,low,high,2,0.24621638655662537,0.3382567763328552,0.4155268371105194
bin_classification,resnet50,42,2,20,inner_refit,d4_vote,78,600 ppm 4 6,,2.917928606,1,1,8,0.0,medium,medium,2,0.31543755531311035,0.5037332773208618,0.18082913756370544
bin_classification,resnet50,42,2,20,inner_refit,d4_vote,80,c 6,,0.063760031,0,0,8,0.0,low,low,2,0.7337609529495239,0.20932798087596893,0.05691102147102356
bin_classification,resnet50,42,2,20,inner_refit,d4_vote,89,800 ppm 1 7,,3.238793179,1,1,8,0.0,medium,medium,2,0.10541798174381256,0.7008245587348938,0.19375748932361603
bin_classification,resnet50,42,2,20,inner_refit,d4_vote,92,1000 ppm 5 2,,4.757997682,2,1,8,0.25,high,medium,2,0.23385010659694672,0.48474055528640747,0.28140929341316223
bin_classification,resnet50,42,2,20,inner_refit,d4_vote,93,600 ppm 2 1,,4.813990004,2,1,8,0.25,high,medium,2,0.22532248497009277,0.3969570994377136,0.3777203857898712
bin_classification,resnet50,42,2,20,inner_refit,d4_vote,95,400 ppm 4 1,,3.41261835,1,1,8,0.25,medium,medium,2,0.08290264010429382,0.6119574308395386,0.3051398992538452
bin_classification,resnet50,42,2,20,inner_refit,d4_vote,105,600 ppm 4 4,,4.722478116,2,1,8,0.0,high,medium,2,0.2699999213218689,0.5316869020462036,0.19831310212612152
bin_classification,resnet50,42,2,20,inner_refit,d4_vote,107,600 ppm 2 8,,2.425778023,0,1,8,0.125,low,medium,2,0.15462610125541687,0.6030882596969604,0.2422856092453003
bin_classification,resnet50,42,2,20,inner_refit,d4_vote,118,400 ppm 1 6,,2.131122072,0,1,8,0.25,low,medium,2,0.3541000187397003,0.41903409361839294,0.2268659472465515
bin_classification,resnet50,42,2,20,inner_refit,d4_vote,120,1000 ppm 4 9,,6.363669718,2,2,8,0.25,high,high,2,0.07875318080186844,0.3289823830127716,0.5922644138336182
bin_classification,resnet50,42,2,20,inner_refit,d4_vote,122,400 ppm 3 9,,1.584373627,0,1,8,0.25,low,medium,2,0.44843026995658875,0.4537341892719269,0.09783554077148438
bin_classification,resnet50,42,2,20,inner_refit,d4_vote,124,600 ppm 2 6,,5.169349346,2,2,8,0.0,high,high,2,0.06624531000852585,0.2603514492511749,0.6734032034873962
bin_classification,resnet50,42,2,20,inner_refit,d4_vote,133,600 ppm 4 5,,3.062108267,1,1,8,0.0,medium,medium,2,0.15742293000221252,0.5811197757720947,0.26145726442337036
bin_classification,resnet50,42,2,20,inner_refit,d4_vote,137,600 ppm 4 9,,6.74653579,2,1,8,0.375,high,medium,2,0.057071153074502945,0.5647376775741577,0.37819117307662964
bin_classification,resnet50,42,2,20,inner_refit,d4_vote,139,400 ppm 2 9,,3.092722153,1,1,8,0.5,medium,medium,2,0.3236280083656311,0.35362905263900757,0.3227429687976837
bin_classification,resnet50,42,2,20,inner_refit,d4_vote,147,800 ppm 1 1,,3.206888056,1,1,8,0.375,medium,medium,2,0.1442108452320099,0.46559399366378784,0.3901951313018799
bin_classification,resnet50,42,2,20,inner_refit,d4_vote,149,1000 ppm 4 5,,5.501306043,2,1,8,0.25,high,medium,2,0.28696703910827637,0.4139346778392792,0.29909828305244446
bin_classification,resnet50,42,2,20,inner_refit,d4_vote,151,1000 ppm 1 1,,5.764585045,2,1,8,0.25,high,medium,2,0.30475887656211853,0.4409795105457306,0.25426164269447327
bin_classification,resnet50,42,2,20,inner_refit,d4_vote,160,600 ppm 1 8,,3.375017339,1,1,8,0.125,medium,medium,2,0.3456055223941803,0.4945678114891052,0.15982665121555328
bin_classification,resnet50,42,2,20,inner_refit,d4_vote,164,600 ppm 5 7,,2.199153042,0,1,8,0.0,low,medium,2,0.37066036462783813,0.4687475860118866,0.16059201955795288
bin_classification,resnet50,42,2,20,inner_refit,d4_vote,177,1000 ppm 2 8,,8.920432073,2,2,8,0.25,high,high,2,0.029460450634360313,0.4227651059627533,0.5477744340896606
bin_classification,resnet50,42,2,20,inner_refit,d4_vote,178,600 ppm 1 5,,2.578333626,1,1,8,0.125,medium,medium,2,0.20157788693904877,0.522158682346344,0.27626344561576843
bin_classification,resnet50,42,2,20,inner_refit,d4_vote,179,600 ppm 1 9,,2.309240059,0,1,8,0.0,low,medium,2,0.23468059301376343,0.5183191299438477,0.24700024724006653
bin_classification,resnet50,42,2,20,inner_refit,d4_vote,180,600 ppm 2 2,,3.987730061,2,2,8,0.125,high,high,2,0.07826054096221924,0.2891034483909607,0.6326360106468201
bin_classification,resnet50,42,2,20,inner_refit,d4_vote,183,600 ppm 5 2,,2.267431961,0,0,8,0.375,low,low,2,0.4315160810947418,0.3890842795372009,0.17939965426921844
bin_classification,resnet50,42,2,20,inner_refit,d4_vote,185,800 ppm 4 9,,1.601926465,0,1,8,0.125,low,medium,2,0.36285170912742615,0.4829433858394623,0.1542048454284668
bin_classification,resnet50,42,2,20,inner_refit,d4_vote,187,600 ppm 2 4,,5.228335334,2,2,8,0.5,high,high,2,0.1837928146123886,0.38929030299186707,0.42691686749458313
bin_classification,resnet50,42,2,20,inner_refit,d4_vote,191,600 ppm 4 7,,3.434518809,1,1,8,0.0,medium,medium,2,0.23320181667804718,0.6085782647132874,0.15821996331214905
bin_classification,resnet50,42,2,20,inner_refit,d4_vote,194,1000 ppm 5 8,,3.570707045,1,2,8,0.25,medium,high,2,0.05545097962021828,0.2773672342300415,0.6671818494796753
bin_classification,resnet50,42,2,20,inner_refit,d4_vote,197,600 ppm 5 3,,3.545661039,1,1,8,0.625,medium,medium,2,0.3291206359863281,0.39263179898262024,0.27824756503105164
bin_classification,resnet50,42,2,20,inner_refit,d4_vote,198,1000 ppm 4 4,,4.912650043,2,1,8,0.5,high,medium,2,0.14194342494010925,0.43976008892059326,0.4182965159416199
bin_classification,resnet50,42,2,20,inner_refit,d4_vote,208,1000 ppm 4 7,,4.80521563,2,1,8,0.375,high,medium,2,0.20516535639762878,0.4454471468925476,0.349387526512146
bin_classification,resnet50,42,3,29,inner_refit,single,4,400 ppm 5 6,,3.179550105,1,0,1,0.0,medium,low,2,0.7562946677207947,0.1570514291524887,0.0866539254784584
bin_classification,resnet50,42,3,29,inner_refit,single,15,800 ppm 5 6,,4.035336418,2,2,1,0.0,high,high,2,0.09303924441337585,0.18640382587909698,0.720556914806366
bin_classification,resnet50,42,3,29,inner_refit,single,17,800 ppm 1 8,,3.829685929,2,2,1,0.0,high,high,2,0.13543763756752014,0.42948564887046814,0.4350767135620117
bin_classification,resnet50,42,3,29,inner_refit,single,24,400 ppm 1 7,,1.282576096,0,2,1,0.0,low,high,2,0.10418009757995605,0.20329158008098602,0.692528247833252
bin_classification,resnet50,42,3,29,inner_refit,single,26,400 ppm 3 8,,2.699524299,1,1,1,0.0,medium,medium,2,0.36684274673461914,0.5511847138404846,0.08197253942489624
bin_classification,resnet50,42,3,29,inner_refit,single,31,1000 ppm 4 10,,4.658685892,2,1,1,0.0,high,medium,2,0.09755764156579971,0.6765351891517639,0.22590719163417816
bin_classification,resnet50,42,3,29,inner_refit,single,32,600 ppm 4 1,,2.305830077,0,0,1,0.0,low,low,2,0.4903677999973297,0.38670825958251953,0.12292390316724777
bin_classification,resnet50,42,3,29,inner_refit,single,33,400 ppm 4 2,,3.766442861,2,1,1,0.0,high,medium,2,0.17124789953231812,0.5709866881370544,0.25776544213294983
bin_classification,resnet50,42,3,29,inner_refit,single,40,1000 ppm 3 7,,4.455573905,2,1,1,0.0,high,medium,2,0.25305309891700745,0.5521220564842224,0.19482479989528656
bin_classification,resnet50,42,3,29,inner_refit,single,42,800 ppm 4 1,,3.914368577,2,2,1,0.0,high,high,2,0.1690104603767395,0.15730929374694824,0.6736801862716675
bin_classification,resnet50,42,3,29,inner_refit,single,47,600 ppm 1 10,,2.380352998,0,1,1,0.0,low,medium,2,0.18562185764312744,0.5484340190887451,0.26594412326812744
bin_classification,resnet50,42,3,29,inner_refit,single,50,400 ppm 5 4,,2.308031034,0,1,1,0.0,low,medium,2,0.10716833174228668,0.4610811471939087,0.4317505359649658
bin_classification,resnet50,42,3,29,inner_refit,single,60,1000 ppm 1 10,,6.849854778,2,2,1,0.0,high,high,2,0.14256499707698822,0.14793609082698822,0.7094988822937012
bin_classification,resnet50,42,3,29,inner_refit,single,63,800 ppm 5 1,,3.318129085,1,1,1,0.0,medium,medium,2,0.16075904667377472,0.5861555337905884,0.2530854344367981
bin_classification,resnet50,42,3,29,inner_refit,single,65,1000 ppm 1 2,,2.839588237,1,1,1,0.0,medium,medium,2,0.21188826858997345,0.5309963226318359,0.2571154236793518
bin_classification,resnet50,42,3,29,inner_refit,single,72,800 ppm 4 10,,1.790224933,0,0,1,0.0,low,low,2,0.8948851823806763,0.06860627979040146,0.03650856390595436
bin_classification,resnet50,42,3,29,inner_refit,single,74,800 ppm 3 10,,2.565247064,0,1,1,0.0,low,medium,2,0.19478663802146912,0.7651189565658569,0.04009443148970604
bin_classification,resnet50,42,3,29,inner_refit,single,75,600 ppm 4 2,,2.807822686,1,2,1,0.0,medium,high,2,0.17859864234924316,0.2614333927631378,0.5599679946899414
bin_classification,resnet50,42,3,29,inner_refit,single,85,600 ppm 5 9,,3.487434095,1,2,1,0.0,medium,high,2,0.03812512010335922,0.24046549201011658,0.7214093804359436
bin_classification,resnet50,42,3,29,inner_refit,single,86,600 ppm 4 3,,2.880647975,1,2,1,0.0,medium,high,2,0.27616941928863525,0.17658737301826477,0.5472431778907776
bin_classification,resnet50,42,3,29,inner_refit,single,87,600 ppm 2 3,,4.461830388,2,2,1,0.0,high,high,2,0.01892865262925625,0.05631890520453453,0.9247524738311768
bin_classification,resnet50,42,3,29,inner_refit,single,88,400 ppm 1 8,,2.661895437,1,2,1,0.0,medium,high,2,0.14117853343486786,0.16258478164672852,0.6962366700172424
bin_classification,resnet50,42,3,29,inner_refit,single,91,800 ppm 2 6,,2.574977352,1,0,1,0.0,medium,low,2,0.45938363671302795,0.43488842248916626,0.1057278960943222
bin_classification,resnet50,42,3,29,inner_refit,single,96,400 ppm 3 3,,0.612212928,0,0,1,0.0,low,low,2,0.7144225835800171,0.20051166415214539,0.08506573736667633
bin_classification,resnet50,42,3,29,inner_refit,single,98,400 ppm 4 7,,2.772824063,1,0,1,0.0,medium,low,2,0.8510820865631104,0.09876769036054611,0.05015023052692413
bin_classification,resnet50,42,3,29,inner_refit,single,101,400 ppm 1 1,,1.156692243,0,0,1,0.0,low,low,2,0.6452692747116089,0.10871241986751556,0.24601824581623077
bin_classification,resnet50,42,3,29,inner_refit,single,103,600 ppm 3 2,,1.913489171,0,1,1,0.0,low,medium,2,0.1841244250535965,0.7692539095878601,0.046621646732091904
bin_classification,resnet50,42,3,29,inner_refit,single,104,400 ppm 2 5,,2.693185629,1,0,1,0.0,medium,low,2,0.7039294242858887,0.17340897023677826,0.12266162782907486
bin_classification,resnet50,42,3,29,inner_refit,single,110,800 ppm 2 10,,3.839907089,2,2,1,0.0,high,high,2,0.24219295382499695,0.19239594042301178,0.5654110908508301
bin_classification,resnet50,42,3,29,inner_refit,single,119,400 ppm 2 6,,1.94595721,0,0,1,0.0,low,low,2,0.4481459856033325,0.31620270013809204,0.23565128445625305
bin_classification,resnet50,42,3,29,inner_refit,single,125,400 ppm 2 2,,2.217441217,0,0,1,0.0,low,low,2,0.5124339461326599,0.356934130191803,0.1306319385766983
bin_classification,resnet50,42,3,29,inner_refit,single,127,800 ppm 1 3,,3.460604121,1,1,1,0.0,medium,medium,2,0.22704939544200897,0.695068895816803,0.07788170874118805
bin_classification,resnet50,42,3,29,inner_refit,single,134,400 ppm 5 7,,2.419099743,0,1,1,0.0,low,medium,2,0.12691962718963623,0.5191769003868103,0.3539034426212311
bin_classification,resnet50,42,3,29,inner_refit,single,135,1000 ppm 3 1,,3.435150907,1,2,1,0.0,medium,high,2,0.11875877529382706,0.41846150159835815,0.46277981996536255
bin_classification,resnet50,42,3,29,inner_refit,single,136,1000 ppm 2 9,,4.12892976,2,1,1,0.0,high,medium,2,0.10007026791572571,0.4544849097728729,0.445444792509079
bin_classification,resnet50,42,3,29,inner_refit,single,140,1000 ppm 2 6,,3.276631573,1,2,1,0.0,medium,high,2,0.271035760641098,0.2649088203907013,0.4640553593635559
bin_classification,resnet50,42,3,29,inner_refit,single,141,400 ppm 2 1,,2.012764258,0,0,1,0.0,low,low,2,0.5473898649215698,0.29361462593078613,0.15899553894996643
bin_classification,resnet50,42,3,29,inner_refit,single,142,800 ppm 4 2,,7.228369165,2,2,1,0.0,high,high,2,0.035588327795267105,0.08136485517024994,0.8830468058586121
bin_classification,resnet50,42,3,29,inner_refit,single,153,800 ppm 1 6,,3.837716068,2,1,1,0.0,high,medium,2,0.15763573348522186,0.5414160490036011,0.30094826221466064
bin_classification,resnet50,42,3,29,inner_refit,single,168,800 ppm 4 3,,2.561965594,0,1,1,0.0,low,medium,2,0.29632407426834106,0.5362321734428406,0.16744370758533478
bin_classification,resnet50,42,3,29,inner_refit,single,169,1000 ppm 5 5,,4.025481166,2,2,1,0.0,high,high,2,0.09998532384634018,0.3559671938419342,0.544047474861145
bin_classification,resnet50,42,3,29,inner_refit,single,170,600 ppm 5 6,,1.95587148,0,1,1,0.0,low,medium,2,0.2913971245288849,0.5572366118431091,0.15136629343032837
bin_classification,resnet50,42,3,29,inner_refit,single,174,400 ppm 5 3,,4.283341707,2,2,1,0.0,high,high,2,0.05268719419836998,0.09103041142225266,0.8562824726104736
bin_classification,resnet50,42,3,29,inner_refit,single,176,600 ppm 1 6,,3.100781702,1,2,1,0.0,medium,high,2,0.06898970901966095,0.3723214566707611,0.558688759803772
bin_classification,resnet50,42,3,29,inner_refit,single,181,1000 ppm 1 6,,4.975119308,2,2,1,0.0,high,high,2,0.1926942616701126,0.12736481428146362,0.679940938949585
bin_classification,resnet50,42,3,29,inner_refit,single,182,800 ppm 5 2,,3.095231637,1,1,1,0.0,medium,medium,2,0.15619687736034393,0.636055052280426,0.20774812996387482
bin_classification,resnet50,42,3,29,inner_refit,single,195,c 2,,0.515980941,0,0,1,0.0,low,low,2,0.8323832154273987,0.07130686938762665,0.09630987048149109
bin_classification,resnet50,42,3,29,inner_refit,single,196,800 ppm 2 2,,4.193172849,2,0,1,0.0,high,low,2,0.7390739321708679,0.15291203558444977,0.10801403224468231
bin_classification,resnet50,42,3,29,inner_refit,single,199,400 ppm 5 9,,4.94470606,2,2,1,0.0,high,high,2,0.05430854111909866,0.17307057976722717,0.7726209163665771
bin_classification,resnet50,42,3,29,inner_refit,single,200,400 ppm 2 8,,1.868843053,0,0,1,0.0,low,low,2,0.689831018447876,0.121113620698452,0.18905532360076904
bin_classification,resnet50,42,3,29,inner_refit,single,206,400 ppm 1 4,,2.032189725,0,0,1,0.0,low,low,2,0.5290390253067017,0.20758596062660217,0.26337501406669617
bin_classification,resnet50,42,3,29,inner_refit,single,207,1000 ppm 2 2,,2.770922415,1,0,1,0.0,medium,low,2,0.47914525866508484,0.3753243088722229,0.14553043246269226
bin_classification,resnet50,42,3,29,inner_refit,d4_mean,4,400 ppm 5 6,,3.179550105,1,0,8,0.0,medium,low,2,0.6418941020965576,0.164415180683136,0.1936907172203064
bin_classification,resnet50,42,3,29,inner_refit,d4_mean,15,800 ppm 5 6,,4.035336418,2,2,8,0.0,high,high,2,0.04764167219400406,0.10383831709623337,0.848520040512085
bin_classification,resnet50,42,3,29,inner_refit,d4_mean,17,800 ppm 1 8,,3.829685929,2,2,8,0.375,high,high,2,0.16796889901161194,0.409995436668396,0.42203566431999207
bin_classification,resnet50,42,3,29,inner_refit,d4_mean,24,400 ppm 1 7,,1.282576096,0,2,8,0.0,low,high,2,0.11873769760131836,0.13770446181297302,0.7435578107833862
bin_classification,resnet50,42,3,29,inner_refit,d4_mean,26,400 ppm 3 8,,2.699524299,1,1,8,0.125,medium,medium,2,0.31911444664001465,0.4687047004699707,0.21218082308769226
bin_classification,resnet50,42,3,29,inner_refit,d4_mean,31,1000 ppm 4 10,,4.658685892,2,2,8,0.5,high,high,2,0.09948599338531494,0.44756922125816345,0.4529447853565216
bin_classification,resnet50,42,3,29,inner_refit,d4_mean,32,600 ppm 4 1,,2.305830077,0,0,8,0.125,low,low,2,0.4736003279685974,0.26449257135391235,0.26190710067749023
bin_classification,resnet50,42,3,29,inner_refit,d4_mean,33,400 ppm 4 2,,3.766442861,2,2,8,0.5,high,high,2,0.1753513664007187,0.3329255282878876,0.4917231500148773
bin_classification,resnet50,42,3,29,inner_refit,d4_mean,40,1000 ppm 3 7,,4.455573905,2,2,8,0.5,high,high,2,0.26108869910240173,0.3592335879802704,0.3796777129173279
bin_classification,resnet50,42,3,29,inner_refit,d4_mean,42,800 ppm 4 1,,3.914368577,2,2,8,0.0,high,high,2,0.21822406351566315,0.09672574698925018,0.6850501298904419
bin_classification,resnet50,42,3,29,inner_refit,d4_mean,47,600 ppm 1 10,,2.380352998,0,1,8,0.125,low,medium,2,0.20086601376533508,0.4722725749015808,0.32686135172843933
bin_classification,resnet50,42,3,29,inner_refit,d4_mean,50,400 ppm 5 4,,2.308031034,0,1,8,0.375,low,medium,2,0.11588333547115326,0.5083282589912415,0.37578845024108887
bin_classification,resnet50,42,3,29,inner_refit,d4_mean,60,1000 ppm 1 10,,6.849854778,2,2,8,0.0,high,high,2,0.0767403393983841,0.06857451051473618,0.8546851277351379
bin_classification,resnet50,42,3,29,inner_refit,d4_mean,63,800 ppm 5 1,,3.318129085,1,1,8,0.5,medium,medium,2,0.16653695702552795,0.4325711727142334,0.40089187026023865
bin_classification,resnet50,42,3,29,inner_refit,d4_mean,65,1000 ppm 1 2,,2.839588237,1,1,8,0.375,medium,medium,2,0.178878054022789,0.47364842891693115,0.34747347235679626
bin_classification,resnet50,42,3,29,inner_refit,d4_mean,72,800 ppm 4 10,,1.790224933,0,0,8,0.0,low,low,2,0.7717401385307312,0.0961097702383995,0.1321500688791275
bin_classification,resnet50,42,3,29,inner_refit,d4_mean,74,800 ppm 3 10,,2.565247064,0,1,8,0.0,low,medium,2,0.13976019620895386,0.761057436466217,0.09918235242366791
bin_classification,resnet50,42,3,29,inner_refit,d4_mean,75,600 ppm 4 2,,2.807822686,1,2,8,0.125,medium,high,2,0.13499239087104797,0.19432823359966278,0.6706794500350952
bin_classification,resnet50,42,3,29,inner_refit,d4_mean,85,600 ppm 5 9,,3.487434095,1,2,8,0.0,medium,high,2,0.038034871220588684,0.1820710450410843,0.7798940539360046
bin_classification,resnet50,42,3,29,inner_refit,d4_mean,86,600 ppm 4 3,,2.880647975,1,2,8,0.0,medium,high,2,0.1954147070646286,0.14734257757663727,0.6572427153587341
bin_classification,resnet50,42,3,29,inner_refit,d4_mean,87,600 ppm 2 3,,4.461830388,2,2,8,0.0,high,high,2,0.025465890765190125,0.0426974780857563,0.9318366050720215
bin_classification,resnet50,42,3,29,inner_refit,d4_mean,88,400 ppm 1 8,,2.661895437,1,2,8,0.0,medium,high,2,0.153073251247406,0.22166448831558228,0.6252622008323669
bin_classification,resnet50,42,3,29,inner_refit,d4_mean,91,800 ppm 2 6,,2.574977352,1,1,8,0.625,medium,medium,2,0.2814408838748932,0.4032219648361206,0.3153371810913086
bin_classification,resnet50,42,3,29,inner_refit,d4_mean,96,400 ppm 3 3,,0.612212928,0,0,8,0.0,low,low,2,0.6441746354103088,0.19822479784488678,0.15760056674480438
bin_classification,resnet50,42,3,29,inner_refit,d4_mean,98,400 ppm 4 7,,2.772824063,1,0,8,0.0,medium,low,2,0.7656089067459106,0.1389511376619339,0.09543996304273605
bin_classification,resnet50,42,3,29,inner_refit,d4_mean,101,400 ppm 1 1,,1.156692243,0,0,8,0.125,low,low,2,0.6182812452316284,0.07560338079929352,0.3061153292655945
bin_classification,resnet50,42,3,29,inner_refit,d4_mean,103,600 ppm 3 2,,1.913489171,0,1,8,0.0,low,medium,2,0.17780831456184387,0.6955583095550537,0.1266333907842636
bin_classification,resnet50,42,3,29,inner_refit,d4_mean,104,400 ppm 2 5,,2.693185629,1,0,8,0.0,medium,low,2,0.6732273697853088,0.16626937687397003,0.1605032980442047
bin_classification,resnet50,42,3,29,inner_refit,d4_mean,110,800 ppm 2 10,,3.839907089,2,2,8,0.0,high,high,2,0.16138839721679688,0.10026243329048157,0.738349199295044
bin_classification,resnet50,42,3,29,inner_refit,d4_mean,119,400 ppm 2 6,,1.94595721,0,0,8,0.5,low,low,2,0.3948957920074463,0.2365974336862564,0.3685068190097809
bin_classification,resnet50,42,3,29,inner_refit,d4_mean,125,400 ppm 2 2,,2.217441217,0,0,8,0.0,low,low,2,0.6263967752456665,0.2316373735666275,0.1419658362865448
bin_classification,resnet50,42,3,29,inner_refit,d4_mean,127,800 ppm 1 3,,3.460604121,1,1,8,0.5,medium,medium,2,0.1685473769903183,0.5230641961097717,0.30838844180107117
bin_classification,resnet50,42,3,29,inner_refit,d4_mean,134,400 ppm 5 7,,2.419099743,0,2,8,0.375,low,high,2,0.12092360854148865,0.38097235560417175,0.4981040358543396
bin_classification,resnet50,42,3,29,inner_refit,d4_mean,135,1000 ppm 3 1,,3.435150907,1,2,8,0.25,medium,high,2,0.10570551455020905,0.32583582401275635,0.5684586763381958
bin_classification,resnet50,42,3,29,inner_refit,d4_mean,136,1000 ppm 2 9,,4.12892976,2,2,8,0.375,high,high,2,0.09175889194011688,0.31291958689689636,0.5953214764595032
bin_classification,resnet50,42,3,29,inner_refit,d4_mean,140,1000 ppm 2 6,,3.276631573,1,2,8,0.0,medium,high,2,0.17611254751682281,0.12305909395217896,0.7008283138275146
bin_classification,resnet50,42,3,29,inner_refit,d4_mean,141,400 ppm 2 1,,2.012764258,0,0,8,0.0,low,low,2,0.5369971394538879,0.26955440640449524,0.1934484839439392
bin_classification,resnet50,42,3,29,inner_refit,d4_mean,142,800 ppm 4 2,,7.228369165,2,2,8,0.0,high,high,2,0.04390060156583786,0.06184963509440422,0.894249677658081
bin_classification,resnet50,42,3,29,inner_refit,d4_mean,153,800 ppm 1 6,,3.837716068,2,1,8,0.125,high,medium,2,0.18736015260219574,0.49898868799209595,0.3136511743068695
bin_classification,resnet50,42,3,29,inner_refit,d4_mean,168,800 ppm 4 3,,2.561965594,0,1,8,0.0,low,medium,2,0.2950824201107025,0.5585240125656128,0.1463935375213623
bin_classification,resnet50,42,3,29,inner_refit,d4_mean,169,1000 ppm 5 5,,4.025481166,2,2,8,0.125,high,high,2,0.07173119485378265,0.28655117750167847,0.6417176723480225
bin_classification,resnet50,42,3,29,inner_refit,d4_mean,170,600 ppm 5 6,,1.95587148,0,1,8,0.375,low,medium,2,0.35461530089378357,0.43282005190849304,0.2125646471977234
bin_classification,resnet50,42,3,29,inner_refit,d4_mean,174,400 ppm 5 3,,4.283341707,2,2,8,0.0,high,high,2,0.07104353606700897,0.2841179370880127,0.6448385119438171
bin_classification,resnet50,42,3,29,inner_refit,d4_mean,176,600 ppm 1 6,,3.100781702,1,2,8,0.0,medium,high,2,0.0398763008415699,0.24248935282230377,0.7176343202590942
bin_classification,resnet50,42,3,29,inner_refit,d4_mean,181,1000 ppm 1 6,,4.975119308,2,2,8,0.0,high,high,2,0.1732700765132904,0.18385650217533112,0.6428734064102173
bin_classification,resnet50,42,3,29,inner_refit,d4_mean,182,800 ppm 5 2,,3.095231637,1,1,8,0.5,medium,medium,2,0.1638670563697815,0.4485795795917511,0.3875533640384674
bin_classification,resnet50,42,3,29,inner_refit,d4_mean,195,c 2,,0.515980941,0,0,8,0.0,low,low,2,0.7766851782798767,0.0777888298034668,0.1455259621143341
bin_classification,resnet50,42,3,29,inner_refit,d4_mean,196,800 ppm 2 2,,4.193172849,2,0,8,0.125,high,low,2,0.5367828607559204,0.16930100321769714,0.29391613602638245
bin_classification,resnet50,42,3,29,inner_refit,d4_mean,199,400 ppm 5 9,,4.94470606,2,2,8,0.0,high,high,2,0.07715130597352982,0.1263347864151001,0.7965139150619507
bin_classification,resnet50,42,3,29,inner_refit,d4_mean,200,400 ppm 2 8,,1.868843053,0,0,8,0.0,low,low,2,0.6515112519264221,0.09087815135717392,0.25761058926582336
bin_classification,resnet50,42,3,29,inner_refit,d4_mean,206,400 ppm 1 4,,2.032189725,0,0,8,0.25,low,low,2,0.4705713093280792,0.16044974327087402,0.36897894740104675
bin_classification,resnet50,42,3,29,inner_refit,d4_mean,207,1000 ppm 2 2,,2.770922415,1,0,8,0.5,medium,low,2,0.3638567626476288,0.34644263982772827,0.28970059752464294
bin_classification,resnet50,42,3,29,inner_refit,d4_vote,4,400 ppm 5 6,,3.179550105,1,0,8,0.0,medium,low,2,0.6418941020965576,0.164415180683136,0.1936907172203064
bin_classification,resnet50,42,3,29,inner_refit,d4_vote,15,800 ppm 5 6,,4.035336418,2,2,8,0.0,high,high,2,0.04764167219400406,0.10383831709623337,0.848520040512085
bin_classification,resnet50,42,3,29,inner_refit,d4_vote,17,800 ppm 1 8,,3.829685929,2,2,8,0.375,high,high,2,0.16796889901161194,0.409995436668396,0.42203566431999207
bin_classification,resnet50,42,3,29,inner_refit,d4_vote,24,400 ppm 1 7,,1.282576096,0,2,8,0.0,low,high,2,0.11873769760131836,0.13770446181297302,0.7435578107833862
bin_classification,resnet50,42,3,29,inner_refit,d4_vote,26,400 ppm 3 8,,2.699524299,1,1,8,0.125,medium,medium,2,0.31911444664001465,0.4687047004699707,0.21218082308769226
bin_classification,resnet50,42,3,29,inner_refit,d4_vote,31,1000 ppm 4 10,,4.658685892,2,2,8,0.5,high,high,2,0.09948599338531494,0.44756922125816345,0.4529447853565216
bin_classification,resnet50,42,3,29,inner_refit,d4_vote,32,600 ppm 4 1,,2.305830077,0,0,8,0.125,low,low,2,0.4736003279685974,0.26449257135391235,0.26190710067749023
bin_classification,resnet50,42,3,29,inner_refit,d4_vote,33,400 ppm 4 2,,3.766442861,2,2,8,0.5,high,high,2,0.1753513664007187,0.3329255282878876,0.4917231500148773
bin_classification,resnet50,42,3,29,inner_refit,d4_vote,40,1000 ppm 3 7,,4.455573905,2,2,8,0.5,high,high,2,0.26108869910240173,0.3592335879802704,0.3796777129173279
bin_classification,resnet50,42,3,29,inner_refit,d4_vote,42,800 ppm 4 1,,3.914368577,2,2,8,0.0,high,high,2,0.21822406351566315,0.09672574698925018,0.6850501298904419
bin_classification,resnet50,42,3,29,inner_refit,d4_vote,47,600 ppm 1 10,,2.380352998,0,1,8,0.125,low,medium,2,0.20086601376533508,0.4722725749015808,0.32686135172843933
bin_classification,resnet50,42,3,29,inner_refit,d4_vote,50,400 ppm 5 4,,2.308031034,0,1,8,0.375,low,medium,2,0.11588333547115326,0.5083282589912415,0.37578845024108887
bin_classification,resnet50,42,3,29,inner_refit,d4_vote,60,1000 ppm 1 10,,6.849854778,2,2,8,0.0,high,high,2,0.0767403393983841,0.06857451051473618,0.8546851277351379
bin_classification,resnet50,42,3,29,inner_refit,d4_vote,63,800 ppm 5 1,,3.318129085,1,1,8,0.5,medium,medium,2,0.16653695702552795,0.4325711727142334,0.40089187026023865
bin_classification,resnet50,42,3,29,inner_refit,d4_vote,65,1000 ppm 1 2,,2.839588237,1,1,8,0.375,medium,medium,2,0.178878054022789,0.47364842891693115,0.34747347235679626
bin_classification,resnet50,42,3,29,inner_refit,d4_vote,72,800 ppm 4 10,,1.790224933,0,0,8,0.0,low,low,2,0.7717401385307312,0.0961097702383995,0.1321500688791275
bin_classification,resnet50,42,3,29,inner_refit,d4_vote,74,800 ppm 3 10,,2.565247064,0,1,8,0.0,low,medium,2,0.13976019620895386,0.761057436466217,0.09918235242366791
bin_classification,resnet50,42,3,29,inner_refit,d4_vote,75,600 ppm 4 2,,2.807822686,1,2,8,0.125,medium,high,2,0.13499239087104797,0.19432823359966278,0.6706794500350952
bin_classification,resnet50,42,3,29,inner_refit,d4_vote,85,600 ppm 5 9,,3.487434095,1,2,8,0.0,medium,high,2,0.038034871220588684,0.1820710450410843,0.7798940539360046
bin_classification,resnet50,42,3,29,inner_refit,d4_vote,86,600 ppm 4 3,,2.880647975,1,2,8,0.0,medium,high,2,0.1954147070646286,0.14734257757663727,0.6572427153587341
bin_classification,resnet50,42,3,29,inner_refit,d4_vote,87,600 ppm 2 3,,4.461830388,2,2,8,0.0,high,high,2,0.025465890765190125,0.0426974780857563,0.9318366050720215
bin_classification,resnet50,42,3,29,inner_refit,d4_vote,88,400 ppm 1 8,,2.661895437,1,2,8,0.0,medium,high,2,0.153073251247406,0.22166448831558228,0.6252622008323669
bin_classification,resnet50,42,3,29,inner_refit,d4_vote,91,800 ppm 2 6,,2.574977352,1,1,8,0.625,medium,medium,2,0.2814408838748932,0.4032219648361206,0.3153371810913086
bin_classification,resnet50,42,3,29,inner_refit,d4_vote,96,400 ppm 3 3,,0.612212928,0,0,8,0.0,low,low,2,0.6441746354103088,0.19822479784488678,0.15760056674480438
bin_classification,resnet50,42,3,29,inner_refit,d4_vote,98,400 ppm 4 7,,2.772824063,1,0,8,0.0,medium,low,2,0.7656089067459106,0.1389511376619339,0.09543996304273605
bin_classification,resnet50,42,3,29,inner_refit,d4_vote,101,400 ppm 1 1,,1.156692243,0,0,8,0.125,low,low,2,0.6182812452316284,0.07560338079929352,0.3061153292655945
bin_classification,resnet50,42,3,29,inner_refit,d4_vote,103,600 ppm 3 2,,1.913489171,0,1,8,0.0,low,medium,2,0.17780831456184387,0.6955583095550537,0.1266333907842636
bin_classification,resnet50,42,3,29,inner_refit,d4_vote,104,400 ppm 2 5,,2.693185629,1,0,8,0.0,medium,low,2,0.6732273697853088,0.16626937687397003,0.1605032980442047
bin_classification,resnet50,42,3,29,inner_refit,d4_vote,110,800 ppm 2 10,,3.839907089,2,2,8,0.0,high,high,2,0.16138839721679688,0.10026243329048157,0.738349199295044
bin_classification,resnet50,42,3,29,inner_refit,d4_vote,119,400 ppm 2 6,,1.94595721,0,0,8,0.5,low,low,2,0.3948957920074463,0.2365974336862564,0.3685068190097809
bin_classification,resnet50,42,3,29,inner_refit,d4_vote,125,400 ppm 2 2,,2.217441217,0,0,8,0.0,low,low,2,0.6263967752456665,0.2316373735666275,0.1419658362865448
bin_classification,resnet50,42,3,29,inner_refit,d4_vote,127,800 ppm 1 3,,3.460604121,1,1,8,0.5,medium,medium,2,0.1685473769903183,0.5230641961097717,0.30838844180107117
bin_classification,resnet50,42,3,29,inner_refit,d4_vote,134,400 ppm 5 7,,2.419099743,0,2,8,0.375,low,high,2,0.12092360854148865,0.38097235560417175,0.4981040358543396
bin_classification,resnet50,42,3,29,inner_refit,d4_vote,135,1000 ppm 3 1,,3.435150907,1,2,8,0.25,medium,high,2,0.10570551455020905,0.32583582401275635,0.5684586763381958
bin_classification,resnet50,42,3,29,inner_refit,d4_vote,136,1000 ppm 2 9,,4.12892976,2,2,8,0.375,high,high,2,0.09175889194011688,0.31291958689689636,0.5953214764595032
bin_classification,resnet50,42,3,29,inner_refit,d4_vote,140,1000 ppm 2 6,,3.276631573,1,2,8,0.0,medium,high,2,0.17611254751682281,0.12305909395217896,0.7008283138275146
bin_classification,resnet50,42,3,29,inner_refit,d4_vote,141,400 ppm 2 1,,2.012764258,0,0,8,0.0,low,low,2,0.5369971394538879,0.26955440640449524,0.1934484839439392
bin_classification,resnet50,42,3,29,inner_refit,d4_vote,142,800 ppm 4 2,,7.228369165,2,2,8,0.0,high,high,2,0.04390060156583786,0.06184963509440422,0.894249677658081
bin_classification,resnet50,42,3,29,inner_refit,d4_vote,153,800 ppm 1 6,,3.837716068,2,1,8,0.125,high,medium,2,0.18736015260219574,0.49898868799209595,0.3136511743068695
bin_classification,resnet50,42,3,29,inner_refit,d4_vote,168,800 ppm 4 3,,2.561965594,0,1,8,0.0,low,medium,2,0.2950824201107025,0.5585240125656128,0.1463935375213623
bin_classification,resnet50,42,3,29,inner_refit,d4_vote,169,1000 ppm 5 5,,4.025481166,2,2,8,0.125,high,high,2,0.07173119485378265,0.28655117750167847,0.6417176723480225
bin_classification,resnet50,42,3,29,inner_refit,d4_vote,170,600 ppm 5 6,,1.95587148,0,1,8,0.375,low,medium,2,0.35461530089378357,0.43282005190849304,0.2125646471977234
bin_classification,resnet50,42,3,29,inner_refit,d4_vote,174,400 ppm 5 3,,4.283341707,2,2,8,0.0,high,high,2,0.07104353606700897,0.2841179370880127,0.6448385119438171
bin_classification,resnet50,42,3,29,inner_refit,d4_vote,176,600 ppm 1 6,,3.100781702,1,2,8,0.0,medium,high,2,0.0398763008415699,0.24248935282230377,0.7176343202590942
bin_classification,resnet50,42,3,29,inner_refit,d4_vote,181,1000 ppm 1 6,,4.975119308,2,2,8,0.0,high,high,2,0.1732700765132904,0.18385650217533112,0.6428734064102173
bin_classification,resnet50,42,3,29,inner_refit,d4_vote,182,800 ppm 5 2,,3.095231637,1,1,8,0.5,medium,medium,2,0.1638670563697815,0.4485795795917511,0.3875533640384674
bin_classification,resnet50,42,3,29,inner_refit,d4_vote,195,c 2,,0.515980941,0,0,8,0.0,low,low,2,0.7766851782798767,0.0777888298034668,0.1455259621143341
bin_classification,resnet50,42,3,29,inner_refit,d4_vote,196,800 ppm 2 2,,4.193172849,2,0,8,0.125,high,low,2,0.5367828607559204,0.16930100321769714,0.29391613602638245
bin_classification,resnet50,42,3,29,inner_refit,d4_vote,199,400 ppm 5 9,,4.94470606,2,2,8,0.0,high,high,2,0.07715130597352982,0.1263347864151001,0.7965139150619507
bin_classification,resnet50,42,3,29,inner_refit,d4_vote,200,400 ppm 2 8,,1.868843053,0,0,8,0.0,low,low,2,0.6515112519264221,0.09087815135717392,0.25761058926582336
bin_classification,resnet50,42,3,29,inner_refit,d4_vote,206,400 ppm 1 4,,2.032189725,0,0,8,0.25,low,low,2,0.4705713093280792,0.16044974327087402,0.36897894740104675
bin_classification,resnet50,42,3,29,inner_refit,d4_vote,207,1000 ppm 2 2,,2.770922415,1,0,8,0.5,medium,low,2,0.3638567626476288,0.34644263982772827,0.28970059752464294
bin_classification,resnet50,42,4,20,inner_refit,single,10,1000 ppm 1 3,,5.010887657,2,2,1,0.0,high,high,0,0.2558133900165558,0.31324928998947144,0.4309373199939728
bin_classification,resnet50,42,4,20,inner_refit,single,16,400 ppm 4 6,,2.232310918,0,1,1,0.0,low,medium,0,0.3103056848049164,0.6030747294425964,0.0866195484995842
bin_classification,resnet50,42,4,20,inner_refit,single,18,600 ppm 3 1,,3.464453659,1,1,1,0.0,medium,medium,0,0.1658925861120224,0.49638432264328003,0.3377230763435364
bin_classification,resnet50,42,4,20,inner_refit,single,19,400 ppm 3 5,,1.728051929,0,1,1,0.0,low,medium,0,0.4377347528934479,0.5122787356376648,0.04998651519417763
bin_classification,resnet50,42,4,20,inner_refit,single,23,c 10,,0.034792218,0,0,1,0.0,low,low,0,0.6933897733688354,0.2032814919948578,0.10332877188920975
bin_classification,resnet50,42,4,20,inner_refit,single,25,400 ppm 1 2,,2.105801382,0,1,1,0.0,low,medium,0,0.20631763339042664,0.6619091629981995,0.1317732334136963
bin_classification,resnet50,42,4,20,inner_refit,single,36,800 ppm 2 4,,0.010515853,0,1,1,0.0,low,medium,0,0.16127488017082214,0.7726389169692993,0.06608620285987854
bin_classification,resnet50,42,4,20,inner_refit,single,37,800 ppm 5 4,,4.51159952,2,2,1,0.0,high,high,0,0.03886957839131355,0.1908087134361267,0.7703217267990112
bin_classification,resnet50,42,4,20,inner_refit,single,39,1000 ppm 1 4,,5.546186906,2,2,1,0.0,high,high,0,0.12128382921218872,0.3612866699695587,0.517429530620575
bin_classification,resnet50,42,4,20,inner_refit,single,41,1000 ppm 4 2,,4.700168169,2,2,1,0.0,high,high,0,0.1428437978029251,0.36563044786453247,0.49152570962905884
bin_classification,resnet50,42,4,20,inner_refit,single,46,400 ppm 2 3,,1.537357234,0,1,1,0.0,low,medium,0,0.16917915642261505,0.6336351633071899,0.1971856951713562
bin_classification,resnet50,42,4,20,inner_refit,single,52,600 ppm 1 3,,2.7476069,1,1,1,0.0,medium,medium,0,0.20696470141410828,0.7025118470191956,0.09052342176437378
bin_classification,resnet50,42,4,20,inner_refit,single,55,400 ppm 5 5,,3.964413323,2,2,1,0.0,high,high,0,0.25934889912605286,0.19278152287006378,0.5478695631027222
bin_classification,resnet50,42,4,20,inner_refit,single,56,800 ppm 3 7,,3.154045927,1,0,1,0.0,medium,low,0,0.619809091091156,0.19177207350730896,0.18841883540153503
bin_classification,resnet50,42,4,20,inner_refit,single,59,400 ppm 1 9,,1.257349885,0,2,1,0.0,low,high,0,0.18820728361606598,0.11472601443529129,0.6970667839050293
bin_classification,resnet50,42,4,20,inner_refit,single,62,800 ppm 5 3,,3.435802073,1,1,1,0.0,medium,medium,0,0.08808998763561249,0.5449295043945312,0.36698052287101746
bin_classification,resnet50,42,4,20,inner_refit,single,64,800 ppm 3 6,,2.688094559,1,1,1,0.0,medium,medium,0,0.22408728301525116,0.6832627058029175,0.09265002608299255
bin_classification,resnet50,42,4,20,inner_refit,single,68,1000 ppm 4 8,,5.826586722,2,2,1,0.0,high,high,0,0.11176051944494247,0.29290440678596497,0.595335066318512
bin_classification,resnet50,42,4,20,inner_refit,single,69,800 ppm 4 8,,4.813344078,2,1,1,0.0,high,medium,0,0.3766006529331207,0.41137760877609253,0.21202173829078674
bin_classification,resnet50,42,4,20,inner_refit,single,82,400 ppm 4 9,,2.624535347,1,1,1,0.0,medium,medium,0,0.09692469984292984,0.6690624952316284,0.23401276767253876
bin_classification,resnet50,42,4,20,inner_refit,single,84,c 7,,0.024246817,0,0,1,0.0,low,low,0,0.6709409952163696,0.25051963329315186,0.0785393938422203
bin_classification,resnet50,42,4,20,inner_refit,single,90,800 ppm 1 5,,3.533211084,1,2,1,0.0,medium,high,0,0.09841374307870865,0.33038729429244995,0.5711989402770996
bin_classification,resnet50,42,4,20,inner_refit,single,97,600 ppm 2 7,,5.389042573,2,2,1,0.0,high,high,0,0.10315021127462387,0.1794922798871994,0.7173575162887573
bin_classification,resnet50,42,4,20,inner_refit,single,100,600 ppm 1 7,,4.294644495,2,1,1,0.0,high,medium,0,0.3001454472541809,0.6447324752807617,0.05512212589383125
bin_classification,resnet50,42,4,20,inner_refit,single,102,1000 ppm 3 6,,3.90202355,2,1,1,0.0,high,medium,0,0.129731222987175,0.5490564107894897,0.32121238112449646
bin_classification,resnet50,42,4,20,inner_refit,single,106,1000 ppm 1 9,,5.438409112,2,2,1,0.0,high,high,0,0.06616506725549698,0.27446097135543823,0.6593739986419678
bin_classification,resnet50,42,4,20,inner_refit,single,112,800 ppm 2 7,,3.993865756,2,2,1,0.0,high,high,0,0.008099045604467392,0.03893345966935158,0.9529675245285034
bin_classification,resnet50,42,4,20,inner_refit,single,116,800 ppm 3 2,,4.960180046,2,1,1,0.0,high,medium,0,0.2400052398443222,0.7195911407470703,0.04040355235338211
bin_classification,resnet50,42,4,20,inner_refit,single,123,1000 ppm 4 6,,3.570549353,1,1,1,0.0,medium,medium,0,0.2041059285402298,0.5722277760505676,0.22366631031036377
bin_classification,resnet50,42,4,20,inner_refit,single,128,600 ppm 1 4,,3.074620336,1,1,1,0.0,medium,medium,0,0.28727293014526367,0.6760029196739197,0.03672415390610695
bin_classification,resnet50,42,4,20,inner_refit,single,129,600 ppm 3 10,,3.257108041,1,0,1,0.0,medium,low,0,0.43600204586982727,0.4013622999191284,0.1626356840133667
bin_classification,resnet50,42,4,20,inner_refit,single,144,600 ppm 5 8,,1.745539039,0,0,1,0.0,low,low,0,0.5321869254112244,0.3508993089199066,0.11691378057003021
bin_classification,resnet50,42,4,20,inner_refit,single,145,c 5,,0.262646502,0,0,1,0.0,low,low,0,0.6164961457252502,0.1690552532672882,0.21444858610630035
bin_classification,resnet50,42,4,20,inner_refit,single,150,600 ppm 3 9,,2.924303323,1,1,1,0.0,medium,medium,0,0.3480224013328552,0.5167709589004517,0.13520662486553192
bin_classification,resnet50,42,4,20,inner_refit,single,152,1000 ppm 5 10,,4.866749998,2,2,1,0.0,high,high,0,0.06591349840164185,0.1415690779685974,0.7925174236297607
bin_classification,resnet50,42,4,20,inner_refit,single,154,600 ppm 5 1,,1.92902126,0,0,1,0.0,low,low,0,0.6765512228012085,0.27446094155311584,0.048987895250320435
bin_classification,resnet50,42,4,20,inner_refit,single,155,600 ppm 1 1,,3.201626017,1,0,1,0.0,medium,low,0,0.4625505805015564,0.37569138407707214,0.16175812482833862
bin_classification,resnet50,42,4,20,inner_refit,single,158,800 ppm 5 10,,0.75996872,0,1,1,0.0,low,medium,0,0.28149494528770447,0.5014354586601257,0.2170695811510086
bin_classification,resnet50,42,4,20,inner_refit,single,159,400 ppm 4 5,,2.49284019,0,1,1,0.0,low,medium,0,0.23722700774669647,0.6634517312049866,0.09932125359773636
bin_classification,resnet50,42,4,20,inner_refit,single,161,600 ppm 3 8,,3.047380635,1,1,1,0.0,medium,medium,0,0.3983688950538635,0.48988741636276245,0.11174365133047104
bin_classification,resnet50,42,4,20,inner_refit,single,162,800 ppm 3 8,,4.614610915,2,1,1,0.0,high,medium,0,0.3807976543903351,0.4846409857273102,0.13456133008003235
bin_classification,resnet50,42,4,20,inner_refit,single,163,1000 ppm 5 6,,3.12203341,1,1,1,0.0,medium,medium,0,0.16511128842830658,0.4866958558559418,0.34819284081459045
bin_classification,resnet50,42,4,20,inner_refit,single,165,600 ppm 4 8,,5.563645491,2,2,1,0.0,high,high,0,0.0784451887011528,0.3989691138267517,0.5225857496261597
bin_classification,resnet50,42,4,20,inner_refit,single,167,800 ppm 3 5,,4.458889794,2,1,1,0.0,high,medium,0,0.37714362144470215,0.4629638195037842,0.15989252924919128
bin_classification,resnet50,42,4,20,inner_refit,single,171,400 ppm 3 1,,1.246955081,0,0,1,0.0,low,low,0,0.4737754762172699,0.46169915795326233,0.0645252987742424
bin_classification,resnet50,42,4,20,inner_refit,single,172,400 ppm 3 6,,1.25800729,0,0,1,0.0,low,low,0,0.505794107913971,0.4406718313694,0.05353410542011261
bin_classification,resnet50,42,4,20,inner_refit,single,173,600 ppm 4 10,,1.599538611,0,2,1,0.0,low,high,0,0.14257769286632538,0.34242233633995056,0.5149999260902405
bin_classification,resnet50,42,4,20,inner_refit,single,184,1000 ppm 4 1,,4.003606934,2,1,1,0.0,high,medium,0,0.13753704726696014,0.5397017002105713,0.3227612376213074
bin_classification,resnet50,42,4,20,inner_refit,single,188,400 ppm 4 10,,2.606928263,1,2,1,0.0,medium,high,0,0.1596013903617859,0.33439400792121887,0.5060045719146729
bin_classification,resnet50,42,4,20,inner_refit,single,190,600 ppm 3 3,,3.293084865,1,0,1,0.0,medium,low,0,0.37166479229927063,0.3178803026676178,0.3104548752307892
bin_classification,resnet50,42,4,20,inner_refit,single,201,400 ppm 3 4,,2.103673748,0,2,1,0.0,low,high,0,0.14373402297496796,0.3561933636665344,0.5000726580619812
bin_classification,resnet50,42,4,20,inner_refit,single,203,1000 ppm 2 3,,3.096861561,1,1,1,0.0,medium,medium,0,0.33441391587257385,0.4448012411594391,0.22078481316566467
bin_classification,resnet50,42,4,20,inner_refit,d4_mean,10,1000 ppm 1 3,,5.010887657,2,2,8,0.125,high,high,0,0.1608438640832901,0.27559012174606323,0.5635659694671631
bin_classification,resnet50,42,4,20,inner_refit,d4_mean,16,400 ppm 4 6,,2.232310918,0,1,8,0.25,low,medium,0,0.28028327226638794,0.48256915807724,0.23714759945869446
bin_classification,resnet50,42,4,20,inner_refit,d4_mean,18,600 ppm 3 1,,3.464453659,1,2,8,0.375,medium,high,0,0.1098540872335434,0.366066575050354,0.5240793824195862
bin_classification,resnet50,42,4,20,inner_refit,d4_mean,19,400 ppm 3 5,,1.728051929,0,1,8,0.0,low,medium,0,0.3839675486087799,0.5172920823097229,0.09874036908149719
bin_classification,resnet50,42,4,20,inner_refit,d4_mean,23,c 10,,0.034792218,0,0,8,0.125,low,low,0,0.5701088905334473,0.2645706534385681,0.1653204709291458
bin_classification,resnet50,42,4,20,inner_refit,d4_mean,25,400 ppm 1 2,,2.105801382,0,1,8,0.0,low,medium,0,0.2558109760284424,0.5759696364402771,0.1682194024324417
bin_classification,resnet50,42,4,20,inner_refit,d4_mean,36,800 ppm 2 4,,0.010515853,0,1,8,0.0,low,medium,0,0.12417972087860107,0.689184844493866,0.18663549423217773
bin_classification,resnet50,42,4,20,inner_refit,d4_mean,37,800 ppm 5 4,,4.51159952,2,2,8,0.0,high,high,0,0.07110294699668884,0.3282390832901001,0.6006579995155334
bin_classification,resnet50,42,4,20,inner_refit,d4_mean,39,1000 ppm 1 4,,5.546186906,2,2,8,0.125,high,high,0,0.10666800290346146,0.3174487054347992,0.5758833289146423
bin_classification,resnet50,42,4,20,inner_refit,d4_mean,41,1000 ppm 4 2,,4.700168169,2,2,8,0.25,high,high,0,0.10479916632175446,0.29911455512046814,0.596086323261261
bin_classification,resnet50,42,4,20,inner_refit,d4_mean,46,400 ppm 2 3,,1.537357234,0,1,8,0.5,low,medium,0,0.11036161333322525,0.4886297285556793,0.40100863575935364
bin_classification,resnet50,42,4,20,inner_refit,d4_mean,52,600 ppm 1 3,,2.7476069,1,1,8,0.25,medium,medium,0,0.14508195221424103,0.5271279811859131,0.3277899920940399
bin_classification,resnet50,42,4,20,inner_refit,d4_mean,55,400 ppm 5 5,,3.964413323,2,2,8,0.0,high,high,0,0.2430366575717926,0.13071028888225555,0.6262530088424683
bin_classification,resnet50,42,4,20,inner_refit,d4_mean,56,800 ppm 3 7,,3.154045927,1,0,8,0.5,medium,low,0,0.41928398609161377,0.2018091231584549,0.37890690565109253
bin_classification,resnet50,42,4,20,inner_refit,d4_mean,59,400 ppm 1 9,,1.257349885,0,2,8,0.125,low,high,0,0.18073418736457825,0.2335096299648285,0.5857561826705933
bin_classification,resnet50,42,4,20,inner_refit,d4_mean,62,800 ppm 5 3,,3.435802073,1,1,8,0.5,medium,medium,0,0.10821510851383209,0.4619627296924591,0.4298221468925476
bin_classification,resnet50,42,4,20,inner_refit,d4_mean,64,800 ppm 3 6,,2.688094559,1,1,8,0.25,medium,medium,0,0.1758241355419159,0.541608989238739,0.2825669050216675
bin_classification,resnet50,42,4,20,inner_refit,d4_mean,68,1000 ppm 4 8,,5.826586722,2,2,8,0.0,high,high,0,0.07226928323507309,0.19515764713287354,0.7325730323791504
bin_classification,resnet50,42,4,20,inner_refit,d4_mean,69,800 ppm 4 8,,4.813344078,2,0,8,0.25,high,low,0,0.4407128691673279,0.3667653799057007,0.19252178072929382
bin_classification,resnet50,42,4,20,inner_refit,d4_mean,82,400 ppm 4 9,,2.624535347,1,1,8,0.25,medium,medium,0,0.13012517988681793,0.5150790214538574,0.35479581356048584
bin_classification,resnet50,42,4,20,inner_refit,d4_mean,84,c 7,,0.024246817,0,0,8,0.0,low,low,0,0.6244366765022278,0.2241372913122177,0.1514260470867157
bin_classification,resnet50,42,4,20,inner_refit,d4_mean,90,800 ppm 1 5,,3.533211084,1,2,8,0.0,medium,high,0,0.0823555663228035,0.3062853217124939,0.6113590598106384
bin_classification,resnet50,42,4,20,inner_refit,d4_mean,97,600 ppm 2 7,,5.389042573,2,2,8,0.0,high,high,0,0.0832340270280838,0.1592380404472351,0.7575279474258423
bin_classification,resnet50,42,4,20,inner_refit,d4_mean,100,600 ppm 1 7,,4.294644495,2,1,8,0.0,high,medium,0,0.21335351467132568,0.6300004720687866,0.15664605796337128
bin_classification,resnet50,42,4,20,inner_refit,d4_mean,102,1000 ppm 3 6,,3.90202355,2,1,8,0.375,high,medium,0,0.08304905891418457,0.4849534332752228,0.43199747800827026
bin_classification,resnet50,42,4,20,inner_refit,d4_mean,106,1000 ppm 1 9,,5.438409112,2,2,8,0.0,high,high,0,0.04795999825000763,0.20543518662452698,0.7466047406196594
bin_classification,resnet50,42,4,20,inner_refit,d4_mean,112,800 ppm 2 7,,3.993865756,2,2,8,0.0,high,high,0,0.031761329621076584,0.14093512296676636,0.8273035883903503
bin_classification,resnet50,42,4,20,inner_refit,d4_mean,116,800 ppm 3 2,,4.960180046,2,1,8,0.125,high,medium,0,0.2949799597263336,0.6124093532562256,0.09261073172092438
bin_classification,resnet50,42,4,20,inner_refit,d4_mean,123,1000 ppm 4 6,,3.570549353,1,1,8,0.25,medium,medium,0,0.18860934674739838,0.4767789840698242,0.3346116840839386
bin_classification,resnet50,42,4,20,inner_refit,d4_mean,128,600 ppm 1 4,,3.074620336,1,1,8,0.0,medium,medium,0,0.33863580226898193,0.5728203654289246,0.08854388445615768
bin_classification,resnet50,42,4,20,inner_refit,d4_mean,129,600 ppm 3 10,,3.257108041,1,0,8,0.25,medium,low,0,0.4745452404022217,0.3307657539844513,0.19468897581100464
bin_classification,resnet50,42,4,20,inner_refit,d4_mean,144,600 ppm 5 8,,1.745539039,0,0,8,0.5,low,low,0,0.40015915036201477,0.3362700045108795,0.2635708749294281
bin_classification,resnet50,42,4,20,inner_refit,d4_mean,145,c 5,,0.262646502,0,0,8,0.25,low,low,0,0.5183891654014587,0.1272859424352646,0.3543248474597931
bin_classification,resnet50,42,4,20,inner_refit,d4_mean,150,600 ppm 3 9,,2.924303323,1,1,8,0.375,medium,medium,0,0.3331752419471741,0.48993954062461853,0.17688524723052979
bin_classification,resnet50,42,4,20,inner_refit,d4_mean,152,1000 ppm 5 10,,4.866749998,2,2,8,0.0,high,high,0,0.0635143518447876,0.222265362739563,0.7142202854156494
bin_classification,resnet50,42,4,20,inner_refit,d4_mean,154,600 ppm 5 1,,1.92902126,0,0,8,0.0,low,low,0,0.6783897280693054,0.2246198058128357,0.09699046611785889
bin_classification,resnet50,42,4,20,inner_refit,d4_mean,155,600 ppm 1 1,,3.201626017,1,0,8,0.375,medium,low,0,0.44365566968917847,0.3668476641178131,0.18949666619300842
bin_classification,resnet50,42,4,20,inner_refit,d4_mean,158,800 ppm 5 10,,0.75996872,0,1,8,0.375,low,medium,0,0.1946447193622589,0.45797452330589294,0.34738075733184814
bin_classification,resnet50,42,4,20,inner_refit,d4_mean,159,400 ppm 4 5,,2.49284019,0,1,8,0.25,low,medium,0,0.1956011801958084,0.5357951521873474,0.26860371232032776
bin_classification,resnet50,42,4,20,inner_refit,d4_mean,161,600 ppm 3 8,,3.047380635,1,1,8,0.25,medium,medium,0,0.39291346073150635,0.48937922716140747,0.11770731955766678
bin_classification,resnet50,42,4,20,inner_refit,d4_mean,162,800 ppm 3 8,,4.614610915,2,1,8,0.375,high,medium,0,0.33640992641448975,0.4126584529876709,0.25093162059783936
bin_classification,resnet50,42,4,20,inner_refit,d4_mean,163,1000 ppm 5 6,,3.12203341,1,2,8,0.5,medium,high,0,0.14714929461479187,0.3492628037929535,0.5035879611968994
bin_classification,resnet50,42,4,20,inner_refit,d4_mean,165,600 ppm 4 8,,5.563645491,2,2,8,0.25,high,high,0,0.06256458163261414,0.3751160800457001,0.5623193383216858
bin_classification,resnet50,42,4,20,inner_refit,d4_mean,167,800 ppm 3 5,,4.458889794,2,1,8,0.5,high,medium,0,0.4278295338153839,0.45701584219932556,0.11515465378761292
bin_classification,resnet50,42,4,20,inner_refit,d4_mean,171,400 ppm 3 1,,1.246955081,0,0,8,0.0,low,low,0,0.506735622882843,0.33297833800315857,0.16028596460819244
bin_classification,resnet50,42,4,20,inner_refit,d4_mean,172,400 ppm 3 6,,1.25800729,0,0,8,0.125,low,low,0,0.5296598076820374,0.3617834746837616,0.10855673998594284
bin_classification,resnet50,42,4,20,inner_refit,d4_mean,173,600 ppm 4 10,,1.599538611,0,2,8,0.0,low,high,0,0.11657363176345825,0.269015908241272,0.6144104599952698
bin_classification,resnet50,42,4,20,inner_refit,d4_mean,184,1000 ppm 4 1,,4.003606934,2,2,8,0.5,high,high,0,0.1272270679473877,0.36753976345062256,0.5052331686019897
bin_classification,resnet50,42,4,20,inner_refit,d4_mean,188,400 ppm 4 10,,2.606928263,1,2,8,0.25,medium,high,0,0.14831660687923431,0.3134065866470337,0.5382767915725708
bin_classification,resnet50,42,4,20,inner_refit,d4_mean,190,600 ppm 3 3,,3.293084865,1,2,8,0.5,medium,high,0,0.3407881259918213,0.31414881348609924,0.3450630307197571
bin_classification,resnet50,42,4,20,inner_refit,d4_mean,201,400 ppm 3 4,,2.103673748,0,1,8,0.375,low,medium,0,0.12428215146064758,0.5056710839271545,0.3700467348098755
bin_classification,resnet50,42,4,20,inner_refit,d4_mean,203,1000 ppm 2 3,,3.096861561,1,1,8,0.25,medium,medium,0,0.22533628344535828,0.4041019678115845,0.3705616891384125
bin_classification,resnet50,42,4,20,inner_refit,d4_vote,10,1000 ppm 1 3,,5.010887657,2,2,8,0.125,high,high,0,0.1608438640832901,0.27559012174606323,0.5635659694671631
bin_classification,resnet50,42,4,20,inner_refit,d4_vote,16,400 ppm 4 6,,2.232310918,0,1,8,0.25,low,medium,0,0.28028327226638794,0.48256915807724,0.23714759945869446
bin_classification,resnet50,42,4,20,inner_refit,d4_vote,18,600 ppm 3 1,,3.464453659,1,2,8,0.375,medium,high,0,0.1098540872335434,0.366066575050354,0.5240793824195862
bin_classification,resnet50,42,4,20,inner_refit,d4_vote,19,400 ppm 3 5,,1.728051929,0,1,8,0.0,low,medium,0,0.3839675486087799,0.5172920823097229,0.09874036908149719
bin_classification,resnet50,42,4,20,inner_refit,d4_vote,23,c 10,,0.034792218,0,0,8,0.125,low,low,0,0.5701088905334473,0.2645706534385681,0.1653204709291458
bin_classification,resnet50,42,4,20,inner_refit,d4_vote,25,400 ppm 1 2,,2.105801382,0,1,8,0.0,low,medium,0,0.2558109760284424,0.5759696364402771,0.1682194024324417
bin_classification,resnet50,42,4,20,inner_refit,d4_vote,36,800 ppm 2 4,,0.010515853,0,1,8,0.0,low,medium,0,0.12417972087860107,0.689184844493866,0.18663549423217773
bin_classification,resnet50,42,4,20,inner_refit,d4_vote,37,800 ppm 5 4,,4.51159952,2,2,8,0.0,high,high,0,0.07110294699668884,0.3282390832901001,0.6006579995155334
bin_classification,resnet50,42,4,20,inner_refit,d4_vote,39,1000 ppm 1 4,,5.546186906,2,2,8,0.125,high,high,0,0.10666800290346146,0.3174487054347992,0.5758833289146423
bin_classification,resnet50,42,4,20,inner_refit,d4_vote,41,1000 ppm 4 2,,4.700168169,2,2,8,0.25,high,high,0,0.10479916632175446,0.29911455512046814,0.596086323261261
bin_classification,resnet50,42,4,20,inner_refit,d4_vote,46,400 ppm 2 3,,1.537357234,0,1,8,0.5,low,medium,0,0.11036161333322525,0.4886297285556793,0.40100863575935364
bin_classification,resnet50,42,4,20,inner_refit,d4_vote,52,600 ppm 1 3,,2.7476069,1,1,8,0.25,medium,medium,0,0.14508195221424103,0.5271279811859131,0.3277899920940399
bin_classification,resnet50,42,4,20,inner_refit,d4_vote,55,400 ppm 5 5,,3.964413323,2,2,8,0.0,high,high,0,0.2430366575717926,0.13071028888225555,0.6262530088424683
bin_classification,resnet50,42,4,20,inner_refit,d4_vote,56,800 ppm 3 7,,3.154045927,1,0,8,0.5,medium,low,0,0.41928398609161377,0.2018091231584549,0.37890690565109253
bin_classification,resnet50,42,4,20,inner_refit,d4_vote,59,400 ppm 1 9,,1.257349885,0,2,8,0.125,low,high,0,0.18073418736457825,0.2335096299648285,0.5857561826705933
bin_classification,resnet50,42,4,20,inner_refit,d4_vote,62,800 ppm 5 3,,3.435802073,1,1,8,0.5,medium,medium,0,0.10821510851383209,0.4619627296924591,0.4298221468925476
bin_classification,resnet50,42,4,20,inner_refit,d4_vote,64,800 ppm 3 6,,2.688094559,1,1,8,0.25,medium,medium,0,0.1758241355419159,0.541608989238739,0.2825669050216675
bin_classification,resnet50,42,4,20,inner_refit,d4_vote,68,1000 ppm 4 8,,5.826586722,2,2,8,0.0,high,high,0,0.07226928323507309,0.19515764713287354,0.7325730323791504
bin_classification,resnet50,42,4,20,inner_refit,d4_vote,69,800 ppm 4 8,,4.813344078,2,0,8,0.25,high,low,0,0.4407128691673279,0.3667653799057007,0.19252178072929382
bin_classification,resnet50,42,4,20,inner_refit,d4_vote,82,400 ppm 4 9,,2.624535347,1,1,8,0.25,medium,medium,0,0.13012517988681793,0.5150790214538574,0.35479581356048584
bin_classification,resnet50,42,4,20,inner_refit,d4_vote,84,c 7,,0.024246817,0,0,8,0.0,low,low,0,0.6244366765022278,0.2241372913122177,0.1514260470867157
bin_classification,resnet50,42,4,20,inner_refit,d4_vote,90,800 ppm 1 5,,3.533211084,1,2,8,0.0,medium,high,0,0.0823555663228035,0.3062853217124939,0.6113590598106384
bin_classification,resnet50,42,4,20,inner_refit,d4_vote,97,600 ppm 2 7,,5.389042573,2,2,8,0.0,high,high,0,0.0832340270280838,0.1592380404472351,0.7575279474258423
bin_classification,resnet50,42,4,20,inner_refit,d4_vote,100,600 ppm 1 7,,4.294644495,2,1,8,0.0,high,medium,0,0.21335351467132568,0.6300004720687866,0.15664605796337128
bin_classification,resnet50,42,4,20,inner_refit,d4_vote,102,1000 ppm 3 6,,3.90202355,2,1,8,0.375,high,medium,0,0.08304905891418457,0.4849534332752228,0.43199747800827026
bin_classification,resnet50,42,4,20,inner_refit,d4_vote,106,1000 ppm 1 9,,5.438409112,2,2,8,0.0,high,high,0,0.04795999825000763,0.20543518662452698,0.7466047406196594
bin_classification,resnet50,42,4,20,inner_refit,d4_vote,112,800 ppm 2 7,,3.993865756,2,2,8,0.0,high,high,0,0.031761329621076584,0.14093512296676636,0.8273035883903503
bin_classification,resnet50,42,4,20,inner_refit,d4_vote,116,800 ppm 3 2,,4.960180046,2,1,8,0.125,high,medium,0,0.2949799597263336,0.6124093532562256,0.09261073172092438
bin_classification,resnet50,42,4,20,inner_refit,d4_vote,123,1000 ppm 4 6,,3.570549353,1,1,8,0.25,medium,medium,0,0.18860934674739838,0.4767789840698242,0.3346116840839386
bin_classification,resnet50,42,4,20,inner_refit,d4_vote,128,600 ppm 1 4,,3.074620336,1,1,8,0.0,medium,medium,0,0.33863580226898193,0.5728203654289246,0.08854388445615768
bin_classification,resnet50,42,4,20,inner_refit,d4_vote,129,600 ppm 3 10,,3.257108041,1,0,8,0.25,medium,low,0,0.4745452404022217,0.3307657539844513,0.19468897581100464
bin_classification,resnet50,42,4,20,inner_refit,d4_vote,144,600 ppm 5 8,,1.745539039,0,0,8,0.5,low,low,0,0.40015915036201477,0.3362700045108795,0.2635708749294281
bin_classification,resnet50,42,4,20,inner_refit,d4_vote,145,c 5,,0.262646502,0,0,8,0.25,low,low,0,0.5183891654014587,0.1272859424352646,0.3543248474597931
bin_classification,resnet50,42,4,20,inner_refit,d4_vote,150,600 ppm 3 9,,2.924303323,1,1,8,0.375,medium,medium,0,0.3331752419471741,0.48993954062461853,0.17688524723052979
bin_classification,resnet50,42,4,20,inner_refit,d4_vote,152,1000 ppm 5 10,,4.866749998,2,2,8,0.0,high,high,0,0.0635143518447876,0.222265362739563,0.7142202854156494
bin_classification,resnet50,42,4,20,inner_refit,d4_vote,154,600 ppm 5 1,,1.92902126,0,0,8,0.0,low,low,0,0.6783897280693054,0.2246198058128357,0.09699046611785889
bin_classification,resnet50,42,4,20,inner_refit,d4_vote,155,600 ppm 1 1,,3.201626017,1,0,8,0.375,medium,low,0,0.44365566968917847,0.3668476641178131,0.18949666619300842
bin_classification,resnet50,42,4,20,inner_refit,d4_vote,158,800 ppm 5 10,,0.75996872,0,1,8,0.375,low,medium,0,0.1946447193622589,0.45797452330589294,0.34738075733184814
bin_classification,resnet50,42,4,20,inner_refit,d4_vote,159,400 ppm 4 5,,2.49284019,0,1,8,0.25,low,medium,0,0.1956011801958084,0.5357951521873474,0.26860371232032776
bin_classification,resnet50,42,4,20,inner_refit,d4_vote,161,600 ppm 3 8,,3.047380635,1,1,8,0.25,medium,medium,0,0.39291346073150635,0.48937922716140747,0.11770731955766678
bin_classification,resnet50,42,4,20,inner_refit,d4_vote,162,800 ppm 3 8,,4.614610915,2,1,8,0.375,high,medium,0,0.33640992641448975,0.4126584529876709,0.25093162059783936
bin_classification,resnet50,42,4,20,inner_refit,d4_vote,163,1000 ppm 5 6,,3.12203341,1,2,8,0.5,medium,high,0,0.14714929461479187,0.3492628037929535,0.5035879611968994
bin_classification,resnet50,42,4,20,inner_refit,d4_vote,165,600 ppm 4 8,,5.563645491,2,2,8,0.25,high,high,0,0.06256458163261414,0.3751160800457001,0.5623193383216858
bin_classification,resnet50,42,4,20,inner_refit,d4_vote,167,800 ppm 3 5,,4.458889794,2,1,8,0.5,high,medium,0,0.4278295338153839,0.45701584219932556,0.11515465378761292
bin_classification,resnet50,42,4,20,inner_refit,d4_vote,171,400 ppm 3 1,,1.246955081,0,0,8,0.0,low,low,0,0.506735622882843,0.33297833800315857,0.16028596460819244
bin_classification,resnet50,42,4,20,inner_refit,d4_vote,172,400 ppm 3 6,,1.25800729,0,0,8,0.125,low,low,0,0.5296598076820374,0.3617834746837616,0.10855673998594284
bin_classification,resnet50,42,4,20,inner_refit,d4_vote,173,600 ppm 4 10,,1.599538611,0,2,8,0.0,low,high,0,0.11657363176345825,0.269015908241272,0.6144104599952698
bin_classification,resnet50,42,4,20,inner_refit,d4_vote,184,1000 ppm 4 1,,4.003606934,2,2,8,0.5,high,high,0,0.1272270679473877,0.36753976345062256,0.5052331686019897
bin_classification,resnet50,42,4,20,inner_refit,d4_vote,188,400 ppm 4 10,,2.606928263,1,2,8,0.25,medium,high,0,0.14831660687923431,0.3134065866470337,0.5382767915725708
bin_classification,resnet50,42,4,20,inner_refit,d4_vote,190,600 ppm 3 3,,3.293084865,1,0,8,0.5,medium,low,0,0.3407881259918213,0.31414881348609924,0.3450630307197571
bin_classification,resnet50,42,4,20,inner_refit,d4_vote,201,400 ppm 3 4,,2.103673748,0,1,8,0.375,low,medium,0,0.12428215146064758,0.5056710839271545,0.3700467348098755
bin_classification,resnet50,42,4,20,inner_refit,d4_vote,203,1000 ppm 2 3,,3.096861561,1,1,8,0.25,medium,medium,0,0.22533628344535828,0.4041019678115845,0.3705616891384125
