seed,fold,sample_id,mode,view,probability_low,probability_medium,probability_high
42,1,600 ppm 5 5,single,scale_1.0_rot_0_flip_0,0.2722530961036682,0.4387762248516083,0.2889707386493683
42,1,1000 ppm 4 3,single,scale_1.0_rot_0_flip_0,0.1989581286907196,0.3984285891056061,0.4026132822036743
42,1,1000 ppm 3 9,single,scale_1.0_rot_0_flip_0,0.08606473356485367,0.3291096091270447,0.5848256945610046
42,1,1000 ppm 3 10,single,scale_1.0_rot_0_flip_0,0.2699391841888428,0.4307434856891632,0.29931730031967163
42,1,600 ppm 3 7,single,scale_1.0_rot_0_flip_0,0.2924025356769562,0.5728116631507874,0.13478584587574005
42,1,800 ppm 5 7,single,scale_1.0_rot_0_flip_0,0.301451176404953,0.32588914036750793,0.37265974283218384
42,1,400 ppm 4 4,single,scale_1.0_rot_0_flip_0,0.41840267181396484,0.26354748010635376,0.3180498480796814
42,1,800 ppm 2 8,single,scale_1.0_rot_0_flip_0,0.23115044832229614,0.38152605295181274,0.3873234987258911
42,1,400 ppm 3 2,single,scale_1.0_rot_0_flip_0,0.42899754643440247,0.39496365189552307,0.17603880167007446
42,1,800 ppm 3 9,single,scale_1.0_rot_0_flip_0,0.3412120044231415,0.39998942613601685,0.2587985396385193
42,1,1000 ppm 5 1,single,scale_1.0_rot_0_flip_0,0.1499180942773819,0.5138822793960571,0.3361996114253998
42,1,800 ppm 4 5,single,scale_1.0_rot_0_flip_0,0.254708468914032,0.5354095697402954,0.2098819464445114
42,1,800 ppm 2 1,single,scale_1.0_rot_0_flip_0,0.26068398356437683,0.3484915792942047,0.39082440733909607
42,1,400 ppm 1 5,single,scale_1.0_rot_0_flip_0,0.23504069447517395,0.25545939803123474,0.5094999074935913
42,1,400 ppm 4 8,single,scale_1.0_rot_0_flip_0,0.5378137230873108,0.28270554542541504,0.17948076128959656
42,1,800 ppm 3 4,single,scale_1.0_rot_0_flip_0,0.33778664469718933,0.5067480206489563,0.15546533465385437
42,1,1000 ppm 2 1,single,scale_1.0_rot_0_flip_0,0.27994170784950256,0.5031379461288452,0.21692033112049103
42,1,400 ppm 3 10,single,scale_1.0_rot_0_flip_0,0.40249869227409363,0.28848570585250854,0.3090156316757202
42,1,1000 ppm 3 3,single,scale_1.0_rot_0_flip_0,0.30941465497016907,0.37215468287467957,0.31843072175979614
42,1,c 9,single,scale_1.0_rot_0_flip_0,0.696944534778595,0.19563208520412445,0.10742340981960297
42,1,800 ppm 3 3,single,scale_1.0_rot_0_flip_0,0.11406026035547256,0.6159160733222961,0.2700236737728119
42,1,800 ppm 2 9,single,scale_1.0_rot_0_flip_0,0.22236090898513794,0.3789900541305542,0.39864906668663025
42,1,600 ppm 2 9,single,scale_1.0_rot_0_flip_0,0.22345036268234253,0.2855018973350525,0.4910476803779602
42,1,400 ppm 2 10,single,scale_1.0_rot_0_flip_0,0.1967717409133911,0.49349141120910645,0.30973684787750244
42,1,800 ppm 4 7,single,scale_1.0_rot_0_flip_0,0.37694093585014343,0.3332688808441162,0.28979018330574036
42,1,1000 ppm 2 7,single,scale_1.0_rot_0_flip_0,0.18764172494411469,0.4991128742694855,0.31324532628059387
42,1,800 ppm 5 9,single,scale_1.0_rot_0_flip_0,0.07397972792387009,0.29266005754470825,0.6333602666854858
42,1,600 ppm 3 6,single,scale_1.0_rot_0_flip_0,0.2703818678855896,0.5464616417884827,0.18315650522708893
42,1,1000 ppm 1 5,single,scale_1.0_rot_0_flip_0,0.18680645525455475,0.2699286639690399,0.5432648658752441
42,1,600 ppm 5 10,single,scale_1.0_rot_0_flip_0,0.31525176763534546,0.4644709825515747,0.22027724981307983
42,1,600 ppm 2 5,single,scale_1.0_rot_0_flip_0,0.14770035445690155,0.40889716148376465,0.443402498960495
42,1,800 ppm 1 10,single,scale_1.0_rot_0_flip_0,0.30119866132736206,0.2592386305332184,0.43956267833709717
42,1,1000 ppm 3 8,single,scale_1.0_rot_0_flip_0,0.15721015632152557,0.38175615668296814,0.4610336124897003
42,1,800 ppm 2 3,single,scale_1.0_rot_0_flip_0,0.17168767750263214,0.2825852632522583,0.5457270741462708
42,1,1000 ppm 5 7,single,scale_1.0_rot_0_flip_0,0.3327507972717285,0.27453386783599854,0.39271530508995056
42,1,400 ppm 1 3,single,scale_1.0_rot_0_flip_0,0.22249974310398102,0.34628674387931824,0.43121352791786194
42,1,800 ppm 4 6,single,scale_1.0_rot_0_flip_0,0.3794827163219452,0.3893892765045166,0.23112799227237701
42,1,600 ppm 5 4,single,scale_1.0_rot_0_flip_0,0.424190491437912,0.39311203360557556,0.18269741535186768
42,1,400 ppm 2 7,single,scale_1.0_rot_0_flip_0,0.19898289442062378,0.4833287298679352,0.3176884055137634
42,1,1000 ppm 5 9,single,scale_1.0_rot_0_flip_0,0.12082371860742569,0.428240567445755,0.4509357511997223
42,1,400 ppm 5 8,single,scale_1.0_rot_0_flip_0,0.045072972774505615,0.28245818614959717,0.6724688410758972
42,1,c 4,single,scale_1.0_rot_0_flip_0,0.6035104990005493,0.2819879353046417,0.11450158059597015
42,1,1000 ppm 1 8,single,scale_1.0_rot_0_flip_0,0.2474304884672165,0.32752639055252075,0.42504313588142395
42,1,c 3,single,scale_1.0_rot_0_flip_0,0.4700201749801636,0.3216063380241394,0.20837350189685822
42,1,800 ppm 1 9,single,scale_1.0_rot_0_flip_0,0.10321079194545746,0.6147633194923401,0.28202590346336365
42,1,1000 ppm 3 2,single,scale_1.0_rot_0_flip_0,0.27764081954956055,0.4635325074195862,0.2588266432285309
42,1,1000 ppm 5 4,single,scale_1.0_rot_0_flip_0,0.2649405598640442,0.3479507267475128,0.387108713388443
42,1,1000 ppm 3 5,single,scale_1.0_rot_0_flip_0,0.16576768457889557,0.3570980429649353,0.47713425755500793
42,1,800 ppm 1 4,single,scale_1.0_rot_0_flip_0,0.19832183420658112,0.3970266580581665,0.4046514630317688
42,1,1000 ppm 1 7,single,scale_1.0_rot_0_flip_0,0.049206897616386414,0.09866373986005783,0.8521293997764587
42,1,1000 ppm 3 4,single,scale_1.0_rot_0_flip_0,0.2491099089384079,0.276576966047287,0.4743131101131439
42,1,400 ppm 5 1,single,scale_1.0_rot_0_flip_0,0.22353893518447876,0.28445878624916077,0.4920022487640381
42,1,1000 ppm 2 4,single,scale_1.0_rot_0_flip_0,0.23060467839241028,0.3986511528491974,0.37074416875839233
42,1,600 ppm 5 5,d4,scale_1.0_rot_0_flip_0,0.2722530961036682,0.4387762248516083,0.2889707386493683
42,1,1000 ppm 4 3,d4,scale_1.0_rot_0_flip_0,0.1989581286907196,0.3984285891056061,0.4026132822036743
42,1,1000 ppm 3 9,d4,scale_1.0_rot_0_flip_0,0.08606473356485367,0.3291096091270447,0.5848256945610046
42,1,1000 ppm 3 10,d4,scale_1.0_rot_0_flip_0,0.2699391841888428,0.4307434856891632,0.29931730031967163
42,1,600 ppm 3 7,d4,scale_1.0_rot_0_flip_0,0.2924025356769562,0.5728116631507874,0.13478584587574005
42,1,800 ppm 5 7,d4,scale_1.0_rot_0_flip_0,0.301451176404953,0.32588914036750793,0.37265974283218384
42,1,400 ppm 4 4,d4,scale_1.0_rot_0_flip_0,0.41840267181396484,0.26354748010635376,0.3180498480796814
42,1,800 ppm 2 8,d4,scale_1.0_rot_0_flip_0,0.23115044832229614,0.38152605295181274,0.3873234987258911
42,1,400 ppm 3 2,d4,scale_1.0_rot_0_flip_0,0.42899754643440247,0.39496365189552307,0.17603880167007446
42,1,800 ppm 3 9,d4,scale_1.0_rot_0_flip_0,0.3412120044231415,0.39998942613601685,0.2587985396385193
42,1,1000 ppm 5 1,d4,scale_1.0_rot_0_flip_0,0.1499180942773819,0.5138822793960571,0.3361996114253998
42,1,800 ppm 4 5,d4,scale_1.0_rot_0_flip_0,0.254708468914032,0.5354095697402954,0.2098819464445114
42,1,800 ppm 2 1,d4,scale_1.0_rot_0_flip_0,0.26068398356437683,0.3484915792942047,0.39082440733909607
42,1,400 ppm 1 5,d4,scale_1.0_rot_0_flip_0,0.23504069447517395,0.25545939803123474,0.5094999074935913
42,1,400 ppm 4 8,d4,scale_1.0_rot_0_flip_0,0.5378137230873108,0.28270554542541504,0.17948076128959656
42,1,800 ppm 3 4,d4,scale_1.0_rot_0_flip_0,0.33778664469718933,0.5067480206489563,0.15546533465385437
42,1,1000 ppm 2 1,d4,scale_1.0_rot_0_flip_0,0.27994170784950256,0.5031379461288452,0.21692033112049103
42,1,400 ppm 3 10,d4,scale_1.0_rot_0_flip_0,0.40249869227409363,0.28848570585250854,0.3090156316757202
42,1,1000 ppm 3 3,d4,scale_1.0_rot_0_flip_0,0.30941465497016907,0.37215468287467957,0.31843072175979614
42,1,c 9,d4,scale_1.0_rot_0_flip_0,0.696944534778595,0.19563208520412445,0.10742340981960297
42,1,800 ppm 3 3,d4,scale_1.0_rot_0_flip_0,0.11406026035547256,0.6159160733222961,0.2700236737728119
42,1,800 ppm 2 9,d4,scale_1.0_rot_0_flip_0,0.22236090898513794,0.3789900541305542,0.39864906668663025
42,1,600 ppm 2 9,d4,scale_1.0_rot_0_flip_0,0.22345036268234253,0.2855018973350525,0.4910476803779602
42,1,400 ppm 2 10,d4,scale_1.0_rot_0_flip_0,0.1967717409133911,0.49349141120910645,0.30973684787750244
42,1,800 ppm 4 7,d4,scale_1.0_rot_0_flip_0,0.37694093585014343,0.3332688808441162,0.28979018330574036
42,1,1000 ppm 2 7,d4,scale_1.0_rot_0_flip_0,0.18764172494411469,0.4991128742694855,0.31324532628059387
42,1,800 ppm 5 9,d4,scale_1.0_rot_0_flip_0,0.07397972792387009,0.29266005754470825,0.6333602666854858
42,1,600 ppm 3 6,d4,scale_1.0_rot_0_flip_0,0.2703818678855896,0.5464616417884827,0.18315650522708893
42,1,1000 ppm 1 5,d4,scale_1.0_rot_0_flip_0,0.18680645525455475,0.2699286639690399,0.5432648658752441
42,1,600 ppm 5 10,d4,scale_1.0_rot_0_flip_0,0.31525176763534546,0.4644709825515747,0.22027724981307983
42,1,600 ppm 2 5,d4,scale_1.0_rot_0_flip_0,0.14770035445690155,0.40889716148376465,0.443402498960495
42,1,800 ppm 1 10,d4,scale_1.0_rot_0_flip_0,0.30119866132736206,0.2592386305332184,0.43956267833709717
42,1,1000 ppm 3 8,d4,scale_1.0_rot_0_flip_0,0.15721015632152557,0.38175615668296814,0.4610336124897003
42,1,800 ppm 2 3,d4,scale_1.0_rot_0_flip_0,0.17168767750263214,0.2825852632522583,0.5457270741462708
42,1,1000 ppm 5 7,d4,scale_1.0_rot_0_flip_0,0.3327507972717285,0.27453386783599854,0.39271530508995056
42,1,400 ppm 1 3,d4,scale_1.0_rot_0_flip_0,0.22249974310398102,0.34628674387931824,0.43121352791786194
42,1,800 ppm 4 6,d4,scale_1.0_rot_0_flip_0,0.3794827163219452,0.3893892765045166,0.23112799227237701
42,1,600 ppm 5 4,d4,scale_1.0_rot_0_flip_0,0.424190491437912,0.39311203360557556,0.18269741535186768
42,1,400 ppm 2 7,d4,scale_1.0_rot_0_flip_0,0.19898289442062378,0.4833287298679352,0.3176884055137634
42,1,1000 ppm 5 9,d4,scale_1.0_rot_0_flip_0,0.12082371860742569,0.428240567445755,0.4509357511997223
42,1,400 ppm 5 8,d4,scale_1.0_rot_0_flip_0,0.045072972774505615,0.28245818614959717,0.6724688410758972
42,1,c 4,d4,scale_1.0_rot_0_flip_0,0.6035104990005493,0.2819879353046417,0.11450158059597015
42,1,1000 ppm 1 8,d4,scale_1.0_rot_0_flip_0,0.2474304884672165,0.32752639055252075,0.42504313588142395
42,1,c 3,d4,scale_1.0_rot_0_flip_0,0.4700201749801636,0.3216063380241394,0.20837350189685822
42,1,800 ppm 1 9,d4,scale_1.0_rot_0_flip_0,0.10321079194545746,0.6147633194923401,0.28202590346336365
42,1,1000 ppm 3 2,d4,scale_1.0_rot_0_flip_0,0.27764081954956055,0.4635325074195862,0.2588266432285309
42,1,1000 ppm 5 4,d4,scale_1.0_rot_0_flip_0,0.2649405598640442,0.3479507267475128,0.387108713388443
42,1,1000 ppm 3 5,d4,scale_1.0_rot_0_flip_0,0.16576768457889557,0.3570980429649353,0.47713425755500793
42,1,800 ppm 1 4,d4,scale_1.0_rot_0_flip_0,0.19832183420658112,0.3970266580581665,0.4046514630317688
42,1,1000 ppm 1 7,d4,scale_1.0_rot_0_flip_0,0.049206897616386414,0.09866373986005783,0.8521293997764587
42,1,1000 ppm 3 4,d4,scale_1.0_rot_0_flip_0,0.2491099089384079,0.276576966047287,0.4743131101131439
42,1,400 ppm 5 1,d4,scale_1.0_rot_0_flip_0,0.22353893518447876,0.28445878624916077,0.4920022487640381
42,1,1000 ppm 2 4,d4,scale_1.0_rot_0_flip_0,0.23060467839241028,0.3986511528491974,0.37074416875839233
42,1,600 ppm 5 5,d4,scale_1.0_rot_0_flip_1,0.2783682346343994,0.4078907370567322,0.3137410581111908
42,1,1000 ppm 4 3,d4,scale_1.0_rot_0_flip_1,0.2113393396139145,0.378858357667923,0.40980228781700134
42,1,1000 ppm 3 9,d4,scale_1.0_rot_0_flip_1,0.09407138079404831,0.292338103055954,0.6135904788970947
42,1,1000 ppm 3 10,d4,scale_1.0_rot_0_flip_1,0.3462284803390503,0.40757015347480774,0.24620133638381958
42,1,600 ppm 3 7,d4,scale_1.0_rot_0_flip_1,0.3402404487133026,0.5193693041801453,0.14039024710655212
42,1,800 ppm 5 7,d4,scale_1.0_rot_0_flip_1,0.3011571764945984,0.3046233355998993,0.39421942830085754
42,1,400 ppm 4 4,d4,scale_1.0_rot_0_flip_1,0.4737135171890259,0.23993273079395294,0.2863537073135376
42,1,800 ppm 2 8,d4,scale_1.0_rot_0_flip_1,0.2911842167377472,0.3759170174598694,0.3328987658023834
42,1,400 ppm 3 2,d4,scale_1.0_rot_0_flip_1,0.38125601410865784,0.3920117914676666,0.22673214972019196
42,1,800 ppm 3 9,d4,scale_1.0_rot_0_flip_1,0.4114498496055603,0.3559558689594269,0.23259428143501282
42,1,1000 ppm 5 1,d4,scale_1.0_rot_0_flip_1,0.15433935821056366,0.5673301815986633,0.2783304750919342
42,1,800 ppm 4 5,d4,scale_1.0_rot_0_flip_1,0.2791680097579956,0.5403898358345032,0.18044216930866241
42,1,800 ppm 2 1,d4,scale_1.0_rot_0_flip_1,0.22554896771907806,0.3720913529396057,0.4023596942424774
42,1,400 ppm 1 5,d4,scale_1.0_rot_0_flip_1,0.2773091495037079,0.27446651458740234,0.448224276304245
42,1,400 ppm 4 8,d4,scale_1.0_rot_0_flip_1,0.558380126953125,0.2906194031238556,0.15100045502185822
42,1,800 ppm 3 4,d4,scale_1.0_rot_0_flip_1,0.3700594902038574,0.48647215962409973,0.14346833527088165
42,1,1000 ppm 2 1,d4,scale_1.0_rot_0_flip_1,0.3203143775463104,0.45286497473716736,0.22682064771652222
42,1,400 ppm 3 10,d4,scale_1.0_rot_0_flip_1,0.28541672229766846,0.31283271312713623,0.4017505347728729
42,1,1000 ppm 3 3,d4,scale_1.0_rot_0_flip_1,0.24565565586090088,0.3876340985298157,0.36671024560928345
42,1,c 9,d4,scale_1.0_rot_0_flip_1,0.6530758142471313,0.2120664119720459,0.13485777378082275
42,1,800 ppm 3 3,d4,scale_1.0_rot_0_flip_1,0.12969613075256348,0.579738438129425,0.2905653715133667
42,1,800 ppm 2 9,d4,scale_1.0_rot_0_flip_1,0.21790283918380737,0.3007376492023468,0.4813595712184906
42,1,600 ppm 2 9,d4,scale_1.0_rot_0_flip_1,0.28570815920829773,0.2971431612968445,0.4171486794948578
42,1,400 ppm 2 10,d4,scale_1.0_rot_0_flip_1,0.19741466641426086,0.5222383737564087,0.28034693002700806
42,1,800 ppm 4 7,d4,scale_1.0_rot_0_flip_1,0.4117249548435211,0.3453144431114197,0.24296064674854279
42,1,1000 ppm 2 7,d4,scale_1.0_rot_0_flip_1,0.13791805505752563,0.396696537733078,0.4653853476047516
42,1,800 ppm 5 9,d4,scale_1.0_rot_0_flip_1,0.11323060840368271,0.3452164828777313,0.5415528416633606
42,1,600 ppm 3 6,d4,scale_1.0_rot_0_flip_1,0.28598275780677795,0.4706571400165558,0.24336013197898865
42,1,1000 ppm 1 5,d4,scale_1.0_rot_0_flip_1,0.19932766258716583,0.2559845745563507,0.5446876883506775
42,1,600 ppm 5 10,d4,scale_1.0_rot_0_flip_1,0.3583565652370453,0.4475814998149872,0.19406190514564514
42,1,600 ppm 2 5,d4,scale_1.0_rot_0_flip_1,0.10874251276254654,0.39010268449783325,0.5011548399925232
42,1,800 ppm 1 10,d4,scale_1.0_rot_0_flip_1,0.3578553795814514,0.24720008671283722,0.39494451880455017
42,1,1000 ppm 3 8,d4,scale_1.0_rot_0_flip_1,0.17118823528289795,0.37285202741622925,0.4559597969055176
42,1,800 ppm 2 3,d4,scale_1.0_rot_0_flip_1,0.18126636743545532,0.29550954699516296,0.5232239961624146
42,1,1000 ppm 5 7,d4,scale_1.0_rot_0_flip_1,0.2869257926940918,0.3003428280353546,0.4127313494682312
42,1,400 ppm 1 3,d4,scale_1.0_rot_0_flip_1,0.24319882690906525,0.3511994779109955,0.4056016504764557
42,1,800 ppm 4 6,d4,scale_1.0_rot_0_flip_1,0.3363264799118042,0.44423291087150574,0.21944063901901245
42,1,600 ppm 5 4,d4,scale_1.0_rot_0_flip_1,0.47766372561454773,0.32814544439315796,0.1941908746957779
42,1,400 ppm 2 7,d4,scale_1.0_rot_0_flip_1,0.17778344452381134,0.4500948190689087,0.37212175130844116
42,1,1000 ppm 5 9,d4,scale_1.0_rot_0_flip_1,0.11956727504730225,0.3826858401298523,0.49774688482284546
42,1,400 ppm 5 8,d4,scale_1.0_rot_0_flip_1,0.06782631576061249,0.3044899106025696,0.6276837587356567
42,1,c 4,d4,scale_1.0_rot_0_flip_1,0.5775087475776672,0.30054834485054016,0.12194286286830902
42,1,1000 ppm 1 8,d4,scale_1.0_rot_0_flip_1,0.2374788075685501,0.35172104835510254,0.41080015897750854
42,1,c 3,d4,scale_1.0_rot_0_flip_1,0.44689124822616577,0.3145241141319275,0.23858456313610077
42,1,800 ppm 1 9,d4,scale_1.0_rot_0_flip_1,0.08487659692764282,0.6850340962409973,0.23008935153484344
42,1,1000 ppm 3 2,d4,scale_1.0_rot_0_flip_1,0.33502551913261414,0.4141533672809601,0.2508210837841034
42,1,1000 ppm 5 4,d4,scale_1.0_rot_0_flip_1,0.26289045810699463,0.3924776613712311,0.3446318805217743
42,1,1000 ppm 3 5,d4,scale_1.0_rot_0_flip_1,0.13972823321819305,0.35048097372055054,0.5097907781600952
42,1,800 ppm 1 4,d4,scale_1.0_rot_0_flip_1,0.23554806411266327,0.4113255441188812,0.3531264364719391
42,1,1000 ppm 1 7,d4,scale_1.0_rot_0_flip_1,0.05523473024368286,0.10277807712554932,0.8419872522354126
42,1,1000 ppm 3 4,d4,scale_1.0_rot_0_flip_1,0.2640620768070221,0.28677937388420105,0.4491584897041321
42,1,400 ppm 5 1,d4,scale_1.0_rot_0_flip_1,0.2572963237762451,0.3160746097564697,0.42662903666496277
42,1,1000 ppm 2 4,d4,scale_1.0_rot_0_flip_1,0.23057709634304047,0.3691410720348358,0.4002818763256073
42,1,600 ppm 5 5,d4,scale_1.0_rot_90_flip_0,0.17783638834953308,0.2936263382434845,0.5285372734069824
42,1,1000 ppm 4 3,d4,scale_1.0_rot_90_flip_0,0.2373298853635788,0.2418181598186493,0.5208520293235779
42,1,1000 ppm 3 9,d4,scale_1.0_rot_90_flip_0,0.07177815586328506,0.16709868609905243,0.7611231803894043
42,1,1000 ppm 3 10,d4,scale_1.0_rot_90_flip_0,0.3081400990486145,0.3480142056941986,0.3438456952571869
42,1,600 ppm 3 7,d4,scale_1.0_rot_90_flip_0,0.30275270342826843,0.463595986366272,0.23365135490894318
42,1,800 ppm 5 7,d4,scale_1.0_rot_90_flip_0,0.3653228282928467,0.20109711587429047,0.43358010053634644
42,1,400 ppm 4 4,d4,scale_1.0_rot_90_flip_0,0.29656922817230225,0.1810266524553299,0.5224040746688843
42,1,800 ppm 2 8,d4,scale_1.0_rot_90_flip_0,0.2031351923942566,0.22586055099964142,0.5710042119026184
42,1,400 ppm 3 2,d4,scale_1.0_rot_90_flip_0,0.29606688022613525,0.32195958495140076,0.381973534822464
42,1,800 ppm 3 9,d4,scale_1.0_rot_90_flip_0,0.3247314393520355,0.2489893138408661,0.426279217004776
42,1,1000 ppm 5 1,d4,scale_1.0_rot_90_flip_0,0.12262488901615143,0.43345528841018677,0.4439198672771454
42,1,800 ppm 4 5,d4,scale_1.0_rot_90_flip_0,0.22539429366588593,0.5148974657058716,0.2597081959247589
42,1,800 ppm 2 1,d4,scale_1.0_rot_90_flip_0,0.2161485254764557,0.2831604778766632,0.5006909966468811
42,1,400 ppm 1 5,d4,scale_1.0_rot_90_flip_0,0.17263834178447723,0.19598965346813202,0.6313720345497131
42,1,400 ppm 4 8,d4,scale_1.0_rot_90_flip_0,0.566617488861084,0.21861755847930908,0.21476495265960693
42,1,800 ppm 3 4,d4,scale_1.0_rot_90_flip_0,0.4382792115211487,0.34368830919265747,0.21803255379199982
42,1,1000 ppm 2 1,d4,scale_1.0_rot_90_flip_0,0.26464101672172546,0.32487332820892334,0.4104856848716736
42,1,400 ppm 3 10,d4,scale_1.0_rot_90_flip_0,0.248787522315979,0.2581115663051605,0.49310097098350525
42,1,1000 ppm 3 3,d4,scale_1.0_rot_90_flip_0,0.2266785204410553,0.3383904993534088,0.4349309504032135
42,1,c 9,d4,scale_1.0_rot_90_flip_0,0.5574687123298645,0.1956258863210678,0.24690541625022888
42,1,800 ppm 3 3,d4,scale_1.0_rot_90_flip_0,0.20175209641456604,0.39685171842575073,0.4013961851596832
42,1,800 ppm 2 9,d4,scale_1.0_rot_90_flip_0,0.19861392676830292,0.29658567905426025,0.5048004388809204
42,1,600 ppm 2 9,d4,scale_1.0_rot_90_flip_0,0.18859383463859558,0.20681770145893097,0.6045884490013123
42,1,400 ppm 2 10,d4,scale_1.0_rot_90_flip_0,0.16814719140529633,0.328898549079895,0.5029542446136475
42,1,800 ppm 4 7,d4,scale_1.0_rot_90_flip_0,0.3409581184387207,0.28360217809677124,0.37543967366218567
42,1,1000 ppm 2 7,d4,scale_1.0_rot_90_flip_0,0.0874892845749855,0.26251211762428284,0.6499986052513123
42,1,800 ppm 5 9,d4,scale_1.0_rot_90_flip_0,0.09513472765684128,0.2819712460041046,0.6228939890861511
42,1,600 ppm 3 6,d4,scale_1.0_rot_90_flip_0,0.4589913785457611,0.4096232056617737,0.13138538599014282
42,1,1000 ppm 1 5,d4,scale_1.0_rot_90_flip_0,0.24008794128894806,0.2949753701686859,0.4649367332458496
42,1,600 ppm 5 10,d4,scale_1.0_rot_90_flip_0,0.3093492090702057,0.4334618151187897,0.25718897581100464
42,1,600 ppm 2 5,d4,scale_1.0_rot_90_flip_0,0.11289253830909729,0.22042755782604218,0.666679859161377
42,1,800 ppm 1 10,d4,scale_1.0_rot_90_flip_0,0.28996556997299194,0.22598840296268463,0.48404598236083984
42,1,1000 ppm 3 8,d4,scale_1.0_rot_90_flip_0,0.11413008719682693,0.26509010791778564,0.6207797527313232
42,1,800 ppm 2 3,d4,scale_1.0_rot_90_flip_0,0.20115657150745392,0.22406820952892303,0.5747752785682678
42,1,1000 ppm 5 7,d4,scale_1.0_rot_90_flip_0,0.21150073409080505,0.2553751766681671,0.5331241488456726
42,1,400 ppm 1 3,d4,scale_1.0_rot_90_flip_0,0.1842188686132431,0.21162599325180054,0.6041551828384399
42,1,800 ppm 4 6,d4,scale_1.0_rot_90_flip_0,0.26266729831695557,0.370393306016922,0.3669394254684448
42,1,600 ppm 5 4,d4,scale_1.0_rot_90_flip_0,0.47236335277557373,0.28182533383369446,0.2458113431930542
42,1,400 ppm 2 7,d4,scale_1.0_rot_90_flip_0,0.13921630382537842,0.38420215249061584,0.47658148407936096
42,1,1000 ppm 5 9,d4,scale_1.0_rot_90_flip_0,0.12041371315717697,0.2823581397533417,0.5972280502319336
42,1,400 ppm 5 8,d4,scale_1.0_rot_90_flip_0,0.10846409946680069,0.1769912838935852,0.7145445942878723
42,1,c 4,d4,scale_1.0_rot_90_flip_0,0.5410704612731934,0.24554985761642456,0.2133796513080597
42,1,1000 ppm 1 8,d4,scale_1.0_rot_90_flip_0,0.24175064265727997,0.25113412737846375,0.5071152448654175
42,1,c 3,d4,scale_1.0_rot_90_flip_0,0.4378640353679657,0.243611142039299,0.3185248076915741
42,1,800 ppm 1 9,d4,scale_1.0_rot_90_flip_0,0.11528594046831131,0.3788352608680725,0.5058788061141968
42,1,1000 ppm 3 2,d4,scale_1.0_rot_90_flip_0,0.31092435121536255,0.28983044624328613,0.3992452025413513
42,1,1000 ppm 5 4,d4,scale_1.0_rot_90_flip_0,0.1573190689086914,0.25282949209213257,0.589851438999176
42,1,1000 ppm 3 5,d4,scale_1.0_rot_90_flip_0,0.11861839145421982,0.24523818492889404,0.6361434459686279
42,1,800 ppm 1 4,d4,scale_1.0_rot_90_flip_0,0.2969020903110504,0.36941590905189514,0.33368197083473206
42,1,1000 ppm 1 7,d4,scale_1.0_rot_90_flip_0,0.076545350253582,0.3033575117588043,0.6200970411300659
42,1,1000 ppm 3 4,d4,scale_1.0_rot_90_flip_0,0.2378700226545334,0.1452345997095108,0.6168953776359558
42,1,400 ppm 5 1,d4,scale_1.0_rot_90_flip_0,0.1566576063632965,0.21738570928573608,0.6259567141532898
42,1,1000 ppm 2 4,d4,scale_1.0_rot_90_flip_0,0.23836547136306763,0.28803595900535583,0.47359851002693176
42,1,600 ppm 5 5,d4,scale_1.0_rot_90_flip_1,0.20859749615192413,0.3619726002216339,0.42942994832992554
42,1,1000 ppm 4 3,d4,scale_1.0_rot_90_flip_1,0.16833904385566711,0.20290136337280273,0.6287595629692078
42,1,1000 ppm 3 9,d4,scale_1.0_rot_90_flip_1,0.06038573384284973,0.16188400983810425,0.7777302861213684
42,1,1000 ppm 3 10,d4,scale_1.0_rot_90_flip_1,0.29075267910957336,0.34236833453178406,0.36687901616096497
42,1,600 ppm 3 7,d4,scale_1.0_rot_90_flip_1,0.2536826431751251,0.500076949596405,0.24624037742614746
42,1,800 ppm 5 7,d4,scale_1.0_rot_90_flip_1,0.34031417965888977,0.25624266266822815,0.4034431576728821
42,1,400 ppm 4 4,d4,scale_1.0_rot_90_flip_1,0.32454201579093933,0.24545587599277496,0.4300021827220917
42,1,800 ppm 2 8,d4,scale_1.0_rot_90_flip_1,0.2564226984977722,0.27782705426216125,0.46575024724006653
42,1,400 ppm 3 2,d4,scale_1.0_rot_90_flip_1,0.3324073851108551,0.3187776803970337,0.3488149344921112
42,1,800 ppm 3 9,d4,scale_1.0_rot_90_flip_1,0.32908421754837036,0.22901657223701477,0.44189921021461487
42,1,1000 ppm 5 1,d4,scale_1.0_rot_90_flip_1,0.12412779778242111,0.4502779543399811,0.4255942106246948
42,1,800 ppm 4 5,d4,scale_1.0_rot_90_flip_1,0.18829810619354248,0.5636395812034607,0.24806232750415802
42,1,800 ppm 2 1,d4,scale_1.0_rot_90_flip_1,0.2324974238872528,0.3320583999156952,0.4354442059993744
42,1,400 ppm 1 5,d4,scale_1.0_rot_90_flip_1,0.16322389245033264,0.21691711246967316,0.619858980178833
42,1,400 ppm 4 8,d4,scale_1.0_rot_90_flip_1,0.5425646901130676,0.2555639445781708,0.2018713653087616
42,1,800 ppm 3 4,d4,scale_1.0_rot_90_flip_1,0.39484113454818726,0.45020395517349243,0.1549549549818039
42,1,1000 ppm 2 1,d4,scale_1.0_rot_90_flip_1,0.27646392583847046,0.3656845986843109,0.35785147547721863
42,1,400 ppm 3 10,d4,scale_1.0_rot_90_flip_1,0.23392175137996674,0.2472476065158844,0.5188306570053101
42,1,1000 ppm 3 3,d4,scale_1.0_rot_90_flip_1,0.23045223951339722,0.3202829658985138,0.4492648243904114
42,1,c 9,d4,scale_1.0_rot_90_flip_1,0.6077435612678528,0.1733032912015915,0.21895311772823334
42,1,800 ppm 3 3,d4,scale_1.0_rot_90_flip_1,0.1651623696088791,0.39283275604248047,0.44200485944747925
42,1,800 ppm 2 9,d4,scale_1.0_rot_90_flip_1,0.1753699779510498,0.2904002070426941,0.5342298746109009
42,1,600 ppm 2 9,d4,scale_1.0_rot_90_flip_1,0.20863524079322815,0.2760128676891327,0.5153518915176392
42,1,400 ppm 2 10,d4,scale_1.0_rot_90_flip_1,0.18539944291114807,0.2917384207248688,0.5228621363639832
42,1,800 ppm 4 7,d4,scale_1.0_rot_90_flip_1,0.3522127568721771,0.31314629316329956,0.3346409499645233
42,1,1000 ppm 2 7,d4,scale_1.0_rot_90_flip_1,0.11774572730064392,0.24985525012016296,0.6323990225791931
42,1,800 ppm 5 9,d4,scale_1.0_rot_90_flip_1,0.11088699847459793,0.3287930488586426,0.5603199601173401
42,1,600 ppm 3 6,d4,scale_1.0_rot_90_flip_1,0.4650173485279083,0.43958964943885803,0.09539293497800827
42,1,1000 ppm 1 5,d4,scale_1.0_rot_90_flip_1,0.19472667574882507,0.29117318987846375,0.514100193977356
42,1,600 ppm 5 10,d4,scale_1.0_rot_90_flip_1,0.20807954668998718,0.4889374077320099,0.30298304557800293
42,1,600 ppm 2 5,d4,scale_1.0_rot_90_flip_1,0.13900206983089447,0.23546496033668518,0.6255330443382263
42,1,800 ppm 1 10,d4,scale_1.0_rot_90_flip_1,0.3503603935241699,0.2074601948261261,0.442179411649704
42,1,1000 ppm 3 8,d4,scale_1.0_rot_90_flip_1,0.07514067739248276,0.22348430752754211,0.7013750076293945
42,1,800 ppm 2 3,d4,scale_1.0_rot_90_flip_1,0.19207511842250824,0.271100789308548,0.5368240475654602
42,1,1000 ppm 5 7,d4,scale_1.0_rot_90_flip_1,0.27703428268432617,0.2900409400463104,0.4329248368740082
42,1,400 ppm 1 3,d4,scale_1.0_rot_90_flip_1,0.16223572194576263,0.2180701494216919,0.6196941137313843
42,1,800 ppm 4 6,d4,scale_1.0_rot_90_flip_1,0.2490278035402298,0.3841506242752075,0.3668215572834015
42,1,600 ppm 5 4,d4,scale_1.0_rot_90_flip_1,0.4348680078983307,0.34751954674720764,0.2176124006509781
42,1,400 ppm 2 7,d4,scale_1.0_rot_90_flip_1,0.11906535178422928,0.43837878108024597,0.44255590438842773
42,1,1000 ppm 5 9,d4,scale_1.0_rot_90_flip_1,0.10996769368648529,0.2683671712875366,0.6216651201248169
42,1,400 ppm 5 8,d4,scale_1.0_rot_90_flip_1,0.09388139843940735,0.19141991436481476,0.7146986722946167
42,1,c 4,d4,scale_1.0_rot_90_flip_1,0.589739203453064,0.23905807733535767,0.17120270431041718
42,1,1000 ppm 1 8,d4,scale_1.0_rot_90_flip_1,0.21650822460651398,0.31641772389411926,0.46707406640052795
42,1,c 3,d4,scale_1.0_rot_90_flip_1,0.4583262503147125,0.26601433753967285,0.27565938234329224
42,1,800 ppm 1 9,d4,scale_1.0_rot_90_flip_1,0.12164904922246933,0.34945982694625854,0.5288911461830139
42,1,1000 ppm 3 2,d4,scale_1.0_rot_90_flip_1,0.24887396395206451,0.31841573119163513,0.43271031975746155
42,1,1000 ppm 5 4,d4,scale_1.0_rot_90_flip_1,0.1494857370853424,0.252027302980423,0.5984869599342346
42,1,1000 ppm 3 5,d4,scale_1.0_rot_90_flip_1,0.18856658041477203,0.19232888519763947,0.6191045641899109
42,1,800 ppm 1 4,d4,scale_1.0_rot_90_flip_1,0.2321104258298874,0.35307741165161133,0.4148121178150177
42,1,1000 ppm 1 7,d4,scale_1.0_rot_90_flip_1,0.07433199882507324,0.2921733558177948,0.6334946155548096
42,1,1000 ppm 3 4,d4,scale_1.0_rot_90_flip_1,0.20239894092082977,0.19500087201595306,0.6026002168655396
42,1,400 ppm 5 1,d4,scale_1.0_rot_90_flip_1,0.21067599952220917,0.2569521367549896,0.5323718786239624
42,1,1000 ppm 2 4,d4,scale_1.0_rot_90_flip_1,0.18683531880378723,0.28778085112571716,0.5253838300704956
42,1,600 ppm 5 5,d4,scale_1.0_rot_180_flip_0,0.2637258768081665,0.399992436170578,0.3362816870212555
42,1,1000 ppm 4 3,d4,scale_1.0_rot_180_flip_0,0.21478544175624847,0.3697909414768219,0.41542360186576843
42,1,1000 ppm 3 9,d4,scale_1.0_rot_180_flip_0,0.08067014068365097,0.3401610553264618,0.5791687965393066
42,1,1000 ppm 3 10,d4,scale_1.0_rot_180_flip_0,0.2833905816078186,0.3782399892807007,0.3383694589138031
42,1,600 ppm 3 7,d4,scale_1.0_rot_180_flip_0,0.3450774550437927,0.47292155027389526,0.182000994682312
42,1,800 ppm 5 7,d4,scale_1.0_rot_180_flip_0,0.3660527169704437,0.3777397871017456,0.25620752573013306
42,1,400 ppm 4 4,d4,scale_1.0_rot_180_flip_0,0.3881451189517975,0.29446646571159363,0.3173883259296417
42,1,800 ppm 2 8,d4,scale_1.0_rot_180_flip_0,0.22132602334022522,0.4190387725830078,0.35963526368141174
42,1,400 ppm 3 2,d4,scale_1.0_rot_180_flip_0,0.3783203363418579,0.4032793939113617,0.218400239944458
42,1,800 ppm 3 9,d4,scale_1.0_rot_180_flip_0,0.3040827512741089,0.4098973274230957,0.2860199511051178
42,1,1000 ppm 5 1,d4,scale_1.0_rot_180_flip_0,0.15615089237689972,0.5198366045951843,0.32401251792907715
42,1,800 ppm 4 5,d4,scale_1.0_rot_180_flip_0,0.27866268157958984,0.5521690249443054,0.16916832327842712
42,1,800 ppm 2 1,d4,scale_1.0_rot_180_flip_0,0.2337716966867447,0.38071876764297485,0.38550958037376404
42,1,400 ppm 1 5,d4,scale_1.0_rot_180_flip_0,0.23209281265735626,0.39104577898979187,0.37686142325401306
42,1,400 ppm 4 8,d4,scale_1.0_rot_180_flip_0,0.5473364591598511,0.3154240548610687,0.1372395157814026
42,1,800 ppm 3 4,d4,scale_1.0_rot_180_flip_0,0.333233505487442,0.5497207045555115,0.11704575270414352
42,1,1000 ppm 2 1,d4,scale_1.0_rot_180_flip_0,0.2717239558696747,0.5414866805076599,0.1867893636226654
42,1,400 ppm 3 10,d4,scale_1.0_rot_180_flip_0,0.22990302741527557,0.29514461755752563,0.47495242953300476
42,1,1000 ppm 3 3,d4,scale_1.0_rot_180_flip_0,0.2332700788974762,0.40382009744644165,0.36290988326072693
42,1,c 9,d4,scale_1.0_rot_180_flip_0,0.6452431082725525,0.24199330806732178,0.11276356875896454
42,1,800 ppm 3 3,d4,scale_1.0_rot_180_flip_0,0.14740923047065735,0.664721667766571,0.1878691166639328
42,1,800 ppm 2 9,d4,scale_1.0_rot_180_flip_0,0.2477302998304367,0.332872599363327,0.4193970859050751
42,1,600 ppm 2 9,d4,scale_1.0_rot_180_flip_0,0.22608469426631927,0.29429757595062256,0.479617714881897
42,1,400 ppm 2 10,d4,scale_1.0_rot_180_flip_0,0.1994090974330902,0.4898507595062256,0.310740202665329
42,1,800 ppm 4 7,d4,scale_1.0_rot_180_flip_0,0.30060482025146484,0.3727094233036041,0.3266857862472534
42,1,1000 ppm 2 7,d4,scale_1.0_rot_180_flip_0,0.21231532096862793,0.4471209645271301,0.3405637741088867
42,1,800 ppm 5 9,d4,scale_1.0_rot_180_flip_0,0.08889961987733841,0.32009878754615784,0.591001570224762
42,1,600 ppm 3 6,d4,scale_1.0_rot_180_flip_0,0.36704930663108826,0.4166490137577057,0.21630164980888367
42,1,1000 ppm 1 5,d4,scale_1.0_rot_180_flip_0,0.21447619795799255,0.23625448346138,0.5492693185806274
42,1,600 ppm 5 10,d4,scale_1.0_rot_180_flip_0,0.35451966524124146,0.4108433723449707,0.23463697731494904
42,1,600 ppm 2 5,d4,scale_1.0_rot_180_flip_0,0.1391167789697647,0.35217273235321045,0.5087104439735413
42,1,800 ppm 1 10,d4,scale_1.0_rot_180_flip_0,0.40400511026382446,0.33029577136039734,0.2656990587711334
42,1,1000 ppm 3 8,d4,scale_1.0_rot_180_flip_0,0.1396910399198532,0.37780261039733887,0.48250633478164673
42,1,800 ppm 2 3,d4,scale_1.0_rot_180_flip_0,0.23008392751216888,0.3359009027481079,0.4340151846408844
42,1,1000 ppm 5 7,d4,scale_1.0_rot_180_flip_0,0.23661167919635773,0.3471207618713379,0.4162675440311432
42,1,400 ppm 1 3,d4,scale_1.0_rot_180_flip_0,0.1624402105808258,0.3011464476585388,0.5364133715629578
42,1,800 ppm 4 6,d4,scale_1.0_rot_180_flip_0,0.34711775183677673,0.466307669878006,0.1865745186805725
42,1,600 ppm 5 4,d4,scale_1.0_rot_180_flip_0,0.44130927324295044,0.3594878017902374,0.19920296967029572
42,1,400 ppm 2 7,d4,scale_1.0_rot_180_flip_0,0.147600457072258,0.5139579772949219,0.3384416103363037
42,1,1000 ppm 5 9,d4,scale_1.0_rot_180_flip_0,0.13640077412128448,0.43372413516044617,0.42987513542175293
42,1,400 ppm 5 8,d4,scale_1.0_rot_180_flip_0,0.12702490389347076,0.3171989917755127,0.555776059627533
42,1,c 4,d4,scale_1.0_rot_180_flip_0,0.5236386656761169,0.38036003708839417,0.0960012897849083
42,1,1000 ppm 1 8,d4,scale_1.0_rot_180_flip_0,0.22772516310214996,0.3510044813156128,0.42127037048339844
42,1,c 3,d4,scale_1.0_rot_180_flip_0,0.5051765441894531,0.3335499167442322,0.1612735390663147
42,1,800 ppm 1 9,d4,scale_1.0_rot_180_flip_0,0.09349972754716873,0.6580442786216736,0.2484559714794159
42,1,1000 ppm 3 2,d4,scale_1.0_rot_180_flip_0,0.24183055758476257,0.3679092526435852,0.39026015996932983
42,1,1000 ppm 5 4,d4,scale_1.0_rot_180_flip_0,0.22182507812976837,0.45453789830207825,0.3236370384693146
42,1,1000 ppm 3 5,d4,scale_1.0_rot_180_flip_0,0.14992493391036987,0.40695565938949585,0.4431193768978119
42,1,800 ppm 1 4,d4,scale_1.0_rot_180_flip_0,0.24976791441440582,0.46249720454216003,0.28773483633995056
42,1,1000 ppm 1 7,d4,scale_1.0_rot_180_flip_0,0.08453930914402008,0.11849097162485123,0.7969697713851929
42,1,1000 ppm 3 4,d4,scale_1.0_rot_180_flip_0,0.2655723989009857,0.3216405212879181,0.4127870500087738
42,1,400 ppm 5 1,d4,scale_1.0_rot_180_flip_0,0.25523439049720764,0.3303886651992798,0.4143769145011902
42,1,1000 ppm 2 4,d4,scale_1.0_rot_180_flip_0,0.24624401330947876,0.42031633853912354,0.3334396779537201
42,1,600 ppm 5 5,d4,scale_1.0_rot_180_flip_1,0.2906554043292999,0.37899166345596313,0.33035293221473694
42,1,1000 ppm 4 3,d4,scale_1.0_rot_180_flip_1,0.18063987791538239,0.32440051436424255,0.49495965242385864
42,1,1000 ppm 3 9,d4,scale_1.0_rot_180_flip_1,0.08052154630422592,0.3099372088909149,0.6095412373542786
42,1,1000 ppm 3 10,d4,scale_1.0_rot_180_flip_1,0.2895529270172119,0.41379737854003906,0.296649694442749
42,1,600 ppm 3 7,d4,scale_1.0_rot_180_flip_1,0.32420843839645386,0.5109046101570129,0.16488692164421082
42,1,800 ppm 5 7,d4,scale_1.0_rot_180_flip_1,0.38089507818222046,0.38138729333877563,0.2377176135778427
42,1,400 ppm 4 4,d4,scale_1.0_rot_180_flip_1,0.3982582688331604,0.278626412153244,0.3231152892112732
42,1,800 ppm 2 8,d4,scale_1.0_rot_180_flip_1,0.17528919875621796,0.3807084560394287,0.4440023899078369
42,1,400 ppm 3 2,d4,scale_1.0_rot_180_flip_1,0.3089240789413452,0.43037086725234985,0.26070502400398254
42,1,800 ppm 3 9,d4,scale_1.0_rot_180_flip_1,0.3294354975223541,0.39302971959114075,0.2775348126888275
42,1,1000 ppm 5 1,d4,scale_1.0_rot_180_flip_1,0.16775435209274292,0.4767802953720093,0.35546526312828064
42,1,800 ppm 4 5,d4,scale_1.0_rot_180_flip_1,0.1862369328737259,0.6225656867027283,0.19119739532470703
42,1,800 ppm 2 1,d4,scale_1.0_rot_180_flip_1,0.3086911141872406,0.328029602766037,0.36327919363975525
42,1,400 ppm 1 5,d4,scale_1.0_rot_180_flip_1,0.20686829090118408,0.357466459274292,0.4356652796268463
42,1,400 ppm 4 8,d4,scale_1.0_rot_180_flip_1,0.4798505902290344,0.3382987976074219,0.1818506270647049
42,1,800 ppm 3 4,d4,scale_1.0_rot_180_flip_1,0.22225917875766754,0.6334317922592163,0.14430901408195496
42,1,1000 ppm 2 1,d4,scale_1.0_rot_180_flip_1,0.2096760869026184,0.5215477347373962,0.26877614855766296
42,1,400 ppm 3 10,d4,scale_1.0_rot_180_flip_1,0.22875235974788666,0.3143991529941559,0.45684853196144104
42,1,1000 ppm 3 3,d4,scale_1.0_rot_180_flip_1,0.29410427808761597,0.4136918783187866,0.2922038733959198
42,1,c 9,d4,scale_1.0_rot_180_flip_1,0.6144537925720215,0.22997823357582092,0.15556801855564117
42,1,800 ppm 3 3,d4,scale_1.0_rot_180_flip_1,0.11284155398607254,0.6554064154624939,0.23175200819969177
42,1,800 ppm 2 9,d4,scale_1.0_rot_180_flip_1,0.22727657854557037,0.3493450880050659,0.4233783483505249
42,1,600 ppm 2 9,d4,scale_1.0_rot_180_flip_1,0.19370867311954498,0.3033990263938904,0.5028923153877258
42,1,400 ppm 2 10,d4,scale_1.0_rot_180_flip_1,0.191729336977005,0.513668417930603,0.29460227489471436
42,1,800 ppm 4 7,d4,scale_1.0_rot_180_flip_1,0.27000242471694946,0.3966810703277588,0.33331650495529175
42,1,1000 ppm 2 7,d4,scale_1.0_rot_180_flip_1,0.1842726767063141,0.4210685193538666,0.39465880393981934
42,1,800 ppm 5 9,d4,scale_1.0_rot_180_flip_1,0.10705553740262985,0.32750895619392395,0.565435528755188
42,1,600 ppm 3 6,d4,scale_1.0_rot_180_flip_1,0.32519200444221497,0.4770333170890808,0.19777466356754303
42,1,1000 ppm 1 5,d4,scale_1.0_rot_180_flip_1,0.22184477746486664,0.24194243550300598,0.5362127423286438
42,1,600 ppm 5 10,d4,scale_1.0_rot_180_flip_1,0.32398462295532227,0.440223753452301,0.23579168319702148
42,1,600 ppm 2 5,d4,scale_1.0_rot_180_flip_1,0.14965690672397614,0.36117789149284363,0.48916521668434143
42,1,800 ppm 1 10,d4,scale_1.0_rot_180_flip_1,0.3817467987537384,0.3449944257736206,0.273258775472641
42,1,1000 ppm 3 8,d4,scale_1.0_rot_180_flip_1,0.13559558987617493,0.3826477527618408,0.48175665736198425
42,1,800 ppm 2 3,d4,scale_1.0_rot_180_flip_1,0.2000347375869751,0.29298895597457886,0.506976306438446
42,1,1000 ppm 5 7,d4,scale_1.0_rot_180_flip_1,0.3350566327571869,0.35975104570388794,0.3051922917366028
42,1,400 ppm 1 3,d4,scale_1.0_rot_180_flip_1,0.20965060591697693,0.34313127398490906,0.447218120098114
42,1,800 ppm 4 6,d4,scale_1.0_rot_180_flip_1,0.2940470576286316,0.4722155034542084,0.23373742401599884
42,1,600 ppm 5 4,d4,scale_1.0_rot_180_flip_1,0.38377729058265686,0.39042577147483826,0.2257969081401825
42,1,400 ppm 2 7,d4,scale_1.0_rot_180_flip_1,0.155783548951149,0.5169983506202698,0.3272181451320648
42,1,1000 ppm 5 9,d4,scale_1.0_rot_180_flip_1,0.15291859209537506,0.49962523579597473,0.3474562168121338
42,1,400 ppm 5 8,d4,scale_1.0_rot_180_flip_1,0.09031310677528381,0.29692956805229187,0.6127573847770691
42,1,c 4,d4,scale_1.0_rot_180_flip_1,0.5369967222213745,0.38495776057243347,0.07804553955793381
42,1,1000 ppm 1 8,d4,scale_1.0_rot_180_flip_1,0.19407130777835846,0.3391774892807007,0.4667511284351349
42,1,c 3,d4,scale_1.0_rot_180_flip_1,0.5459328889846802,0.33911919593811035,0.11494787782430649
42,1,800 ppm 1 9,d4,scale_1.0_rot_180_flip_1,0.10508689284324646,0.606590747833252,0.2883222997188568
42,1,1000 ppm 3 2,d4,scale_1.0_rot_180_flip_1,0.22658617794513702,0.39847758412361145,0.3749363124370575
42,1,1000 ppm 5 4,d4,scale_1.0_rot_180_flip_1,0.2091803252696991,0.4121113121509552,0.3787084221839905
42,1,1000 ppm 3 5,d4,scale_1.0_rot_180_flip_1,0.17995162308216095,0.3870154321193695,0.43303295969963074
42,1,800 ppm 1 4,d4,scale_1.0_rot_180_flip_1,0.22841797769069672,0.3998373746871948,0.37174466252326965
42,1,1000 ppm 1 7,d4,scale_1.0_rot_180_flip_1,0.06720603257417679,0.11548212170600891,0.8173118233680725
42,1,1000 ppm 3 4,d4,scale_1.0_rot_180_flip_1,0.2551122009754181,0.3002752959728241,0.4446125030517578
42,1,400 ppm 5 1,d4,scale_1.0_rot_180_flip_1,0.2329646348953247,0.33646515011787415,0.43057024478912354
42,1,1000 ppm 2 4,d4,scale_1.0_rot_180_flip_1,0.26422205567359924,0.4350453019142151,0.3007326126098633
42,1,600 ppm 5 5,d4,scale_1.0_rot_270_flip_0,0.15689344704151154,0.32151496410369873,0.5215916037559509
42,1,1000 ppm 4 3,d4,scale_1.0_rot_270_flip_0,0.20335157215595245,0.18880684673786163,0.6078415513038635
42,1,1000 ppm 3 9,d4,scale_1.0_rot_270_flip_0,0.08229637145996094,0.25276386737823486,0.664939820766449
42,1,1000 ppm 3 10,d4,scale_1.0_rot_270_flip_0,0.26005274057388306,0.370090514421463,0.3698567748069763
42,1,600 ppm 3 7,d4,scale_1.0_rot_270_flip_0,0.30197757482528687,0.44884374737739563,0.24917860329151154
42,1,800 ppm 5 7,d4,scale_1.0_rot_270_flip_0,0.354987233877182,0.2986820340156555,0.3463307321071625
42,1,400 ppm 4 4,d4,scale_1.0_rot_270_flip_0,0.3118321895599365,0.21455320715904236,0.4736146032810211
42,1,800 ppm 2 8,d4,scale_1.0_rot_270_flip_0,0.14584702253341675,0.268546462059021,0.5856065154075623
42,1,400 ppm 3 2,d4,scale_1.0_rot_270_flip_0,0.36211657524108887,0.31426623463630676,0.32361719012260437
42,1,800 ppm 3 9,d4,scale_1.0_rot_270_flip_0,0.224624365568161,0.28626778721809387,0.48910781741142273
42,1,1000 ppm 5 1,d4,scale_1.0_rot_270_flip_0,0.13070519268512726,0.28338953852653503,0.5859052538871765
42,1,800 ppm 4 5,d4,scale_1.0_rot_270_flip_0,0.2292456179857254,0.5164692401885986,0.2542850971221924
42,1,800 ppm 2 1,d4,scale_1.0_rot_270_flip_0,0.158296599984169,0.24877068400382996,0.5929327011108398
42,1,400 ppm 1 5,d4,scale_1.0_rot_270_flip_0,0.20932194590568542,0.28847119212150574,0.5022069215774536
42,1,400 ppm 4 8,d4,scale_1.0_rot_270_flip_0,0.43695682287216187,0.29955604672431946,0.26348716020584106
42,1,800 ppm 3 4,d4,scale_1.0_rot_270_flip_0,0.32772159576416016,0.4661712944507599,0.20610707998275757
42,1,1000 ppm 2 1,d4,scale_1.0_rot_270_flip_0,0.23341599106788635,0.4605676531791687,0.30601635575294495
42,1,400 ppm 3 10,d4,scale_1.0_rot_270_flip_0,0.271167129278183,0.290890634059906,0.4379422068595886
42,1,1000 ppm 3 3,d4,scale_1.0_rot_270_flip_0,0.21706773340702057,0.32791391015052795,0.4550183415412903
42,1,c 9,d4,scale_1.0_rot_270_flip_0,0.6331726908683777,0.1423574537038803,0.2244698703289032
42,1,800 ppm 3 3,d4,scale_1.0_rot_270_flip_0,0.1525198072195053,0.43211907148361206,0.41536110639572144
42,1,800 ppm 2 9,d4,scale_1.0_rot_270_flip_0,0.2473868429660797,0.31509870290756226,0.4375144839286804
42,1,600 ppm 2 9,d4,scale_1.0_rot_270_flip_0,0.18587063252925873,0.19933003187179565,0.6147992610931396
42,1,400 ppm 2 10,d4,scale_1.0_rot_270_flip_0,0.16497284173965454,0.4425543546676636,0.3924728035926819
42,1,800 ppm 4 7,d4,scale_1.0_rot_270_flip_0,0.3099011182785034,0.26834702491760254,0.42175179719924927
42,1,1000 ppm 2 7,d4,scale_1.0_rot_270_flip_0,0.1481817215681076,0.20779474079608917,0.644023597240448
42,1,800 ppm 5 9,d4,scale_1.0_rot_270_flip_0,0.11275479942560196,0.36426377296447754,0.5229814052581787
42,1,600 ppm 3 6,d4,scale_1.0_rot_270_flip_0,0.32520514726638794,0.5366957187652588,0.13809911906719208
42,1,1000 ppm 1 5,d4,scale_1.0_rot_270_flip_0,0.20582371950149536,0.3280535936355591,0.46612271666526794
42,1,600 ppm 5 10,d4,scale_1.0_rot_270_flip_0,0.26028159260749817,0.46115076541900635,0.2785676419734955
42,1,600 ppm 2 5,d4,scale_1.0_rot_270_flip_0,0.08319903910160065,0.16228532791137695,0.7545155882835388
42,1,800 ppm 1 10,d4,scale_1.0_rot_270_flip_0,0.25414568185806274,0.23446255922317505,0.5113916993141174
42,1,1000 ppm 3 8,d4,scale_1.0_rot_270_flip_0,0.1013924777507782,0.24006180465221405,0.6585457921028137
42,1,800 ppm 2 3,d4,scale_1.0_rot_270_flip_0,0.14438560605049133,0.25726935267448425,0.5983450412750244
42,1,1000 ppm 5 7,d4,scale_1.0_rot_270_flip_0,0.3033447265625,0.2770935297012329,0.4195617735385895
42,1,400 ppm 1 3,d4,scale_1.0_rot_270_flip_0,0.15468230843544006,0.2679573893547058,0.5773602724075317
42,1,800 ppm 4 6,d4,scale_1.0_rot_270_flip_0,0.2758999466896057,0.3450941741466522,0.3790058493614197
42,1,600 ppm 5 4,d4,scale_1.0_rot_270_flip_0,0.4581041932106018,0.35080188512802124,0.19109395146369934
42,1,400 ppm 2 7,d4,scale_1.0_rot_270_flip_0,0.13031326234340668,0.3478281497955322,0.5218586325645447
42,1,1000 ppm 5 9,d4,scale_1.0_rot_270_flip_0,0.09946637600660324,0.2488842010498047,0.6516494154930115
42,1,400 ppm 5 8,d4,scale_1.0_rot_270_flip_0,0.11316461861133575,0.21378874778747559,0.6730466485023499
42,1,c 4,d4,scale_1.0_rot_270_flip_0,0.6819213032722473,0.19160817563533783,0.12647047638893127
42,1,1000 ppm 1 8,d4,scale_1.0_rot_270_flip_0,0.22386357188224792,0.3109210729598999,0.4652152955532074
42,1,c 3,d4,scale_1.0_rot_270_flip_0,0.4612247943878174,0.2582958936691284,0.2804792821407318
42,1,800 ppm 1 9,d4,scale_1.0_rot_270_flip_0,0.10464487224817276,0.2877485752105713,0.6076064705848694
42,1,1000 ppm 3 2,d4,scale_1.0_rot_270_flip_0,0.1677723526954651,0.3088560700416565,0.5233715772628784
42,1,1000 ppm 5 4,d4,scale_1.0_rot_270_flip_0,0.18021824955940247,0.26319050788879395,0.5565913319587708
42,1,1000 ppm 3 5,d4,scale_1.0_rot_270_flip_0,0.1488994061946869,0.24356795847415924,0.6075325608253479
42,1,800 ppm 1 4,d4,scale_1.0_rot_270_flip_0,0.2223784178495407,0.30065640807151794,0.47696518898010254
42,1,1000 ppm 1 7,d4,scale_1.0_rot_270_flip_0,0.08756764233112335,0.2798425257205963,0.6325897574424744
42,1,1000 ppm 3 4,d4,scale_1.0_rot_270_flip_0,0.22126317024230957,0.19339074194431305,0.5853460431098938
42,1,400 ppm 5 1,d4,scale_1.0_rot_270_flip_0,0.13009172677993774,0.22071456909179688,0.6491937637329102
42,1,1000 ppm 2 4,d4,scale_1.0_rot_270_flip_0,0.15008574724197388,0.3269856572151184,0.5229286551475525
42,1,600 ppm 5 5,d4,scale_1.0_rot_270_flip_1,0.15278559923171997,0.32640326023101807,0.5208110809326172
42,1,1000 ppm 4 3,d4,scale_1.0_rot_270_flip_1,0.19412507116794586,0.205339714884758,0.6005352735519409
42,1,1000 ppm 3 9,d4,scale_1.0_rot_270_flip_1,0.06910258531570435,0.2017422318458557,0.7291551828384399
42,1,1000 ppm 3 10,d4,scale_1.0_rot_270_flip_1,0.24813885986804962,0.40848204493522644,0.34337911009788513
42,1,600 ppm 3 7,d4,scale_1.0_rot_270_flip_1,0.26311641931533813,0.4580078423023224,0.2788757383823395
42,1,800 ppm 5 7,d4,scale_1.0_rot_270_flip_1,0.27765360474586487,0.24594217538833618,0.47640424966812134
42,1,400 ppm 4 4,d4,scale_1.0_rot_270_flip_1,0.30115726590156555,0.20289142429828644,0.4959513247013092
42,1,800 ppm 2 8,d4,scale_1.0_rot_270_flip_1,0.19205421209335327,0.27709445357322693,0.5308513045310974
42,1,400 ppm 3 2,d4,scale_1.0_rot_270_flip_1,0.37335315346717834,0.33574235439300537,0.2909044325351715
42,1,800 ppm 3 9,d4,scale_1.0_rot_270_flip_1,0.29471278190612793,0.22310492396354675,0.48218223452568054
42,1,1000 ppm 5 1,d4,scale_1.0_rot_270_flip_1,0.16829288005828857,0.3051055371761322,0.5266015529632568
42,1,800 ppm 4 5,d4,scale_1.0_rot_270_flip_1,0.19355031847953796,0.5251539349555969,0.2812957763671875
42,1,800 ppm 2 1,d4,scale_1.0_rot_270_flip_1,0.17744123935699463,0.27709561586380005,0.5454631447792053
42,1,400 ppm 1 5,d4,scale_1.0_rot_270_flip_1,0.20263703167438507,0.25011324882507324,0.5472497344017029
42,1,400 ppm 4 8,d4,scale_1.0_rot_270_flip_1,0.5179514288902283,0.2413453906774521,0.24070318043231964
42,1,800 ppm 3 4,d4,scale_1.0_rot_270_flip_1,0.4668062925338745,0.3537209630012512,0.17947272956371307
42,1,1000 ppm 2 1,d4,scale_1.0_rot_270_flip_1,0.1834242343902588,0.4169348478317261,0.39964088797569275
42,1,400 ppm 3 10,d4,scale_1.0_rot_270_flip_1,0.31950366497039795,0.29885515570640564,0.38164111971855164
42,1,1000 ppm 3 3,d4,scale_1.0_rot_270_flip_1,0.24380676448345184,0.36877065896987915,0.3874226212501526
42,1,c 9,d4,scale_1.0_rot_270_flip_1,0.6739107370376587,0.11062530428171158,0.21546384692192078
42,1,800 ppm 3 3,d4,scale_1.0_rot_270_flip_1,0.14174428582191467,0.4287213385105133,0.429534375667572
42,1,800 ppm 2 9,d4,scale_1.0_rot_270_flip_1,0.21027900278568268,0.36466965079307556,0.42505136132240295
42,1,600 ppm 2 9,d4,scale_1.0_rot_270_flip_1,0.23607280850410461,0.20714153349399567,0.5567856431007385
42,1,400 ppm 2 10,d4,scale_1.0_rot_270_flip_1,0.18080894649028778,0.40209129452705383,0.4170997738838196
42,1,800 ppm 4 7,d4,scale_1.0_rot_270_flip_1,0.36174848675727844,0.275044322013855,0.36320722103118896
42,1,1000 ppm 2 7,d4,scale_1.0_rot_270_flip_1,0.17191281914710999,0.2333478480577469,0.5947393178939819
42,1,800 ppm 5 9,d4,scale_1.0_rot_270_flip_1,0.09473096579313278,0.3120098114013672,0.5932592749595642
42,1,600 ppm 3 6,d4,scale_1.0_rot_270_flip_1,0.32763099670410156,0.5188312530517578,0.15353776514530182
42,1,1000 ppm 1 5,d4,scale_1.0_rot_270_flip_1,0.20598293840885162,0.30706191062927246,0.48695510625839233
42,1,600 ppm 5 10,d4,scale_1.0_rot_270_flip_1,0.2621057629585266,0.4978901147842407,0.24000409245491028
42,1,600 ppm 2 5,d4,scale_1.0_rot_270_flip_1,0.10693057626485825,0.17189481854438782,0.7211745977401733
42,1,800 ppm 1 10,d4,scale_1.0_rot_270_flip_1,0.2888118028640747,0.23173962533473969,0.4794486463069916
42,1,1000 ppm 3 8,d4,scale_1.0_rot_270_flip_1,0.14309756457805634,0.2555680274963379,0.6013343334197998
42,1,800 ppm 2 3,d4,scale_1.0_rot_270_flip_1,0.1270516812801361,0.2020987868309021,0.6708495616912842
42,1,1000 ppm 5 7,d4,scale_1.0_rot_270_flip_1,0.2584112286567688,0.2507080137729645,0.4908807873725891
42,1,400 ppm 1 3,d4,scale_1.0_rot_270_flip_1,0.15582475066184998,0.25323131680488586,0.5909439921379089
42,1,800 ppm 4 6,d4,scale_1.0_rot_270_flip_1,0.2801171839237213,0.3739601969718933,0.345922589302063
42,1,600 ppm 5 4,d4,scale_1.0_rot_270_flip_1,0.46814557909965515,0.3179032802581787,0.21395112574100494
42,1,400 ppm 2 7,d4,scale_1.0_rot_270_flip_1,0.1221449077129364,0.3247483968734741,0.5531066656112671
42,1,1000 ppm 5 9,d4,scale_1.0_rot_270_flip_1,0.09933964908123016,0.2718612253665924,0.6287992000579834
42,1,400 ppm 5 8,d4,scale_1.0_rot_270_flip_1,0.08713560551404953,0.1666882485151291,0.7461761236190796
42,1,c 4,d4,scale_1.0_rot_270_flip_1,0.7293262481689453,0.176370769739151,0.0943029522895813
42,1,1000 ppm 1 8,d4,scale_1.0_rot_270_flip_1,0.2905535101890564,0.29649123549461365,0.41295525431632996
42,1,c 3,d4,scale_1.0_rot_270_flip_1,0.42366236448287964,0.26328861713409424,0.31304898858070374
42,1,800 ppm 1 9,d4,scale_1.0_rot_270_flip_1,0.09084669500589371,0.31067517399787903,0.5984781980514526
42,1,1000 ppm 3 2,d4,scale_1.0_rot_270_flip_1,0.22180916368961334,0.29826343059539795,0.4799273610115051
42,1,1000 ppm 5 4,d4,scale_1.0_rot_270_flip_1,0.12804396450519562,0.22538433969020844,0.646571695804596
42,1,1000 ppm 3 5,d4,scale_1.0_rot_270_flip_1,0.13224045932292938,0.3386068642139435,0.5291526913642883
42,1,800 ppm 1 4,d4,scale_1.0_rot_270_flip_1,0.21831423044204712,0.2853577733039856,0.4963279962539673
42,1,1000 ppm 1 7,d4,scale_1.0_rot_270_flip_1,0.06303601711988449,0.27931106090545654,0.6576529741287231
42,1,1000 ppm 3 4,d4,scale_1.0_rot_270_flip_1,0.26175928115844727,0.18969282507896423,0.5485479235649109
42,1,400 ppm 5 1,d4,scale_1.0_rot_270_flip_1,0.13903719186782837,0.1836652308702469,0.6772975325584412
42,1,1000 ppm 2 4,d4,scale_1.0_rot_270_flip_1,0.18184278905391693,0.31179311871528625,0.506364107131958
42,2,800 ppm 4 4,single,scale_1.0_rot_0_flip_0,0.23679715394973755,0.70339435338974,0.059808529913425446
42,2,400 ppm 1 10,single,scale_1.0_rot_0_flip_0,0.32775577902793884,0.6231068968772888,0.04913734644651413
42,2,c 8,single,scale_1.0_rot_0_flip_0,0.8901581168174744,0.09272774308919907,0.01711416244506836
42,2,800 ppm 5 8,single,scale_1.0_rot_0_flip_0,0.0780489519238472,0.7481095194816589,0.17384155094623566
42,2,600 ppm 3 4,single,scale_1.0_rot_0_flip_0,0.13255943357944489,0.7936060428619385,0.07383446395397186
42,2,1000 ppm 2 10,single,scale_1.0_rot_0_flip_0,0.10232405364513397,0.671546459197998,0.22612953186035156
42,2,800 ppm 3 1,single,scale_1.0_rot_0_flip_0,0.4347507357597351,0.5115787982940674,0.053670480847358704
42,2,400 ppm 4 3,single,scale_1.0_rot_0_flip_0,0.45300793647766113,0.47926729917526245,0.0677248165011406
42,2,600 ppm 1 2,single,scale_1.0_rot_0_flip_0,0.16928857564926147,0.6906417608261108,0.14006970822811127
42,2,400 ppm 3 7,single,scale_1.0_rot_0_flip_0,0.6493031978607178,0.2878971993923187,0.06279966980218887
42,2,600 ppm 2 10,single,scale_1.0_rot_0_flip_0,0.07272668182849884,0.44249069690704346,0.4847825765609741
42,2,800 ppm 5 5,single,scale_1.0_rot_0_flip_0,0.13325293362140656,0.5296695828437805,0.3370774984359741
42,2,400 ppm 5 2,single,scale_1.0_rot_0_flip_0,0.43939366936683655,0.4380626380443573,0.12254370003938675
42,2,800 ppm 1 2,single,scale_1.0_rot_0_flip_0,0.10195852071046829,0.3589249551296234,0.5391165614128113
42,2,600 ppm 3 5,single,scale_1.0_rot_0_flip_0,0.49799203872680664,0.4625476896762848,0.0394601970911026
42,2,800 ppm 2 5,single,scale_1.0_rot_0_flip_0,0.31531020998954773,0.6173226237297058,0.06736715137958527
42,2,1000 ppm 5 3,single,scale_1.0_rot_0_flip_0,0.5070767402648926,0.37715163826942444,0.11577160656452179
42,2,400 ppm 5 10,single,scale_1.0_rot_0_flip_0,0.2119777649641037,0.40305668115615845,0.38496553897857666
42,2,1000 ppm 2 5,single,scale_1.0_rot_0_flip_0,0.17374494671821594,0.5579572319984436,0.26829785108566284
42,2,400 ppm 2 4,single,scale_1.0_rot_0_flip_0,0.22431498765945435,0.3729422986507416,0.4027427136898041
42,2,600 ppm 4 6,single,scale_1.0_rot_0_flip_0,0.32801389694213867,0.5105419158935547,0.16144423186779022
42,2,c 6,single,scale_1.0_rot_0_flip_0,0.7308058142662048,0.2263752818107605,0.04281890019774437
42,2,800 ppm 1 7,single,scale_1.0_rot_0_flip_0,0.10767357796430588,0.6355583667755127,0.25676801800727844
42,2,1000 ppm 5 2,single,scale_1.0_rot_0_flip_0,0.30678626894950867,0.5359469652175903,0.1572667360305786
42,2,600 ppm 2 1,single,scale_1.0_rot_0_flip_0,0.1962227076292038,0.5486287474632263,0.2551485002040863
42,2,400 ppm 4 1,single,scale_1.0_rot_0_flip_0,0.07944243401288986,0.7513913512229919,0.1691661775112152
42,2,600 ppm 4 4,single,scale_1.0_rot_0_flip_0,0.31549400091171265,0.5455411076545715,0.13896484673023224
42,2,600 ppm 2 8,single,scale_1.0_rot_0_flip_0,0.1768682450056076,0.7388805150985718,0.08425118774175644
42,2,400 ppm 1 6,single,scale_1.0_rot_0_flip_0,0.3170877993106842,0.5087851881980896,0.17412705719470978
42,2,1000 ppm 4 9,single,scale_1.0_rot_0_flip_0,0.06452421844005585,0.15369628369808197,0.7817794680595398
42,2,400 ppm 3 9,single,scale_1.0_rot_0_flip_0,0.52599036693573,0.43437427282333374,0.03963533788919449
42,2,600 ppm 2 6,single,scale_1.0_rot_0_flip_0,0.05223103612661362,0.1317775845527649,0.8159913420677185
42,2,600 ppm 4 5,single,scale_1.0_rot_0_flip_0,0.16470515727996826,0.6360505223274231,0.19924437999725342
42,2,600 ppm 4 9,single,scale_1.0_rot_0_flip_0,0.04458663612604141,0.6286908388137817,0.32672256231307983
42,2,400 ppm 2 9,single,scale_1.0_rot_0_flip_0,0.28995200991630554,0.369493693113327,0.34055429697036743
42,2,800 ppm 1 1,single,scale_1.0_rot_0_flip_0,0.2349359393119812,0.51006019115448,0.25500383973121643
42,2,1000 ppm 4 5,single,scale_1.0_rot_0_flip_0,0.37018120288848877,0.3905462920665741,0.23927246034145355
42,2,1000 ppm 1 1,single,scale_1.0_rot_0_flip_0,0.2632499039173126,0.5773543119430542,0.1593957394361496
42,2,600 ppm 1 8,single,scale_1.0_rot_0_flip_0,0.36758357286453247,0.5315794944763184,0.10083698481321335
42,2,600 ppm 5 7,single,scale_1.0_rot_0_flip_0,0.4599815011024475,0.47518154978752136,0.06483694165945053
42,2,1000 ppm 2 8,single,scale_1.0_rot_0_flip_0,0.019754858687520027,0.22714759409427643,0.7530975341796875
42,2,600 ppm 1 5,single,scale_1.0_rot_0_flip_0,0.17827901244163513,0.641871452331543,0.1798495650291443
42,2,600 ppm 1 9,single,scale_1.0_rot_0_flip_0,0.3302598297595978,0.5228145718574524,0.14692555367946625
42,2,600 ppm 2 2,single,scale_1.0_rot_0_flip_0,0.10378136485815048,0.40617215633392334,0.4900464415550232
42,2,600 ppm 5 2,single,scale_1.0_rot_0_flip_0,0.485956072807312,0.4431029260158539,0.07094099372625351
42,2,800 ppm 4 9,single,scale_1.0_rot_0_flip_0,0.45155617594718933,0.48601245880126953,0.06243127956986427
42,2,600 ppm 2 4,single,scale_1.0_rot_0_flip_0,0.22996774315834045,0.4622623324394226,0.30776989459991455
42,2,600 ppm 4 7,single,scale_1.0_rot_0_flip_0,0.36116331815719604,0.547951877117157,0.09088481217622757
42,2,1000 ppm 5 8,single,scale_1.0_rot_0_flip_0,0.12042853236198425,0.40704330801963806,0.4725281000137329
42,2,600 ppm 5 3,single,scale_1.0_rot_0_flip_0,0.28292179107666016,0.563051164150238,0.1540270745754242
42,2,1000 ppm 4 4,single,scale_1.0_rot_0_flip_0,0.16570259630680084,0.5220099687576294,0.31228742003440857
42,2,1000 ppm 4 7,single,scale_1.0_rot_0_flip_0,0.2551439702510834,0.5441495776176453,0.2007063925266266
42,2,800 ppm 4 4,d4,scale_1.0_rot_0_flip_0,0.23679715394973755,0.70339435338974,0.059808529913425446
42,2,400 ppm 1 10,d4,scale_1.0_rot_0_flip_0,0.32775577902793884,0.6231068968772888,0.04913734644651413
42,2,c 8,d4,scale_1.0_rot_0_flip_0,0.8901581168174744,0.09272774308919907,0.01711416244506836
42,2,800 ppm 5 8,d4,scale_1.0_rot_0_flip_0,0.0780489519238472,0.7481095194816589,0.17384155094623566
42,2,600 ppm 3 4,d4,scale_1.0_rot_0_flip_0,0.13255943357944489,0.7936060428619385,0.07383446395397186
42,2,1000 ppm 2 10,d4,scale_1.0_rot_0_flip_0,0.10232405364513397,0.671546459197998,0.22612953186035156
42,2,800 ppm 3 1,d4,scale_1.0_rot_0_flip_0,0.4347507357597351,0.5115787982940674,0.053670480847358704
42,2,400 ppm 4 3,d4,scale_1.0_rot_0_flip_0,0.45300793647766113,0.47926729917526245,0.0677248165011406
42,2,600 ppm 1 2,d4,scale_1.0_rot_0_flip_0,0.16928857564926147,0.6906417608261108,0.14006970822811127
42,2,400 ppm 3 7,d4,scale_1.0_rot_0_flip_0,0.6493031978607178,0.2878971993923187,0.06279966980218887
42,2,600 ppm 2 10,d4,scale_1.0_rot_0_flip_0,0.07272668182849884,0.44249069690704346,0.4847825765609741
42,2,800 ppm 5 5,d4,scale_1.0_rot_0_flip_0,0.13325293362140656,0.5296695828437805,0.3370774984359741
42,2,400 ppm 5 2,d4,scale_1.0_rot_0_flip_0,0.43939366936683655,0.4380626380443573,0.12254370003938675
42,2,800 ppm 1 2,d4,scale_1.0_rot_0_flip_0,0.10195852071046829,0.3589249551296234,0.5391165614128113
42,2,600 ppm 3 5,d4,scale_1.0_rot_0_flip_0,0.49799203872680664,0.4625476896762848,0.0394601970911026
42,2,800 ppm 2 5,d4,scale_1.0_rot_0_flip_0,0.31531020998954773,0.6173226237297058,0.06736715137958527
42,2,1000 ppm 5 3,d4,scale_1.0_rot_0_flip_0,0.5070767402648926,0.37715163826942444,0.11577160656452179
42,2,400 ppm 5 10,d4,scale_1.0_rot_0_flip_0,0.2119777649641037,0.40305668115615845,0.38496553897857666
42,2,1000 ppm 2 5,d4,scale_1.0_rot_0_flip_0,0.17374494671821594,0.5579572319984436,0.26829785108566284
42,2,400 ppm 2 4,d4,scale_1.0_rot_0_flip_0,0.22431498765945435,0.3729422986507416,0.4027427136898041
42,2,600 ppm 4 6,d4,scale_1.0_rot_0_flip_0,0.32801389694213867,0.5105419158935547,0.16144423186779022
42,2,c 6,d4,scale_1.0_rot_0_flip_0,0.7308058142662048,0.2263752818107605,0.04281890019774437
42,2,800 ppm 1 7,d4,scale_1.0_rot_0_flip_0,0.10767357796430588,0.6355583667755127,0.25676801800727844
42,2,1000 ppm 5 2,d4,scale_1.0_rot_0_flip_0,0.30678626894950867,0.5359469652175903,0.1572667360305786
42,2,600 ppm 2 1,d4,scale_1.0_rot_0_flip_0,0.1962227076292038,0.5486287474632263,0.2551485002040863
42,2,400 ppm 4 1,d4,scale_1.0_rot_0_flip_0,0.07944243401288986,0.7513913512229919,0.1691661775112152
42,2,600 ppm 4 4,d4,scale_1.0_rot_0_flip_0,0.31549400091171265,0.5455411076545715,0.13896484673023224
42,2,600 ppm 2 8,d4,scale_1.0_rot_0_flip_0,0.1768682450056076,0.7388805150985718,0.08425118774175644
42,2,400 ppm 1 6,d4,scale_1.0_rot_0_flip_0,0.3170877993106842,0.5087851881980896,0.17412705719470978
42,2,1000 ppm 4 9,d4,scale_1.0_rot_0_flip_0,0.06452421844005585,0.15369628369808197,0.7817794680595398
42,2,400 ppm 3 9,d4,scale_1.0_rot_0_flip_0,0.52599036693573,0.43437427282333374,0.03963533788919449
42,2,600 ppm 2 6,d4,scale_1.0_rot_0_flip_0,0.05223103612661362,0.1317775845527649,0.8159913420677185
42,2,600 ppm 4 5,d4,scale_1.0_rot_0_flip_0,0.16470515727996826,0.6360505223274231,0.19924437999725342
42,2,600 ppm 4 9,d4,scale_1.0_rot_0_flip_0,0.04458663612604141,0.6286908388137817,0.32672256231307983
42,2,400 ppm 2 9,d4,scale_1.0_rot_0_flip_0,0.28995200991630554,0.369493693113327,0.34055429697036743
42,2,800 ppm 1 1,d4,scale_1.0_rot_0_flip_0,0.2349359393119812,0.51006019115448,0.25500383973121643
42,2,1000 ppm 4 5,d4,scale_1.0_rot_0_flip_0,0.37018120288848877,0.3905462920665741,0.23927246034145355
42,2,1000 ppm 1 1,d4,scale_1.0_rot_0_flip_0,0.2632499039173126,0.5773543119430542,0.1593957394361496
42,2,600 ppm 1 8,d4,scale_1.0_rot_0_flip_0,0.36758357286453247,0.5315794944763184,0.10083698481321335
42,2,600 ppm 5 7,d4,scale_1.0_rot_0_flip_0,0.4599815011024475,0.47518154978752136,0.06483694165945053
42,2,1000 ppm 2 8,d4,scale_1.0_rot_0_flip_0,0.019754858687520027,0.22714759409427643,0.7530975341796875
42,2,600 ppm 1 5,d4,scale_1.0_rot_0_flip_0,0.17827901244163513,0.641871452331543,0.1798495650291443
42,2,600 ppm 1 9,d4,scale_1.0_rot_0_flip_0,0.3302598297595978,0.5228145718574524,0.14692555367946625
42,2,600 ppm 2 2,d4,scale_1.0_rot_0_flip_0,0.10378136485815048,0.40617215633392334,0.4900464415550232
42,2,600 ppm 5 2,d4,scale_1.0_rot_0_flip_0,0.485956072807312,0.4431029260158539,0.07094099372625351
42,2,800 ppm 4 9,d4,scale_1.0_rot_0_flip_0,0.45155617594718933,0.48601245880126953,0.06243127956986427
42,2,600 ppm 2 4,d4,scale_1.0_rot_0_flip_0,0.22996774315834045,0.4622623324394226,0.30776989459991455
42,2,600 ppm 4 7,d4,scale_1.0_rot_0_flip_0,0.36116331815719604,0.547951877117157,0.09088481217622757
42,2,1000 ppm 5 8,d4,scale_1.0_rot_0_flip_0,0.12042853236198425,0.40704330801963806,0.4725281000137329
42,2,600 ppm 5 3,d4,scale_1.0_rot_0_flip_0,0.28292179107666016,0.563051164150238,0.1540270745754242
42,2,1000 ppm 4 4,d4,scale_1.0_rot_0_flip_0,0.16570259630680084,0.5220099687576294,0.31228742003440857
42,2,1000 ppm 4 7,d4,scale_1.0_rot_0_flip_0,0.2551439702510834,0.5441495776176453,0.2007063925266266
42,2,800 ppm 4 4,d4,scale_1.0_rot_0_flip_1,0.22506199777126312,0.6828387379646301,0.09209928661584854
42,2,400 ppm 1 10,d4,scale_1.0_rot_0_flip_1,0.40377017855644226,0.4994063377380371,0.09682352840900421
42,2,c 8,d4,scale_1.0_rot_0_flip_1,0.9036340117454529,0.07827698439359665,0.018088990822434425
42,2,800 ppm 5 8,d4,scale_1.0_rot_0_flip_1,0.07370138168334961,0.7278239727020264,0.19847463071346283
42,2,600 ppm 3 4,d4,scale_1.0_rot_0_flip_1,0.11488901078701019,0.8034157156944275,0.08169528096914291
42,2,1000 ppm 2 10,d4,scale_1.0_rot_0_flip_1,0.15006347000598907,0.6992824673652649,0.15065401792526245
42,2,800 ppm 3 1,d4,scale_1.0_rot_0_flip_1,0.4183844029903412,0.5324435234069824,0.0491720549762249
42,2,400 ppm 4 3,d4,scale_1.0_rot_0_flip_1,0.4601064920425415,0.48885151743888855,0.05104193091392517
42,2,600 ppm 1 2,d4,scale_1.0_rot_0_flip_1,0.2141234427690506,0.6556844711303711,0.1301921010017395
42,2,400 ppm 3 7,d4,scale_1.0_rot_0_flip_1,0.6572389602661133,0.28788530826568604,0.05487579479813576
42,2,600 ppm 2 10,d4,scale_1.0_rot_0_flip_1,0.08137670159339905,0.45881643891334534,0.4598068296909332
42,2,800 ppm 5 5,d4,scale_1.0_rot_0_flip_1,0.08140331506729126,0.5429975986480713,0.37559908628463745
42,2,400 ppm 5 2,d4,scale_1.0_rot_0_flip_1,0.3495495319366455,0.45910558104515076,0.19134490191936493
42,2,800 ppm 1 2,d4,scale_1.0_rot_0_flip_1,0.17766430974006653,0.49037396907806396,0.33196163177490234
42,2,600 ppm 3 5,d4,scale_1.0_rot_0_flip_1,0.5204923152923584,0.437209814786911,0.04229786619544029
42,2,800 ppm 2 5,d4,scale_1.0_rot_0_flip_1,0.30990341305732727,0.6077972054481506,0.08229934424161911
42,2,1000 ppm 5 3,d4,scale_1.0_rot_0_flip_1,0.4580574631690979,0.4057256281375885,0.1362168937921524
42,2,400 ppm 5 10,d4,scale_1.0_rot_0_flip_1,0.17835138738155365,0.44115787744522095,0.3804907500743866
42,2,1000 ppm 2 5,d4,scale_1.0_rot_0_flip_1,0.1828066110610962,0.6126150488853455,0.20457835495471954
42,2,400 ppm 2 4,d4,scale_1.0_rot_0_flip_1,0.190034419298172,0.44667959213256836,0.36328595876693726
42,2,600 ppm 4 6,d4,scale_1.0_rot_0_flip_1,0.42325204610824585,0.5087738037109375,0.06797415018081665
42,2,c 6,d4,scale_1.0_rot_0_flip_1,0.7456040978431702,0.21514523029327393,0.0392506867647171
42,2,800 ppm 1 7,d4,scale_1.0_rot_0_flip_1,0.14646682143211365,0.6772188544273376,0.1763143092393875
42,2,1000 ppm 5 2,d4,scale_1.0_rot_0_flip_1,0.3743118941783905,0.4808695614337921,0.14481858909130096
42,2,600 ppm 2 1,d4,scale_1.0_rot_0_flip_1,0.2992497682571411,0.3733583390712738,0.3273918628692627
42,2,400 ppm 4 1,d4,scale_1.0_rot_0_flip_1,0.09760882705450058,0.7316755056381226,0.17071564495563507
42,2,600 ppm 4 4,d4,scale_1.0_rot_0_flip_1,0.27302971482276917,0.5884395241737366,0.13853074610233307
42,2,600 ppm 2 8,d4,scale_1.0_rot_0_flip_1,0.20256809890270233,0.7004497051239014,0.09698216617107391
42,2,400 ppm 1 6,d4,scale_1.0_rot_0_flip_1,0.39311113953590393,0.3736695349216461,0.23321940004825592
42,2,1000 ppm 4 9,d4,scale_1.0_rot_0_flip_1,0.05938367173075676,0.17976702749729156,0.7608492970466614
42,2,400 ppm 3 9,d4,scale_1.0_rot_0_flip_1,0.4127921164035797,0.4913313388824463,0.09587661921977997
42,2,600 ppm 2 6,d4,scale_1.0_rot_0_flip_1,0.04577529430389404,0.17851568758487701,0.7757090926170349
42,2,600 ppm 4 5,d4,scale_1.0_rot_0_flip_1,0.23011505603790283,0.6507130861282349,0.11917180567979813
42,2,600 ppm 4 9,d4,scale_1.0_rot_0_flip_1,0.056561850011348724,0.5732570290565491,0.370181143283844
42,2,400 ppm 2 9,d4,scale_1.0_rot_0_flip_1,0.29276448488235474,0.3392185568809509,0.36801695823669434
42,2,800 ppm 1 1,d4,scale_1.0_rot_0_flip_1,0.19008226692676544,0.6169490218162537,0.1929687112569809
42,2,1000 ppm 4 5,d4,scale_1.0_rot_0_flip_1,0.3362150490283966,0.4259631335735321,0.2378217577934265
42,2,1000 ppm 1 1,d4,scale_1.0_rot_0_flip_1,0.4061073362827301,0.4079625606536865,0.185930073261261
42,2,600 ppm 1 8,d4,scale_1.0_rot_0_flip_1,0.40806594491004944,0.4800925552845001,0.11184151470661163
42,2,600 ppm 5 7,d4,scale_1.0_rot_0_flip_1,0.4096062183380127,0.4814271330833435,0.10896662622690201
42,2,1000 ppm 2 8,d4,scale_1.0_rot_0_flip_1,0.02472194842994213,0.4164455533027649,0.5588325262069702
42,2,600 ppm 1 5,d4,scale_1.0_rot_0_flip_1,0.15314094722270966,0.6656230092048645,0.18123604357242584
42,2,600 ppm 1 9,d4,scale_1.0_rot_0_flip_1,0.26309725642204285,0.6092065572738647,0.1276961714029312
42,2,600 ppm 2 2,d4,scale_1.0_rot_0_flip_1,0.06840664148330688,0.31766292452812195,0.6139304637908936
42,2,600 ppm 5 2,d4,scale_1.0_rot_0_flip_1,0.6116243004798889,0.3212052881717682,0.06717048585414886
42,2,800 ppm 4 9,d4,scale_1.0_rot_0_flip_1,0.4531172811985016,0.4512687027454376,0.0956139788031578
42,2,600 ppm 2 4,d4,scale_1.0_rot_0_flip_1,0.23586566746234894,0.5247899889945984,0.23934435844421387
42,2,600 ppm 4 7,d4,scale_1.0_rot_0_flip_1,0.30546438694000244,0.5913286209106445,0.10320696979761124
42,2,1000 ppm 5 8,d4,scale_1.0_rot_0_flip_1,0.06836878508329391,0.39162424206733704,0.5400069952011108
42,2,600 ppm 5 3,d4,scale_1.0_rot_0_flip_1,0.33988338708877563,0.484853595495224,0.17526300251483917
42,2,1000 ppm 4 4,d4,scale_1.0_rot_0_flip_1,0.13961568474769592,0.6298739910125732,0.23051029443740845
42,2,1000 ppm 4 7,d4,scale_1.0_rot_0_flip_1,0.22620148956775665,0.5121198892593384,0.26167863607406616
42,2,800 ppm 4 4,d4,scale_1.0_rot_90_flip_0,0.1609797179698944,0.6420044302940369,0.1970158964395523
42,2,400 ppm 1 10,d4,scale_1.0_rot_90_flip_0,0.4420223534107208,0.4659320116043091,0.09204564243555069
42,2,c 8,d4,scale_1.0_rot_90_flip_0,0.8774832487106323,0.07516505569219589,0.0473516583442688
42,2,800 ppm 5 8,d4,scale_1.0_rot_90_flip_0,0.03302456811070442,0.3725433945655823,0.59443199634552
42,2,600 ppm 3 4,d4,scale_1.0_rot_90_flip_0,0.23620042204856873,0.4693109095096588,0.2944886386394501
42,2,1000 ppm 2 10,d4,scale_1.0_rot_90_flip_0,0.06510543078184128,0.4730653166770935,0.4618293046951294
42,2,800 ppm 3 1,d4,scale_1.0_rot_90_flip_0,0.32031354308128357,0.46795353293418884,0.2117329239845276
42,2,400 ppm 4 3,d4,scale_1.0_rot_90_flip_0,0.49745631217956543,0.3768365681171417,0.12570706009864807
42,2,600 ppm 1 2,d4,scale_1.0_rot_90_flip_0,0.1561414897441864,0.549443244934082,0.2944152355194092
42,2,400 ppm 3 7,d4,scale_1.0_rot_90_flip_0,0.7420926094055176,0.1977219432592392,0.0601855143904686
42,2,600 ppm 2 10,d4,scale_1.0_rot_90_flip_0,0.05813094601035118,0.241576686501503,0.7002922892570496
42,2,800 ppm 5 5,d4,scale_1.0_rot_90_flip_0,0.1906353086233139,0.49680304527282715,0.31256160140037537
42,2,400 ppm 5 2,d4,scale_1.0_rot_90_flip_0,0.30695703625679016,0.3673386871814728,0.3257042169570923
42,2,800 ppm 1 2,d4,scale_1.0_rot_90_flip_0,0.09972409158945084,0.49719154834747314,0.403084397315979
42,2,600 ppm 3 5,d4,scale_1.0_rot_90_flip_0,0.4998209476470947,0.43260303139686584,0.06757596880197525
42,2,800 ppm 2 5,d4,scale_1.0_rot_90_flip_0,0.24892155826091766,0.5244967341423035,0.2265816628932953
42,2,1000 ppm 5 3,d4,scale_1.0_rot_90_flip_0,0.5310278534889221,0.3274358808994293,0.14153626561164856
42,2,400 ppm 5 10,d4,scale_1.0_rot_90_flip_0,0.04167130962014198,0.15288475155830383,0.8054440021514893
42,2,1000 ppm 2 5,d4,scale_1.0_rot_90_flip_0,0.11073371022939682,0.3192899227142334,0.5699763894081116
42,2,400 ppm 2 4,d4,scale_1.0_rot_90_flip_0,0.24251577258110046,0.24238604307174683,0.5150981545448303
42,2,600 ppm 4 6,d4,scale_1.0_rot_90_flip_0,0.3517780005931854,0.4792101979255676,0.16901180148124695
42,2,c 6,d4,scale_1.0_rot_90_flip_0,0.77093106508255,0.13479048013687134,0.09427845478057861
42,2,800 ppm 1 7,d4,scale_1.0_rot_90_flip_0,0.10786227136850357,0.7094609141349792,0.1826767772436142
42,2,1000 ppm 5 2,d4,scale_1.0_rot_90_flip_0,0.2300208956003189,0.3564130365848541,0.41356608271598816
42,2,600 ppm 2 1,d4,scale_1.0_rot_90_flip_0,0.1505368947982788,0.28093236684799194,0.568530797958374
42,2,400 ppm 4 1,d4,scale_1.0_rot_90_flip_0,0.07394009083509445,0.6198489665985107,0.3062109053134918
42,2,600 ppm 4 4,d4,scale_1.0_rot_90_flip_0,0.23711265623569489,0.46166467666625977,0.3012225925922394
42,2,600 ppm 2 8,d4,scale_1.0_rot_90_flip_0,0.1774638444185257,0.5204135775566101,0.3021225929260254
42,2,400 ppm 1 6,d4,scale_1.0_rot_90_flip_0,0.44183245301246643,0.3601246178150177,0.19804294407367706
42,2,1000 ppm 4 9,d4,scale_1.0_rot_90_flip_0,0.10347015410661697,0.4597785472869873,0.4367513656616211
42,2,400 ppm 3 9,d4,scale_1.0_rot_90_flip_0,0.40694668889045715,0.4612193703651428,0.13183395564556122
42,2,600 ppm 2 6,d4,scale_1.0_rot_90_flip_0,0.10034028440713882,0.35082995891571045,0.5488297939300537
42,2,600 ppm 4 5,d4,scale_1.0_rot_90_flip_0,0.2047090083360672,0.5360474586486816,0.25924354791641235
42,2,600 ppm 4 9,d4,scale_1.0_rot_90_flip_0,0.03190962225198746,0.4253237843513489,0.5427665710449219
42,2,400 ppm 2 9,d4,scale_1.0_rot_90_flip_0,0.36056551337242126,0.279145747423172,0.36028870940208435
42,2,800 ppm 1 1,d4,scale_1.0_rot_90_flip_0,0.08701419085264206,0.41666918992996216,0.4963165819644928
42,2,1000 ppm 4 5,d4,scale_1.0_rot_90_flip_0,0.266814649105072,0.30419406294822693,0.42899128794670105
42,2,1000 ppm 1 1,d4,scale_1.0_rot_90_flip_0,0.31925544142723083,0.3795727491378784,0.30117174983024597
42,2,600 ppm 1 8,d4,scale_1.0_rot_90_flip_0,0.24174058437347412,0.5524941086769104,0.20576530694961548
42,2,600 ppm 5 7,d4,scale_1.0_rot_90_flip_0,0.34133613109588623,0.5089733004570007,0.14969059824943542
42,2,1000 ppm 2 8,d4,scale_1.0_rot_90_flip_0,0.040560945868492126,0.6299363374710083,0.329502671957016
42,2,600 ppm 1 5,d4,scale_1.0_rot_90_flip_0,0.2823796272277832,0.32990288734436035,0.38771742582321167
42,2,600 ppm 1 9,d4,scale_1.0_rot_90_flip_0,0.3475826680660248,0.3727017045021057,0.2797155976295471
42,2,600 ppm 2 2,d4,scale_1.0_rot_90_flip_0,0.05195479840040207,0.12011712789535522,0.8279281854629517
42,2,600 ppm 5 2,d4,scale_1.0_rot_90_flip_0,0.4288244843482971,0.30733850598335266,0.2638370394706726
42,2,800 ppm 4 9,d4,scale_1.0_rot_90_flip_0,0.3481275737285614,0.4785003066062927,0.17337214946746826
42,2,600 ppm 2 4,d4,scale_1.0_rot_90_flip_0,0.10568802803754807,0.2875566780567169,0.6067553162574768
42,2,600 ppm 4 7,d4,scale_1.0_rot_90_flip_0,0.23155748844146729,0.5140637755393982,0.2543787360191345
42,2,1000 ppm 5 8,d4,scale_1.0_rot_90_flip_0,0.014093568548560143,0.07890168577432632,0.9070047736167908
42,2,600 ppm 5 3,d4,scale_1.0_rot_90_flip_0,0.23868635296821594,0.23547597229480743,0.5258376598358154
42,2,1000 ppm 4 4,d4,scale_1.0_rot_90_flip_0,0.08524777740240097,0.23294316232204437,0.6818090677261353
42,2,1000 ppm 4 7,d4,scale_1.0_rot_90_flip_0,0.13297905027866364,0.3389689326286316,0.528052031993866
42,2,800 ppm 4 4,d4,scale_1.0_rot_90_flip_1,0.13065095245838165,0.614242672920227,0.2551063597202301
42,2,400 ppm 1 10,d4,scale_1.0_rot_90_flip_1,0.38487839698791504,0.5248368978500366,0.09028469771146774
42,2,c 8,d4,scale_1.0_rot_90_flip_1,0.845626175403595,0.08268933743238449,0.07168448716402054
42,2,800 ppm 5 8,d4,scale_1.0_rot_90_flip_1,0.02155897207558155,0.383308082818985,0.5951329469680786
42,2,600 ppm 3 4,d4,scale_1.0_rot_90_flip_1,0.18522335588932037,0.5363259315490723,0.27845072746276855
42,2,1000 ppm 2 10,d4,scale_1.0_rot_90_flip_1,0.03576128929853439,0.3917509913444519,0.5724876523017883
42,2,800 ppm 3 1,d4,scale_1.0_rot_90_flip_1,0.2747632563114166,0.47446420788764954,0.25077253580093384
42,2,400 ppm 4 3,d4,scale_1.0_rot_90_flip_1,0.447391152381897,0.4020431935787201,0.15056563913822174
42,2,600 ppm 1 2,d4,scale_1.0_rot_90_flip_1,0.1787291318178177,0.5885880589485168,0.23268280923366547
42,2,400 ppm 3 7,d4,scale_1.0_rot_90_flip_1,0.6753771305084229,0.22258983552455902,0.10203303396701813
42,2,600 ppm 2 10,d4,scale_1.0_rot_90_flip_1,0.050209157168865204,0.18411806225776672,0.7656727433204651
42,2,800 ppm 5 5,d4,scale_1.0_rot_90_flip_1,0.1434004157781601,0.649519145488739,0.20708045363426208
42,2,400 ppm 5 2,d4,scale_1.0_rot_90_flip_1,0.31887364387512207,0.25349369645118713,0.427632600069046
42,2,800 ppm 1 2,d4,scale_1.0_rot_90_flip_1,0.09636077284812927,0.4879344403743744,0.4157048463821411
42,2,600 ppm 3 5,d4,scale_1.0_rot_90_flip_1,0.6468485593795776,0.30385929346084595,0.049292076379060745
42,2,800 ppm 2 5,d4,scale_1.0_rot_90_flip_1,0.2726465165615082,0.4939526915550232,0.23340082168579102
42,2,1000 ppm 5 3,d4,scale_1.0_rot_90_flip_1,0.5910255312919617,0.31806135177612305,0.09091309458017349
42,2,400 ppm 5 10,d4,scale_1.0_rot_90_flip_1,0.11509265750646591,0.18016178905963898,0.7047454714775085
42,2,1000 ppm 2 5,d4,scale_1.0_rot_90_flip_1,0.056881386786699295,0.2712761461734772,0.6718424558639526
42,2,400 ppm 2 4,d4,scale_1.0_rot_90_flip_1,0.1594856083393097,0.2793845534324646,0.5611298680305481
42,2,600 ppm 4 6,d4,scale_1.0_rot_90_flip_1,0.2975075840950012,0.46897098422050476,0.2335214763879776
42,2,c 6,d4,scale_1.0_rot_90_flip_1,0.6998602151870728,0.21300095319747925,0.08713876456022263
42,2,800 ppm 1 7,d4,scale_1.0_rot_90_flip_1,0.12837691605091095,0.6760518550872803,0.19557128846645355
42,2,1000 ppm 5 2,d4,scale_1.0_rot_90_flip_1,0.21635280549526215,0.447464257478714,0.33618295192718506
42,2,600 ppm 2 1,d4,scale_1.0_rot_90_flip_1,0.17751389741897583,0.22205795347690582,0.6004281044006348
42,2,400 ppm 4 1,d4,scale_1.0_rot_90_flip_1,0.06766854971647263,0.6140550374984741,0.31827637553215027
42,2,600 ppm 4 4,d4,scale_1.0_rot_90_flip_1,0.3118537664413452,0.4712733030319214,0.216872900724411
42,2,600 ppm 2 8,d4,scale_1.0_rot_90_flip_1,0.1259986162185669,0.5806646347045898,0.29333674907684326
42,2,400 ppm 1 6,d4,scale_1.0_rot_90_flip_1,0.35242921113967896,0.3874366581439972,0.26013410091400146
42,2,1000 ppm 4 9,d4,scale_1.0_rot_90_flip_1,0.06513849645853043,0.40261897444725037,0.532242476940155
42,2,400 ppm 3 9,d4,scale_1.0_rot_90_flip_1,0.42750558257102966,0.4444894790649414,0.1280049830675125
42,2,600 ppm 2 6,d4,scale_1.0_rot_90_flip_1,0.10231641680002213,0.4190250635147095,0.4786584973335266
42,2,600 ppm 4 5,d4,scale_1.0_rot_90_flip_1,0.1692482978105545,0.47582605481147766,0.35492557287216187
42,2,600 ppm 4 9,d4,scale_1.0_rot_90_flip_1,0.0363660529255867,0.5912700891494751,0.3723638951778412
42,2,400 ppm 2 9,d4,scale_1.0_rot_90_flip_1,0.2782236337661743,0.33515244722366333,0.38662397861480713
42,2,800 ppm 1 1,d4,scale_1.0_rot_90_flip_1,0.11153285950422287,0.46398788690567017,0.4244791865348816
42,2,1000 ppm 4 5,d4,scale_1.0_rot_90_flip_1,0.306446373462677,0.3639686107635498,0.3295850157737732
42,2,1000 ppm 1 1,d4,scale_1.0_rot_90_flip_1,0.4318437874317169,0.37091273069381714,0.19724346697330475
42,2,600 ppm 1 8,d4,scale_1.0_rot_90_flip_1,0.32470616698265076,0.5418446660041809,0.1334492266178131
42,2,600 ppm 5 7,d4,scale_1.0_rot_90_flip_1,0.36885589361190796,0.45571169257164,0.17543241381645203
42,2,1000 ppm 2 8,d4,scale_1.0_rot_90_flip_1,0.05417138710618019,0.48767802119255066,0.4581505358219147
42,2,600 ppm 1 5,d4,scale_1.0_rot_90_flip_1,0.24940060079097748,0.4681011140346527,0.282498300075531
42,2,600 ppm 1 9,d4,scale_1.0_rot_90_flip_1,0.18827122449874878,0.4783037602901459,0.33342495560646057
42,2,600 ppm 2 2,d4,scale_1.0_rot_90_flip_1,0.04392164200544357,0.1045941561460495,0.8514842391014099
42,2,600 ppm 5 2,d4,scale_1.0_rot_90_flip_1,0.643467366695404,0.18430805206298828,0.17222456634044647
42,2,800 ppm 4 9,d4,scale_1.0_rot_90_flip_1,0.3089334964752197,0.4404829740524292,0.2505834996700287
42,2,600 ppm 2 4,d4,scale_1.0_rot_90_flip_1,0.1338631808757782,0.32802674174308777,0.538110077381134
42,2,600 ppm 4 7,d4,scale_1.0_rot_90_flip_1,0.14731183648109436,0.670421838760376,0.18226632475852966
42,2,1000 ppm 5 8,d4,scale_1.0_rot_90_flip_1,0.014812431298196316,0.07919137924909592,0.9059962034225464
42,2,600 ppm 5 3,d4,scale_1.0_rot_90_flip_1,0.27042412757873535,0.32631468772888184,0.4032611548900604
42,2,1000 ppm 4 4,d4,scale_1.0_rot_90_flip_1,0.09793771058320999,0.37620997428894043,0.5258523225784302
42,2,1000 ppm 4 7,d4,scale_1.0_rot_90_flip_1,0.16889438033103943,0.44574907422065735,0.38535651564598083
42,2,800 ppm 4 4,d4,scale_1.0_rot_180_flip_0,0.14638689160346985,0.6344854235649109,0.21912764012813568
42,2,400 ppm 1 10,d4,scale_1.0_rot_180_flip_0,0.34659743309020996,0.6114037036895752,0.04199880734086037
42,2,c 8,d4,scale_1.0_rot_180_flip_0,0.8674598932266235,0.11126801371574402,0.02127213403582573
42,2,800 ppm 5 8,d4,scale_1.0_rot_180_flip_0,0.050187479704618454,0.6989521384239197,0.25086045265197754
42,2,600 ppm 3 4,d4,scale_1.0_rot_180_flip_0,0.19990018010139465,0.6652399301528931,0.13485991954803467
42,2,1000 ppm 2 10,d4,scale_1.0_rot_180_flip_0,0.1034703403711319,0.7258601784706116,0.1706695258617401
42,2,800 ppm 3 1,d4,scale_1.0_rot_180_flip_0,0.28571534156799316,0.6002122163772583,0.11407247185707092
42,2,400 ppm 4 3,d4,scale_1.0_rot_180_flip_0,0.5653270483016968,0.3738104999065399,0.06086248531937599
42,2,600 ppm 1 2,d4,scale_1.0_rot_180_flip_0,0.14154832065105438,0.7041734457015991,0.1542782038450241
42,2,400 ppm 3 7,d4,scale_1.0_rot_180_flip_0,0.5453118085861206,0.39022815227508545,0.06446001678705215
42,2,600 ppm 2 10,d4,scale_1.0_rot_180_flip_0,0.12328359484672546,0.35282474756240845,0.5238916873931885
42,2,800 ppm 5 5,d4,scale_1.0_rot_180_flip_0,0.09558677673339844,0.5408886075019836,0.3635246455669403
42,2,400 ppm 5 2,d4,scale_1.0_rot_180_flip_0,0.3790162205696106,0.4654392600059509,0.15554451942443848
42,2,800 ppm 1 2,d4,scale_1.0_rot_180_flip_0,0.09297078102827072,0.3779706060886383,0.5290586352348328
42,2,600 ppm 3 5,d4,scale_1.0_rot_180_flip_0,0.5111725926399231,0.4149894416332245,0.07383793592453003
42,2,800 ppm 2 5,d4,scale_1.0_rot_180_flip_0,0.19996854662895203,0.6555717587471008,0.14445970952510834
42,2,1000 ppm 5 3,d4,scale_1.0_rot_180_flip_0,0.4896618127822876,0.3935735821723938,0.11676453799009323
42,2,400 ppm 5 10,d4,scale_1.0_rot_180_flip_0,0.21005895733833313,0.3558006286621094,0.4341403841972351
42,2,1000 ppm 2 5,d4,scale_1.0_rot_180_flip_0,0.14086276292800903,0.6648759245872498,0.1942613124847412
42,2,400 ppm 2 4,d4,scale_1.0_rot_180_flip_0,0.26380935311317444,0.5239495038986206,0.21224109828472137
42,2,600 ppm 4 6,d4,scale_1.0_rot_180_flip_0,0.23878376185894012,0.6136046648025513,0.14761154353618622
42,2,c 6,d4,scale_1.0_rot_180_flip_0,0.8112781047821045,0.1576078087091446,0.031114179641008377
42,2,800 ppm 1 7,d4,scale_1.0_rot_180_flip_0,0.12610994279384613,0.6822798848152161,0.19161012768745422
42,2,1000 ppm 5 2,d4,scale_1.0_rot_180_flip_0,0.2112542986869812,0.617164671421051,0.17158104479312897
42,2,600 ppm 2 1,d4,scale_1.0_rot_180_flip_0,0.24129030108451843,0.4075496792793274,0.35116004943847656
42,2,400 ppm 4 1,d4,scale_1.0_rot_180_flip_0,0.09351248294115067,0.698026180267334,0.20846134424209595
42,2,600 ppm 4 4,d4,scale_1.0_rot_180_flip_0,0.28283199667930603,0.5416005849838257,0.1755673736333847
42,2,600 ppm 2 8,d4,scale_1.0_rot_180_flip_0,0.17054541409015656,0.7009822130203247,0.12847238779067993
42,2,400 ppm 1 6,d4,scale_1.0_rot_180_flip_0,0.3775779604911804,0.47199422121047974,0.15042786300182343
42,2,1000 ppm 4 9,d4,scale_1.0_rot_180_flip_0,0.038405612111091614,0.17279762029647827,0.7887967228889465
42,2,400 ppm 3 9,d4,scale_1.0_rot_180_flip_0,0.4021691381931305,0.497989296913147,0.09984155744314194
42,2,600 ppm 2 6,d4,scale_1.0_rot_180_flip_0,0.024272456765174866,0.13245245814323425,0.8432750701904297
42,2,600 ppm 4 5,d4,scale_1.0_rot_180_flip_0,0.12199477106332779,0.6994465589523315,0.17855873703956604
42,2,600 ppm 4 9,d4,scale_1.0_rot_180_flip_0,0.08751677721738815,0.7068793773651123,0.20560388267040253
42,2,400 ppm 2 9,d4,scale_1.0_rot_180_flip_0,0.3779429793357849,0.3881184756755829,0.233938530087471
42,2,800 ppm 1 1,d4,scale_1.0_rot_180_flip_0,0.1516006737947464,0.6820601224899292,0.1663391888141632
42,2,1000 ppm 4 5,d4,scale_1.0_rot_180_flip_0,0.2457168698310852,0.5732357501983643,0.18104737997055054
42,2,1000 ppm 1 1,d4,scale_1.0_rot_180_flip_0,0.3503759503364563,0.4294791519641876,0.22014494240283966
42,2,600 ppm 1 8,d4,scale_1.0_rot_180_flip_0,0.4346300959587097,0.43422573804855347,0.13114410638809204
42,2,600 ppm 5 7,d4,scale_1.0_rot_180_flip_0,0.36485275626182556,0.5120360851287842,0.12311118841171265
42,2,1000 ppm 2 8,d4,scale_1.0_rot_180_flip_0,0.013896220363676548,0.2964414954185486,0.6896622180938721
42,2,600 ppm 1 5,d4,scale_1.0_rot_180_flip_0,0.23575864732265472,0.56495600938797,0.1992853581905365
42,2,600 ppm 1 9,d4,scale_1.0_rot_180_flip_0,0.21875925362110138,0.5899343490600586,0.19130636751651764
42,2,600 ppm 2 2,d4,scale_1.0_rot_180_flip_0,0.12131290137767792,0.5341712832450867,0.344515860080719
42,2,600 ppm 5 2,d4,scale_1.0_rot_180_flip_0,0.46705538034439087,0.39533329010009766,0.13761134445667267
42,2,800 ppm 4 9,d4,scale_1.0_rot_180_flip_0,0.3586135804653168,0.5736062526702881,0.06778016686439514
42,2,600 ppm 2 4,d4,scale_1.0_rot_180_flip_0,0.17179644107818604,0.5563844442367554,0.2718191146850586
42,2,600 ppm 4 7,d4,scale_1.0_rot_180_flip_0,0.14400506019592285,0.7315921187400818,0.12440286576747894
42,2,1000 ppm 5 8,d4,scale_1.0_rot_180_flip_0,0.044314391911029816,0.48422420024871826,0.47146138548851013
42,2,600 ppm 5 3,d4,scale_1.0_rot_180_flip_0,0.4316369295120239,0.4109613001346588,0.15740180015563965
42,2,1000 ppm 4 4,d4,scale_1.0_rot_180_flip_0,0.21562358736991882,0.6200534701347351,0.16432295739650726
42,2,1000 ppm 4 7,d4,scale_1.0_rot_180_flip_0,0.19707034528255463,0.5376878380775452,0.2652418315410614
42,2,800 ppm 4 4,d4,scale_1.0_rot_180_flip_1,0.17325863242149353,0.698559582233429,0.1281818300485611
42,2,400 ppm 1 10,d4,scale_1.0_rot_180_flip_1,0.307242751121521,0.6725603342056274,0.02019689977169037
42,2,c 8,d4,scale_1.0_rot_180_flip_1,0.8378461599349976,0.11711933463811874,0.0450345017015934
42,2,800 ppm 5 8,d4,scale_1.0_rot_180_flip_1,0.05931083858013153,0.7041580677032471,0.2365311235189438
42,2,600 ppm 3 4,d4,scale_1.0_rot_180_flip_1,0.29234662652015686,0.5887061953544617,0.11894715577363968
42,2,1000 ppm 2 10,d4,scale_1.0_rot_180_flip_1,0.09481315314769745,0.6476864218711853,0.25750043988227844
42,2,800 ppm 3 1,d4,scale_1.0_rot_180_flip_1,0.31546905636787415,0.5796607136726379,0.10487023741006851
42,2,400 ppm 4 3,d4,scale_1.0_rot_180_flip_1,0.4818930923938751,0.4321335256099701,0.08597340434789658
42,2,600 ppm 1 2,d4,scale_1.0_rot_180_flip_1,0.19020883738994598,0.6757138967514038,0.134077250957489
42,2,400 ppm 3 7,d4,scale_1.0_rot_180_flip_1,0.5747942924499512,0.3733559548854828,0.05184973031282425
42,2,600 ppm 2 10,d4,scale_1.0_rot_180_flip_1,0.11210981756448746,0.43147560954093933,0.4564146399497986
42,2,800 ppm 5 5,d4,scale_1.0_rot_180_flip_1,0.12368907779455185,0.5327690839767456,0.34354180097579956
42,2,400 ppm 5 2,d4,scale_1.0_rot_180_flip_1,0.3417624831199646,0.5641338229179382,0.09410364925861359
42,2,800 ppm 1 2,d4,scale_1.0_rot_180_flip_1,0.12123370915651321,0.49371588230133057,0.3850504457950592
42,2,600 ppm 3 5,d4,scale_1.0_rot_180_flip_1,0.5458886027336121,0.40611231327056885,0.04799908027052879
42,2,800 ppm 2 5,d4,scale_1.0_rot_180_flip_1,0.22022314369678497,0.6804646253585815,0.0993122011423111
42,2,1000 ppm 5 3,d4,scale_1.0_rot_180_flip_1,0.480655699968338,0.40749260783195496,0.11185167729854584
42,2,400 ppm 5 10,d4,scale_1.0_rot_180_flip_1,0.15940088033676147,0.47072646021842957,0.36987265944480896
42,2,1000 ppm 2 5,d4,scale_1.0_rot_180_flip_1,0.13989725708961487,0.6228455901145935,0.237257182598114
42,2,400 ppm 2 4,d4,scale_1.0_rot_180_flip_1,0.23149679601192474,0.37198641896247864,0.3965167701244354
42,2,600 ppm 4 6,d4,scale_1.0_rot_180_flip_1,0.22342222929000854,0.5678595900535583,0.2087181657552719
42,2,c 6,d4,scale_1.0_rot_180_flip_1,0.7803482413291931,0.18860933184623718,0.03104240447282791
42,2,800 ppm 1 7,d4,scale_1.0_rot_180_flip_1,0.08939210325479507,0.6086568236351013,0.3019511103630066
42,2,1000 ppm 5 2,d4,scale_1.0_rot_180_flip_1,0.17271773517131805,0.5838165283203125,0.24346572160720825
42,2,600 ppm 2 1,d4,scale_1.0_rot_180_flip_1,0.18926392495632172,0.4913107454776764,0.3194253444671631
42,2,400 ppm 4 1,d4,scale_1.0_rot_180_flip_1,0.08237402886152267,0.750220775604248,0.16740518808364868
42,2,600 ppm 4 4,d4,scale_1.0_rot_180_flip_1,0.3221321105957031,0.49612292647361755,0.18174496293067932
42,2,600 ppm 2 8,d4,scale_1.0_rot_180_flip_1,0.15886355936527252,0.6975453495979309,0.14359110593795776
42,2,400 ppm 1 6,d4,scale_1.0_rot_180_flip_1,0.4018707871437073,0.4310285449028015,0.1671006679534912
42,2,1000 ppm 4 9,d4,scale_1.0_rot_180_flip_1,0.05411180481314659,0.2280253916978836,0.7178627848625183
42,2,400 ppm 3 9,d4,scale_1.0_rot_180_flip_1,0.4573732316493988,0.49170514941215515,0.05092160403728485
42,2,600 ppm 2 6,d4,scale_1.0_rot_180_flip_1,0.03367047384381294,0.11498507112264633,0.8513444662094116
42,2,600 ppm 4 5,d4,scale_1.0_rot_180_flip_1,0.13507723808288574,0.6530324220657349,0.2118903398513794
42,2,600 ppm 4 9,d4,scale_1.0_rot_180_flip_1,0.1157945767045021,0.7172089219093323,0.16699650883674622
42,2,400 ppm 2 9,d4,scale_1.0_rot_180_flip_1,0.4012410044670105,0.42025333642959595,0.17850567400455475
42,2,800 ppm 1 1,d4,scale_1.0_rot_180_flip_1,0.22408531606197357,0.6559907793998718,0.11992386728525162
42,2,1000 ppm 4 5,d4,scale_1.0_rot_180_flip_1,0.24988588690757751,0.5459875464439392,0.20412662625312805
42,2,1000 ppm 1 1,d4,scale_1.0_rot_180_flip_1,0.4004826247692108,0.4502209722995758,0.14929644763469696
42,2,600 ppm 1 8,d4,scale_1.0_rot_180_flip_1,0.44387587904930115,0.4725706875324249,0.08355338126420975
42,2,600 ppm 5 7,d4,scale_1.0_rot_180_flip_1,0.3388611972332001,0.5515075325965881,0.1096312552690506
42,2,1000 ppm 2 8,d4,scale_1.0_rot_180_flip_1,0.0197305791079998,0.40695720911026,0.5733122825622559
42,2,600 ppm 1 5,d4,scale_1.0_rot_180_flip_1,0.23036189377307892,0.5340158939361572,0.23562222719192505
42,2,600 ppm 1 9,d4,scale_1.0_rot_180_flip_1,0.12237164378166199,0.7196694016456604,0.1579589694738388
42,2,600 ppm 2 2,d4,scale_1.0_rot_180_flip_1,0.11044830083847046,0.44177114963531494,0.4477804899215698
42,2,600 ppm 5 2,d4,scale_1.0_rot_180_flip_1,0.21089507639408112,0.7121941447257996,0.07691080123186111
42,2,800 ppm 4 9,d4,scale_1.0_rot_180_flip_1,0.4346390664577484,0.4934273958206177,0.07193353772163391
42,2,600 ppm 2 4,d4,scale_1.0_rot_180_flip_1,0.23424217104911804,0.4610541760921478,0.3047037124633789
42,2,600 ppm 4 7,d4,scale_1.0_rot_180_flip_1,0.18681052327156067,0.6943318843841553,0.11885765194892883
42,2,1000 ppm 5 8,d4,scale_1.0_rot_180_flip_1,0.07331269979476929,0.4683022201061249,0.45838505029678345
42,2,600 ppm 5 3,d4,scale_1.0_rot_180_flip_1,0.46892526745796204,0.3993869125843048,0.13168777525424957
42,2,1000 ppm 4 4,d4,scale_1.0_rot_180_flip_1,0.21410147845745087,0.6328698992729187,0.15302862226963043
42,2,1000 ppm 4 7,d4,scale_1.0_rot_180_flip_1,0.1999795287847519,0.5644799470901489,0.2355404943227768
42,2,800 ppm 4 4,d4,scale_1.0_rot_270_flip_0,0.14050067961215973,0.6746620535850525,0.1848372220993042
42,2,400 ppm 1 10,d4,scale_1.0_rot_270_flip_0,0.34132882952690125,0.6038638353347778,0.054807331413030624
42,2,c 8,d4,scale_1.0_rot_270_flip_0,0.8186924457550049,0.07253624498844147,0.10877127945423126
42,2,800 ppm 5 8,d4,scale_1.0_rot_270_flip_0,0.019996343180537224,0.23206442594528198,0.7479392290115356
42,2,600 ppm 3 4,d4,scale_1.0_rot_270_flip_0,0.16645008325576782,0.5777522325515747,0.25579768419265747
42,2,1000 ppm 2 10,d4,scale_1.0_rot_270_flip_0,0.09560181945562363,0.46743062138557434,0.4369675815105438
42,2,800 ppm 3 1,d4,scale_1.0_rot_270_flip_0,0.35532519221305847,0.43430086970329285,0.21037401258945465
42,2,400 ppm 4 3,d4,scale_1.0_rot_270_flip_0,0.45221787691116333,0.3587130606174469,0.18906910717487335
42,2,600 ppm 1 2,d4,scale_1.0_rot_270_flip_0,0.09900271147489548,0.6649513840675354,0.23604583740234375
42,2,400 ppm 3 7,d4,scale_1.0_rot_270_flip_0,0.5011033415794373,0.38743162155151367,0.11146501451730728
42,2,600 ppm 2 10,d4,scale_1.0_rot_270_flip_0,0.07071512192487717,0.18839135766029358,0.7408934831619263
42,2,800 ppm 5 5,d4,scale_1.0_rot_270_flip_0,0.055235397070646286,0.4697840213775635,0.47498050332069397
42,2,400 ppm 5 2,d4,scale_1.0_rot_270_flip_0,0.18087808787822723,0.2887307405471802,0.5303911566734314
42,2,800 ppm 1 2,d4,scale_1.0_rot_270_flip_0,0.08696920424699783,0.28249919414520264,0.6305316090583801
42,2,600 ppm 3 5,d4,scale_1.0_rot_270_flip_0,0.4904439449310303,0.387606143951416,0.12194986641407013
42,2,800 ppm 2 5,d4,scale_1.0_rot_270_flip_0,0.32102522253990173,0.5350948572158813,0.14387990534305573
42,2,1000 ppm 5 3,d4,scale_1.0_rot_270_flip_0,0.32246747612953186,0.3320525288581848,0.3454800248146057
42,2,400 ppm 5 10,d4,scale_1.0_rot_270_flip_0,0.08832215517759323,0.1679108440876007,0.7437669634819031
42,2,1000 ppm 2 5,d4,scale_1.0_rot_270_flip_0,0.05977470800280571,0.3039301037788391,0.6362951397895813
42,2,400 ppm 2 4,d4,scale_1.0_rot_270_flip_0,0.32924047112464905,0.2103261947631836,0.46043336391448975
42,2,600 ppm 4 6,d4,scale_1.0_rot_270_flip_0,0.34741130471229553,0.4220753312110901,0.23051336407661438
42,2,c 6,d4,scale_1.0_rot_270_flip_0,0.6576743721961975,0.28113943338394165,0.061186254024505615
42,2,800 ppm 1 7,d4,scale_1.0_rot_270_flip_0,0.06490939855575562,0.8122968077659607,0.12279380112886429
42,2,1000 ppm 5 2,d4,scale_1.0_rot_270_flip_0,0.19910524785518646,0.39400380849838257,0.40689098834991455
42,2,600 ppm 2 1,d4,scale_1.0_rot_270_flip_0,0.2197519689798355,0.4119318425655365,0.3683161437511444
42,2,400 ppm 4 1,d4,scale_1.0_rot_270_flip_0,0.05720861628651619,0.3961612582206726,0.5466301441192627
42,2,600 ppm 4 4,d4,scale_1.0_rot_270_flip_0,0.25007349252700806,0.5710054636001587,0.17892105877399445
42,2,600 ppm 2 8,d4,scale_1.0_rot_270_flip_0,0.08536582440137863,0.42923688888549805,0.4853973090648651
42,2,400 ppm 1 6,d4,scale_1.0_rot_270_flip_0,0.28625741600990295,0.4388526976108551,0.27488988637924194
42,2,1000 ppm 4 9,d4,scale_1.0_rot_270_flip_0,0.1341017633676529,0.5920551419258118,0.27384307980537415
42,2,400 ppm 3 9,d4,scale_1.0_rot_270_flip_0,0.5334499478340149,0.3733666241168976,0.0931834951043129
42,2,600 ppm 2 6,d4,scale_1.0_rot_270_flip_0,0.08744217455387115,0.3910905122756958,0.5214672684669495
42,2,600 ppm 4 5,d4,scale_1.0_rot_270_flip_0,0.126633420586586,0.4830021858215332,0.39036446809768677
42,2,600 ppm 4 9,d4,scale_1.0_rot_270_flip_0,0.042486656457185745,0.4393244683742523,0.5181888341903687
42,2,400 ppm 2 9,d4,scale_1.0_rot_270_flip_0,0.2970924973487854,0.3557835817337036,0.347123920917511
42,2,800 ppm 1 1,d4,scale_1.0_rot_270_flip_0,0.10302159190177917,0.24842095375061035,0.6485574245452881
42,2,1000 ppm 4 5,d4,scale_1.0_rot_270_flip_0,0.3117808401584625,0.35165077447891235,0.33656832575798035
42,2,1000 ppm 1 1,d4,scale_1.0_rot_270_flip_0,0.13706298172473907,0.4953762888908386,0.3675607442855835
42,2,600 ppm 1 8,d4,scale_1.0_rot_270_flip_0,0.21314705908298492,0.5056211352348328,0.28123176097869873
42,2,600 ppm 5 7,d4,scale_1.0_rot_270_flip_0,0.3425348401069641,0.3929833173751831,0.2644818127155304
42,2,1000 ppm 2 8,d4,scale_1.0_rot_270_flip_0,0.0334848053753376,0.44480258226394653,0.521712601184845
42,2,600 ppm 1 5,d4,scale_1.0_rot_270_flip_0,0.13830024003982544,0.5131216645240784,0.34857815504074097
42,2,600 ppm 1 9,d4,scale_1.0_rot_270_flip_0,0.13194337487220764,0.4849412739276886,0.38311538100242615
42,2,600 ppm 2 2,d4,scale_1.0_rot_270_flip_0,0.03922862559556961,0.1517370641231537,0.8090342879295349
42,2,600 ppm 5 2,d4,scale_1.0_rot_270_flip_0,0.34718915820121765,0.35579171776771545,0.2970190942287445
42,2,800 ppm 4 9,d4,scale_1.0_rot_270_flip_0,0.29557114839553833,0.4726305305957794,0.23179824650287628
42,2,600 ppm 2 4,d4,scale_1.0_rot_270_flip_0,0.159004345536232,0.2804949879646301,0.5605006814002991
42,2,600 ppm 4 7,d4,scale_1.0_rot_270_flip_0,0.22454892098903656,0.5675674080848694,0.20788362622261047
42,2,1000 ppm 5 8,d4,scale_1.0_rot_270_flip_0,0.06252790987491608,0.17282940447330475,0.7646426558494568
42,2,600 ppm 5 3,d4,scale_1.0_rot_270_flip_0,0.2907803952693939,0.3488847017288208,0.36033493280410767
42,2,1000 ppm 4 4,d4,scale_1.0_rot_270_flip_0,0.09767507761716843,0.28016239404678345,0.6221625208854675
42,2,1000 ppm 4 7,d4,scale_1.0_rot_270_flip_0,0.21585829555988312,0.2916806936264038,0.49246105551719666
42,2,800 ppm 4 4,d4,scale_1.0_rot_270_flip_1,0.19683003425598145,0.6431452631950378,0.16002467274665833
42,2,400 ppm 1 10,d4,scale_1.0_rot_270_flip_1,0.45105379819869995,0.49924516677856445,0.049701027572155
42,2,c 8,d4,scale_1.0_rot_270_flip_1,0.8386861681938171,0.05775965005159378,0.1035541370511055
42,2,800 ppm 5 8,d4,scale_1.0_rot_270_flip_1,0.03493310138583183,0.1982758641242981,0.766791045665741
42,2,600 ppm 3 4,d4,scale_1.0_rot_270_flip_1,0.12476716190576553,0.6572474241256714,0.2179853618144989
42,2,1000 ppm 2 10,d4,scale_1.0_rot_270_flip_1,0.10592586547136307,0.5717477202415466,0.3223264515399933
42,2,800 ppm 3 1,d4,scale_1.0_rot_270_flip_1,0.38326892256736755,0.3797430098056793,0.23698808252811432
42,2,400 ppm 4 3,d4,scale_1.0_rot_270_flip_1,0.38761675357818604,0.3810950815677643,0.2312881201505661
42,2,600 ppm 1 2,d4,scale_1.0_rot_270_flip_1,0.09562131017446518,0.5858169198036194,0.3185617923736572
42,2,400 ppm 3 7,d4,scale_1.0_rot_270_flip_1,0.5359113216400146,0.34080860018730164,0.12328013777732849
42,2,600 ppm 2 10,d4,scale_1.0_rot_270_flip_1,0.036046165972948074,0.11728481203317642,0.8466690182685852
42,2,800 ppm 5 5,d4,scale_1.0_rot_270_flip_1,0.07171183824539185,0.5373707413673401,0.39091742038726807
42,2,400 ppm 5 2,d4,scale_1.0_rot_270_flip_1,0.20890772342681885,0.3068062663078308,0.48428598046302795
42,2,800 ppm 1 2,d4,scale_1.0_rot_270_flip_1,0.05135644972324371,0.231126606464386,0.7175168991088867
42,2,600 ppm 3 5,d4,scale_1.0_rot_270_flip_1,0.3530626893043518,0.5030736327171326,0.14386367797851562
42,2,800 ppm 2 5,d4,scale_1.0_rot_270_flip_1,0.22053740918636322,0.5865764617919922,0.19288617372512817
42,2,1000 ppm 5 3,d4,scale_1.0_rot_270_flip_1,0.36016276478767395,0.34561094641685486,0.2942262291908264
42,2,400 ppm 5 10,d4,scale_1.0_rot_270_flip_1,0.06021694093942642,0.1169261783361435,0.8228569030761719
42,2,1000 ppm 2 5,d4,scale_1.0_rot_270_flip_1,0.1360960304737091,0.3960409462451935,0.4678630828857422
42,2,400 ppm 2 4,d4,scale_1.0_rot_270_flip_1,0.3288336396217346,0.2583995461463928,0.41276678442955017
42,2,600 ppm 4 6,d4,scale_1.0_rot_270_flip_1,0.3133315443992615,0.45882999897003174,0.2278384417295456
42,2,c 6,d4,scale_1.0_rot_270_flip_1,0.6735860109329224,0.2579554319381714,0.06845851242542267
42,2,800 ppm 1 7,d4,scale_1.0_rot_270_flip_1,0.07255279272794724,0.8050727248191833,0.122374527156353
42,2,1000 ppm 5 2,d4,scale_1.0_rot_270_flip_1,0.16025188565254211,0.46224573254585266,0.37750232219696045
42,2,600 ppm 2 1,d4,scale_1.0_rot_270_flip_1,0.3287503719329834,0.4398871660232544,0.23136238753795624
42,2,400 ppm 4 1,d4,scale_1.0_rot_270_flip_1,0.11146610230207443,0.3342805802822113,0.554253339767456
42,2,600 ppm 4 4,d4,scale_1.0_rot_270_flip_1,0.16747163236141205,0.5778480768203735,0.2546802759170532
42,2,600 ppm 2 8,d4,scale_1.0_rot_270_flip_1,0.1393352746963501,0.4565332233905792,0.4041314721107483
42,2,400 ppm 1 6,d4,scale_1.0_rot_270_flip_1,0.26263323426246643,0.38038116693496704,0.35698556900024414
42,2,1000 ppm 4 9,d4,scale_1.0_rot_270_flip_1,0.1108897477388382,0.44311997294425964,0.44599029421806335
42,2,400 ppm 3 9,d4,scale_1.0_rot_270_flip_1,0.42121535539627075,0.43539783358573914,0.14338679611682892
42,2,600 ppm 2 6,d4,scale_1.0_rot_270_flip_1,0.08391435444355011,0.36413517594337463,0.5519504547119141
42,2,600 ppm 4 5,d4,scale_1.0_rot_270_flip_1,0.1069004163146019,0.514840304851532,0.3782592713832855
42,2,600 ppm 4 9,d4,scale_1.0_rot_270_flip_1,0.04134705290198326,0.435947060585022,0.5227059125900269
42,2,400 ppm 2 9,d4,scale_1.0_rot_270_flip_1,0.291241854429245,0.3418664336204529,0.36689168214797974
42,2,800 ppm 1 1,d4,scale_1.0_rot_270_flip_1,0.051413897424936295,0.130613774061203,0.8179724216461182
42,2,1000 ppm 4 5,d4,scale_1.0_rot_270_flip_1,0.2086953967809677,0.35593122243881226,0.43537333607673645
42,2,1000 ppm 1 1,d4,scale_1.0_rot_270_flip_1,0.1296929270029068,0.41695716977119446,0.45334985852241516
42,2,600 ppm 1 8,d4,scale_1.0_rot_270_flip_1,0.3310948312282562,0.4381142556667328,0.23079092800617218
42,2,600 ppm 5 7,d4,scale_1.0_rot_270_flip_1,0.3392544090747833,0.3721601963043213,0.288585364818573
42,2,1000 ppm 2 8,d4,scale_1.0_rot_270_flip_1,0.029362859204411507,0.47271212935447693,0.4979250431060791
42,2,600 ppm 1 5,d4,scale_1.0_rot_270_flip_1,0.14500196278095245,0.45967766642570496,0.39532041549682617
42,2,600 ppm 1 9,d4,scale_1.0_rot_270_flip_1,0.2751595079898834,0.3689816892147064,0.35585886240005493
42,2,600 ppm 2 2,d4,scale_1.0_rot_270_flip_1,0.08703003078699112,0.2366015464067459,0.6763684153556824
42,2,600 ppm 5 2,d4,scale_1.0_rot_270_flip_1,0.2571168839931488,0.39340025186538696,0.34948286414146423
42,2,800 ppm 4 9,d4,scale_1.0_rot_270_flip_1,0.252255380153656,0.46761879324913025,0.2801258862018585
42,2,600 ppm 2 4,d4,scale_1.0_rot_270_flip_1,0.19991490244865417,0.2137533277273178,0.5863317847251892
42,2,600 ppm 4 7,d4,scale_1.0_rot_270_flip_1,0.26475295424461365,0.551368236541748,0.1838788390159607
42,2,1000 ppm 5 8,d4,scale_1.0_rot_270_flip_1,0.04574952647089958,0.1368212252855301,0.8174293041229248
42,2,600 ppm 5 3,d4,scale_1.0_rot_270_flip_1,0.30970698595046997,0.3721257746219635,0.31816723942756653
42,2,1000 ppm 4 4,d4,scale_1.0_rot_270_flip_1,0.11964341998100281,0.2239578366279602,0.6563987731933594
42,2,1000 ppm 4 7,d4,scale_1.0_rot_270_flip_1,0.24519570171833038,0.32874104380607605,0.42606320977211
42,3,400 ppm 5 6,single,scale_1.0_rot_0_flip_0,0.7562946677207947,0.1570514291524887,0.0866539254784584
42,3,800 ppm 5 6,single,scale_1.0_rot_0_flip_0,0.09303924441337585,0.18640382587909698,0.720556914806366
42,3,800 ppm 1 8,single,scale_1.0_rot_0_flip_0,0.13543763756752014,0.42948564887046814,0.4350767135620117
42,3,400 ppm 1 7,single,scale_1.0_rot_0_flip_0,0.10418009757995605,0.20329158008098602,0.692528247833252
42,3,400 ppm 3 8,single,scale_1.0_rot_0_flip_0,0.36684274673461914,0.5511847138404846,0.08197253942489624
42,3,1000 ppm 4 10,single,scale_1.0_rot_0_flip_0,0.09755764156579971,0.6765351891517639,0.22590719163417816
42,3,600 ppm 4 1,single,scale_1.0_rot_0_flip_0,0.4903677999973297,0.38670825958251953,0.12292390316724777
42,3,400 ppm 4 2,single,scale_1.0_rot_0_flip_0,0.17124789953231812,0.5709866881370544,0.25776544213294983
42,3,1000 ppm 3 7,single,scale_1.0_rot_0_flip_0,0.25305309891700745,0.5521220564842224,0.19482479989528656
42,3,800 ppm 4 1,single,scale_1.0_rot_0_flip_0,0.1690104603767395,0.15730929374694824,0.6736801862716675
42,3,600 ppm 1 10,single,scale_1.0_rot_0_flip_0,0.18562185764312744,0.5484340190887451,0.26594412326812744
42,3,400 ppm 5 4,single,scale_1.0_rot_0_flip_0,0.10716833174228668,0.4610811471939087,0.4317505359649658
42,3,1000 ppm 1 10,single,scale_1.0_rot_0_flip_0,0.14256499707698822,0.14793609082698822,0.7094988822937012
42,3,800 ppm 5 1,single,scale_1.0_rot_0_flip_0,0.16075904667377472,0.5861555337905884,0.2530854344367981
42,3,1000 ppm 1 2,single,scale_1.0_rot_0_flip_0,0.21188826858997345,0.5309963226318359,0.2571154236793518
42,3,800 ppm 4 10,single,scale_1.0_rot_0_flip_0,0.8948851823806763,0.06860627979040146,0.03650856390595436
42,3,800 ppm 3 10,single,scale_1.0_rot_0_flip_0,0.19478663802146912,0.7651189565658569,0.04009443148970604
42,3,600 ppm 4 2,single,scale_1.0_rot_0_flip_0,0.17859864234924316,0.2614333927631378,0.5599679946899414
42,3,600 ppm 5 9,single,scale_1.0_rot_0_flip_0,0.03812512010335922,0.24046549201011658,0.7214093804359436
42,3,600 ppm 4 3,single,scale_1.0_rot_0_flip_0,0.27616941928863525,0.17658737301826477,0.5472431778907776
42,3,600 ppm 2 3,single,scale_1.0_rot_0_flip_0,0.01892865262925625,0.05631890520453453,0.9247524738311768
42,3,400 ppm 1 8,single,scale_1.0_rot_0_flip_0,0.14117853343486786,0.16258478164672852,0.6962366700172424
42,3,800 ppm 2 6,single,scale_1.0_rot_0_flip_0,0.45938363671302795,0.43488842248916626,0.1057278960943222
42,3,400 ppm 3 3,single,scale_1.0_rot_0_flip_0,0.7144225835800171,0.20051166415214539,0.08506573736667633
42,3,400 ppm 4 7,single,scale_1.0_rot_0_flip_0,0.8510820865631104,0.09876769036054611,0.05015023052692413
42,3,400 ppm 1 1,single,scale_1.0_rot_0_flip_0,0.6452692747116089,0.10871241986751556,0.24601824581623077
42,3,600 ppm 3 2,single,scale_1.0_rot_0_flip_0,0.1841244250535965,0.7692539095878601,0.046621646732091904
42,3,400 ppm 2 5,single,scale_1.0_rot_0_flip_0,0.7039294242858887,0.17340897023677826,0.12266162782907486
42,3,800 ppm 2 10,single,scale_1.0_rot_0_flip_0,0.24219295382499695,0.19239594042301178,0.5654110908508301
42,3,400 ppm 2 6,single,scale_1.0_rot_0_flip_0,0.4481459856033325,0.31620270013809204,0.23565128445625305
42,3,400 ppm 2 2,single,scale_1.0_rot_0_flip_0,0.5124339461326599,0.356934130191803,0.1306319385766983
42,3,800 ppm 1 3,single,scale_1.0_rot_0_flip_0,0.22704939544200897,0.695068895816803,0.07788170874118805
42,3,400 ppm 5 7,single,scale_1.0_rot_0_flip_0,0.12691962718963623,0.5191769003868103,0.3539034426212311
42,3,1000 ppm 3 1,single,scale_1.0_rot_0_flip_0,0.11875877529382706,0.41846150159835815,0.46277981996536255
42,3,1000 ppm 2 9,single,scale_1.0_rot_0_flip_0,0.10007026791572571,0.4544849097728729,0.445444792509079
42,3,1000 ppm 2 6,single,scale_1.0_rot_0_flip_0,0.271035760641098,0.2649088203907013,0.4640553593635559
42,3,400 ppm 2 1,single,scale_1.0_rot_0_flip_0,0.5473898649215698,0.29361462593078613,0.15899553894996643
42,3,800 ppm 4 2,single,scale_1.0_rot_0_flip_0,0.035588327795267105,0.08136485517024994,0.8830468058586121
42,3,800 ppm 1 6,single,scale_1.0_rot_0_flip_0,0.15763573348522186,0.5414160490036011,0.30094826221466064
42,3,800 ppm 4 3,single,scale_1.0_rot_0_flip_0,0.29632407426834106,0.5362321734428406,0.16744370758533478
42,3,1000 ppm 5 5,single,scale_1.0_rot_0_flip_0,0.09998532384634018,0.3559671938419342,0.544047474861145
42,3,600 ppm 5 6,single,scale_1.0_rot_0_flip_0,0.2913971245288849,0.5572366118431091,0.15136629343032837
42,3,400 ppm 5 3,single,scale_1.0_rot_0_flip_0,0.05268719419836998,0.09103041142225266,0.8562824726104736
42,3,600 ppm 1 6,single,scale_1.0_rot_0_flip_0,0.06898970901966095,0.3723214566707611,0.558688759803772
42,3,1000 ppm 1 6,single,scale_1.0_rot_0_flip_0,0.1926942616701126,0.12736481428146362,0.679940938949585
42,3,800 ppm 5 2,single,scale_1.0_rot_0_flip_0,0.15619687736034393,0.636055052280426,0.20774812996387482
42,3,c 2,single,scale_1.0_rot_0_flip_0,0.8323832154273987,0.07130686938762665,0.09630987048149109
42,3,800 ppm 2 2,single,scale_1.0_rot_0_flip_0,0.7390739321708679,0.15291203558444977,0.10801403224468231
42,3,400 ppm 5 9,single,scale_1.0_rot_0_flip_0,0.05430854111909866,0.17307057976722717,0.7726209163665771
42,3,400 ppm 2 8,single,scale_1.0_rot_0_flip_0,0.689831018447876,0.121113620698452,0.18905532360076904
42,3,400 ppm 1 4,single,scale_1.0_rot_0_flip_0,0.5290390253067017,0.20758596062660217,0.26337501406669617
42,3,1000 ppm 2 2,single,scale_1.0_rot_0_flip_0,0.47914525866508484,0.3753243088722229,0.14553043246269226
42,3,400 ppm 5 6,d4,scale_1.0_rot_0_flip_0,0.7562946677207947,0.1570514291524887,0.0866539254784584
42,3,800 ppm 5 6,d4,scale_1.0_rot_0_flip_0,0.09303924441337585,0.18640382587909698,0.720556914806366
42,3,800 ppm 1 8,d4,scale_1.0_rot_0_flip_0,0.13543763756752014,0.42948564887046814,0.4350767135620117
42,3,400 ppm 1 7,d4,scale_1.0_rot_0_flip_0,0.10418009757995605,0.20329158008098602,0.692528247833252
42,3,400 ppm 3 8,d4,scale_1.0_rot_0_flip_0,0.36684274673461914,0.5511847138404846,0.08197253942489624
42,3,1000 ppm 4 10,d4,scale_1.0_rot_0_flip_0,0.09755764156579971,0.6765351891517639,0.22590719163417816
42,3,600 ppm 4 1,d4,scale_1.0_rot_0_flip_0,0.4903677999973297,0.38670825958251953,0.12292390316724777
42,3,400 ppm 4 2,d4,scale_1.0_rot_0_flip_0,0.17124789953231812,0.5709866881370544,0.25776544213294983
42,3,1000 ppm 3 7,d4,scale_1.0_rot_0_flip_0,0.25305309891700745,0.5521220564842224,0.19482479989528656
42,3,800 ppm 4 1,d4,scale_1.0_rot_0_flip_0,0.1690104603767395,0.15730929374694824,0.6736801862716675
42,3,600 ppm 1 10,d4,scale_1.0_rot_0_flip_0,0.18562185764312744,0.5484340190887451,0.26594412326812744
42,3,400 ppm 5 4,d4,scale_1.0_rot_0_flip_0,0.10716833174228668,0.4610811471939087,0.4317505359649658
42,3,1000 ppm 1 10,d4,scale_1.0_rot_0_flip_0,0.14256499707698822,0.14793609082698822,0.7094988822937012
42,3,800 ppm 5 1,d4,scale_1.0_rot_0_flip_0,0.16075904667377472,0.5861555337905884,0.2530854344367981
42,3,1000 ppm 1 2,d4,scale_1.0_rot_0_flip_0,0.21188826858997345,0.5309963226318359,0.2571154236793518
42,3,800 ppm 4 10,d4,scale_1.0_rot_0_flip_0,0.8948851823806763,0.06860627979040146,0.03650856390595436
42,3,800 ppm 3 10,d4,scale_1.0_rot_0_flip_0,0.19478663802146912,0.7651189565658569,0.04009443148970604
42,3,600 ppm 4 2,d4,scale_1.0_rot_0_flip_0,0.17859864234924316,0.2614333927631378,0.5599679946899414
42,3,600 ppm 5 9,d4,scale_1.0_rot_0_flip_0,0.03812512010335922,0.24046549201011658,0.7214093804359436
42,3,600 ppm 4 3,d4,scale_1.0_rot_0_flip_0,0.27616941928863525,0.17658737301826477,0.5472431778907776
42,3,600 ppm 2 3,d4,scale_1.0_rot_0_flip_0,0.01892865262925625,0.05631890520453453,0.9247524738311768
42,3,400 ppm 1 8,d4,scale_1.0_rot_0_flip_0,0.14117853343486786,0.16258478164672852,0.6962366700172424
42,3,800 ppm 2 6,d4,scale_1.0_rot_0_flip_0,0.45938363671302795,0.43488842248916626,0.1057278960943222
42,3,400 ppm 3 3,d4,scale_1.0_rot_0_flip_0,0.7144225835800171,0.20051166415214539,0.08506573736667633
42,3,400 ppm 4 7,d4,scale_1.0_rot_0_flip_0,0.8510820865631104,0.09876769036054611,0.05015023052692413
42,3,400 ppm 1 1,d4,scale_1.0_rot_0_flip_0,0.6452692747116089,0.10871241986751556,0.24601824581623077
42,3,600 ppm 3 2,d4,scale_1.0_rot_0_flip_0,0.1841244250535965,0.7692539095878601,0.046621646732091904
42,3,400 ppm 2 5,d4,scale_1.0_rot_0_flip_0,0.7039294242858887,0.17340897023677826,0.12266162782907486
42,3,800 ppm 2 10,d4,scale_1.0_rot_0_flip_0,0.24219295382499695,0.19239594042301178,0.5654110908508301
42,3,400 ppm 2 6,d4,scale_1.0_rot_0_flip_0,0.4481459856033325,0.31620270013809204,0.23565128445625305
42,3,400 ppm 2 2,d4,scale_1.0_rot_0_flip_0,0.5124339461326599,0.356934130191803,0.1306319385766983
42,3,800 ppm 1 3,d4,scale_1.0_rot_0_flip_0,0.22704939544200897,0.695068895816803,0.07788170874118805
42,3,400 ppm 5 7,d4,scale_1.0_rot_0_flip_0,0.12691962718963623,0.5191769003868103,0.3539034426212311
42,3,1000 ppm 3 1,d4,scale_1.0_rot_0_flip_0,0.11875877529382706,0.41846150159835815,0.46277981996536255
42,3,1000 ppm 2 9,d4,scale_1.0_rot_0_flip_0,0.10007026791572571,0.4544849097728729,0.445444792509079
42,3,1000 ppm 2 6,d4,scale_1.0_rot_0_flip_0,0.271035760641098,0.2649088203907013,0.4640553593635559
42,3,400 ppm 2 1,d4,scale_1.0_rot_0_flip_0,0.5473898649215698,0.29361462593078613,0.15899553894996643
42,3,800 ppm 4 2,d4,scale_1.0_rot_0_flip_0,0.035588327795267105,0.08136485517024994,0.8830468058586121
42,3,800 ppm 1 6,d4,scale_1.0_rot_0_flip_0,0.15763573348522186,0.5414160490036011,0.30094826221466064
42,3,800 ppm 4 3,d4,scale_1.0_rot_0_flip_0,0.29632407426834106,0.5362321734428406,0.16744370758533478
42,3,1000 ppm 5 5,d4,scale_1.0_rot_0_flip_0,0.09998532384634018,0.3559671938419342,0.544047474861145
42,3,600 ppm 5 6,d4,scale_1.0_rot_0_flip_0,0.2913971245288849,0.5572366118431091,0.15136629343032837
42,3,400 ppm 5 3,d4,scale_1.0_rot_0_flip_0,0.05268719419836998,0.09103041142225266,0.8562824726104736
42,3,600 ppm 1 6,d4,scale_1.0_rot_0_flip_0,0.06898970901966095,0.3723214566707611,0.558688759803772
42,3,1000 ppm 1 6,d4,scale_1.0_rot_0_flip_0,0.1926942616701126,0.12736481428146362,0.679940938949585
42,3,800 ppm 5 2,d4,scale_1.0_rot_0_flip_0,0.15619687736034393,0.636055052280426,0.20774812996387482
42,3,c 2,d4,scale_1.0_rot_0_flip_0,0.8323832154273987,0.07130686938762665,0.09630987048149109
42,3,800 ppm 2 2,d4,scale_1.0_rot_0_flip_0,0.7390739321708679,0.15291203558444977,0.10801403224468231
42,3,400 ppm 5 9,d4,scale_1.0_rot_0_flip_0,0.05430854111909866,0.17307057976722717,0.7726209163665771
42,3,400 ppm 2 8,d4,scale_1.0_rot_0_flip_0,0.689831018447876,0.121113620698452,0.18905532360076904
42,3,400 ppm 1 4,d4,scale_1.0_rot_0_flip_0,0.5290390253067017,0.20758596062660217,0.26337501406669617
42,3,1000 ppm 2 2,d4,scale_1.0_rot_0_flip_0,0.47914525866508484,0.3753243088722229,0.14553043246269226
42,3,400 ppm 5 6,d4,scale_1.0_rot_0_flip_1,0.6744310855865479,0.18314461410045624,0.1424243152141571
42,3,800 ppm 5 6,d4,scale_1.0_rot_0_flip_1,0.056020338088274,0.12963984906673431,0.814339816570282
42,3,800 ppm 1 8,d4,scale_1.0_rot_0_flip_1,0.1703646183013916,0.4180391728878021,0.4115961492061615
42,3,400 ppm 1 7,d4,scale_1.0_rot_0_flip_1,0.14449891448020935,0.11872268468141556,0.7367783784866333
42,3,400 ppm 3 8,d4,scale_1.0_rot_0_flip_1,0.35249093174934387,0.591316282749176,0.05619281902909279
42,3,1000 ppm 4 10,d4,scale_1.0_rot_0_flip_1,0.16511663794517517,0.6926255822181702,0.14225777983665466
42,3,600 ppm 4 1,d4,scale_1.0_rot_0_flip_1,0.5553007125854492,0.3419211804866791,0.10277806222438812
42,3,400 ppm 4 2,d4,scale_1.0_rot_0_flip_1,0.25589242577552795,0.48494821786880493,0.2591593563556671
42,3,1000 ppm 3 7,d4,scale_1.0_rot_0_flip_1,0.29373788833618164,0.4935329854488373,0.21272917091846466
42,3,800 ppm 4 1,d4,scale_1.0_rot_0_flip_1,0.25028836727142334,0.0989036038517952,0.6508079767227173
42,3,600 ppm 1 10,d4,scale_1.0_rot_0_flip_1,0.14646439254283905,0.643878161907196,0.2096574306488037
42,3,400 ppm 5 4,d4,scale_1.0_rot_0_flip_1,0.06323850899934769,0.45175179839134216,0.4850096106529236
42,3,1000 ppm 1 10,d4,scale_1.0_rot_0_flip_1,0.10257495194673538,0.08698999881744385,0.8104351162910461
42,3,800 ppm 5 1,d4,scale_1.0_rot_0_flip_1,0.11612755805253983,0.5932822823524475,0.29059019684791565
42,3,1000 ppm 1 2,d4,scale_1.0_rot_0_flip_1,0.22968518733978271,0.5283518433570862,0.2419629544019699
42,3,800 ppm 4 10,d4,scale_1.0_rot_0_flip_1,0.8806465268135071,0.08174120634794235,0.03761223331093788
42,3,800 ppm 3 10,d4,scale_1.0_rot_0_flip_1,0.09461583197116852,0.8900879621505737,0.015296241268515587
42,3,600 ppm 4 2,d4,scale_1.0_rot_0_flip_1,0.16061773896217346,0.27299827337265015,0.5663840174674988
42,3,600 ppm 5 9,d4,scale_1.0_rot_0_flip_1,0.035864025354385376,0.2370838224887848,0.7270521521568298
42,3,600 ppm 4 3,d4,scale_1.0_rot_0_flip_1,0.27981722354888916,0.2399386614561081,0.4802440404891968
42,3,600 ppm 2 3,d4,scale_1.0_rot_0_flip_1,0.015622051432728767,0.05693718045949936,0.9274407625198364
42,3,400 ppm 1 8,d4,scale_1.0_rot_0_flip_1,0.14375178515911102,0.18915896117687225,0.6670892834663391
42,3,800 ppm 2 6,d4,scale_1.0_rot_0_flip_1,0.3346782326698303,0.47846952080726624,0.18685220181941986
42,3,400 ppm 3 3,d4,scale_1.0_rot_0_flip_1,0.6572147011756897,0.24906587600708008,0.09371940046548843
42,3,400 ppm 4 7,d4,scale_1.0_rot_0_flip_1,0.8379018902778625,0.10948791354894638,0.05261019989848137
42,3,400 ppm 1 1,d4,scale_1.0_rot_0_flip_1,0.5858463048934937,0.10544565320014954,0.30870798230171204
42,3,600 ppm 3 2,d4,scale_1.0_rot_0_flip_1,0.13580384850502014,0.8053244948387146,0.058871615678071976
42,3,400 ppm 2 5,d4,scale_1.0_rot_0_flip_1,0.6430144906044006,0.21461798250675201,0.14236757159233093
42,3,800 ppm 2 10,d4,scale_1.0_rot_0_flip_1,0.21819911897182465,0.1845274269580841,0.5972734689712524
42,3,400 ppm 2 6,d4,scale_1.0_rot_0_flip_1,0.4665665328502655,0.3180209994316101,0.2154124677181244
42,3,400 ppm 2 2,d4,scale_1.0_rot_0_flip_1,0.656356155872345,0.27184879779815674,0.07179506868124008
42,3,800 ppm 1 3,d4,scale_1.0_rot_0_flip_1,0.19734318554401398,0.6755931973457336,0.12706369161605835
42,3,400 ppm 5 7,d4,scale_1.0_rot_0_flip_1,0.10682222247123718,0.40002796053886414,0.49314984679222107
42,3,1000 ppm 3 1,d4,scale_1.0_rot_0_flip_1,0.17394010722637177,0.49535125494003296,0.3307086229324341
42,3,1000 ppm 2 9,d4,scale_1.0_rot_0_flip_1,0.09709057211875916,0.47004610300064087,0.4328633248806
42,3,1000 ppm 2 6,d4,scale_1.0_rot_0_flip_1,0.16534990072250366,0.16026386618614197,0.674386203289032
42,3,400 ppm 2 1,d4,scale_1.0_rot_0_flip_1,0.5823691487312317,0.2856554090976715,0.13197541236877441
42,3,800 ppm 4 2,d4,scale_1.0_rot_0_flip_1,0.10370419174432755,0.14699752628803253,0.7492982745170593
42,3,800 ppm 1 6,d4,scale_1.0_rot_0_flip_1,0.17001886665821075,0.5720648169517517,0.25791630148887634
42,3,800 ppm 4 3,d4,scale_1.0_rot_0_flip_1,0.33476778864860535,0.5748693346977234,0.09036289155483246
42,3,1000 ppm 5 5,d4,scale_1.0_rot_0_flip_1,0.0673888623714447,0.39510881900787354,0.5375023484230042
42,3,600 ppm 5 6,d4,scale_1.0_rot_0_flip_1,0.273328572511673,0.6013070940971375,0.12536436319351196
42,3,400 ppm 5 3,d4,scale_1.0_rot_0_flip_1,0.06660056114196777,0.15857145190238953,0.7748280167579651
42,3,600 ppm 1 6,d4,scale_1.0_rot_0_flip_1,0.0338800884783268,0.4156591594219208,0.5504607558250427
42,3,1000 ppm 1 6,d4,scale_1.0_rot_0_flip_1,0.2718200981616974,0.12974615395069122,0.5984336733818054
42,3,800 ppm 5 2,d4,scale_1.0_rot_0_flip_1,0.20273548364639282,0.6166090369224548,0.18065547943115234
42,3,c 2,d4,scale_1.0_rot_0_flip_1,0.8688285946846008,0.05649499222636223,0.07467629760503769
42,3,800 ppm 2 2,d4,scale_1.0_rot_0_flip_1,0.499798446893692,0.28208673000335693,0.21811488270759583
42,3,400 ppm 5 9,d4,scale_1.0_rot_0_flip_1,0.05295968055725098,0.12239207327365875,0.8246483206748962
42,3,400 ppm 2 8,d4,scale_1.0_rot_0_flip_1,0.6680496335029602,0.1322670578956604,0.19968335330486298
42,3,400 ppm 1 4,d4,scale_1.0_rot_0_flip_1,0.5233068466186523,0.24335242807865143,0.2333407700061798
42,3,1000 ppm 2 2,d4,scale_1.0_rot_0_flip_1,0.4962771236896515,0.3326035141944885,0.17111936211585999
42,3,400 ppm 5 6,d4,scale_1.0_rot_90_flip_0,0.6726389527320862,0.11686038970947266,0.21050064265727997
42,3,800 ppm 5 6,d4,scale_1.0_rot_90_flip_0,0.02784753032028675,0.03516566753387451,0.9369868636131287
42,3,800 ppm 1 8,d4,scale_1.0_rot_90_flip_0,0.19607359170913696,0.3752197027206421,0.42870667576789856
42,3,400 ppm 1 7,d4,scale_1.0_rot_90_flip_0,0.14013583958148956,0.10363966226577759,0.7562244534492493
42,3,400 ppm 3 8,d4,scale_1.0_rot_90_flip_0,0.1972873955965042,0.40357518196105957,0.399137407541275
42,3,1000 ppm 4 10,d4,scale_1.0_rot_90_flip_0,0.07297208905220032,0.19915837049484253,0.7278695702552795
42,3,600 ppm 4 1,d4,scale_1.0_rot_90_flip_0,0.4354352653026581,0.32199960947036743,0.2425650656223297
42,3,400 ppm 4 2,d4,scale_1.0_rot_90_flip_0,0.17816908657550812,0.1533365696668625,0.6684942841529846
42,3,1000 ppm 3 7,d4,scale_1.0_rot_90_flip_0,0.2904834747314453,0.29701945185661316,0.4124971628189087
42,3,800 ppm 4 1,d4,scale_1.0_rot_90_flip_0,0.31079351902008057,0.07266070693731308,0.6165457963943481
42,3,600 ppm 1 10,d4,scale_1.0_rot_90_flip_0,0.2928524613380432,0.36823830008506775,0.33890923857688904
42,3,400 ppm 5 4,d4,scale_1.0_rot_90_flip_0,0.143601655960083,0.49469107389450073,0.36170724034309387
42,3,1000 ppm 1 10,d4,scale_1.0_rot_90_flip_0,0.037724774330854416,0.016860533505678177,0.9454146027565002
42,3,800 ppm 5 1,d4,scale_1.0_rot_90_flip_0,0.10039335489273071,0.2600477635860443,0.6395589113235474
42,3,1000 ppm 1 2,d4,scale_1.0_rot_90_flip_0,0.141713947057724,0.33691880106925964,0.5213673114776611
42,3,800 ppm 4 10,d4,scale_1.0_rot_90_flip_0,0.7432600259780884,0.11253102868795395,0.1442088782787323
42,3,800 ppm 3 10,d4,scale_1.0_rot_90_flip_0,0.21679562330245972,0.5361106991767883,0.24709370732307434
42,3,600 ppm 4 2,d4,scale_1.0_rot_90_flip_0,0.05022449046373367,0.0995478481054306,0.8502276539802551
42,3,600 ppm 5 9,d4,scale_1.0_rot_90_flip_0,0.02865765616297722,0.08891933411359787,0.8824230432510376
42,3,600 ppm 4 3,d4,scale_1.0_rot_90_flip_0,0.22798176109790802,0.07930658757686615,0.6927116513252258
42,3,600 ppm 2 3,d4,scale_1.0_rot_90_flip_0,0.03517765551805496,0.03373819962143898,0.9310840964317322
42,3,400 ppm 1 8,d4,scale_1.0_rot_90_flip_0,0.12267964333295822,0.18576063215732574,0.6915596723556519
42,3,800 ppm 2 6,d4,scale_1.0_rot_90_flip_0,0.13622266054153442,0.24016056954860687,0.6236168146133423
42,3,400 ppm 3 3,d4,scale_1.0_rot_90_flip_0,0.5369234085083008,0.18302114307880402,0.2800554633140564
42,3,400 ppm 4 7,d4,scale_1.0_rot_90_flip_0,0.817695677280426,0.09147495776414871,0.09082940220832825
42,3,400 ppm 1 1,d4,scale_1.0_rot_90_flip_0,0.5294346213340759,0.05107993260025978,0.4194854497909546
42,3,600 ppm 3 2,d4,scale_1.0_rot_90_flip_0,0.2725244164466858,0.564021646976471,0.16345398128032684
42,3,400 ppm 2 5,d4,scale_1.0_rot_90_flip_0,0.6932841539382935,0.11273933202028275,0.19397646188735962
42,3,800 ppm 2 10,d4,scale_1.0_rot_90_flip_0,0.11786698549985886,0.028114767745137215,0.8540182709693909
42,3,400 ppm 2 6,d4,scale_1.0_rot_90_flip_0,0.34276244044303894,0.08154705166816711,0.5756905674934387
42,3,400 ppm 2 2,d4,scale_1.0_rot_90_flip_0,0.623562216758728,0.15630730986595154,0.2201305329799652
42,3,800 ppm 1 3,d4,scale_1.0_rot_90_flip_0,0.21051429212093353,0.37057510018348694,0.4189106225967407
42,3,400 ppm 5 7,d4,scale_1.0_rot_90_flip_0,0.1044374629855156,0.36345282196998596,0.5321097373962402
42,3,1000 ppm 3 1,d4,scale_1.0_rot_90_flip_0,0.10171820968389511,0.21102012693881989,0.687261700630188
42,3,1000 ppm 2 9,d4,scale_1.0_rot_90_flip_0,0.05732187256217003,0.12693609297275543,0.815742015838623
42,3,1000 ppm 2 6,d4,scale_1.0_rot_90_flip_0,0.18306496739387512,0.06680179387331009,0.750133216381073
42,3,400 ppm 2 1,d4,scale_1.0_rot_90_flip_0,0.5269021391868591,0.2915906012058258,0.18150725960731506
42,3,800 ppm 4 2,d4,scale_1.0_rot_90_flip_0,0.026745622977614403,0.03074478544294834,0.9425095915794373
42,3,800 ppm 1 6,d4,scale_1.0_rot_90_flip_0,0.19597592949867249,0.4674627482891083,0.336561381816864
42,3,800 ppm 4 3,d4,scale_1.0_rot_90_flip_0,0.31728479266166687,0.5280261039733887,0.15468908846378326
42,3,1000 ppm 5 5,d4,scale_1.0_rot_90_flip_0,0.08102825284004211,0.15099507570266724,0.767976701259613
42,3,600 ppm 5 6,d4,scale_1.0_rot_90_flip_0,0.33640947937965393,0.3220251798629761,0.3415653109550476
42,3,400 ppm 5 3,d4,scale_1.0_rot_90_flip_0,0.0817594900727272,0.4249231815338135,0.49331730604171753
42,3,600 ppm 1 6,d4,scale_1.0_rot_90_flip_0,0.013851061463356018,0.08487362414598465,0.9012752771377563
42,3,1000 ppm 1 6,d4,scale_1.0_rot_90_flip_0,0.14471188187599182,0.2260340452194214,0.6292541027069092
42,3,800 ppm 5 2,d4,scale_1.0_rot_90_flip_0,0.1733490228652954,0.2747074067592621,0.5519435405731201
42,3,c 2,d4,scale_1.0_rot_90_flip_0,0.7971704602241516,0.06309447437524796,0.13973504304885864
42,3,800 ppm 2 2,d4,scale_1.0_rot_90_flip_0,0.59129399061203,0.08459677547216415,0.32410919666290283
42,3,400 ppm 5 9,d4,scale_1.0_rot_90_flip_0,0.07458850741386414,0.10968943685293198,0.8157220482826233
42,3,400 ppm 2 8,d4,scale_1.0_rot_90_flip_0,0.7840914726257324,0.05192692577838898,0.1639816015958786
42,3,400 ppm 1 4,d4,scale_1.0_rot_90_flip_0,0.40803951025009155,0.09806374460458755,0.4938967525959015
42,3,1000 ppm 2 2,d4,scale_1.0_rot_90_flip_0,0.3143104612827301,0.21747511625289917,0.4682144522666931
42,3,400 ppm 5 6,d4,scale_1.0_rot_90_flip_1,0.7740851044654846,0.09895351529121399,0.1269613653421402
42,3,800 ppm 5 6,d4,scale_1.0_rot_90_flip_1,0.02469083108007908,0.028003254905343056,0.9473059177398682
42,3,800 ppm 1 8,d4,scale_1.0_rot_90_flip_1,0.153351828455925,0.38105058670043945,0.46559765934944153
42,3,400 ppm 1 7,d4,scale_1.0_rot_90_flip_1,0.12288443744182587,0.11247135698795319,0.7646442651748657
42,3,400 ppm 3 8,d4,scale_1.0_rot_90_flip_1,0.24761025607585907,0.4045415222644806,0.34784817695617676
42,3,1000 ppm 4 10,d4,scale_1.0_rot_90_flip_1,0.05996520444750786,0.26951563358306885,0.6705191135406494
42,3,600 ppm 4 1,d4,scale_1.0_rot_90_flip_1,0.34742769598960876,0.2770281434059143,0.37554416060447693
42,3,400 ppm 4 2,d4,scale_1.0_rot_90_flip_1,0.1328146904706955,0.21350158751010895,0.6536837220191956
42,3,1000 ppm 3 7,d4,scale_1.0_rot_90_flip_1,0.321855753660202,0.29143577814102173,0.38670843839645386
42,3,800 ppm 4 1,d4,scale_1.0_rot_90_flip_1,0.15184111893177032,0.05147566273808479,0.7966831922531128
42,3,600 ppm 1 10,d4,scale_1.0_rot_90_flip_1,0.2505320608615875,0.5071737766265869,0.24229416251182556
42,3,400 ppm 5 4,d4,scale_1.0_rot_90_flip_1,0.14103060960769653,0.4362935423851013,0.42267587780952454
42,3,1000 ppm 1 10,d4,scale_1.0_rot_90_flip_1,0.03470573201775551,0.019733339548110962,0.9455609321594238
42,3,800 ppm 5 1,d4,scale_1.0_rot_90_flip_1,0.1900118738412857,0.30597078800201416,0.5040173530578613
42,3,1000 ppm 1 2,d4,scale_1.0_rot_90_flip_1,0.24513746798038483,0.3612474799156189,0.3936150074005127
42,3,800 ppm 4 10,d4,scale_1.0_rot_90_flip_1,0.7289018630981445,0.09345580637454987,0.177642360329628
42,3,800 ppm 3 10,d4,scale_1.0_rot_90_flip_1,0.21567033231258392,0.5467511415481567,0.23757848143577576
42,3,600 ppm 4 2,d4,scale_1.0_rot_90_flip_1,0.05431116744875908,0.0886925607919693,0.8569962978363037
42,3,600 ppm 5 9,d4,scale_1.0_rot_90_flip_1,0.01185078825801611,0.10690027475357056,0.8812488913536072
42,3,600 ppm 4 3,d4,scale_1.0_rot_90_flip_1,0.09883736073970795,0.06716639548540115,0.8339961767196655
42,3,600 ppm 2 3,d4,scale_1.0_rot_90_flip_1,0.05056893080472946,0.04834725707769394,0.901083767414093
42,3,400 ppm 1 8,d4,scale_1.0_rot_90_flip_1,0.14698176085948944,0.24671751260757446,0.6063007116317749
42,3,800 ppm 2 6,d4,scale_1.0_rot_90_flip_1,0.1319580376148224,0.3049212694168091,0.5631206631660461
42,3,400 ppm 3 3,d4,scale_1.0_rot_90_flip_1,0.5812684893608093,0.20439688861370087,0.21433457732200623
42,3,400 ppm 4 7,d4,scale_1.0_rot_90_flip_1,0.7351104617118835,0.1288045048713684,0.13608500361442566
42,3,400 ppm 1 1,d4,scale_1.0_rot_90_flip_1,0.43472176790237427,0.056552402675151825,0.5087258219718933
42,3,600 ppm 3 2,d4,scale_1.0_rot_90_flip_1,0.26012122631073,0.5863433480262756,0.1535353809595108
42,3,400 ppm 2 5,d4,scale_1.0_rot_90_flip_1,0.7083763480186462,0.11144215613603592,0.1801815629005432
42,3,800 ppm 2 10,d4,scale_1.0_rot_90_flip_1,0.11959998309612274,0.04930103197693825,0.8310989141464233
42,3,400 ppm 2 6,d4,scale_1.0_rot_90_flip_1,0.21618476510047913,0.19805888831615448,0.5857563018798828
42,3,400 ppm 2 2,d4,scale_1.0_rot_90_flip_1,0.6204633712768555,0.20924024283885956,0.17029643058776855
42,3,800 ppm 1 3,d4,scale_1.0_rot_90_flip_1,0.16334453225135803,0.2813582420349121,0.5552971959114075
42,3,400 ppm 5 7,d4,scale_1.0_rot_90_flip_1,0.10803565382957458,0.3092691898345947,0.5826951861381531
42,3,1000 ppm 3 1,d4,scale_1.0_rot_90_flip_1,0.09304636716842651,0.21602357923984528,0.6909301280975342
42,3,1000 ppm 2 9,d4,scale_1.0_rot_90_flip_1,0.07415017485618591,0.12374413758516312,0.8021056652069092
42,3,1000 ppm 2 6,d4,scale_1.0_rot_90_flip_1,0.22098150849342346,0.07510507106781006,0.7039133906364441
42,3,400 ppm 2 1,d4,scale_1.0_rot_90_flip_1,0.48870494961738586,0.23392225801944733,0.2773727476596832
42,3,800 ppm 4 2,d4,scale_1.0_rot_90_flip_1,0.016096405684947968,0.01863277144730091,0.9652706980705261
42,3,800 ppm 1 6,d4,scale_1.0_rot_90_flip_1,0.07599277049303055,0.4527382254600525,0.47126904129981995
42,3,800 ppm 4 3,d4,scale_1.0_rot_90_flip_1,0.2626972198486328,0.5932545065879822,0.14404825866222382
42,3,1000 ppm 5 5,d4,scale_1.0_rot_90_flip_1,0.07437115162611008,0.21525630354881287,0.7103725671768188
42,3,600 ppm 5 6,d4,scale_1.0_rot_90_flip_1,0.3315982520580292,0.36386382579803467,0.30453795194625854
42,3,400 ppm 5 3,d4,scale_1.0_rot_90_flip_1,0.09489595890045166,0.37072834372520447,0.5343756675720215
42,3,600 ppm 1 6,d4,scale_1.0_rot_90_flip_1,0.012375608086585999,0.07206375896930695,0.9155606031417847
42,3,1000 ppm 1 6,d4,scale_1.0_rot_90_flip_1,0.12649190425872803,0.3085190951824188,0.5649889707565308
42,3,800 ppm 5 2,d4,scale_1.0_rot_90_flip_1,0.2113131731748581,0.3403867483139038,0.4483000636100769
42,3,c 2,d4,scale_1.0_rot_90_flip_1,0.7150576710700989,0.07811015099287033,0.20683223009109497
42,3,800 ppm 2 2,d4,scale_1.0_rot_90_flip_1,0.6495459675788879,0.11062858253717422,0.23982542753219604
42,3,400 ppm 5 9,d4,scale_1.0_rot_90_flip_1,0.08046232163906097,0.13223066926002502,0.7873069643974304
42,3,400 ppm 2 8,d4,scale_1.0_rot_90_flip_1,0.6868898272514343,0.07216232270002365,0.2409479022026062
42,3,400 ppm 1 4,d4,scale_1.0_rot_90_flip_1,0.46210888028144836,0.1264026165008545,0.41148847341537476
42,3,1000 ppm 2 2,d4,scale_1.0_rot_90_flip_1,0.17147642374038696,0.27864089608192444,0.5498826503753662
42,3,400 ppm 5 6,d4,scale_1.0_rot_180_flip_0,0.5482785105705261,0.2624988555908203,0.18922264873981476
42,3,800 ppm 5 6,d4,scale_1.0_rot_180_flip_0,0.0771353617310524,0.13701416552066803,0.785850465297699
42,3,800 ppm 1 8,d4,scale_1.0_rot_180_flip_0,0.2128913849592209,0.46886172890663147,0.31824690103530884
42,3,400 ppm 1 7,d4,scale_1.0_rot_180_flip_0,0.10407888144254684,0.1607537567615509,0.7351674437522888
42,3,400 ppm 3 8,d4,scale_1.0_rot_180_flip_0,0.33493107557296753,0.5676159262657166,0.09745300561189651
42,3,1000 ppm 4 10,d4,scale_1.0_rot_180_flip_0,0.10273318737745285,0.6428826451301575,0.25438421964645386
42,3,600 ppm 4 1,d4,scale_1.0_rot_180_flip_0,0.5109429955482483,0.23146145045757294,0.25759559869766235
42,3,400 ppm 4 2,d4,scale_1.0_rot_180_flip_0,0.2983338236808777,0.4252658486366272,0.27640029788017273
42,3,1000 ppm 3 7,d4,scale_1.0_rot_180_flip_0,0.29996830224990845,0.41902297735214233,0.2810087203979492
42,3,800 ppm 4 1,d4,scale_1.0_rot_180_flip_0,0.1638392060995102,0.1297140270471573,0.7064467668533325
42,3,600 ppm 1 10,d4,scale_1.0_rot_180_flip_0,0.19044947624206543,0.4338284730911255,0.3757220208644867
42,3,400 ppm 5 4,d4,scale_1.0_rot_180_flip_0,0.09437896311283112,0.7141687870025635,0.1914522647857666
42,3,1000 ppm 1 10,d4,scale_1.0_rot_180_flip_0,0.12496893852949142,0.12244419008493423,0.7525867819786072
42,3,800 ppm 5 1,d4,scale_1.0_rot_180_flip_0,0.1680559515953064,0.5837472677230835,0.2481967806816101
42,3,1000 ppm 1 2,d4,scale_1.0_rot_180_flip_0,0.18472492694854736,0.5889955759048462,0.22627948224544525
42,3,800 ppm 4 10,d4,scale_1.0_rot_180_flip_0,0.8121665716171265,0.10754375904798508,0.08028965443372726
42,3,800 ppm 3 10,d4,scale_1.0_rot_180_flip_0,0.06968110799789429,0.9133206605911255,0.016998225823044777
42,3,600 ppm 4 2,d4,scale_1.0_rot_180_flip_0,0.283299058675766,0.37114354968070984,0.34555739164352417
42,3,600 ppm 5 9,d4,scale_1.0_rot_180_flip_0,0.08631188422441483,0.2717460095882416,0.6419420838356018
42,3,600 ppm 4 3,d4,scale_1.0_rot_180_flip_0,0.15541759133338928,0.2048826515674591,0.6396997570991516
42,3,600 ppm 2 3,d4,scale_1.0_rot_180_flip_0,0.027328789234161377,0.055634304881095886,0.9170368909835815
42,3,400 ppm 1 8,d4,scale_1.0_rot_180_flip_0,0.1577947437763214,0.2964664399623871,0.5457388162612915
42,3,800 ppm 2 6,d4,scale_1.0_rot_180_flip_0,0.24238775670528412,0.5425548553466797,0.2150574028491974
42,3,400 ppm 3 3,d4,scale_1.0_rot_180_flip_0,0.6841192841529846,0.19001244008541107,0.1258682906627655
42,3,400 ppm 4 7,d4,scale_1.0_rot_180_flip_0,0.6342945694923401,0.20436295866966248,0.16134251654148102
42,3,400 ppm 1 1,d4,scale_1.0_rot_180_flip_0,0.7797724008560181,0.06521809846162796,0.15500950813293457
42,3,600 ppm 3 2,d4,scale_1.0_rot_180_flip_0,0.11484070122241974,0.7881609201431274,0.09699834138154984
42,3,400 ppm 2 5,d4,scale_1.0_rot_180_flip_0,0.4777964949607849,0.3119365870952606,0.21026694774627686
42,3,800 ppm 2 10,d4,scale_1.0_rot_180_flip_0,0.15658579766750336,0.13362644612789154,0.7097877264022827
42,3,400 ppm 2 6,d4,scale_1.0_rot_180_flip_0,0.5554848909378052,0.2558302879333496,0.1886848509311676
42,3,400 ppm 2 2,d4,scale_1.0_rot_180_flip_0,0.5792196989059448,0.290379136800766,0.1304011344909668
42,3,800 ppm 1 3,d4,scale_1.0_rot_180_flip_0,0.16498243808746338,0.7719672322273254,0.06305030733346939
42,3,400 ppm 5 7,d4,scale_1.0_rot_180_flip_0,0.11134912073612213,0.5212299823760986,0.36742085218429565
42,3,1000 ppm 3 1,d4,scale_1.0_rot_180_flip_0,0.12621581554412842,0.4802037477493286,0.3935803771018982
42,3,1000 ppm 2 9,d4,scale_1.0_rot_180_flip_0,0.130048468708992,0.5385531783103943,0.3313983678817749
42,3,1000 ppm 2 6,d4,scale_1.0_rot_180_flip_0,0.1624443531036377,0.1471954882144928,0.6903601884841919
42,3,400 ppm 2 1,d4,scale_1.0_rot_180_flip_0,0.5064546465873718,0.37692177295684814,0.11662355065345764
42,3,800 ppm 4 2,d4,scale_1.0_rot_180_flip_0,0.04826894775032997,0.07058943808078766,0.8811416029930115
42,3,800 ppm 1 6,d4,scale_1.0_rot_180_flip_0,0.22970101237297058,0.5243808627128601,0.24591811001300812
42,3,800 ppm 4 3,d4,scale_1.0_rot_180_flip_0,0.2598138153553009,0.6083083152770996,0.13187788426876068
42,3,1000 ppm 5 5,d4,scale_1.0_rot_180_flip_0,0.08572011440992355,0.5384128093719482,0.37586709856987
42,3,600 ppm 5 6,d4,scale_1.0_rot_180_flip_0,0.492788702249527,0.39394065737724304,0.11327063292264938
42,3,400 ppm 5 3,d4,scale_1.0_rot_180_flip_0,0.07882959395647049,0.23989740014076233,0.6812729835510254
42,3,600 ppm 1 6,d4,scale_1.0_rot_180_flip_0,0.0660245418548584,0.4341939687728882,0.49978145956993103
42,3,1000 ppm 1 6,d4,scale_1.0_rot_180_flip_0,0.040928203612565994,0.06692524999380112,0.8921464681625366
42,3,800 ppm 5 2,d4,scale_1.0_rot_180_flip_0,0.18768447637557983,0.5240265130996704,0.28828898072242737
42,3,c 2,d4,scale_1.0_rot_180_flip_0,0.789212703704834,0.09654855728149414,0.11423874646425247
42,3,800 ppm 2 2,d4,scale_1.0_rot_180_flip_0,0.309034138917923,0.1768249124288559,0.5141409039497375
42,3,400 ppm 5 9,d4,scale_1.0_rot_180_flip_0,0.11874979734420776,0.18807218968868256,0.6931780576705933
42,3,400 ppm 2 8,d4,scale_1.0_rot_180_flip_0,0.570851743221283,0.12322491407394409,0.30592331290245056
42,3,400 ppm 1 4,d4,scale_1.0_rot_180_flip_0,0.42592623829841614,0.17068888247013092,0.40338486433029175
42,3,1000 ppm 2 2,d4,scale_1.0_rot_180_flip_0,0.35371968150138855,0.38846585154533386,0.2578144073486328
42,3,400 ppm 5 6,d4,scale_1.0_rot_180_flip_1,0.5975956320762634,0.21594873070716858,0.1864556223154068
42,3,800 ppm 5 6,d4,scale_1.0_rot_180_flip_1,0.0628119707107544,0.22052785754203796,0.7166601419448853
42,3,800 ppm 1 8,d4,scale_1.0_rot_180_flip_1,0.24194477498531342,0.41708582639694214,0.34096938371658325
42,3,400 ppm 1 7,d4,scale_1.0_rot_180_flip_1,0.1516885757446289,0.2333277463912964,0.6149836778640747
42,3,400 ppm 3 8,d4,scale_1.0_rot_180_flip_1,0.4064825773239136,0.4936911165714264,0.09982623904943466
42,3,1000 ppm 4 10,d4,scale_1.0_rot_180_flip_1,0.06865303963422775,0.61955726146698,0.3117896616458893
42,3,600 ppm 4 1,d4,scale_1.0_rot_180_flip_1,0.4946057200431824,0.2629540264606476,0.242440328001976
42,3,400 ppm 4 2,d4,scale_1.0_rot_180_flip_1,0.1826833039522171,0.4787786602973938,0.3385380804538727
42,3,1000 ppm 3 7,d4,scale_1.0_rot_180_flip_1,0.2625921368598938,0.3863617777824402,0.35104602575302124
42,3,800 ppm 4 1,d4,scale_1.0_rot_180_flip_1,0.32402777671813965,0.14895345270633698,0.5270187854766846
42,3,600 ppm 1 10,d4,scale_1.0_rot_180_flip_1,0.1878945231437683,0.583541214466095,0.22856421768665314
42,3,400 ppm 5 4,d4,scale_1.0_rot_180_flip_1,0.07433976978063583,0.7072708010673523,0.21838940680027008
42,3,1000 ppm 1 10,d4,scale_1.0_rot_180_flip_1,0.11505075544118881,0.1144748255610466,0.7704744338989258
42,3,800 ppm 5 1,d4,scale_1.0_rot_180_flip_1,0.2132769078016281,0.48787155747413635,0.29885154962539673
42,3,1000 ppm 1 2,d4,scale_1.0_rot_180_flip_1,0.1476338505744934,0.6316989064216614,0.2206672579050064
42,3,800 ppm 4 10,d4,scale_1.0_rot_180_flip_1,0.7837423086166382,0.14330463111400604,0.07295303791761398
42,3,800 ppm 3 10,d4,scale_1.0_rot_180_flip_1,0.041210636496543884,0.9401314854621887,0.018657907843589783
42,3,600 ppm 4 2,d4,scale_1.0_rot_180_flip_1,0.22976437211036682,0.27523863315582275,0.49499693512916565
42,3,600 ppm 5 9,d4,scale_1.0_rot_180_flip_1,0.03747515007853508,0.30721089243888855,0.6553139090538025
42,3,600 ppm 4 3,d4,scale_1.0_rot_180_flip_1,0.2400052547454834,0.2467038929462433,0.5132908821105957
42,3,600 ppm 2 3,d4,scale_1.0_rot_180_flip_1,0.03152865916490555,0.05455635488033295,0.9139149785041809
42,3,400 ppm 1 8,d4,scale_1.0_rot_180_flip_1,0.25049829483032227,0.300514280796051,0.4489874243736267
42,3,800 ppm 2 6,d4,scale_1.0_rot_180_flip_1,0.20612718164920807,0.6013609170913696,0.1925119012594223
42,3,400 ppm 3 3,d4,scale_1.0_rot_180_flip_1,0.6800931692123413,0.17528831958770752,0.14461855590343475
42,3,400 ppm 4 7,d4,scale_1.0_rot_180_flip_1,0.618880033493042,0.2776573598384857,0.10346262156963348
42,3,400 ppm 1 1,d4,scale_1.0_rot_180_flip_1,0.7027556896209717,0.09612572938203812,0.2011185735464096
42,3,600 ppm 3 2,d4,scale_1.0_rot_180_flip_1,0.08747275918722153,0.8615508675575256,0.050976406782865524
42,3,400 ppm 2 5,d4,scale_1.0_rot_180_flip_1,0.582629382610321,0.2497054487466812,0.16766518354415894
42,3,800 ppm 2 10,d4,scale_1.0_rot_180_flip_1,0.1992328017950058,0.1277502477169037,0.6730169653892517
42,3,400 ppm 2 6,d4,scale_1.0_rot_180_flip_1,0.4589988589286804,0.37136659026145935,0.16963452100753784
42,3,400 ppm 2 2,d4,scale_1.0_rot_180_flip_1,0.6740961074829102,0.248537078499794,0.07736678421497345
42,3,800 ppm 1 3,d4,scale_1.0_rot_180_flip_1,0.20619484782218933,0.720635712146759,0.07316948473453522
42,3,400 ppm 5 7,d4,scale_1.0_rot_180_flip_1,0.11406532675027847,0.5321349501609802,0.3537997007369995
42,3,1000 ppm 3 1,d4,scale_1.0_rot_180_flip_1,0.08550749719142914,0.42748281359672546,0.4870096743106842
42,3,1000 ppm 2 9,d4,scale_1.0_rot_180_flip_1,0.06445089727640152,0.4355609714984894,0.4999881982803345
42,3,1000 ppm 2 6,d4,scale_1.0_rot_180_flip_1,0.19604092836380005,0.14941082894802094,0.6545482873916626
42,3,400 ppm 2 1,d4,scale_1.0_rot_180_flip_1,0.5976323485374451,0.27033185958862305,0.13203582167625427
42,3,800 ppm 4 2,d4,scale_1.0_rot_180_flip_1,0.06414815038442612,0.09327811747789383,0.8425737023353577
42,3,800 ppm 1 6,d4,scale_1.0_rot_180_flip_1,0.24912405014038086,0.4607619345188141,0.29011398553848267
42,3,800 ppm 4 3,d4,scale_1.0_rot_180_flip_1,0.22523869574069977,0.6603919863700867,0.11436931043863297
42,3,1000 ppm 5 5,d4,scale_1.0_rot_180_flip_1,0.08314049243927002,0.3787875473499298,0.5380719900131226
42,3,600 ppm 5 6,d4,scale_1.0_rot_180_flip_1,0.45681971311569214,0.43027329444885254,0.11290699243545532
42,3,400 ppm 5 3,d4,scale_1.0_rot_180_flip_1,0.05949348956346512,0.1893978863954544,0.7511086463928223
42,3,600 ppm 1 6,d4,scale_1.0_rot_180_flip_1,0.0419803112745285,0.23883597552776337,0.7191837430000305
42,3,1000 ppm 1 6,d4,scale_1.0_rot_180_flip_1,0.08316440135240555,0.12685172259807587,0.7899839282035828
42,3,800 ppm 5 2,d4,scale_1.0_rot_180_flip_1,0.159918874502182,0.5481120944023132,0.29196906089782715
42,3,c 2,d4,scale_1.0_rot_180_flip_1,0.7144068479537964,0.15095935761928558,0.13463380932807922
42,3,800 ppm 2 2,d4,scale_1.0_rot_180_flip_1,0.4171537756919861,0.26564154028892517,0.31720468401908875
42,3,400 ppm 5 9,d4,scale_1.0_rot_180_flip_1,0.09289097040891647,0.13177403807640076,0.7753350138664246
42,3,400 ppm 2 8,d4,scale_1.0_rot_180_flip_1,0.6807443499565125,0.08390374481678009,0.2353518307209015
42,3,400 ppm 1 4,d4,scale_1.0_rot_180_flip_1,0.38547223806381226,0.1642046868801117,0.45032304525375366
42,3,1000 ppm 2 2,d4,scale_1.0_rot_180_flip_1,0.3067481517791748,0.4785882234573364,0.21466362476348877
42,3,400 ppm 5 6,d4,scale_1.0_rot_270_flip_0,0.5287938714027405,0.1446266919374466,0.3265794813632965
42,3,800 ppm 5 6,d4,scale_1.0_rot_270_flip_0,0.01745080016553402,0.0417473129928112,0.9408018589019775
42,3,800 ppm 1 8,d4,scale_1.0_rot_270_flip_0,0.10279207676649094,0.37169620394706726,0.5255117416381836
42,3,400 ppm 1 7,d4,scale_1.0_rot_270_flip_0,0.08543988317251205,0.08167079836130142,0.8328892588615417
42,3,400 ppm 3 8,d4,scale_1.0_rot_270_flip_0,0.3768364489078522,0.39103883504867554,0.2321247011423111
42,3,1000 ppm 4 10,d4,scale_1.0_rot_270_flip_0,0.09447015821933746,0.2518512010574341,0.6536786556243896
42,3,600 ppm 4 1,d4,scale_1.0_rot_270_flip_0,0.4816518723964691,0.15305809676647186,0.3652900159358978
42,3,400 ppm 4 2,d4,scale_1.0_rot_270_flip_0,0.07680369913578033,0.15393343567848206,0.7692629098892212
42,3,1000 ppm 3 7,d4,scale_1.0_rot_270_flip_0,0.22734975814819336,0.23327411711215973,0.5393760800361633
42,3,800 ppm 4 1,d4,scale_1.0_rot_270_flip_0,0.13130486011505127,0.05281490087509155,0.8158802390098572
42,3,600 ppm 1 10,d4,scale_1.0_rot_270_flip_0,0.19210466742515564,0.45321112871170044,0.35468414425849915
42,3,400 ppm 5 4,d4,scale_1.0_rot_270_flip_0,0.1908155232667923,0.3955647051334381,0.4136198163032532
42,3,1000 ppm 1 10,d4,scale_1.0_rot_270_flip_0,0.029211657121777534,0.019979070872068405,0.9508092999458313
42,3,800 ppm 5 1,d4,scale_1.0_rot_270_flip_0,0.22872602939605713,0.24836838245391846,0.5229055881500244
42,3,1000 ppm 1 2,d4,scale_1.0_rot_270_flip_0,0.11649899184703827,0.37844857573509216,0.5050524473190308
42,3,800 ppm 4 10,d4,scale_1.0_rot_270_flip_0,0.6136500239372253,0.07727055251598358,0.3090794086456299
42,3,800 ppm 3 10,d4,scale_1.0_rot_270_flip_0,0.13009002804756165,0.7589975595474243,0.11091244220733643
42,3,600 ppm 4 2,d4,scale_1.0_rot_270_flip_0,0.06290227174758911,0.09448041021823883,0.8426173329353333
42,3,600 ppm 5 9,d4,scale_1.0_rot_270_flip_0,0.03312234580516815,0.14268220961093903,0.8241955041885376
42,3,600 ppm 4 3,d4,scale_1.0_rot_270_flip_0,0.12300555408000946,0.07405262440443039,0.8029418587684631
42,3,600 ppm 2 3,d4,scale_1.0_rot_270_flip_0,0.013954932801425457,0.01636398397386074,0.9696810245513916
42,3,400 ppm 1 8,d4,scale_1.0_rot_270_flip_0,0.12574663758277893,0.22960838675498962,0.6446449756622314
42,3,800 ppm 2 6,d4,scale_1.0_rot_270_flip_0,0.34651947021484375,0.34438958764076233,0.30909088253974915
42,3,400 ppm 3 3,d4,scale_1.0_rot_270_flip_0,0.7086206078529358,0.17463597655296326,0.11674343049526215
42,3,400 ppm 4 7,d4,scale_1.0_rot_270_flip_0,0.7686650156974792,0.13007007539272308,0.10126493871212006
42,3,400 ppm 1 1,d4,scale_1.0_rot_270_flip_0,0.6294477581977844,0.060891274362802505,0.30966100096702576
42,3,600 ppm 3 2,d4,scale_1.0_rot_270_flip_0,0.1538914144039154,0.6561427712440491,0.18996582925319672
42,3,400 ppm 2 5,d4,scale_1.0_rot_270_flip_0,0.8161288499832153,0.08914520591497421,0.09472596645355225
42,3,800 ppm 2 10,d4,scale_1.0_rot_270_flip_0,0.11275579035282135,0.04665723443031311,0.8405870199203491
42,3,400 ppm 2 6,d4,scale_1.0_rot_270_flip_0,0.36508676409721375,0.20815806090831757,0.4267551898956299
42,3,400 ppm 2 2,d4,scale_1.0_rot_270_flip_0,0.6811071634292603,0.15648271143436432,0.16241009533405304
42,3,800 ppm 1 3,d4,scale_1.0_rot_270_flip_0,0.11150522530078888,0.3569471538066864,0.5315476059913635
42,3,400 ppm 5 7,d4,scale_1.0_rot_270_flip_0,0.13966476917266846,0.1969466358423233,0.6633886098861694
42,3,1000 ppm 3 1,d4,scale_1.0_rot_270_flip_0,0.06508428603410721,0.17863810062408447,0.7562776207923889
42,3,1000 ppm 2 9,d4,scale_1.0_rot_270_flip_0,0.1273966133594513,0.1463429033756256,0.7262604236602783
42,3,1000 ppm 2 6,d4,scale_1.0_rot_270_flip_0,0.08763677626848221,0.04538391903042793,0.8669793009757996
42,3,400 ppm 2 1,d4,scale_1.0_rot_270_flip_0,0.5527251362800598,0.17451585829257965,0.2727590501308441
42,3,800 ppm 4 2,d4,scale_1.0_rot_270_flip_0,0.03659936785697937,0.02739097736775875,0.9360095858573914
42,3,800 ppm 1 6,d4,scale_1.0_rot_270_flip_0,0.23704145848751068,0.41166040301322937,0.35129815340042114
42,3,800 ppm 4 3,d4,scale_1.0_rot_270_flip_0,0.3685929775238037,0.48856300115585327,0.14284400641918182
42,3,1000 ppm 5 5,d4,scale_1.0_rot_270_flip_0,0.03577245771884918,0.11229021847248077,0.8519373536109924
42,3,600 ppm 5 6,d4,scale_1.0_rot_270_flip_0,0.3523574471473694,0.4036952555179596,0.24394726753234863
42,3,400 ppm 5 3,d4,scale_1.0_rot_270_flip_0,0.07820864021778107,0.445698618888855,0.47609278559684753
42,3,600 ppm 1 6,d4,scale_1.0_rot_270_flip_0,0.05811981111764908,0.22037522494792938,0.7215049862861633
42,3,1000 ppm 1 6,d4,scale_1.0_rot_270_flip_0,0.26688075065612793,0.2600725591182709,0.4730466902256012
42,3,800 ppm 5 2,d4,scale_1.0_rot_270_flip_0,0.08967182785272598,0.29929548501968384,0.6110327243804932
42,3,c 2,d4,scale_1.0_rot_270_flip_0,0.7605950832366943,0.057803258299827576,0.18160168826580048
42,3,800 ppm 2 2,d4,scale_1.0_rot_270_flip_0,0.5585044622421265,0.06855683028697968,0.37293869256973267
42,3,400 ppm 5 9,d4,scale_1.0_rot_270_flip_0,0.08970467001199722,0.07604016363620758,0.8342552185058594
42,3,400 ppm 2 8,d4,scale_1.0_rot_270_flip_0,0.5012884140014648,0.09219557046890259,0.4065159857273102
42,3,400 ppm 1 4,d4,scale_1.0_rot_270_flip_0,0.5881229639053345,0.11259965598583221,0.29927733540534973
42,3,1000 ppm 2 2,d4,scale_1.0_rot_270_flip_0,0.40909284353256226,0.40377122163772583,0.18713593482971191
42,3,400 ppm 5 6,d4,scale_1.0_rot_270_flip_1,0.5830351114273071,0.13623709976673126,0.280727744102478
42,3,800 ppm 5 6,d4,scale_1.0_rot_270_flip_1,0.02213727869093418,0.05220456048846245,0.9256581664085388
42,3,800 ppm 1 8,d4,scale_1.0_rot_270_flip_1,0.13089528679847717,0.4185245931148529,0.4505801200866699
42,3,400 ppm 1 7,d4,scale_1.0_rot_270_flip_1,0.09699492901563644,0.0877581238746643,0.8152469396591187
42,3,400 ppm 3 8,d4,scale_1.0_rot_270_flip_1,0.2704342007637024,0.34667402505874634,0.38289177417755127
42,3,1000 ppm 4 10,d4,scale_1.0_rot_270_flip_1,0.13442005217075348,0.22842805087566376,0.6371518969535828
42,3,600 ppm 4 1,d4,scale_1.0_rot_270_flip_1,0.47307053208351135,0.14080984890460968,0.38611966371536255
42,3,400 ppm 4 2,d4,scale_1.0_rot_270_flip_1,0.10686586797237396,0.18265315890312195,0.7104809880256653
42,3,1000 ppm 3 7,d4,scale_1.0_rot_270_flip_1,0.13966917991638184,0.20109933614730835,0.6592314839363098
42,3,800 ppm 4 1,d4,scale_1.0_rot_270_flip_1,0.24468721449375153,0.06197432428598404,0.6933384537696838
42,3,600 ppm 1 10,d4,scale_1.0_rot_270_flip_1,0.1610087752342224,0.23987585306167603,0.5991153120994568
42,3,400 ppm 5 4,d4,scale_1.0_rot_270_flip_1,0.11249334365129471,0.40580374002456665,0.48170286417007446
42,3,1000 ppm 1 10,d4,scale_1.0_rot_270_flip_1,0.027120931074023247,0.020178085193037987,0.9527009129524231
42,3,800 ppm 5 1,d4,scale_1.0_rot_270_flip_1,0.15494483709335327,0.39512595534324646,0.4499291777610779
42,3,1000 ppm 1 2,d4,scale_1.0_rot_270_flip_1,0.1537420004606247,0.43253010511398315,0.41372793912887573
42,3,800 ppm 4 10,d4,scale_1.0_rot_270_flip_1,0.7166687250137329,0.08442486077547073,0.19890639185905457
42,3,800 ppm 3 10,d4,scale_1.0_rot_270_flip_1,0.1552313268184662,0.7379413843154907,0.10682731121778488
42,3,600 ppm 4 2,d4,scale_1.0_rot_270_flip_1,0.06022142246365547,0.09109120815992355,0.8486874103546143
42,3,600 ppm 5 9,d4,scale_1.0_rot_270_flip_1,0.03287198767066002,0.061560243368148804,0.9055678248405457
42,3,600 ppm 4 3,d4,scale_1.0_rot_270_flip_1,0.16208353638648987,0.09010250121355057,0.7478139996528625
42,3,600 ppm 2 3,d4,scale_1.0_rot_270_flip_1,0.010617469437420368,0.019683631137013435,0.9696988463401794
42,3,400 ppm 1 8,d4,scale_1.0_rot_270_flip_1,0.1359545886516571,0.16250477731227875,0.7015405893325806
42,3,800 ppm 2 6,d4,scale_1.0_rot_270_flip_1,0.3942500054836273,0.27903053164482117,0.32671940326690674
42,3,400 ppm 3 3,d4,scale_1.0_rot_270_flip_1,0.5907350182533264,0.20886598527431488,0.20039904117584229
42,3,400 ppm 4 7,d4,scale_1.0_rot_270_flip_1,0.8612416386604309,0.0709836557507515,0.06777478754520416
42,3,400 ppm 1 1,d4,scale_1.0_rot_270_flip_1,0.6390025615692139,0.060801487416028976,0.30019599199295044
42,3,600 ppm 3 2,d4,scale_1.0_rot_270_flip_1,0.2136877179145813,0.5336682796478271,0.25264397263526917
42,3,400 ppm 2 5,d4,scale_1.0_rot_270_flip_1,0.7606595158576965,0.06715938448905945,0.17218105494976044
42,3,800 ppm 2 10,d4,scale_1.0_rot_270_flip_1,0.1246737390756607,0.0397263802587986,0.8355998992919922
42,3,400 ppm 2 6,d4,scale_1.0_rot_270_flip_1,0.30593574047088623,0.14359495043754578,0.5504693388938904
42,3,400 ppm 2 2,d4,scale_1.0_rot_270_flip_1,0.6639357209205627,0.16336961090564728,0.17269468307495117
42,3,800 ppm 1 3,d4,scale_1.0_rot_270_flip_1,0.06744500249624252,0.3123680353164673,0.620186984539032
42,3,400 ppm 5 7,d4,scale_1.0_rot_270_flip_1,0.15609464049339294,0.2055405229330063,0.6383647918701172
42,3,1000 ppm 3 1,d4,scale_1.0_rot_270_flip_1,0.08137302845716476,0.17950545251369476,0.7391216158866882
42,3,1000 ppm 2 9,d4,scale_1.0_rot_270_flip_1,0.08354225009679794,0.2076883465051651,0.7087693810462952
42,3,1000 ppm 2 6,d4,scale_1.0_rot_270_flip_1,0.12234615534543991,0.07540295273065567,0.802250862121582
42,3,400 ppm 2 1,d4,scale_1.0_rot_270_flip_1,0.4937985837459564,0.22988295555114746,0.27631843090057373
42,3,800 ppm 4 2,d4,scale_1.0_rot_270_flip_1,0.02005380019545555,0.025798622518777847,0.954147458076477
42,3,800 ppm 1 6,d4,scale_1.0_rot_270_flip_1,0.18339146673679352,0.5614242553710938,0.25518423318862915
42,3,800 ppm 4 3,d4,scale_1.0_rot_270_flip_1,0.2959401607513428,0.47854670882225037,0.22551310062408447
42,3,1000 ppm 5 5,d4,scale_1.0_rot_270_flip_1,0.046442870050668716,0.14559151232242584,0.8079655766487122
42,3,600 ppm 5 6,d4,scale_1.0_rot_270_flip_1,0.30222317576408386,0.3902185559272766,0.30755823850631714
42,3,400 ppm 5 3,d4,scale_1.0_rot_270_flip_1,0.05587340146303177,0.35269618034362793,0.5914303660392761
42,3,600 ppm 1 6,d4,scale_1.0_rot_270_flip_1,0.023789288476109505,0.10159172117710114,0.8746190071105957
42,3,1000 ppm 1 6,d4,scale_1.0_rot_270_flip_1,0.2594691216945648,0.2253383845090866,0.5151925086975098
42,3,800 ppm 5 2,d4,scale_1.0_rot_270_flip_1,0.13006660342216492,0.3494444489479065,0.520488977432251
42,3,c 2,d4,scale_1.0_rot_270_flip_1,0.7358271479606628,0.04799292981624603,0.2161799818277359
42,3,800 ppm 2 2,d4,scale_1.0_rot_270_flip_1,0.529857873916626,0.2131606489419937,0.2569814622402191
42,3,400 ppm 5 9,d4,scale_1.0_rot_270_flip_1,0.05354592576622963,0.07740913331508636,0.8690450191497803
42,3,400 ppm 2 8,d4,scale_1.0_rot_270_flip_1,0.6303435564041138,0.05023103952407837,0.31942546367645264
42,3,400 ppm 1 4,d4,scale_1.0_rot_270_flip_1,0.442554771900177,0.16069994866847992,0.3967452943325043
42,3,1000 ppm 2 2,d4,scale_1.0_rot_270_flip_1,0.3800840973854065,0.2966720461845398,0.3232439160346985
42,4,1000 ppm 1 3,single,scale_1.0_rot_0_flip_0,0.2558133900165558,0.31324928998947144,0.4309373199939728
42,4,400 ppm 4 6,single,scale_1.0_rot_0_flip_0,0.3103056848049164,0.6030747294425964,0.0866195484995842
42,4,600 ppm 3 1,single,scale_1.0_rot_0_flip_0,0.1658925861120224,0.49638432264328003,0.3377230763435364
42,4,400 ppm 3 5,single,scale_1.0_rot_0_flip_0,0.4377347528934479,0.5122787356376648,0.04998651519417763
42,4,c 10,single,scale_1.0_rot_0_flip_0,0.6933897733688354,0.2032814919948578,0.10332877188920975
42,4,400 ppm 1 2,single,scale_1.0_rot_0_flip_0,0.20631763339042664,0.6619091629981995,0.1317732334136963
42,4,800 ppm 2 4,single,scale_1.0_rot_0_flip_0,0.16127488017082214,0.7726389169692993,0.06608620285987854
42,4,800 ppm 5 4,single,scale_1.0_rot_0_flip_0,0.03886957839131355,0.1908087134361267,0.7703217267990112
42,4,1000 ppm 1 4,single,scale_1.0_rot_0_flip_0,0.12128382921218872,0.3612866699695587,0.517429530620575
42,4,1000 ppm 4 2,single,scale_1.0_rot_0_flip_0,0.1428437978029251,0.36563044786453247,0.49152570962905884
42,4,400 ppm 2 3,single,scale_1.0_rot_0_flip_0,0.16917915642261505,0.6336351633071899,0.1971856951713562
42,4,600 ppm 1 3,single,scale_1.0_rot_0_flip_0,0.20696470141410828,0.7025118470191956,0.09052342176437378
42,4,400 ppm 5 5,single,scale_1.0_rot_0_flip_0,0.25934889912605286,0.19278152287006378,0.5478695631027222
42,4,800 ppm 3 7,single,scale_1.0_rot_0_flip_0,0.619809091091156,0.19177207350730896,0.18841883540153503
42,4,400 ppm 1 9,single,scale_1.0_rot_0_flip_0,0.18820728361606598,0.11472601443529129,0.6970667839050293
42,4,800 ppm 5 3,single,scale_1.0_rot_0_flip_0,0.08808998763561249,0.5449295043945312,0.36698052287101746
42,4,800 ppm 3 6,single,scale_1.0_rot_0_flip_0,0.22408728301525116,0.6832627058029175,0.09265002608299255
42,4,1000 ppm 4 8,single,scale_1.0_rot_0_flip_0,0.11176051944494247,0.29290440678596497,0.595335066318512
42,4,800 ppm 4 8,single,scale_1.0_rot_0_flip_0,0.3766006529331207,0.41137760877609253,0.21202173829078674
42,4,400 ppm 4 9,single,scale_1.0_rot_0_flip_0,0.09692469984292984,0.6690624952316284,0.23401276767253876
42,4,c 7,single,scale_1.0_rot_0_flip_0,0.6709409952163696,0.25051963329315186,0.0785393938422203
42,4,800 ppm 1 5,single,scale_1.0_rot_0_flip_0,0.09841374307870865,0.33038729429244995,0.5711989402770996
42,4,600 ppm 2 7,single,scale_1.0_rot_0_flip_0,0.10315021127462387,0.1794922798871994,0.7173575162887573
42,4,600 ppm 1 7,single,scale_1.0_rot_0_flip_0,0.3001454472541809,0.6447324752807617,0.05512212589383125
42,4,1000 ppm 3 6,single,scale_1.0_rot_0_flip_0,0.129731222987175,0.5490564107894897,0.32121238112449646
42,4,1000 ppm 1 9,single,scale_1.0_rot_0_flip_0,0.06616506725549698,0.27446097135543823,0.6593739986419678
42,4,800 ppm 2 7,single,scale_1.0_rot_0_flip_0,0.008099045604467392,0.03893345966935158,0.9529675245285034
42,4,800 ppm 3 2,single,scale_1.0_rot_0_flip_0,0.2400052398443222,0.7195911407470703,0.04040355235338211
42,4,1000 ppm 4 6,single,scale_1.0_rot_0_flip_0,0.2041059285402298,0.5722277760505676,0.22366631031036377
42,4,600 ppm 1 4,single,scale_1.0_rot_0_flip_0,0.28727293014526367,0.6760029196739197,0.03672415390610695
42,4,600 ppm 3 10,single,scale_1.0_rot_0_flip_0,0.43600204586982727,0.4013622999191284,0.1626356840133667
42,4,600 ppm 5 8,single,scale_1.0_rot_0_flip_0,0.5321869254112244,0.3508993089199066,0.11691378057003021
42,4,c 5,single,scale_1.0_rot_0_flip_0,0.6164961457252502,0.1690552532672882,0.21444858610630035
42,4,600 ppm 3 9,single,scale_1.0_rot_0_flip_0,0.3480224013328552,0.5167709589004517,0.13520662486553192
42,4,1000 ppm 5 10,single,scale_1.0_rot_0_flip_0,0.06591349840164185,0.1415690779685974,0.7925174236297607
42,4,600 ppm 5 1,single,scale_1.0_rot_0_flip_0,0.6765512228012085,0.27446094155311584,0.048987895250320435
42,4,600 ppm 1 1,single,scale_1.0_rot_0_flip_0,0.4625505805015564,0.37569138407707214,0.16175812482833862
42,4,800 ppm 5 10,single,scale_1.0_rot_0_flip_0,0.28149494528770447,0.5014354586601257,0.2170695811510086
42,4,400 ppm 4 5,single,scale_1.0_rot_0_flip_0,0.23722700774669647,0.6634517312049866,0.09932125359773636
42,4,600 ppm 3 8,single,scale_1.0_rot_0_flip_0,0.3983688950538635,0.48988741636276245,0.11174365133047104
42,4,800 ppm 3 8,single,scale_1.0_rot_0_flip_0,0.3807976543903351,0.4846409857273102,0.13456133008003235
42,4,1000 ppm 5 6,single,scale_1.0_rot_0_flip_0,0.16511128842830658,0.4866958558559418,0.34819284081459045
42,4,600 ppm 4 8,single,scale_1.0_rot_0_flip_0,0.0784451887011528,0.3989691138267517,0.5225857496261597
42,4,800 ppm 3 5,single,scale_1.0_rot_0_flip_0,0.37714362144470215,0.4629638195037842,0.15989252924919128
42,4,400 ppm 3 1,single,scale_1.0_rot_0_flip_0,0.4737754762172699,0.46169915795326233,0.0645252987742424
42,4,400 ppm 3 6,single,scale_1.0_rot_0_flip_0,0.505794107913971,0.4406718313694,0.05353410542011261
42,4,600 ppm 4 10,single,scale_1.0_rot_0_flip_0,0.14257769286632538,0.34242233633995056,0.5149999260902405
42,4,1000 ppm 4 1,single,scale_1.0_rot_0_flip_0,0.13753704726696014,0.5397017002105713,0.3227612376213074
42,4,400 ppm 4 10,single,scale_1.0_rot_0_flip_0,0.1596013903617859,0.33439400792121887,0.5060045719146729
42,4,600 ppm 3 3,single,scale_1.0_rot_0_flip_0,0.37166479229927063,0.3178803026676178,0.3104548752307892
42,4,400 ppm 3 4,single,scale_1.0_rot_0_flip_0,0.14373402297496796,0.3561933636665344,0.5000726580619812
42,4,1000 ppm 2 3,single,scale_1.0_rot_0_flip_0,0.33441391587257385,0.4448012411594391,0.22078481316566467
42,4,1000 ppm 1 3,d4,scale_1.0_rot_0_flip_0,0.2558133900165558,0.31324928998947144,0.4309373199939728
42,4,400 ppm 4 6,d4,scale_1.0_rot_0_flip_0,0.3103056848049164,0.6030747294425964,0.0866195484995842
42,4,600 ppm 3 1,d4,scale_1.0_rot_0_flip_0,0.1658925861120224,0.49638432264328003,0.3377230763435364
42,4,400 ppm 3 5,d4,scale_1.0_rot_0_flip_0,0.4377347528934479,0.5122787356376648,0.04998651519417763
42,4,c 10,d4,scale_1.0_rot_0_flip_0,0.6933897733688354,0.2032814919948578,0.10332877188920975
42,4,400 ppm 1 2,d4,scale_1.0_rot_0_flip_0,0.20631763339042664,0.6619091629981995,0.1317732334136963
42,4,800 ppm 2 4,d4,scale_1.0_rot_0_flip_0,0.16127488017082214,0.7726389169692993,0.06608620285987854
42,4,800 ppm 5 4,d4,scale_1.0_rot_0_flip_0,0.03886957839131355,0.1908087134361267,0.7703217267990112
42,4,1000 ppm 1 4,d4,scale_1.0_rot_0_flip_0,0.12128382921218872,0.3612866699695587,0.517429530620575
42,4,1000 ppm 4 2,d4,scale_1.0_rot_0_flip_0,0.1428437978029251,0.36563044786453247,0.49152570962905884
42,4,400 ppm 2 3,d4,scale_1.0_rot_0_flip_0,0.16917915642261505,0.6336351633071899,0.1971856951713562
42,4,600 ppm 1 3,d4,scale_1.0_rot_0_flip_0,0.20696470141410828,0.7025118470191956,0.09052342176437378
42,4,400 ppm 5 5,d4,scale_1.0_rot_0_flip_0,0.25934889912605286,0.19278152287006378,0.5478695631027222
42,4,800 ppm 3 7,d4,scale_1.0_rot_0_flip_0,0.619809091091156,0.19177207350730896,0.18841883540153503
42,4,400 ppm 1 9,d4,scale_1.0_rot_0_flip_0,0.18820728361606598,0.11472601443529129,0.6970667839050293
42,4,800 ppm 5 3,d4,scale_1.0_rot_0_flip_0,0.08808998763561249,0.5449295043945312,0.36698052287101746
42,4,800 ppm 3 6,d4,scale_1.0_rot_0_flip_0,0.22408728301525116,0.6832627058029175,0.09265002608299255
42,4,1000 ppm 4 8,d4,scale_1.0_rot_0_flip_0,0.11176051944494247,0.29290440678596497,0.595335066318512
42,4,800 ppm 4 8,d4,scale_1.0_rot_0_flip_0,0.3766006529331207,0.41137760877609253,0.21202173829078674
42,4,400 ppm 4 9,d4,scale_1.0_rot_0_flip_0,0.09692469984292984,0.6690624952316284,0.23401276767253876
42,4,c 7,d4,scale_1.0_rot_0_flip_0,0.6709409952163696,0.25051963329315186,0.0785393938422203
42,4,800 ppm 1 5,d4,scale_1.0_rot_0_flip_0,0.09841374307870865,0.33038729429244995,0.5711989402770996
42,4,600 ppm 2 7,d4,scale_1.0_rot_0_flip_0,0.10315021127462387,0.1794922798871994,0.7173575162887573
42,4,600 ppm 1 7,d4,scale_1.0_rot_0_flip_0,0.3001454472541809,0.6447324752807617,0.05512212589383125
42,4,1000 ppm 3 6,d4,scale_1.0_rot_0_flip_0,0.129731222987175,0.5490564107894897,0.32121238112449646
42,4,1000 ppm 1 9,d4,scale_1.0_rot_0_flip_0,0.06616506725549698,0.27446097135543823,0.6593739986419678
42,4,800 ppm 2 7,d4,scale_1.0_rot_0_flip_0,0.008099045604467392,0.03893345966935158,0.9529675245285034
42,4,800 ppm 3 2,d4,scale_1.0_rot_0_flip_0,0.2400052398443222,0.7195911407470703,0.04040355235338211
42,4,1000 ppm 4 6,d4,scale_1.0_rot_0_flip_0,0.2041059285402298,0.5722277760505676,0.22366631031036377
42,4,600 ppm 1 4,d4,scale_1.0_rot_0_flip_0,0.28727293014526367,0.6760029196739197,0.03672415390610695
42,4,600 ppm 3 10,d4,scale_1.0_rot_0_flip_0,0.43600204586982727,0.4013622999191284,0.1626356840133667
42,4,600 ppm 5 8,d4,scale_1.0_rot_0_flip_0,0.5321869254112244,0.3508993089199066,0.11691378057003021
42,4,c 5,d4,scale_1.0_rot_0_flip_0,0.6164961457252502,0.1690552532672882,0.21444858610630035
42,4,600 ppm 3 9,d4,scale_1.0_rot_0_flip_0,0.3480224013328552,0.5167709589004517,0.13520662486553192
42,4,1000 ppm 5 10,d4,scale_1.0_rot_0_flip_0,0.06591349840164185,0.1415690779685974,0.7925174236297607
42,4,600 ppm 5 1,d4,scale_1.0_rot_0_flip_0,0.6765512228012085,0.27446094155311584,0.048987895250320435
42,4,600 ppm 1 1,d4,scale_1.0_rot_0_flip_0,0.4625505805015564,0.37569138407707214,0.16175812482833862
42,4,800 ppm 5 10,d4,scale_1.0_rot_0_flip_0,0.28149494528770447,0.5014354586601257,0.2170695811510086
42,4,400 ppm 4 5,d4,scale_1.0_rot_0_flip_0,0.23722700774669647,0.6634517312049866,0.09932125359773636
42,4,600 ppm 3 8,d4,scale_1.0_rot_0_flip_0,0.3983688950538635,0.48988741636276245,0.11174365133047104
42,4,800 ppm 3 8,d4,scale_1.0_rot_0_flip_0,0.3807976543903351,0.4846409857273102,0.13456133008003235
42,4,1000 ppm 5 6,d4,scale_1.0_rot_0_flip_0,0.16511128842830658,0.4866958558559418,0.34819284081459045
42,4,600 ppm 4 8,d4,scale_1.0_rot_0_flip_0,0.0784451887011528,0.3989691138267517,0.5225857496261597
42,4,800 ppm 3 5,d4,scale_1.0_rot_0_flip_0,0.37714362144470215,0.4629638195037842,0.15989252924919128
42,4,400 ppm 3 1,d4,scale_1.0_rot_0_flip_0,0.4737754762172699,0.46169915795326233,0.0645252987742424
42,4,400 ppm 3 6,d4,scale_1.0_rot_0_flip_0,0.505794107913971,0.4406718313694,0.05353410542011261
42,4,600 ppm 4 10,d4,scale_1.0_rot_0_flip_0,0.14257769286632538,0.34242233633995056,0.5149999260902405
42,4,1000 ppm 4 1,d4,scale_1.0_rot_0_flip_0,0.13753704726696014,0.5397017002105713,0.3227612376213074
42,4,400 ppm 4 10,d4,scale_1.0_rot_0_flip_0,0.1596013903617859,0.33439400792121887,0.5060045719146729
42,4,600 ppm 3 3,d4,scale_1.0_rot_0_flip_0,0.37166479229927063,0.3178803026676178,0.3104548752307892
42,4,400 ppm 3 4,d4,scale_1.0_rot_0_flip_0,0.14373402297496796,0.3561933636665344,0.5000726580619812
42,4,1000 ppm 2 3,d4,scale_1.0_rot_0_flip_0,0.33441391587257385,0.4448012411594391,0.22078481316566467
42,4,1000 ppm 1 3,d4,scale_1.0_rot_0_flip_1,0.14251472055912018,0.27394482493400574,0.5835404992103577
42,4,400 ppm 4 6,d4,scale_1.0_rot_0_flip_1,0.29235145449638367,0.5422233939170837,0.1654251515865326
42,4,600 ppm 3 1,d4,scale_1.0_rot_0_flip_1,0.18755576014518738,0.49309077858924866,0.31935349106788635
42,4,400 ppm 3 5,d4,scale_1.0_rot_0_flip_1,0.44443628191947937,0.5127980709075928,0.04276562109589577
42,4,c 10,d4,scale_1.0_rot_0_flip_1,0.7316108345985413,0.18571151793003082,0.08267766237258911
42,4,400 ppm 1 2,d4,scale_1.0_rot_0_flip_1,0.2520589828491211,0.6358945965766907,0.11204637587070465
42,4,800 ppm 2 4,d4,scale_1.0_rot_0_flip_1,0.1472938060760498,0.7857213616371155,0.0669848844408989
42,4,800 ppm 5 4,d4,scale_1.0_rot_0_flip_1,0.060096245259046555,0.34364384412765503,0.5962598919868469
42,4,1000 ppm 1 4,d4,scale_1.0_rot_0_flip_1,0.11758895218372345,0.3654284179210663,0.5169826745986938
42,4,1000 ppm 4 2,d4,scale_1.0_rot_0_flip_1,0.13028012216091156,0.3875409662723541,0.48217883706092834
42,4,400 ppm 2 3,d4,scale_1.0_rot_0_flip_1,0.13005289435386658,0.652019739151001,0.21792733669281006
42,4,600 ppm 1 3,d4,scale_1.0_rot_0_flip_1,0.18076351284980774,0.7131414413452148,0.10609502345323563
42,4,400 ppm 5 5,d4,scale_1.0_rot_0_flip_1,0.24991603195667267,0.1904379427433014,0.55964595079422
42,4,800 ppm 3 7,d4,scale_1.0_rot_0_flip_1,0.4908246695995331,0.2725449800491333,0.23663029074668884
42,4,400 ppm 1 9,d4,scale_1.0_rot_0_flip_1,0.11043298244476318,0.13622257113456726,0.7533443570137024
42,4,800 ppm 5 3,d4,scale_1.0_rot_0_flip_1,0.10638967901468277,0.5219235420227051,0.37168678641319275
42,4,800 ppm 3 6,d4,scale_1.0_rot_0_flip_1,0.20124496519565582,0.6687294840812683,0.13002561032772064
42,4,1000 ppm 4 8,d4,scale_1.0_rot_0_flip_1,0.06076924502849579,0.17562280595302582,0.763607919216156
42,4,800 ppm 4 8,d4,scale_1.0_rot_0_flip_1,0.421595960855484,0.360811710357666,0.21759231388568878
42,4,400 ppm 4 9,d4,scale_1.0_rot_0_flip_1,0.1365913450717926,0.6172592639923096,0.24614936113357544
42,4,c 7,d4,scale_1.0_rot_0_flip_1,0.7327322363853455,0.22794616222381592,0.039321597665548325
42,4,800 ppm 1 5,d4,scale_1.0_rot_0_flip_1,0.09447617083787918,0.29478585720062256,0.6107379794120789
42,4,600 ppm 2 7,d4,scale_1.0_rot_0_flip_1,0.09838686883449554,0.26009052991867065,0.6415225863456726
42,4,600 ppm 1 7,d4,scale_1.0_rot_0_flip_1,0.22726361453533173,0.7050918936729431,0.06764445453882217
42,4,1000 ppm 3 6,d4,scale_1.0_rot_0_flip_1,0.10553786158561707,0.5821797251701355,0.31228235363960266
42,4,1000 ppm 1 9,d4,scale_1.0_rot_0_flip_1,0.05525728315114975,0.2992979884147644,0.6454446911811829
42,4,800 ppm 2 7,d4,scale_1.0_rot_0_flip_1,0.022035295143723488,0.052780359983444214,0.9251843690872192
42,4,800 ppm 3 2,d4,scale_1.0_rot_0_flip_1,0.28235873579978943,0.6663855910301208,0.05125565826892853
42,4,1000 ppm 4 6,d4,scale_1.0_rot_0_flip_1,0.27751633524894714,0.4961957633495331,0.22628788650035858
42,4,600 ppm 1 4,d4,scale_1.0_rot_0_flip_1,0.3169079124927521,0.6324771642684937,0.05061488226056099
42,4,600 ppm 3 10,d4,scale_1.0_rot_0_flip_1,0.5125458836555481,0.3493589460849762,0.1380952000617981
42,4,600 ppm 5 8,d4,scale_1.0_rot_0_flip_1,0.570880651473999,0.30435502529144287,0.12476436793804169
42,4,c 5,d4,scale_1.0_rot_0_flip_1,0.7083571553230286,0.1251688301563263,0.16647399961948395
42,4,600 ppm 3 9,d4,scale_1.0_rot_0_flip_1,0.2254694700241089,0.6320309638977051,0.14249953627586365
42,4,1000 ppm 5 10,d4,scale_1.0_rot_0_flip_1,0.048770882189273834,0.10128875076770782,0.8499403595924377
42,4,600 ppm 5 1,d4,scale_1.0_rot_0_flip_1,0.6982582807540894,0.23501992225646973,0.06672189384698868
42,4,600 ppm 1 1,d4,scale_1.0_rot_0_flip_1,0.46508026123046875,0.4694133400917053,0.06550635397434235
42,4,800 ppm 5 10,d4,scale_1.0_rot_0_flip_1,0.20867528021335602,0.607959508895874,0.18336525559425354
42,4,400 ppm 4 5,d4,scale_1.0_rot_0_flip_1,0.19136233627796173,0.7096300721168518,0.09900761395692825
42,4,600 ppm 3 8,d4,scale_1.0_rot_0_flip_1,0.32424622774124146,0.5475558638572693,0.12819793820381165
42,4,800 ppm 3 8,d4,scale_1.0_rot_0_flip_1,0.38430333137512207,0.44547325372695923,0.1702234297990799
42,4,1000 ppm 5 6,d4,scale_1.0_rot_0_flip_1,0.17773225903511047,0.5090993046760559,0.313168466091156
42,4,600 ppm 4 8,d4,scale_1.0_rot_0_flip_1,0.05708293244242668,0.529439389705658,0.41347765922546387
42,4,800 ppm 3 5,d4,scale_1.0_rot_0_flip_1,0.4652344584465027,0.40559858083724976,0.12916699051856995
42,4,400 ppm 3 1,d4,scale_1.0_rot_0_flip_1,0.5584899187088013,0.3864481449127197,0.055061906576156616
42,4,400 ppm 3 6,d4,scale_1.0_rot_0_flip_1,0.5382387638092041,0.40560540556907654,0.056155815720558167
42,4,600 ppm 4 10,d4,scale_1.0_rot_0_flip_1,0.16875866055488586,0.4146607518196106,0.41658055782318115
42,4,1000 ppm 4 1,d4,scale_1.0_rot_0_flip_1,0.1313612163066864,0.5293166637420654,0.3393220901489258
42,4,400 ppm 4 10,d4,scale_1.0_rot_0_flip_1,0.15097676217556,0.40946584939956665,0.43955737352371216
42,4,600 ppm 3 3,d4,scale_1.0_rot_0_flip_1,0.36922866106033325,0.36766159534454346,0.2631097137928009
42,4,400 ppm 3 4,d4,scale_1.0_rot_0_flip_1,0.1400759369134903,0.4090343117713928,0.45088979601860046
42,4,1000 ppm 2 3,d4,scale_1.0_rot_0_flip_1,0.30180490016937256,0.4475643038749695,0.25063082575798035
42,4,1000 ppm 1 3,d4,scale_1.0_rot_90_flip_0,0.16148389875888824,0.18845528364181519,0.650060772895813
42,4,400 ppm 4 6,d4,scale_1.0_rot_90_flip_0,0.19420510530471802,0.4722106456756592,0.3335842490196228
42,4,600 ppm 3 1,d4,scale_1.0_rot_90_flip_0,0.05624621734023094,0.19482700526714325,0.7489267587661743
42,4,400 ppm 3 5,d4,scale_1.0_rot_90_flip_0,0.4073174297809601,0.47813963890075684,0.11454292386770248
42,4,c 10,d4,scale_1.0_rot_90_flip_0,0.6077784299850464,0.18261656165122986,0.20960497856140137
42,4,400 ppm 1 2,d4,scale_1.0_rot_90_flip_0,0.2649255096912384,0.4861777424812317,0.24889670312404633
42,4,800 ppm 2 4,d4,scale_1.0_rot_90_flip_0,0.1415376514196396,0.5937994718551636,0.26466289162635803
42,4,800 ppm 5 4,d4,scale_1.0_rot_90_flip_0,0.10026216506958008,0.3674830496311188,0.5322548151016235
42,4,1000 ppm 1 4,d4,scale_1.0_rot_90_flip_0,0.07214304059743881,0.22406594455242157,0.7037909626960754
42,4,1000 ppm 4 2,d4,scale_1.0_rot_90_flip_0,0.08607091009616852,0.13251374661922455,0.7814152836799622
42,4,400 ppm 2 3,d4,scale_1.0_rot_90_flip_0,0.09841195493936539,0.3668924570083618,0.5346956253051758
42,4,600 ppm 1 3,d4,scale_1.0_rot_90_flip_0,0.09019464999437332,0.48618558049201965,0.42361980676651
42,4,400 ppm 5 5,d4,scale_1.0_rot_90_flip_0,0.14440596103668213,0.07074790447950363,0.7848461270332336
42,4,800 ppm 3 7,d4,scale_1.0_rot_90_flip_0,0.37685155868530273,0.11042480915784836,0.5127236247062683
42,4,400 ppm 1 9,d4,scale_1.0_rot_90_flip_0,0.1310439109802246,0.3799412250518799,0.4890148639678955
42,4,800 ppm 5 3,d4,scale_1.0_rot_90_flip_0,0.10455372929573059,0.40998318791389465,0.48546314239501953
42,4,800 ppm 3 6,d4,scale_1.0_rot_90_flip_0,0.20987068116664886,0.29708823561668396,0.49304115772247314
42,4,1000 ppm 4 8,d4,scale_1.0_rot_90_flip_0,0.04771116375923157,0.08131592720746994,0.8709728717803955
42,4,800 ppm 4 8,d4,scale_1.0_rot_90_flip_0,0.47211042046546936,0.2914564907550812,0.23643304407596588
42,4,400 ppm 4 9,d4,scale_1.0_rot_90_flip_0,0.18178287148475647,0.519404411315918,0.29881271719932556
42,4,c 7,d4,scale_1.0_rot_90_flip_0,0.607049822807312,0.20788544416427612,0.1850646734237671
42,4,800 ppm 1 5,d4,scale_1.0_rot_90_flip_0,0.08967394381761551,0.19946202635765076,0.7108640074729919
42,4,600 ppm 2 7,d4,scale_1.0_rot_90_flip_0,0.07919536530971527,0.07590638101100922,0.8448981642723083
42,4,600 ppm 1 7,d4,scale_1.0_rot_90_flip_0,0.22949397563934326,0.5164746046066284,0.2540314793586731
42,4,1000 ppm 3 6,d4,scale_1.0_rot_90_flip_0,0.07876593619585037,0.26855483651161194,0.6526792049407959
42,4,1000 ppm 1 9,d4,scale_1.0_rot_90_flip_0,0.03664880618453026,0.0774277076125145,0.8859235644340515
42,4,800 ppm 2 7,d4,scale_1.0_rot_90_flip_0,0.01974671147763729,0.14944086968898773,0.830812394618988
42,4,800 ppm 3 2,d4,scale_1.0_rot_90_flip_0,0.40467002987861633,0.37390026450157166,0.2214297354221344
42,4,1000 ppm 4 6,d4,scale_1.0_rot_90_flip_0,0.09029897302389145,0.4039449393749237,0.5057560205459595
42,4,600 ppm 1 4,d4,scale_1.0_rot_90_flip_0,0.41518670320510864,0.46374669671058655,0.12106667459011078
42,4,600 ppm 3 10,d4,scale_1.0_rot_90_flip_0,0.4874034821987152,0.25797921419143677,0.254617303609848
42,4,600 ppm 5 8,d4,scale_1.0_rot_90_flip_0,0.35372957587242126,0.25124695897102356,0.3950234055519104
42,4,c 5,d4,scale_1.0_rot_90_flip_0,0.5879928469657898,0.10431215167045593,0.3076949417591095
42,4,600 ppm 3 9,d4,scale_1.0_rot_90_flip_0,0.4008989632129669,0.28008896112442017,0.3190120756626129
42,4,1000 ppm 5 10,d4,scale_1.0_rot_90_flip_0,0.07509253919124603,0.3441348373889923,0.5807726383209229
42,4,600 ppm 5 1,d4,scale_1.0_rot_90_flip_0,0.7581310868263245,0.17810842394828796,0.06376050412654877
42,4,600 ppm 1 1,d4,scale_1.0_rot_90_flip_0,0.5393373966217041,0.2468283623456955,0.21383421123027802
42,4,800 ppm 5 10,d4,scale_1.0_rot_90_flip_0,0.1307336986064911,0.2872908115386963,0.5819754600524902
42,4,400 ppm 4 5,d4,scale_1.0_rot_90_flip_0,0.1459624320268631,0.49873197078704834,0.3553055226802826
42,4,600 ppm 3 8,d4,scale_1.0_rot_90_flip_0,0.4206407964229584,0.49010753631591797,0.08925175666809082
42,4,800 ppm 3 8,d4,scale_1.0_rot_90_flip_0,0.39324066042900085,0.31969699263572693,0.2870624363422394
42,4,1000 ppm 5 6,d4,scale_1.0_rot_90_flip_0,0.19307474792003632,0.21832838654518127,0.5885969400405884
42,4,600 ppm 4 8,d4,scale_1.0_rot_90_flip_0,0.06503216177225113,0.4390069544315338,0.49596095085144043
42,4,800 ppm 3 5,d4,scale_1.0_rot_90_flip_0,0.5123804211616516,0.4229297935962677,0.06468982249498367
42,4,400 ppm 3 1,d4,scale_1.0_rot_90_flip_0,0.47343823313713074,0.2872278094291687,0.23933391273021698
42,4,400 ppm 3 6,d4,scale_1.0_rot_90_flip_0,0.6649947166442871,0.21889649331569672,0.11610877513885498
42,4,600 ppm 4 10,d4,scale_1.0_rot_90_flip_0,0.08596739917993546,0.20406687259674072,0.709965705871582
42,4,1000 ppm 4 1,d4,scale_1.0_rot_90_flip_0,0.1687522679567337,0.26740601658821106,0.563841700553894
42,4,400 ppm 4 10,d4,scale_1.0_rot_90_flip_0,0.1180620938539505,0.1884208470582962,0.6935170888900757
42,4,600 ppm 3 3,d4,scale_1.0_rot_90_flip_0,0.38723304867744446,0.21592597663402557,0.39684101939201355
42,4,400 ppm 3 4,d4,scale_1.0_rot_90_flip_0,0.12245877832174301,0.39570415019989014,0.48183706402778625
42,4,1000 ppm 2 3,d4,scale_1.0_rot_90_flip_0,0.18070390820503235,0.27659469842910767,0.5427013635635376
42,4,1000 ppm 1 3,d4,scale_1.0_rot_90_flip_1,0.15954901278018951,0.21266303956508636,0.6277879476547241
42,4,400 ppm 4 6,d4,scale_1.0_rot_90_flip_1,0.21848204731941223,0.3362744450569153,0.4452434778213501
42,4,600 ppm 3 1,d4,scale_1.0_rot_90_flip_1,0.10268466174602509,0.23345227539539337,0.6638630628585815
42,4,400 ppm 3 5,d4,scale_1.0_rot_90_flip_1,0.29273608326911926,0.5640716552734375,0.14319229125976562
42,4,c 10,d4,scale_1.0_rot_90_flip_1,0.550478994846344,0.19095052778720856,0.25857046246528625
42,4,400 ppm 1 2,d4,scale_1.0_rot_90_flip_1,0.26678234338760376,0.537787139415741,0.19543048739433289
42,4,800 ppm 2 4,d4,scale_1.0_rot_90_flip_1,0.10548891872167587,0.6824182271957397,0.21209292113780975
42,4,800 ppm 5 4,d4,scale_1.0_rot_90_flip_1,0.1087413802742958,0.4165625274181366,0.4746960699558258
42,4,1000 ppm 1 4,d4,scale_1.0_rot_90_flip_1,0.10459074378013611,0.33552291989326477,0.5598863363265991
42,4,1000 ppm 4 2,d4,scale_1.0_rot_90_flip_1,0.08225049078464508,0.16568772494792938,0.7520617842674255
42,4,400 ppm 2 3,d4,scale_1.0_rot_90_flip_1,0.06805676221847534,0.392669677734375,0.5392735600471497
42,4,600 ppm 1 3,d4,scale_1.0_rot_90_flip_1,0.10843226313591003,0.5174092650413513,0.37415847182273865
42,4,400 ppm 5 5,d4,scale_1.0_rot_90_flip_1,0.14641450345516205,0.06216294690966606,0.7914225459098816
42,4,800 ppm 3 7,d4,scale_1.0_rot_90_flip_1,0.5258625149726868,0.0959899052977562,0.3781476318836212
42,4,400 ppm 1 9,d4,scale_1.0_rot_90_flip_1,0.19932730495929718,0.40408968925476074,0.39658302068710327
42,4,800 ppm 5 3,d4,scale_1.0_rot_90_flip_1,0.11790840327739716,0.3219833970069885,0.5601082444190979
42,4,800 ppm 3 6,d4,scale_1.0_rot_90_flip_1,0.11268331110477448,0.2011386752128601,0.6861780285835266
42,4,1000 ppm 4 8,d4,scale_1.0_rot_90_flip_1,0.06731808185577393,0.10682304203510284,0.8258588910102844
42,4,800 ppm 4 8,d4,scale_1.0_rot_90_flip_1,0.38752657175064087,0.36662742495536804,0.24584603309631348
42,4,400 ppm 4 9,d4,scale_1.0_rot_90_flip_1,0.14814314246177673,0.4470992684364319,0.404757559299469
42,4,c 7,d4,scale_1.0_rot_90_flip_1,0.6865161657333374,0.1897757649421692,0.12370804697275162
42,4,800 ppm 1 5,d4,scale_1.0_rot_90_flip_1,0.06181022897362709,0.22587457299232483,0.7123151421546936
42,4,600 ppm 2 7,d4,scale_1.0_rot_90_flip_1,0.07208097726106644,0.08580832928419113,0.8421106934547424
42,4,600 ppm 1 7,d4,scale_1.0_rot_90_flip_1,0.17941388487815857,0.6183843016624451,0.20220178365707397
42,4,1000 ppm 3 6,d4,scale_1.0_rot_90_flip_1,0.08898770064115524,0.4854443371295929,0.42556801438331604
42,4,1000 ppm 1 9,d4,scale_1.0_rot_90_flip_1,0.030359214171767235,0.1308557391166687,0.8387849926948547
42,4,800 ppm 2 7,d4,scale_1.0_rot_90_flip_1,0.055827341973781586,0.21601317822933197,0.728159487247467
42,4,800 ppm 3 2,d4,scale_1.0_rot_90_flip_1,0.3259865641593933,0.5533174276351929,0.12069597840309143
42,4,1000 ppm 4 6,d4,scale_1.0_rot_90_flip_1,0.21821296215057373,0.5235835909843445,0.2582034766674042
42,4,600 ppm 1 4,d4,scale_1.0_rot_90_flip_1,0.35705050826072693,0.5226555466651917,0.12029394507408142
42,4,600 ppm 3 10,d4,scale_1.0_rot_90_flip_1,0.6324728727340698,0.16910682618618011,0.19842030107975006
42,4,600 ppm 5 8,d4,scale_1.0_rot_90_flip_1,0.2939263880252838,0.30073902010917664,0.40533456206321716
42,4,c 5,d4,scale_1.0_rot_90_flip_1,0.5149782299995422,0.08906147629022598,0.3959603011608124
42,4,600 ppm 3 9,d4,scale_1.0_rot_90_flip_1,0.40508514642715454,0.456839919090271,0.13807488977909088
42,4,1000 ppm 5 10,d4,scale_1.0_rot_90_flip_1,0.07408878952264786,0.33333656191825867,0.5925746560096741
42,4,600 ppm 5 1,d4,scale_1.0_rot_90_flip_1,0.8528993725776672,0.10533194243907928,0.04176865890622139
42,4,600 ppm 1 1,d4,scale_1.0_rot_90_flip_1,0.3842960596084595,0.3690038025379181,0.2467002123594284
42,4,800 ppm 5 10,d4,scale_1.0_rot_90_flip_1,0.23245538771152496,0.4312772750854492,0.3362673223018646
42,4,400 ppm 4 5,d4,scale_1.0_rot_90_flip_1,0.14390748739242554,0.45694243907928467,0.39915013313293457
42,4,600 ppm 3 8,d4,scale_1.0_rot_90_flip_1,0.4366908073425293,0.5026117563247681,0.060697413980960846
42,4,800 ppm 3 8,d4,scale_1.0_rot_90_flip_1,0.30236130952835083,0.3012654185295105,0.3963732421398163
42,4,1000 ppm 5 6,d4,scale_1.0_rot_90_flip_1,0.14606277644634247,0.24849024415016174,0.6054469347000122
42,4,600 ppm 4 8,d4,scale_1.0_rot_90_flip_1,0.06373767554759979,0.304158478975296,0.6321038603782654
42,4,800 ppm 3 5,d4,scale_1.0_rot_90_flip_1,0.6265602707862854,0.32348641753196716,0.049953263252973557
42,4,400 ppm 3 1,d4,scale_1.0_rot_90_flip_1,0.5655013918876648,0.25111737847328186,0.18338124454021454
42,4,400 ppm 3 6,d4,scale_1.0_rot_90_flip_1,0.4342283308506012,0.3294956386089325,0.2362760305404663
42,4,600 ppm 4 10,d4,scale_1.0_rot_90_flip_1,0.07863256335258484,0.18453708291053772,0.7368303537368774
42,4,1000 ppm 4 1,d4,scale_1.0_rot_90_flip_1,0.18821345269680023,0.36997076869010925,0.44181573390960693
42,4,400 ppm 4 10,d4,scale_1.0_rot_90_flip_1,0.11167836934328079,0.265566349029541,0.6227552890777588
42,4,600 ppm 3 3,d4,scale_1.0_rot_90_flip_1,0.3968952000141144,0.25206273794174194,0.3510420322418213
42,4,400 ppm 3 4,d4,scale_1.0_rot_90_flip_1,0.12562796473503113,0.44952675700187683,0.4248453378677368
42,4,1000 ppm 2 3,d4,scale_1.0_rot_90_flip_1,0.1823098510503769,0.2416752725839615,0.5760148763656616
42,4,1000 ppm 1 3,d4,scale_1.0_rot_180_flip_0,0.1612042933702469,0.3860573470592499,0.45273837447166443
42,4,400 ppm 4 6,d4,scale_1.0_rot_180_flip_0,0.3194800913333893,0.5298453569412231,0.15067458152770996
42,4,600 ppm 3 1,d4,scale_1.0_rot_180_flip_0,0.08248356729745865,0.45545828342437744,0.4620581865310669
42,4,400 ppm 3 5,d4,scale_1.0_rot_180_flip_0,0.3234592080116272,0.6013944149017334,0.07514634728431702
42,4,c 10,d4,scale_1.0_rot_180_flip_0,0.4374482333660126,0.4706479609012604,0.09190384298563004
42,4,400 ppm 1 2,d4,scale_1.0_rot_180_flip_0,0.27318593859672546,0.6411827802658081,0.08563127368688583
42,4,800 ppm 2 4,d4,scale_1.0_rot_180_flip_0,0.08567900210618973,0.8030182123184204,0.11130280792713165
42,4,800 ppm 5 4,d4,scale_1.0_rot_180_flip_0,0.05478479340672493,0.3851929008960724,0.5600223541259766
42,4,1000 ppm 1 4,d4,scale_1.0_rot_180_flip_0,0.13309772312641144,0.4412110149860382,0.42569127678871155
42,4,1000 ppm 4 2,d4,scale_1.0_rot_180_flip_0,0.06334871053695679,0.5247632265090942,0.4118880331516266
42,4,400 ppm 2 3,d4,scale_1.0_rot_180_flip_0,0.08257865905761719,0.5792366862297058,0.338184654712677
42,4,600 ppm 1 3,d4,scale_1.0_rot_180_flip_0,0.22502166032791138,0.5277313590049744,0.24724692106246948
42,4,400 ppm 5 5,d4,scale_1.0_rot_180_flip_0,0.19815976917743683,0.17724032700061798,0.624599814414978
42,4,800 ppm 3 7,d4,scale_1.0_rot_180_flip_0,0.200510635972023,0.47817835211753845,0.32131102681159973
42,4,400 ppm 1 9,d4,scale_1.0_rot_180_flip_0,0.0925462394952774,0.14859354496002197,0.758860170841217
42,4,800 ppm 5 3,d4,scale_1.0_rot_180_flip_0,0.12084786593914032,0.5927041172981262,0.28644803166389465
42,4,800 ppm 3 6,d4,scale_1.0_rot_180_flip_0,0.09964369237422943,0.7836589217185974,0.11669734865427017
42,4,1000 ppm 4 8,d4,scale_1.0_rot_180_flip_0,0.09062539041042328,0.3381260335445404,0.5712485313415527
42,4,800 ppm 4 8,d4,scale_1.0_rot_180_flip_0,0.4432448446750641,0.45935410261154175,0.09740107506513596
42,4,400 ppm 4 9,d4,scale_1.0_rot_180_flip_0,0.11430846899747849,0.5823061466217041,0.3033854067325592
42,4,c 7,d4,scale_1.0_rot_180_flip_0,0.6787354350090027,0.24924497306346893,0.0720195546746254
42,4,800 ppm 1 5,d4,scale_1.0_rot_180_flip_0,0.07125911861658096,0.29441243410110474,0.6343284249305725
42,4,600 ppm 2 7,d4,scale_1.0_rot_180_flip_0,0.09511566907167435,0.2734118700027466,0.6314724087715149
42,4,600 ppm 1 7,d4,scale_1.0_rot_180_flip_0,0.10292591899633408,0.8143555521965027,0.08271849155426025
42,4,1000 ppm 3 6,d4,scale_1.0_rot_180_flip_0,0.055726584047079086,0.6693079471588135,0.27496540546417236
42,4,1000 ppm 1 9,d4,scale_1.0_rot_180_flip_0,0.04162010923027992,0.32124418020248413,0.6371356248855591
42,4,800 ppm 2 7,d4,scale_1.0_rot_180_flip_0,0.05545634403824806,0.08209257572889328,0.8624510765075684
42,4,800 ppm 3 2,d4,scale_1.0_rot_180_flip_0,0.1392139047384262,0.7948336005210876,0.06595245003700256
42,4,1000 ppm 4 6,d4,scale_1.0_rot_180_flip_0,0.15791933238506317,0.5615394711494446,0.28054115176200867
42,4,600 ppm 1 4,d4,scale_1.0_rot_180_flip_0,0.35386165976524353,0.5191071033477783,0.12703128159046173
42,4,600 ppm 3 10,d4,scale_1.0_rot_180_flip_0,0.4062700569629669,0.4122491478919983,0.18148081004619598
42,4,600 ppm 5 8,d4,scale_1.0_rot_180_flip_0,0.3385462462902069,0.4022902548313141,0.259163498878479
42,4,c 5,d4,scale_1.0_rot_180_flip_0,0.49126631021499634,0.1406717300415039,0.36806198954582214
42,4,600 ppm 3 9,d4,scale_1.0_rot_180_flip_0,0.26314929127693176,0.6608726978302002,0.07597803324460983
42,4,1000 ppm 5 10,d4,scale_1.0_rot_180_flip_0,0.03263471648097038,0.08601784706115723,0.8813474774360657
42,4,600 ppm 5 1,d4,scale_1.0_rot_180_flip_0,0.5526435971260071,0.278333455324173,0.16902287304401398
42,4,600 ppm 1 1,d4,scale_1.0_rot_180_flip_0,0.33609744906425476,0.5090961456298828,0.15480642020702362
42,4,800 ppm 5 10,d4,scale_1.0_rot_180_flip_0,0.2053506076335907,0.6484399437904358,0.14620943367481232
42,4,400 ppm 4 5,d4,scale_1.0_rot_180_flip_0,0.18228763341903687,0.6937327980995178,0.12397956848144531
42,4,600 ppm 3 8,d4,scale_1.0_rot_180_flip_0,0.22531984746456146,0.6189733147621155,0.15570682287216187
42,4,800 ppm 3 8,d4,scale_1.0_rot_180_flip_0,0.33914685249328613,0.4890855848789215,0.17176754772663116
42,4,1000 ppm 5 6,d4,scale_1.0_rot_180_flip_0,0.12187926471233368,0.5142576694488525,0.363863080739975
42,4,600 ppm 4 8,d4,scale_1.0_rot_180_flip_0,0.0760091096162796,0.5011390447616577,0.4228518009185791
42,4,800 ppm 3 5,d4,scale_1.0_rot_180_flip_0,0.48275601863861084,0.40222886204719543,0.11501511186361313
42,4,400 ppm 3 1,d4,scale_1.0_rot_180_flip_0,0.44823357462882996,0.4459789991378784,0.10578740388154984
42,4,400 ppm 3 6,d4,scale_1.0_rot_180_flip_0,0.47276803851127625,0.4510369598865509,0.07619493454694748
42,4,600 ppm 4 10,d4,scale_1.0_rot_180_flip_0,0.10435892641544342,0.2902071177959442,0.605434000492096
42,4,1000 ppm 4 1,d4,scale_1.0_rot_180_flip_0,0.12321554124355316,0.5139046311378479,0.3628798723220825
42,4,400 ppm 4 10,d4,scale_1.0_rot_180_flip_0,0.15113477408885956,0.518341600894928,0.33052361011505127
42,4,600 ppm 3 3,d4,scale_1.0_rot_180_flip_0,0.3715043365955353,0.2829687297344208,0.34552696347236633
42,4,400 ppm 3 4,d4,scale_1.0_rot_180_flip_0,0.11178293824195862,0.6039256453514099,0.2842913866043091
42,4,1000 ppm 2 3,d4,scale_1.0_rot_180_flip_0,0.18726007640361786,0.4626103639602661,0.3501296043395996
42,4,1000 ppm 1 3,d4,scale_1.0_rot_180_flip_1,0.14391149580478668,0.45112860202789307,0.40495994687080383
42,4,400 ppm 4 6,d4,scale_1.0_rot_180_flip_1,0.27936819195747375,0.596514880657196,0.124116912484169
42,4,600 ppm 3 1,d4,scale_1.0_rot_180_flip_1,0.11597336828708649,0.5569066405296326,0.32711997628211975
42,4,400 ppm 3 5,d4,scale_1.0_rot_180_flip_1,0.38389235734939575,0.5411571860313416,0.0749504491686821
42,4,c 10,d4,scale_1.0_rot_180_flip_1,0.4811725318431854,0.4129312336444855,0.10589626431465149
42,4,400 ppm 1 2,d4,scale_1.0_rot_180_flip_1,0.2192414253950119,0.654421329498291,0.12633730471134186
42,4,800 ppm 2 4,d4,scale_1.0_rot_180_flip_1,0.08622732013463974,0.8347505927085876,0.0790221318602562
42,4,800 ppm 5 4,d4,scale_1.0_rot_180_flip_1,0.0560845285654068,0.2575194835662842,0.686396062374115
42,4,1000 ppm 1 4,d4,scale_1.0_rot_180_flip_1,0.12057202309370041,0.41871002316474915,0.46071797609329224
42,4,1000 ppm 4 2,d4,scale_1.0_rot_180_flip_1,0.09677984565496445,0.4740881025791168,0.42913198471069336
42,4,400 ppm 2 3,d4,scale_1.0_rot_180_flip_1,0.10210728645324707,0.6106570959091187,0.2872356176376343
42,4,600 ppm 1 3,d4,scale_1.0_rot_180_flip_1,0.15547913312911987,0.628819465637207,0.21570132672786713
42,4,400 ppm 5 5,d4,scale_1.0_rot_180_flip_1,0.2625872492790222,0.15063269436359406,0.5867800712585449
42,4,800 ppm 3 7,d4,scale_1.0_rot_180_flip_1,0.4878878593444824,0.29697084426879883,0.21514132618904114
42,4,400 ppm 1 9,d4,scale_1.0_rot_180_flip_1,0.11130614578723907,0.14283882081508636,0.7458549737930298
42,4,800 ppm 5 3,d4,scale_1.0_rot_180_flip_1,0.08323255181312561,0.5272629261016846,0.3895045220851898
42,4,800 ppm 3 6,d4,scale_1.0_rot_180_flip_1,0.09082026034593582,0.8009442687034607,0.1082354411482811
42,4,1000 ppm 4 8,d4,scale_1.0_rot_180_flip_1,0.05332339182496071,0.3142639398574829,0.6324126124382019
42,4,800 ppm 4 8,d4,scale_1.0_rot_180_flip_1,0.4877364933490753,0.42784908413887024,0.08441446721553802
42,4,400 ppm 4 9,d4,scale_1.0_rot_180_flip_1,0.10532233119010925,0.5682521462440491,0.3264255225658417
42,4,c 7,d4,scale_1.0_rot_180_flip_1,0.5133195519447327,0.31131795048713684,0.1753624975681305
42,4,800 ppm 1 5,d4,scale_1.0_rot_180_flip_1,0.0941568985581398,0.3175356984138489,0.5883073806762695
42,4,600 ppm 2 7,d4,scale_1.0_rot_180_flip_1,0.11136316508054733,0.2761717438697815,0.6124650835990906
42,4,600 ppm 1 7,d4,scale_1.0_rot_180_flip_1,0.12729258835315704,0.732345700263977,0.14036168158054352
42,4,1000 ppm 3 6,d4,scale_1.0_rot_180_flip_1,0.10017893463373184,0.6431193947792053,0.2567017078399658
42,4,1000 ppm 1 9,d4,scale_1.0_rot_180_flip_1,0.06794696301221848,0.3577245771884918,0.5743284821510315
42,4,800 ppm 2 7,d4,scale_1.0_rot_180_flip_1,0.03657637536525726,0.11465068906545639,0.8487729430198669
42,4,800 ppm 3 2,d4,scale_1.0_rot_180_flip_1,0.16902807354927063,0.7859067916870117,0.04506513476371765
42,4,1000 ppm 4 6,d4,scale_1.0_rot_180_flip_1,0.12772633135318756,0.4960223436355591,0.37625133991241455
42,4,600 ppm 1 4,d4,scale_1.0_rot_180_flip_1,0.22558508813381195,0.6731535196304321,0.1012614369392395
42,4,600 ppm 3 10,d4,scale_1.0_rot_180_flip_1,0.36820387840270996,0.4460383355617523,0.18575778603553772
42,4,600 ppm 5 8,d4,scale_1.0_rot_180_flip_1,0.35377898812294006,0.41406118869781494,0.2321598380804062
42,4,c 5,d4,scale_1.0_rot_180_flip_1,0.3722167909145355,0.16556476056575775,0.46221843361854553
42,4,600 ppm 3 9,d4,scale_1.0_rot_180_flip_1,0.21535834670066833,0.6690697073936462,0.11557191610336304
42,4,1000 ppm 5 10,d4,scale_1.0_rot_180_flip_1,0.05570196732878685,0.09221566468477249,0.852082371711731
42,4,600 ppm 5 1,d4,scale_1.0_rot_180_flip_1,0.5962272882461548,0.31209802627563477,0.09167464822530746
42,4,600 ppm 1 1,d4,scale_1.0_rot_180_flip_1,0.30239930748939514,0.48495253920555115,0.21264822781085968
42,4,800 ppm 5 10,d4,scale_1.0_rot_180_flip_1,0.2678951919078827,0.5522056818008423,0.17989911139011383
42,4,400 ppm 4 5,d4,scale_1.0_rot_180_flip_1,0.2178630232810974,0.6551741361618042,0.1269628256559372
42,4,600 ppm 3 8,d4,scale_1.0_rot_180_flip_1,0.3996618390083313,0.498212069272995,0.10212608426809311
42,4,800 ppm 3 8,d4,scale_1.0_rot_180_flip_1,0.4028359353542328,0.46364831924438477,0.13351577520370483
42,4,1000 ppm 5 6,d4,scale_1.0_rot_180_flip_1,0.11125451326370239,0.4692871868610382,0.4194583296775818
42,4,600 ppm 4 8,d4,scale_1.0_rot_180_flip_1,0.0822189673781395,0.44192489981651306,0.47585612535476685
42,4,800 ppm 3 5,d4,scale_1.0_rot_180_flip_1,0.33569857478141785,0.5066449642181396,0.1576564908027649
42,4,400 ppm 3 1,d4,scale_1.0_rot_180_flip_1,0.41143715381622314,0.40784844756126404,0.18071438372135162
42,4,400 ppm 3 6,d4,scale_1.0_rot_180_flip_1,0.42031723260879517,0.4682208299636841,0.11146193742752075
42,4,600 ppm 4 10,d4,scale_1.0_rot_180_flip_1,0.1175699308514595,0.3243284523487091,0.5581016540527344
42,4,1000 ppm 4 1,d4,scale_1.0_rot_180_flip_1,0.1512528657913208,0.5435006618499756,0.305246502161026
42,4,400 ppm 4 10,d4,scale_1.0_rot_180_flip_1,0.13979199528694153,0.4566826820373535,0.40352535247802734
42,4,600 ppm 3 3,d4,scale_1.0_rot_180_flip_1,0.23805920779705048,0.3809213936328888,0.3810194134712219
42,4,400 ppm 3 4,d4,scale_1.0_rot_180_flip_1,0.12907709181308746,0.5441772937774658,0.3267456293106079
42,4,1000 ppm 2 3,d4,scale_1.0_rot_180_flip_1,0.18092934787273407,0.5419749021530151,0.2770957350730896
42,4,1000 ppm 1 3,d4,scale_1.0_rot_270_flip_0,0.09924256056547165,0.2021045684814453,0.6986528635025024
42,4,400 ppm 4 6,d4,scale_1.0_rot_270_flip_0,0.3058792054653168,0.30776482820510864,0.3863559663295746
42,4,600 ppm 3 1,d4,scale_1.0_rot_270_flip_0,0.0721237063407898,0.24467167258262634,0.6832046508789062
42,4,400 ppm 3 5,d4,scale_1.0_rot_270_flip_0,0.33003610372543335,0.4669288396835327,0.20303502678871155
42,4,c 10,d4,scale_1.0_rot_270_flip_0,0.4901827275753021,0.2270772010087967,0.2827399969100952
42,4,400 ppm 1 2,d4,scale_1.0_rot_270_flip_0,0.3029091954231262,0.5013827681541443,0.19570806622505188
42,4,800 ppm 2 4,d4,scale_1.0_rot_270_flip_0,0.12189680337905884,0.5207999348640442,0.357303261756897
42,4,800 ppm 5 4,d4,scale_1.0_rot_270_flip_0,0.0979643315076828,0.34225839376449585,0.5597772598266602
42,4,1000 ppm 1 4,d4,scale_1.0_rot_270_flip_0,0.08154883980751038,0.20660322904586792,0.7118479609489441
42,4,1000 ppm 4 2,d4,scale_1.0_rot_270_flip_0,0.08396528661251068,0.18153119087219238,0.7345035076141357
42,4,400 ppm 2 3,d4,scale_1.0_rot_270_flip_0,0.08261008560657501,0.33100685477256775,0.586383044719696
42,4,600 ppm 1 3,d4,scale_1.0_rot_270_flip_0,0.10582506656646729,0.31446030735969543,0.5797145962715149
42,4,400 ppm 5 5,d4,scale_1.0_rot_270_flip_0,0.38739731907844543,0.09475760161876678,0.517845094203949
42,4,800 ppm 3 7,d4,scale_1.0_rot_270_flip_0,0.2592619061470032,0.07888700067996979,0.6618511080741882
42,4,400 ppm 1 9,d4,scale_1.0_rot_270_flip_0,0.33529841899871826,0.269089937210083,0.3956116735935211
42,4,800 ppm 5 3,d4,scale_1.0_rot_270_flip_0,0.12457653135061264,0.41260766983032227,0.4628158211708069
42,4,800 ppm 3 6,d4,scale_1.0_rot_270_flip_0,0.19536836445331573,0.4156929850578308,0.38893866539001465
42,4,1000 ppm 4 8,d4,scale_1.0_rot_270_flip_0,0.05759216845035553,0.10425255447626114,0.8381553292274475
42,4,800 ppm 4 8,d4,scale_1.0_rot_270_flip_0,0.41853344440460205,0.3668617904186249,0.21460475027561188
42,4,400 ppm 4 9,d4,scale_1.0_rot_270_flip_0,0.122037373483181,0.36746925115585327,0.5104933381080627
42,4,c 7,d4,scale_1.0_rot_270_flip_0,0.5253691077232361,0.1684482842683792,0.30618271231651306
42,4,800 ppm 1 5,d4,scale_1.0_rot_270_flip_0,0.08215098828077316,0.4035472869873047,0.5143017172813416
42,4,600 ppm 2 7,d4,scale_1.0_rot_270_flip_0,0.06797248125076294,0.08314258605241776,0.8488849401473999
42,4,600 ppm 1 7,d4,scale_1.0_rot_270_flip_0,0.2619483172893524,0.4817688763141632,0.25628283619880676
42,4,1000 ppm 3 6,d4,scale_1.0_rot_270_flip_0,0.05362030863761902,0.39062780141830444,0.5557518005371094
42,4,1000 ppm 1 9,d4,scale_1.0_rot_270_flip_0,0.04714144766330719,0.11129365861415863,0.8415648937225342
42,4,800 ppm 2 7,d4,scale_1.0_rot_270_flip_0,0.02788080833852291,0.23275046050548553,0.7393687963485718
42,4,800 ppm 3 2,d4,scale_1.0_rot_270_flip_0,0.38154137134552,0.5367732644081116,0.08168534934520721
42,4,1000 ppm 4 6,d4,scale_1.0_rot_270_flip_0,0.2783306837081909,0.36995941400527954,0.35170990228652954
42,4,600 ppm 1 4,d4,scale_1.0_rot_270_flip_0,0.3078135550022125,0.5930694341659546,0.0991169810295105
42,4,600 ppm 3 10,d4,scale_1.0_rot_270_flip_0,0.4856148362159729,0.2571348249912262,0.25725027918815613
42,4,600 ppm 5 8,d4,scale_1.0_rot_270_flip_0,0.3777415156364441,0.3403782546520233,0.2818801999092102
42,4,c 5,d4,scale_1.0_rot_270_flip_0,0.3989024758338928,0.09410607069730759,0.506991446018219
42,4,600 ppm 3 9,d4,scale_1.0_rot_270_flip_0,0.43934741616249084,0.36649709939956665,0.1941554695367813
42,4,1000 ppm 5 10,d4,scale_1.0_rot_270_flip_0,0.061596572399139404,0.2933051884174347,0.6450982689857483
42,4,600 ppm 5 1,d4,scale_1.0_rot_270_flip_0,0.6546357870101929,0.17653003334999084,0.16883420944213867
42,4,600 ppm 1 1,d4,scale_1.0_rot_270_flip_0,0.47283440828323364,0.2679329216480255,0.25923264026641846
42,4,800 ppm 5 10,d4,scale_1.0_rot_270_flip_0,0.12775740027427673,0.35586437582969666,0.5163782238960266
42,4,400 ppm 4 5,d4,scale_1.0_rot_270_flip_0,0.23141972720623016,0.32846391201019287,0.4401163160800934
42,4,600 ppm 3 8,d4,scale_1.0_rot_270_flip_0,0.49454617500305176,0.3735857903957367,0.13186803460121155
42,4,800 ppm 3 8,d4,scale_1.0_rot_270_flip_0,0.24361421167850494,0.334302693605423,0.4220830798149109
42,4,1000 ppm 5 6,d4,scale_1.0_rot_270_flip_0,0.17127589881420135,0.16955198347568512,0.6591720581054688
42,4,600 ppm 4 8,d4,scale_1.0_rot_270_flip_0,0.02950282208621502,0.18012993037700653,0.7903672456741333
42,4,800 ppm 3 5,d4,scale_1.0_rot_270_flip_0,0.34441080689430237,0.5265270471572876,0.12906219065189362
42,4,400 ppm 3 1,d4,scale_1.0_rot_270_flip_0,0.5596106052398682,0.19217026233673096,0.24821913242340088
42,4,400 ppm 3 6,d4,scale_1.0_rot_270_flip_0,0.5432056188583374,0.3307960331439972,0.12599830329418182
42,4,600 ppm 4 10,d4,scale_1.0_rot_270_flip_0,0.11306112259626389,0.16564501821994781,0.7212939262390137
42,4,1000 ppm 4 1,d4,scale_1.0_rot_270_flip_0,0.06177140772342682,0.0913059264421463,0.8469226360321045
42,4,400 ppm 4 10,d4,scale_1.0_rot_270_flip_0,0.21368831396102905,0.18308238685131073,0.603229284286499
42,4,600 ppm 3 3,d4,scale_1.0_rot_270_flip_0,0.26855990290641785,0.4355558156967163,0.2958843410015106
42,4,400 ppm 3 4,d4,scale_1.0_rot_270_flip_0,0.094428151845932,0.6493841409683228,0.2561877369880676
42,4,1000 ppm 2 3,d4,scale_1.0_rot_270_flip_0,0.21187643706798553,0.4229632318019867,0.3651603162288666
42,4,1000 ppm 1 3,d4,scale_1.0_rot_270_flip_1,0.16303160786628723,0.17711813747882843,0.6598502993583679
42,4,400 ppm 4 6,d4,scale_1.0_rot_270_flip_1,0.3221943974494934,0.4726448059082031,0.20516084134578705
42,4,600 ppm 3 1,d4,scale_1.0_rot_270_flip_1,0.09587281942367554,0.2537417411804199,0.6503854393959045
42,4,400 ppm 3 5,d4,scale_1.0_rot_270_flip_1,0.45212817192077637,0.46156805753707886,0.08630383759737015
42,4,c 10,d4,scale_1.0_rot_270_flip_1,0.5688093900680542,0.24334876239299774,0.18784181773662567
42,4,400 ppm 1 2,d4,scale_1.0_rot_270_flip_1,0.26106688380241394,0.48900124430656433,0.24993185698986053
42,4,800 ppm 2 4,d4,scale_1.0_rot_270_flip_1,0.14403945207595825,0.5203316807746887,0.33562883734703064
42,4,800 ppm 5 4,d4,scale_1.0_rot_270_flip_1,0.05202053114771843,0.32244378328323364,0.6255356669425964
42,4,1000 ppm 1 4,d4,scale_1.0_rot_270_flip_1,0.10251887142658234,0.18676134943962097,0.7107197642326355
42,4,1000 ppm 4 2,d4,scale_1.0_rot_270_flip_1,0.15285423398017883,0.1611608862876892,0.6859849095344543
42,4,400 ppm 2 3,d4,scale_1.0_rot_270_flip_1,0.14989614486694336,0.3429202735424042,0.5071835517883301
42,4,600 ppm 1 3,d4,scale_1.0_rot_270_flip_1,0.08797471970319748,0.3267648220062256,0.5852604508399963
42,4,400 ppm 5 5,d4,scale_1.0_rot_270_flip_1,0.29606348276138306,0.10692135989665985,0.5970151424407959
42,4,800 ppm 3 7,d4,scale_1.0_rot_270_flip_1,0.39326348900794983,0.08970506489276886,0.5170314311981201
42,4,400 ppm 1 9,d4,scale_1.0_rot_270_flip_1,0.27771127223968506,0.2725751996040344,0.4497135579586029
42,4,800 ppm 5 3,d4,scale_1.0_rot_270_flip_1,0.12012213468551636,0.36430755257606506,0.515570342540741
42,4,800 ppm 3 6,d4,scale_1.0_rot_270_flip_1,0.2728744149208069,0.4823565185070038,0.24476903676986694
42,4,1000 ppm 4 8,d4,scale_1.0_rot_270_flip_1,0.08905432373285294,0.14795242249965668,0.7629932761192322
42,4,800 ppm 4 8,d4,scale_1.0_rot_270_flip_1,0.5183545351028442,0.24978463351726532,0.23186083137989044
42,4,400 ppm 4 9,d4,scale_1.0_rot_270_flip_1,0.13589130342006683,0.3497788906097412,0.5143297910690308
42,4,c 7,d4,scale_1.0_rot_270_flip_1,0.580829918384552,0.18796014785766602,0.2312099039554596
42,4,800 ppm 1 5,d4,scale_1.0_rot_270_flip_1,0.06690339744091034,0.38427770137786865,0.5488189458847046
42,4,600 ppm 2 7,d4,scale_1.0_rot_270_flip_1,0.03860746696591377,0.039880458265542984,0.9215121269226074
42,4,600 ppm 1 7,d4,scale_1.0_rot_270_flip_1,0.2783443331718445,0.5268500447273254,0.19480562210083008
42,4,1000 ppm 3 6,d4,scale_1.0_rot_270_flip_1,0.05184388533234596,0.2913373112678528,0.6568188071250916
42,4,1000 ppm 1 9,d4,scale_1.0_rot_270_flip_1,0.03854108974337578,0.07117682695388794,0.8902820944786072
42,4,800 ppm 2 7,d4,scale_1.0_rot_270_flip_1,0.028468728065490723,0.24081937968730927,0.7307119369506836
42,4,800 ppm 3 2,d4,scale_1.0_rot_270_flip_1,0.41703587770462036,0.4685662090778351,0.11439795792102814
42,4,1000 ppm 4 6,d4,scale_1.0_rot_270_flip_1,0.15476414561271667,0.39075857400894165,0.4544772207736969
42,4,600 ppm 1 4,d4,scale_1.0_rot_270_flip_1,0.44540804624557495,0.5023502111434937,0.0522417388856411
42,4,600 ppm 3 10,d4,scale_1.0_rot_270_flip_1,0.46784913539886475,0.35289648175239563,0.179254412651062
42,4,600 ppm 5 8,d4,scale_1.0_rot_270_flip_1,0.3804827034473419,0.32618993520736694,0.29332733154296875
42,4,c 5,d4,scale_1.0_rot_270_flip_1,0.4569035768508911,0.13034728169441223,0.41274914145469666
42,4,600 ppm 3 9,d4,scale_1.0_rot_270_flip_1,0.3680707812309265,0.33734577894210815,0.29458341002464294
42,4,1000 ppm 5 10,d4,scale_1.0_rot_270_flip_1,0.09431584179401398,0.3862549960613251,0.5194292068481445
42,4,600 ppm 5 1,d4,scale_1.0_rot_270_flip_1,0.6377711892127991,0.23707574605941772,0.125153049826622
42,4,600 ppm 1 1,d4,scale_1.0_rot_270_flip_1,0.5866497755050659,0.21186314523220062,0.20148709416389465
42,4,800 ppm 5 10,d4,scale_1.0_rot_270_flip_1,0.10279516130685806,0.27932319045066833,0.6178816556930542
42,4,400 ppm 4 5,d4,scale_1.0_rot_270_flip_1,0.21477986872196198,0.2802337110042572,0.5049864649772644
42,4,600 ppm 3 8,d4,scale_1.0_rot_270_flip_1,0.44383299350738525,0.3941001296043396,0.16206687688827515
42,4,800 ppm 3 8,d4,scale_1.0_rot_270_flip_1,0.2449796348810196,0.46315428614616394,0.29186612367630005
42,4,1000 ppm 5 6,d4,scale_1.0_rot_270_flip_1,0.0908036008477211,0.1783917248249054,0.7308046817779541
42,4,600 ppm 4 8,d4,scale_1.0_rot_270_flip_1,0.04848780483007431,0.2061610370874405,0.7453511953353882
42,4,800 ppm 3 5,d4,scale_1.0_rot_270_flip_1,0.27845221757888794,0.6057469844818115,0.11580085754394531
42,4,400 ppm 3 1,d4,scale_1.0_rot_270_flip_1,0.5633987784385681,0.231336772441864,0.20526443421840668
42,4,400 ppm 3 6,d4,scale_1.0_rot_270_flip_1,0.6577313542366028,0.24954460561275482,0.09272404760122299
42,4,600 ppm 4 10,d4,scale_1.0_rot_270_flip_1,0.12166279554367065,0.22625961899757385,0.6520775556564331
42,4,1000 ppm 4 1,d4,scale_1.0_rot_270_flip_1,0.055712733417749405,0.08521170914173126,0.8590755462646484
42,4,400 ppm 4 10,d4,scale_1.0_rot_270_flip_1,0.14159905910491943,0.1512991189956665,0.7071017622947693
42,4,600 ppm 3 3,d4,scale_1.0_rot_270_flip_1,0.3231598734855652,0.2602141499519348,0.4166260063648224
42,4,400 ppm 3 4,d4,scale_1.0_rot_270_flip_1,0.12707233428955078,0.6374232172966003,0.2355044186115265
42,4,1000 ppm 2 3,d4,scale_1.0_rot_270_flip_1,0.22339199483394623,0.3946318030357361,0.3819762170314789
