task,backbone,seed,fold,best_epoch,selection,inference,dataset_index,sample_id,group,residue_mg_cm2,target,prediction,view_count,view_instability,target_label,prediction_label,baseline_prediction,probability_low,probability_medium,probability_high
bin_classification,dinov3,42,1,3,inner_refit,single,3,600 ppm 5 5,,3.07249289,1,0,1,0.0,medium,low,0,0.8087881803512573,0.07921835780143738,0.1119934618473053
bin_classification,dinov3,42,1,3,inner_refit,single,5,1000 ppm 4 3,,7.189555601,2,0,1,0.0,high,low,0,0.4584871232509613,0.21594493091106415,0.32556790113449097
bin_classification,dinov3,42,1,3,inner_refit,single,6,1000 ppm 3 9,,6.405368276,2,2,1,0.0,high,high,0,0.2934470772743225,0.25744009017944336,0.44911280274391174
bin_classification,dinov3,42,1,3,inner_refit,single,7,1000 ppm 3 10,,4.236281385,2,0,1,0.0,high,low,0,0.39996543526649475,0.3286358416080475,0.27139875292778015
bin_classification,dinov3,42,1,3,inner_refit,single,8,600 ppm 3 7,,2.508319707,0,0,1,0.0,low,low,0,0.5506097078323364,0.2992313504219055,0.15015891194343567
bin_classification,dinov3,42,1,3,inner_refit,single,9,800 ppm 5 7,,3.900390988,2,0,1,0.0,high,low,0,0.504606306552887,0.21684961020946503,0.2785440981388092
bin_classification,dinov3,42,1,3,inner_refit,single,11,400 ppm 4 4,,2.489788579,0,0,1,0.0,low,low,0,0.5864706635475159,0.1670285165309906,0.24650083482265472
bin_classification,dinov3,42,1,3,inner_refit,single,12,800 ppm 2 8,,2.765988542,1,0,1,0.0,medium,low,0,0.614445686340332,0.22809813916683197,0.1574562042951584
bin_classification,dinov3,42,1,3,inner_refit,single,13,400 ppm 3 2,,1.924704767,0,0,1,0.0,low,low,0,0.7150829434394836,0.1455834060907364,0.1393336057662964
bin_classification,dinov3,42,1,3,inner_refit,single,21,800 ppm 3 9,,3.382216957,1,0,1,0.0,medium,low,0,0.6195680499076843,0.18615072965621948,0.1942812204360962
bin_classification,dinov3,42,1,3,inner_refit,single,27,1000 ppm 5 1,,3.059802771,1,1,1,0.0,medium,medium,0,0.4051733911037445,0.4328143298625946,0.16201229393482208
bin_classification,dinov3,42,1,3,inner_refit,single,28,800 ppm 4 5,,2.521832891,0,0,1,0.0,low,low,0,0.4672137498855591,0.3157627582550049,0.217023566365242
bin_classification,dinov3,42,1,3,inner_refit,single,29,800 ppm 2 1,,4.06487884,2,0,1,0.0,high,low,0,0.5724156498908997,0.2602745592594147,0.16730979084968567
bin_classification,dinov3,42,1,3,inner_refit,single,34,400 ppm 1 5,,2.341339231,0,0,1,0.0,low,low,0,0.5852007269859314,0.1935453712940216,0.2212538868188858
bin_classification,dinov3,42,1,3,inner_refit,single,45,400 ppm 4 8,,2.558849953,0,0,1,0.0,low,low,0,0.5876439213752747,0.18116094172000885,0.23119504749774933
bin_classification,dinov3,42,1,3,inner_refit,single,49,800 ppm 3 4,,3.337767404,1,0,1,0.0,medium,low,0,0.49395740032196045,0.27396300435066223,0.2320796102285385
bin_classification,dinov3,42,1,3,inner_refit,single,53,1000 ppm 2 1,,3.63646254,2,0,1,0.0,high,low,0,0.5280982851982117,0.37053677439689636,0.10136494785547256
bin_classification,dinov3,42,1,3,inner_refit,single,54,400 ppm 3 10,,3.10781821,1,0,1,0.0,medium,low,0,0.6997540593147278,0.18661686778068542,0.11362913250923157
bin_classification,dinov3,42,1,3,inner_refit,single,66,1000 ppm 3 3,,3.51299382,1,0,1,0.0,medium,low,0,0.6482043862342834,0.17439986765384674,0.1773958057165146
bin_classification,dinov3,42,1,3,inner_refit,single,67,c 9,,0.057884192,0,0,1,0.0,low,low,0,0.8119364380836487,0.09765178710222244,0.09041175246238708
bin_classification,dinov3,42,1,3,inner_refit,single,70,800 ppm 3 3,,3.888822319,2,2,1,0.0,high,high,0,0.2717435956001282,0.2844468653202057,0.4438095688819885
bin_classification,dinov3,42,1,3,inner_refit,single,79,800 ppm 2 9,,4.519795322,2,2,1,0.0,high,high,0,0.33197835087776184,0.21857605874538422,0.44944557547569275
bin_classification,dinov3,42,1,3,inner_refit,single,81,600 ppm 2 9,,3.516388075,1,2,1,0.0,medium,high,0,0.34459248185157776,0.22947798669338226,0.42592957615852356
bin_classification,dinov3,42,1,3,inner_refit,single,83,400 ppm 2 10,,2.028021582,0,1,1,0.0,low,medium,0,0.37871044874191284,0.40439334511756897,0.216896191239357
bin_classification,dinov3,42,1,3,inner_refit,single,94,800 ppm 4 7,,2.433103134,0,0,1,0.0,low,low,0,0.689120352268219,0.15674272179603577,0.15413692593574524
bin_classification,dinov3,42,1,3,inner_refit,single,99,1000 ppm 2 7,,2.945844467,1,1,1,0.0,medium,medium,0,0.36279916763305664,0.3750322461128235,0.26216861605644226
bin_classification,dinov3,42,1,3,inner_refit,single,108,800 ppm 5 9,,4.625114916,2,0,1,0.0,high,low,0,0.5095618963241577,0.21702316403388977,0.2734149396419525
bin_classification,dinov3,42,1,3,inner_refit,single,109,600 ppm 3 6,,2.589302372,1,0,1,0.0,medium,low,0,0.5169171690940857,0.34647509455680847,0.13660770654678345
bin_classification,dinov3,42,1,3,inner_refit,single,111,1000 ppm 1 5,,5.633915275,2,0,1,0.0,high,low,0,0.5464709401130676,0.19192415475845337,0.26160484552383423
bin_classification,dinov3,42,1,3,inner_refit,single,113,600 ppm 5 10,,2.366026608,0,0,1,0.0,low,low,0,0.4386949837207794,0.41463032364845276,0.14667467772960663
bin_classification,dinov3,42,1,3,inner_refit,single,114,600 ppm 2 5,,7.364696779,2,2,1,0.0,high,high,0,0.23968234658241272,0.21672827005386353,0.5435894131660461
bin_classification,dinov3,42,1,3,inner_refit,single,115,800 ppm 1 10,,3.305771452,1,0,1,0.0,medium,low,0,0.45222917199134827,0.19699116051197052,0.35077965259552
bin_classification,dinov3,42,1,3,inner_refit,single,117,1000 ppm 3 8,,3.306848768,1,0,1,0.0,medium,low,0,0.49220243096351624,0.19668589532375336,0.311111718416214
bin_classification,dinov3,42,1,3,inner_refit,single,121,800 ppm 2 3,,4.083341711,2,0,1,0.0,high,low,0,0.5761215686798096,0.19617588818073273,0.2277025431394577
bin_classification,dinov3,42,1,3,inner_refit,single,126,1000 ppm 5 7,,3.420269793,1,0,1,0.0,medium,low,0,0.6862104535102844,0.14224795997142792,0.17154155671596527
bin_classification,dinov3,42,1,3,inner_refit,single,130,400 ppm 1 3,,2.14727081,0,0,1,0.0,low,low,0,0.4942936897277832,0.1533823013305664,0.3523239195346832
bin_classification,dinov3,42,1,3,inner_refit,single,131,800 ppm 4 6,,2.875276352,1,0,1,0.0,medium,low,0,0.5346961617469788,0.3250706195831299,0.14023323357105255
bin_classification,dinov3,42,1,3,inner_refit,single,132,600 ppm 5 4,,1.814695158,0,0,1,0.0,low,low,0,0.6220937967300415,0.21181638538837433,0.16608986258506775
bin_classification,dinov3,42,1,3,inner_refit,single,138,400 ppm 2 7,,2.096952551,0,1,1,0.0,low,medium,0,0.2834675908088684,0.46363022923469543,0.25290220975875854
bin_classification,dinov3,42,1,3,inner_refit,single,143,1000 ppm 5 9,,3.907491301,2,2,1,0.0,high,high,0,0.2946256101131439,0.29268142580986023,0.41269299387931824
bin_classification,dinov3,42,1,3,inner_refit,single,146,400 ppm 5 8,,1.963308029,0,0,1,0.0,low,low,0,0.45607200264930725,0.23779326677322388,0.30613473057746887
bin_classification,dinov3,42,1,3,inner_refit,single,148,c 4,,0.028773772,0,0,1,0.0,low,low,0,0.776739776134491,0.1318405270576477,0.09141970425844193
bin_classification,dinov3,42,1,3,inner_refit,single,156,1000 ppm 1 8,,2.743553968,1,0,1,0.0,medium,low,0,0.56618732213974,0.25676384568214417,0.17704881727695465
bin_classification,dinov3,42,1,3,inner_refit,single,157,c 3,,0.03666858,0,0,1,0.0,low,low,0,0.7265682220458984,0.13877764344215393,0.13465411961078644
bin_classification,dinov3,42,1,3,inner_refit,single,166,800 ppm 1 9,,4.20466345,2,1,1,0.0,high,medium,0,0.3413234353065491,0.3950166702270508,0.26365989446640015
bin_classification,dinov3,42,1,3,inner_refit,single,175,1000 ppm 3 2,,5.16842706,2,0,1,0.0,high,low,0,0.5459549427032471,0.24226035177707672,0.2117847353219986
bin_classification,dinov3,42,1,3,inner_refit,single,186,1000 ppm 5 4,,4.896407171,2,0,1,0.0,high,low,0,0.640247642993927,0.13099896907806396,0.22875341773033142
bin_classification,dinov3,42,1,3,inner_refit,single,189,1000 ppm 3 5,,3.571688657,1,0,1,0.0,medium,low,0,0.5391367077827454,0.3027026951313019,0.15816056728363037
bin_classification,dinov3,42,1,3,inner_refit,single,192,800 ppm 1 4,,3.526156319,1,0,1,0.0,medium,low,0,0.35461699962615967,0.3144005835056305,0.33098238706588745
bin_classification,dinov3,42,1,3,inner_refit,single,193,1000 ppm 1 7,,13.21918184,2,2,1,0.0,high,high,0,0.3763747215270996,0.1289302110671997,0.4946950376033783
bin_classification,dinov3,42,1,3,inner_refit,single,202,1000 ppm 3 4,,3.664180216,2,0,1,0.0,high,low,0,0.7197862267494202,0.164964497089386,0.11524923890829086
bin_classification,dinov3,42,1,3,inner_refit,single,204,400 ppm 5 1,,2.488451456,0,0,1,0.0,low,low,0,0.6356425285339355,0.28840166330337524,0.0759558156132698
bin_classification,dinov3,42,1,3,inner_refit,single,205,1000 ppm 2 4,,2.575755666,1,0,1,0.0,medium,low,0,0.6234409809112549,0.2076377123594284,0.1689213067293167
bin_classification,dinov3,42,1,3,inner_refit,d4_mean,3,600 ppm 5 5,,3.07249289,1,0,8,0.0,medium,low,0,0.7605489492416382,0.08897486329078674,0.15047617256641388
bin_classification,dinov3,42,1,3,inner_refit,d4_mean,5,1000 ppm 4 3,,7.189555601,2,2,8,0.25,high,high,0,0.3812609016895294,0.22446390986442566,0.3942751884460449
bin_classification,dinov3,42,1,3,inner_refit,d4_mean,6,1000 ppm 3 9,,6.405368276,2,2,8,0.25,high,high,0,0.32006362080574036,0.2712577283382416,0.40867865085601807
bin_classification,dinov3,42,1,3,inner_refit,d4_mean,7,1000 ppm 3 10,,4.236281385,2,2,8,0.375,high,high,0,0.34087613224983215,0.28308483958244324,0.3760390281677246
bin_classification,dinov3,42,1,3,inner_refit,d4_mean,8,600 ppm 3 7,,2.508319707,0,0,8,0.0,low,low,0,0.45722126960754395,0.30493980646133423,0.23783892393112183
bin_classification,dinov3,42,1,3,inner_refit,d4_mean,9,800 ppm 5 7,,3.900390988,2,2,8,0.25,high,high,0,0.3662206828594208,0.20575863122940063,0.428020715713501
bin_classification,dinov3,42,1,3,inner_refit,d4_mean,11,400 ppm 4 4,,2.489788579,0,0,8,0.0,low,low,0,0.498445987701416,0.19855549931526184,0.30299851298332214
bin_classification,dinov3,42,1,3,inner_refit,d4_mean,12,800 ppm 2 8,,2.765988542,1,0,8,0.0,medium,low,0,0.4905974864959717,0.22573532164096832,0.28366726636886597
bin_classification,dinov3,42,1,3,inner_refit,d4_mean,13,400 ppm 3 2,,1.924704767,0,0,8,0.0,low,low,0,0.5953333973884583,0.18300040066242218,0.22166618704795837
bin_classification,dinov3,42,1,3,inner_refit,d4_mean,21,800 ppm 3 9,,3.382216957,1,0,8,0.0,medium,low,0,0.5055691599845886,0.2041890025138855,0.2902418375015259
bin_classification,dinov3,42,1,3,inner_refit,d4_mean,27,1000 ppm 5 1,,3.059802771,1,0,8,0.5,medium,low,0,0.3465394377708435,0.32920169830322266,0.32425886392593384
bin_classification,dinov3,42,1,3,inner_refit,d4_mean,28,800 ppm 4 5,,2.521832891,0,0,8,0.5,low,low,0,0.3830246031284332,0.3013976812362671,0.3155776858329773
bin_classification,dinov3,42,1,3,inner_refit,d4_mean,29,800 ppm 2 1,,4.06487884,2,0,8,0.0,high,low,0,0.4945363998413086,0.28362250328063965,0.22184109687805176
bin_classification,dinov3,42,1,3,inner_refit,d4_mean,34,400 ppm 1 5,,2.341339231,0,0,8,0.25,low,low,0,0.4763313829898834,0.1889560967683792,0.33471253514289856
bin_classification,dinov3,42,1,3,inner_refit,d4_mean,45,400 ppm 4 8,,2.558849953,0,0,8,0.0,low,low,0,0.49851909279823303,0.19072525203227997,0.3107556700706482
bin_classification,dinov3,42,1,3,inner_refit,d4_mean,49,800 ppm 3 4,,3.337767404,1,0,8,0.0,medium,low,0,0.4321751892566681,0.2705385982990265,0.2972862124443054
bin_classification,dinov3,42,1,3,inner_refit,d4_mean,53,1000 ppm 2 1,,3.63646254,2,0,8,0.0,high,low,0,0.483051598072052,0.36356741189956665,0.15338101983070374
bin_classification,dinov3,42,1,3,inner_refit,d4_mean,54,400 ppm 3 10,,3.10781821,1,0,8,0.0,medium,low,0,0.612302303314209,0.22715461254119873,0.16054312884807587
bin_classification,dinov3,42,1,3,inner_refit,d4_mean,66,1000 ppm 3 3,,3.51299382,1,0,8,0.125,medium,low,0,0.46910813450813293,0.18608121573925018,0.34481069445610046
bin_classification,dinov3,42,1,3,inner_refit,d4_mean,67,c 9,,0.057884192,0,0,8,0.0,low,low,0,0.7117011547088623,0.1148083508014679,0.1734904944896698
bin_classification,dinov3,42,1,3,inner_refit,d4_mean,70,800 ppm 3 3,,3.888822319,2,2,8,0.0,high,high,0,0.2416652888059616,0.2624000310897827,0.4959346354007721
bin_classification,dinov3,42,1,3,inner_refit,d4_mean,79,800 ppm 2 9,,4.519795322,2,2,8,0.0,high,high,0,0.29551199078559875,0.1592777967453003,0.5452102422714233
bin_classification,dinov3,42,1,3,inner_refit,d4_mean,81,600 ppm 2 9,,3.516388075,1,2,8,0.0,medium,high,0,0.28505828976631165,0.2045091986656189,0.5104325413703918
bin_classification,dinov3,42,1,3,inner_refit,d4_mean,83,400 ppm 2 10,,2.028021582,0,1,8,0.125,low,medium,0,0.2991083860397339,0.39550697803497314,0.30538463592529297
bin_classification,dinov3,42,1,3,inner_refit,d4_mean,94,800 ppm 4 7,,2.433103134,0,0,8,0.0,low,low,0,0.5508975982666016,0.17637304961681366,0.2727293074131012
bin_classification,dinov3,42,1,3,inner_refit,d4_mean,99,1000 ppm 2 7,,2.945844467,1,1,8,0.25,medium,medium,0,0.3651091456413269,0.3729715943336487,0.261919230222702
bin_classification,dinov3,42,1,3,inner_refit,d4_mean,108,800 ppm 5 9,,4.625114916,2,0,8,0.0,high,low,0,0.5272303223609924,0.24519562721252441,0.22757403552532196
bin_classification,dinov3,42,1,3,inner_refit,d4_mean,109,600 ppm 3 6,,2.589302372,1,0,8,0.0,medium,low,0,0.4997454285621643,0.38727205991744995,0.11298247426748276
bin_classification,dinov3,42,1,3,inner_refit,d4_mean,111,1000 ppm 1 5,,5.633915275,2,0,8,0.0,high,low,0,0.5329718589782715,0.22007371485233307,0.24695445597171783
bin_classification,dinov3,42,1,3,inner_refit,d4_mean,113,600 ppm 5 10,,2.366026608,0,0,8,0.0,low,low,0,0.4350099563598633,0.3703101575374603,0.19467982649803162
bin_classification,dinov3,42,1,3,inner_refit,d4_mean,114,600 ppm 2 5,,7.364696779,2,2,8,0.0,high,high,0,0.1984809935092926,0.18984957039356232,0.6116694211959839
bin_classification,dinov3,42,1,3,inner_refit,d4_mean,115,800 ppm 1 10,,3.305771452,1,2,8,0.25,medium,high,0,0.3317455053329468,0.19747711718082428,0.47077736258506775
bin_classification,dinov3,42,1,3,inner_refit,d4_mean,117,1000 ppm 3 8,,3.306848768,1,2,8,0.25,medium,high,0,0.3699483275413513,0.21557317674160004,0.4144785404205322
bin_classification,dinov3,42,1,3,inner_refit,d4_mean,121,800 ppm 2 3,,4.083341711,2,0,8,0.25,high,low,0,0.4475758373737335,0.19677846133708954,0.35564568638801575
bin_classification,dinov3,42,1,3,inner_refit,d4_mean,126,1000 ppm 5 7,,3.420269793,1,0,8,0.125,medium,low,0,0.5216969847679138,0.17856477200984955,0.2997382581233978
bin_classification,dinov3,42,1,3,inner_refit,d4_mean,130,400 ppm 1 3,,2.14727081,0,0,8,0.25,low,low,0,0.4390069842338562,0.1651773750782013,0.3958156108856201
bin_classification,dinov3,42,1,3,inner_refit,d4_mean,131,800 ppm 4 6,,2.875276352,1,0,8,0.0,medium,low,0,0.4460667073726654,0.3240191340446472,0.229914128780365
bin_classification,dinov3,42,1,3,inner_refit,d4_mean,132,600 ppm 5 4,,1.814695158,0,0,8,0.0,low,low,0,0.5416407585144043,0.25913262367248535,0.19922663271427155
bin_classification,dinov3,42,1,3,inner_refit,d4_mean,138,400 ppm 2 7,,2.096952551,0,1,8,0.125,low,medium,0,0.2945120930671692,0.40830665826797485,0.29718124866485596
bin_classification,dinov3,42,1,3,inner_refit,d4_mean,143,1000 ppm 5 9,,3.907491301,2,2,8,0.0,high,high,0,0.23527957499027252,0.2416321039199829,0.5230883359909058
bin_classification,dinov3,42,1,3,inner_refit,d4_mean,146,400 ppm 5 8,,1.963308029,0,2,8,0.25,low,high,0,0.3457298278808594,0.20600712299346924,0.4482630789279938
bin_classification,dinov3,42,1,3,inner_refit,d4_mean,148,c 4,,0.028773772,0,0,8,0.0,low,low,0,0.6789186000823975,0.13689059019088745,0.18419091403484344
bin_classification,dinov3,42,1,3,inner_refit,d4_mean,156,1000 ppm 1 8,,2.743553968,1,0,8,0.0,medium,low,0,0.4394680857658386,0.2732431888580322,0.28728875517845154
bin_classification,dinov3,42,1,3,inner_refit,d4_mean,157,c 3,,0.03666858,0,0,8,0.0,low,low,0,0.6220778226852417,0.14843323826789856,0.22948892414569855
bin_classification,dinov3,42,1,3,inner_refit,d4_mean,166,800 ppm 1 9,,4.20466345,2,2,8,0.375,high,high,0,0.2875758707523346,0.35444292426109314,0.35798123478889465
bin_classification,dinov3,42,1,3,inner_refit,d4_mean,175,1000 ppm 3 2,,5.16842706,2,0,8,0.125,high,low,0,0.4560530185699463,0.2607881426811218,0.2831588685512543
bin_classification,dinov3,42,1,3,inner_refit,d4_mean,186,1000 ppm 5 4,,4.896407171,2,0,8,0.25,high,low,0,0.43390142917633057,0.1559390425682068,0.41015949845314026
bin_classification,dinov3,42,1,3,inner_refit,d4_mean,189,1000 ppm 3 5,,3.571688657,1,0,8,0.0,medium,low,0,0.44120296835899353,0.3093366324901581,0.24946041405200958
bin_classification,dinov3,42,1,3,inner_refit,d4_mean,192,800 ppm 1 4,,3.526156319,1,2,8,0.25,medium,high,0,0.3387511968612671,0.2652939558029175,0.39595481753349304
bin_classification,dinov3,42,1,3,inner_refit,d4_mean,193,1000 ppm 1 7,,13.21918184,2,2,8,0.25,high,high,0,0.41938158869743347,0.13816694915294647,0.4424514174461365
bin_classification,dinov3,42,1,3,inner_refit,d4_mean,202,1000 ppm 3 4,,3.664180216,2,0,8,0.0,high,low,0,0.6391657590866089,0.1486017256975174,0.21223250031471252
bin_classification,dinov3,42,1,3,inner_refit,d4_mean,204,400 ppm 5 1,,2.488451456,0,0,8,0.0,low,low,0,0.5164862871170044,0.33356478810310364,0.14994893968105316
bin_classification,dinov3,42,1,3,inner_refit,d4_mean,205,1000 ppm 2 4,,2.575755666,1,0,8,0.0,medium,low,0,0.5313900709152222,0.19605012238025665,0.2725597321987152
bin_classification,dinov3,42,1,3,inner_refit,d4_vote,3,600 ppm 5 5,,3.07249289,1,0,8,0.0,medium,low,0,0.7605489492416382,0.08897486329078674,0.15047617256641388
bin_classification,dinov3,42,1,3,inner_refit,d4_vote,5,1000 ppm 4 3,,7.189555601,2,2,8,0.25,high,high,0,0.3812609016895294,0.22446390986442566,0.3942751884460449
bin_classification,dinov3,42,1,3,inner_refit,d4_vote,6,1000 ppm 3 9,,6.405368276,2,2,8,0.25,high,high,0,0.32006362080574036,0.2712577283382416,0.40867865085601807
bin_classification,dinov3,42,1,3,inner_refit,d4_vote,7,1000 ppm 3 10,,4.236281385,2,2,8,0.375,high,high,0,0.34087613224983215,0.28308483958244324,0.3760390281677246
bin_classification,dinov3,42,1,3,inner_refit,d4_vote,8,600 ppm 3 7,,2.508319707,0,0,8,0.0,low,low,0,0.45722126960754395,0.30493980646133423,0.23783892393112183
bin_classification,dinov3,42,1,3,inner_refit,d4_vote,9,800 ppm 5 7,,3.900390988,2,2,8,0.25,high,high,0,0.3662206828594208,0.20575863122940063,0.428020715713501
bin_classification,dinov3,42,1,3,inner_refit,d4_vote,11,400 ppm 4 4,,2.489788579,0,0,8,0.0,low,low,0,0.498445987701416,0.19855549931526184,0.30299851298332214
bin_classification,dinov3,42,1,3,inner_refit,d4_vote,12,800 ppm 2 8,,2.765988542,1,0,8,0.0,medium,low,0,0.4905974864959717,0.22573532164096832,0.28366726636886597
bin_classification,dinov3,42,1,3,inner_refit,d4_vote,13,400 ppm 3 2,,1.924704767,0,0,8,0.0,low,low,0,0.5953333973884583,0.18300040066242218,0.22166618704795837
bin_classification,dinov3,42,1,3,inner_refit,d4_vote,21,800 ppm 3 9,,3.382216957,1,0,8,0.0,medium,low,0,0.5055691599845886,0.2041890025138855,0.2902418375015259
bin_classification,dinov3,42,1,3,inner_refit,d4_vote,27,1000 ppm 5 1,,3.059802771,1,2,8,0.5,medium,high,0,0.3465394377708435,0.32920169830322266,0.32425886392593384
bin_classification,dinov3,42,1,3,inner_refit,d4_vote,28,800 ppm 4 5,,2.521832891,0,0,8,0.5,low,low,0,0.3830246031284332,0.3013976812362671,0.3155776858329773
bin_classification,dinov3,42,1,3,inner_refit,d4_vote,29,800 ppm 2 1,,4.06487884,2,0,8,0.0,high,low,0,0.4945363998413086,0.28362250328063965,0.22184109687805176
bin_classification,dinov3,42,1,3,inner_refit,d4_vote,34,400 ppm 1 5,,2.341339231,0,0,8,0.25,low,low,0,0.4763313829898834,0.1889560967683792,0.33471253514289856
bin_classification,dinov3,42,1,3,inner_refit,d4_vote,45,400 ppm 4 8,,2.558849953,0,0,8,0.0,low,low,0,0.49851909279823303,0.19072525203227997,0.3107556700706482
bin_classification,dinov3,42,1,3,inner_refit,d4_vote,49,800 ppm 3 4,,3.337767404,1,0,8,0.0,medium,low,0,0.4321751892566681,0.2705385982990265,0.2972862124443054
bin_classification,dinov3,42,1,3,inner_refit,d4_vote,53,1000 ppm 2 1,,3.63646254,2,0,8,0.0,high,low,0,0.483051598072052,0.36356741189956665,0.15338101983070374
bin_classification,dinov3,42,1,3,inner_refit,d4_vote,54,400 ppm 3 10,,3.10781821,1,0,8,0.0,medium,low,0,0.612302303314209,0.22715461254119873,0.16054312884807587
bin_classification,dinov3,42,1,3,inner_refit,d4_vote,66,1000 ppm 3 3,,3.51299382,1,0,8,0.125,medium,low,0,0.46910813450813293,0.18608121573925018,0.34481069445610046
bin_classification,dinov3,42,1,3,inner_refit,d4_vote,67,c 9,,0.057884192,0,0,8,0.0,low,low,0,0.7117011547088623,0.1148083508014679,0.1734904944896698
bin_classification,dinov3,42,1,3,inner_refit,d4_vote,70,800 ppm 3 3,,3.888822319,2,2,8,0.0,high,high,0,0.2416652888059616,0.2624000310897827,0.4959346354007721
bin_classification,dinov3,42,1,3,inner_refit,d4_vote,79,800 ppm 2 9,,4.519795322,2,2,8,0.0,high,high,0,0.29551199078559875,0.1592777967453003,0.5452102422714233
bin_classification,dinov3,42,1,3,inner_refit,d4_vote,81,600 ppm 2 9,,3.516388075,1,2,8,0.0,medium,high,0,0.28505828976631165,0.2045091986656189,0.5104325413703918
bin_classification,dinov3,42,1,3,inner_refit,d4_vote,83,400 ppm 2 10,,2.028021582,0,1,8,0.125,low,medium,0,0.2991083860397339,0.39550697803497314,0.30538463592529297
bin_classification,dinov3,42,1,3,inner_refit,d4_vote,94,800 ppm 4 7,,2.433103134,0,0,8,0.0,low,low,0,0.5508975982666016,0.17637304961681366,0.2727293074131012
bin_classification,dinov3,42,1,3,inner_refit,d4_vote,99,1000 ppm 2 7,,2.945844467,1,1,8,0.25,medium,medium,0,0.3651091456413269,0.3729715943336487,0.261919230222702
bin_classification,dinov3,42,1,3,inner_refit,d4_vote,108,800 ppm 5 9,,4.625114916,2,0,8,0.0,high,low,0,0.5272303223609924,0.24519562721252441,0.22757403552532196
bin_classification,dinov3,42,1,3,inner_refit,d4_vote,109,600 ppm 3 6,,2.589302372,1,0,8,0.0,medium,low,0,0.4997454285621643,0.38727205991744995,0.11298247426748276
bin_classification,dinov3,42,1,3,inner_refit,d4_vote,111,1000 ppm 1 5,,5.633915275,2,0,8,0.0,high,low,0,0.5329718589782715,0.22007371485233307,0.24695445597171783
bin_classification,dinov3,42,1,3,inner_refit,d4_vote,113,600 ppm 5 10,,2.366026608,0,0,8,0.0,low,low,0,0.4350099563598633,0.3703101575374603,0.19467982649803162
bin_classification,dinov3,42,1,3,inner_refit,d4_vote,114,600 ppm 2 5,,7.364696779,2,2,8,0.0,high,high,0,0.1984809935092926,0.18984957039356232,0.6116694211959839
bin_classification,dinov3,42,1,3,inner_refit,d4_vote,115,800 ppm 1 10,,3.305771452,1,2,8,0.25,medium,high,0,0.3317455053329468,0.19747711718082428,0.47077736258506775
bin_classification,dinov3,42,1,3,inner_refit,d4_vote,117,1000 ppm 3 8,,3.306848768,1,2,8,0.25,medium,high,0,0.3699483275413513,0.21557317674160004,0.4144785404205322
bin_classification,dinov3,42,1,3,inner_refit,d4_vote,121,800 ppm 2 3,,4.083341711,2,0,8,0.25,high,low,0,0.4475758373737335,0.19677846133708954,0.35564568638801575
bin_classification,dinov3,42,1,3,inner_refit,d4_vote,126,1000 ppm 5 7,,3.420269793,1,0,8,0.125,medium,low,0,0.5216969847679138,0.17856477200984955,0.2997382581233978
bin_classification,dinov3,42,1,3,inner_refit,d4_vote,130,400 ppm 1 3,,2.14727081,0,0,8,0.25,low,low,0,0.4390069842338562,0.1651773750782013,0.3958156108856201
bin_classification,dinov3,42,1,3,inner_refit,d4_vote,131,800 ppm 4 6,,2.875276352,1,0,8,0.0,medium,low,0,0.4460667073726654,0.3240191340446472,0.229914128780365
bin_classification,dinov3,42,1,3,inner_refit,d4_vote,132,600 ppm 5 4,,1.814695158,0,0,8,0.0,low,low,0,0.5416407585144043,0.25913262367248535,0.19922663271427155
bin_classification,dinov3,42,1,3,inner_refit,d4_vote,138,400 ppm 2 7,,2.096952551,0,1,8,0.125,low,medium,0,0.2945120930671692,0.40830665826797485,0.29718124866485596
bin_classification,dinov3,42,1,3,inner_refit,d4_vote,143,1000 ppm 5 9,,3.907491301,2,2,8,0.0,high,high,0,0.23527957499027252,0.2416321039199829,0.5230883359909058
bin_classification,dinov3,42,1,3,inner_refit,d4_vote,146,400 ppm 5 8,,1.963308029,0,2,8,0.25,low,high,0,0.3457298278808594,0.20600712299346924,0.4482630789279938
bin_classification,dinov3,42,1,3,inner_refit,d4_vote,148,c 4,,0.028773772,0,0,8,0.0,low,low,0,0.6789186000823975,0.13689059019088745,0.18419091403484344
bin_classification,dinov3,42,1,3,inner_refit,d4_vote,156,1000 ppm 1 8,,2.743553968,1,0,8,0.0,medium,low,0,0.4394680857658386,0.2732431888580322,0.28728875517845154
bin_classification,dinov3,42,1,3,inner_refit,d4_vote,157,c 3,,0.03666858,0,0,8,0.0,low,low,0,0.6220778226852417,0.14843323826789856,0.22948892414569855
bin_classification,dinov3,42,1,3,inner_refit,d4_vote,166,800 ppm 1 9,,4.20466345,2,2,8,0.375,high,high,0,0.2875758707523346,0.35444292426109314,0.35798123478889465
bin_classification,dinov3,42,1,3,inner_refit,d4_vote,175,1000 ppm 3 2,,5.16842706,2,0,8,0.125,high,low,0,0.4560530185699463,0.2607881426811218,0.2831588685512543
bin_classification,dinov3,42,1,3,inner_refit,d4_vote,186,1000 ppm 5 4,,4.896407171,2,2,8,0.25,high,high,0,0.43390142917633057,0.1559390425682068,0.41015949845314026
bin_classification,dinov3,42,1,3,inner_refit,d4_vote,189,1000 ppm 3 5,,3.571688657,1,0,8,0.0,medium,low,0,0.44120296835899353,0.3093366324901581,0.24946041405200958
bin_classification,dinov3,42,1,3,inner_refit,d4_vote,192,800 ppm 1 4,,3.526156319,1,2,8,0.25,medium,high,0,0.3387511968612671,0.2652939558029175,0.39595481753349304
bin_classification,dinov3,42,1,3,inner_refit,d4_vote,193,1000 ppm 1 7,,13.21918184,2,2,8,0.25,high,high,0,0.41938158869743347,0.13816694915294647,0.4424514174461365
bin_classification,dinov3,42,1,3,inner_refit,d4_vote,202,1000 ppm 3 4,,3.664180216,2,0,8,0.0,high,low,0,0.6391657590866089,0.1486017256975174,0.21223250031471252
bin_classification,dinov3,42,1,3,inner_refit,d4_vote,204,400 ppm 5 1,,2.488451456,0,0,8,0.0,low,low,0,0.5164862871170044,0.33356478810310364,0.14994893968105316
bin_classification,dinov3,42,1,3,inner_refit,d4_vote,205,1000 ppm 2 4,,2.575755666,1,0,8,0.0,medium,low,0,0.5313900709152222,0.19605012238025665,0.2725597321987152
bin_classification,dinov3,42,2,20,inner_refit,single,0,800 ppm 4 4,,2.946573479,1,1,1,0.0,medium,medium,2,0.18499967455863953,0.672150731086731,0.1428496092557907
bin_classification,dinov3,42,2,20,inner_refit,single,1,400 ppm 1 10,,2.439106538,0,0,1,0.0,low,low,2,0.4893946945667267,0.3495147228240967,0.16109052300453186
bin_classification,dinov3,42,2,20,inner_refit,single,2,c 8,,0.026443476,0,0,1,0.0,low,low,2,0.9012857675552368,0.09331290423870087,0.005401291884481907
bin_classification,dinov3,42,2,20,inner_refit,single,14,800 ppm 5 8,,1.813308383,0,1,1,0.0,low,medium,2,0.11514749377965927,0.8675170540809631,0.017335470765829086
bin_classification,dinov3,42,2,20,inner_refit,single,20,600 ppm 3 4,,2.760653598,1,1,1,0.0,medium,medium,2,0.2812438905239105,0.6865769028663635,0.03217925503849983
bin_classification,dinov3,42,2,20,inner_refit,single,22,1000 ppm 2 10,,3.02169275,1,1,1,0.0,medium,medium,2,0.26779717206954956,0.635845959186554,0.09635688364505768
bin_classification,dinov3,42,2,20,inner_refit,single,30,800 ppm 3 1,,3.635232962,1,0,1,0.0,medium,low,2,0.4671616554260254,0.42759421467781067,0.10524414479732513
bin_classification,dinov3,42,2,20,inner_refit,single,35,400 ppm 4 3,,1.918214246,0,0,1,0.0,low,low,2,0.5962821245193481,0.325522243976593,0.07819560170173645
bin_classification,dinov3,42,2,20,inner_refit,single,38,600 ppm 1 2,,3.709535965,2,1,1,0.0,high,medium,2,0.07471160590648651,0.8972164988517761,0.028071913868188858
bin_classification,dinov3,42,2,20,inner_refit,single,43,400 ppm 3 7,,0.89575865,0,0,1,0.0,low,low,2,0.8614233136177063,0.09384239464998245,0.044734273105859756
bin_classification,dinov3,42,2,20,inner_refit,single,44,600 ppm 2 10,,5.751181016,2,2,1,0.0,high,high,2,0.06699863076210022,0.2916305959224701,0.6413707137107849
bin_classification,dinov3,42,2,20,inner_refit,single,48,800 ppm 5 5,,2.12508079,0,1,1,0.0,low,medium,2,0.13347581028938293,0.5753968358039856,0.2911273241043091
bin_classification,dinov3,42,2,20,inner_refit,single,51,400 ppm 5 2,,2.358077692,0,0,1,0.0,low,low,2,0.5061679482460022,0.48016348481178284,0.013668535277247429
bin_classification,dinov3,42,2,20,inner_refit,single,57,800 ppm 1 2,,2.433875926,0,1,1,0.0,low,medium,2,0.05634395778179169,0.5191650390625,0.4244910776615143
bin_classification,dinov3,42,2,20,inner_refit,single,58,600 ppm 3 5,,3.400726676,1,1,1,0.0,medium,medium,2,0.20987747609615326,0.766405463218689,0.023717138916254044
bin_classification,dinov3,42,2,20,inner_refit,single,61,800 ppm 2 5,,2.123468918,0,1,1,0.0,low,medium,2,0.37144753336906433,0.6215238571166992,0.007028636522591114
bin_classification,dinov3,42,2,20,inner_refit,single,71,1000 ppm 5 3,,3.480640553,1,1,1,0.0,medium,medium,2,0.45361849665641785,0.5077353715896606,0.03864609822630882
bin_classification,dinov3,42,2,20,inner_refit,single,73,400 ppm 5 10,,6.150568182,2,2,1,0.0,high,high,2,0.14687347412109375,0.24468913674354553,0.6084374189376831
bin_classification,dinov3,42,2,20,inner_refit,single,76,1000 ppm 2 5,,3.820821694,2,1,1,0.0,high,medium,2,0.1689014434814453,0.7645782828330994,0.06652028113603592
bin_classification,dinov3,42,2,20,inner_refit,single,77,400 ppm 2 4,,2.142971305,0,0,1,0.0,low,low,2,0.5492967367172241,0.35010796785354614,0.10059533268213272
bin_classification,dinov3,42,2,20,inner_refit,single,78,600 ppm 4 6,,2.917928606,1,0,1,0.0,medium,low,2,0.7269271016120911,0.24473664164543152,0.028336266055703163
bin_classification,dinov3,42,2,20,inner_refit,single,80,c 6,,0.063760031,0,0,1,0.0,low,low,2,0.8964343667030334,0.08961713314056396,0.013948454521596432
bin_classification,dinov3,42,2,20,inner_refit,single,89,800 ppm 1 7,,3.238793179,1,1,1,0.0,medium,medium,2,0.02983495593070984,0.9370637536048889,0.03310128301382065
bin_classification,dinov3,42,2,20,inner_refit,single,92,1000 ppm 5 2,,4.757997682,2,1,1,0.0,high,medium,2,0.2315061092376709,0.6768134236335754,0.09168041497468948
bin_classification,dinov3,42,2,20,inner_refit,single,93,600 ppm 2 1,,4.813990004,2,2,1,0.0,high,high,2,0.05953091010451317,0.4398048222064972,0.5006642937660217
bin_classification,dinov3,42,2,20,inner_refit,single,95,400 ppm 4 1,,3.41261835,1,0,1,0.0,medium,low,2,0.5429093241691589,0.42653346061706543,0.03055720590054989
bin_classification,dinov3,42,2,20,inner_refit,single,105,600 ppm 4 4,,4.722478116,2,1,1,0.0,high,medium,2,0.17656998336315155,0.6358042359352112,0.18762579560279846
bin_classification,dinov3,42,2,20,inner_refit,single,107,600 ppm 2 8,,2.425778023,0,1,1,0.0,low,medium,2,0.207475483417511,0.7695311307907104,0.022993342950940132
bin_classification,dinov3,42,2,20,inner_refit,single,118,400 ppm 1 6,,2.131122072,0,1,1,0.0,low,medium,2,0.2585879862308502,0.7298057079315186,0.011606285348534584
bin_classification,dinov3,42,2,20,inner_refit,single,120,1000 ppm 4 9,,6.363669718,2,2,1,0.0,high,high,2,0.05687745288014412,0.10459765046834946,0.8385248780250549
bin_classification,dinov3,42,2,20,inner_refit,single,122,400 ppm 3 9,,1.584373627,0,1,1,0.0,low,medium,2,0.4179385304450989,0.5480870604515076,0.03397442400455475
bin_classification,dinov3,42,2,20,inner_refit,single,124,600 ppm 2 6,,5.169349346,2,2,1,0.0,high,high,2,0.021344829350709915,0.07888299971818924,0.8997721076011658
bin_classification,dinov3,42,2,20,inner_refit,single,133,600 ppm 4 5,,3.062108267,1,1,1,0.0,medium,medium,2,0.08519776910543442,0.6619682908058167,0.25283387303352356
bin_classification,dinov3,42,2,20,inner_refit,single,137,600 ppm 4 9,,6.74653579,2,1,1,0.0,high,medium,2,0.36369219422340393,0.45081448554992676,0.18549329042434692
bin_classification,dinov3,42,2,20,inner_refit,single,139,400 ppm 2 9,,3.092722153,1,0,1,0.0,medium,low,2,0.6033123135566711,0.3735734820365906,0.023114215582609177
bin_classification,dinov3,42,2,20,inner_refit,single,147,800 ppm 1 1,,3.206888056,1,1,1,0.0,medium,medium,2,0.2959152162075043,0.4241551160812378,0.27992963790893555
bin_classification,dinov3,42,2,20,inner_refit,single,149,1000 ppm 4 5,,5.501306043,2,1,1,0.0,high,medium,2,0.3717505931854248,0.46124085783958435,0.16700847446918488
bin_classification,dinov3,42,2,20,inner_refit,single,151,1000 ppm 1 1,,5.764585045,2,2,1,0.0,high,high,2,0.26144272089004517,0.34771549701690674,0.3908418118953705
bin_classification,dinov3,42,2,20,inner_refit,single,160,600 ppm 1 8,,3.375017339,1,0,1,0.0,medium,low,2,0.777153491973877,0.19882553815841675,0.024021029472351074
bin_classification,dinov3,42,2,20,inner_refit,single,164,600 ppm 5 7,,2.199153042,0,0,1,0.0,low,low,2,0.6083804965019226,0.3645514249801636,0.027068085968494415
bin_classification,dinov3,42,2,20,inner_refit,single,177,1000 ppm 2 8,,8.920432073,2,2,1,0.0,high,high,2,0.011755676008760929,0.36822274327278137,0.6200215816497803
bin_classification,dinov3,42,2,20,inner_refit,single,178,600 ppm 1 5,,2.578333626,1,1,1,0.0,medium,medium,2,0.19900350272655487,0.7810043096542358,0.019992174580693245
bin_classification,dinov3,42,2,20,inner_refit,single,179,600 ppm 1 9,,2.309240059,0,1,1,0.0,low,medium,2,0.19462387263774872,0.758996844291687,0.046379249542951584
bin_classification,dinov3,42,2,20,inner_refit,single,180,600 ppm 2 2,,3.987730061,2,2,1,0.0,high,high,2,0.10632765293121338,0.4233936071395874,0.47027871012687683
bin_classification,dinov3,42,2,20,inner_refit,single,183,600 ppm 5 2,,2.267431961,0,0,1,0.0,low,low,2,0.6527683138847351,0.24694427847862244,0.10028741508722305
bin_classification,dinov3,42,2,20,inner_refit,single,185,800 ppm 4 9,,1.601926465,0,1,1,0.0,low,medium,2,0.31477680802345276,0.611849308013916,0.07337387651205063
bin_classification,dinov3,42,2,20,inner_refit,single,187,600 ppm 2 4,,5.228335334,2,2,1,0.0,high,high,2,0.1144455224275589,0.39420825242996216,0.49134618043899536
bin_classification,dinov3,42,2,20,inner_refit,single,191,600 ppm 4 7,,3.434518809,1,0,1,0.0,medium,low,2,0.4852214753627777,0.3882748782634735,0.12650363147258759
bin_classification,dinov3,42,2,20,inner_refit,single,194,1000 ppm 5 8,,3.570707045,1,1,1,0.0,medium,medium,2,0.2974722981452942,0.5802096128463745,0.12231802940368652
bin_classification,dinov3,42,2,20,inner_refit,single,197,600 ppm 5 3,,3.545661039,1,1,1,0.0,medium,medium,2,0.1742735505104065,0.5439543128013611,0.2817721366882324
bin_classification,dinov3,42,2,20,inner_refit,single,198,1000 ppm 4 4,,4.912650043,2,1,1,0.0,high,medium,2,0.19803071022033691,0.5628687739372253,0.23910053074359894
bin_classification,dinov3,42,2,20,inner_refit,single,208,1000 ppm 4 7,,4.80521563,2,2,1,0.0,high,high,2,0.07510849833488464,0.34938880801200867,0.5755026936531067
bin_classification,dinov3,42,2,20,inner_refit,d4_mean,0,800 ppm 4 4,,2.946573479,1,1,8,0.5,medium,medium,2,0.1422552913427353,0.46502774953842163,0.3927169740200043
bin_classification,dinov3,42,2,20,inner_refit,d4_mean,1,400 ppm 1 10,,2.439106538,0,0,8,0.125,low,low,2,0.47952330112457275,0.2732532024383545,0.24722349643707275
bin_classification,dinov3,42,2,20,inner_refit,d4_mean,2,c 8,,0.026443476,0,0,8,0.0,low,low,2,0.8543667793273926,0.11585284769535065,0.029780372977256775
bin_classification,dinov3,42,2,20,inner_refit,d4_mean,14,800 ppm 5 8,,1.813308383,0,1,8,0.0,low,medium,2,0.08797253668308258,0.811209499835968,0.1008179560303688
bin_classification,dinov3,42,2,20,inner_refit,d4_mean,20,600 ppm 3 4,,2.760653598,1,1,8,0.0,medium,medium,2,0.25652047991752625,0.5665117502212524,0.1769677847623825
bin_classification,dinov3,42,2,20,inner_refit,d4_mean,22,1000 ppm 2 10,,3.02169275,1,1,8,0.5,medium,medium,2,0.24638506770133972,0.38332676887512207,0.3702881336212158
bin_classification,dinov3,42,2,20,inner_refit,d4_mean,30,800 ppm 3 1,,3.635232962,1,2,8,0.5,medium,high,2,0.34073886275291443,0.28107979893684387,0.3781813383102417
bin_classification,dinov3,42,2,20,inner_refit,d4_mean,35,400 ppm 4 3,,1.918214246,0,0,8,0.5,low,low,2,0.4415380358695984,0.37874820828437805,0.17971371114253998
bin_classification,dinov3,42,2,20,inner_refit,d4_mean,38,600 ppm 1 2,,3.709535965,2,1,8,0.125,high,medium,2,0.0695803165435791,0.7400074601173401,0.1904122531414032
bin_classification,dinov3,42,2,20,inner_refit,d4_mean,43,400 ppm 3 7,,0.89575865,0,0,8,0.0,low,low,2,0.7599600553512573,0.1199149414896965,0.12012496590614319
bin_classification,dinov3,42,2,20,inner_refit,d4_mean,44,600 ppm 2 10,,5.751181016,2,2,8,0.125,high,high,2,0.13928519189357758,0.21556580066680908,0.6451490521430969
bin_classification,dinov3,42,2,20,inner_refit,d4_mean,48,800 ppm 5 5,,2.12508079,0,2,8,0.5,low,high,2,0.08704593777656555,0.4296979308128357,0.48325610160827637
bin_classification,dinov3,42,2,20,inner_refit,d4_mean,51,400 ppm 5 2,,2.358077692,0,1,8,0.375,low,medium,2,0.43980544805526733,0.47687989473342896,0.08331461250782013
bin_classification,dinov3,42,2,20,inner_refit,d4_mean,57,800 ppm 1 2,,2.433875926,0,2,8,0.375,low,high,2,0.07077174633741379,0.4598459303379059,0.4693823456764221
bin_classification,dinov3,42,2,20,inner_refit,d4_mean,58,600 ppm 3 5,,3.400726676,1,1,8,0.0,medium,medium,2,0.2610320448875427,0.6074014902114868,0.13156653940677643
bin_classification,dinov3,42,2,20,inner_refit,d4_mean,61,800 ppm 2 5,,2.123468918,0,1,8,0.125,low,medium,2,0.3390834927558899,0.6115882396697998,0.049328237771987915
bin_classification,dinov3,42,2,20,inner_refit,d4_mean,71,1000 ppm 5 3,,3.480640553,1,1,8,0.375,medium,medium,2,0.4032665193080902,0.45361199975013733,0.14312146604061127
bin_classification,dinov3,42,2,20,inner_refit,d4_mean,73,400 ppm 5 10,,6.150568182,2,2,8,0.0,high,high,2,0.08531958609819412,0.14508405327796936,0.7695963978767395
bin_classification,dinov3,42,2,20,inner_refit,d4_mean,76,1000 ppm 2 5,,3.820821694,2,1,8,0.0,high,medium,2,0.13911426067352295,0.6843061447143555,0.17657962441444397
bin_classification,dinov3,42,2,20,inner_refit,d4_mean,77,400 ppm 2 4,,2.142971305,0,0,8,0.125,low,low,2,0.5119407773017883,0.24208588898181915,0.24597330391407013
bin_classification,dinov3,42,2,20,inner_refit,d4_mean,78,600 ppm 4 6,,2.917928606,1,0,8,0.0,medium,low,2,0.6079525947570801,0.259331077337265,0.13271626830101013
bin_classification,dinov3,42,2,20,inner_refit,d4_mean,80,c 6,,0.063760031,0,0,8,0.0,low,low,2,0.7586429119110107,0.16707606613636017,0.07428102195262909
bin_classification,dinov3,42,2,20,inner_refit,d4_mean,89,800 ppm 1 7,,3.238793179,1,1,8,0.0,medium,medium,2,0.042810890823602676,0.7831889390945435,0.17400014400482178
bin_classification,dinov3,42,2,20,inner_refit,d4_mean,92,1000 ppm 5 2,,4.757997682,2,1,8,0.0,high,medium,2,0.18035145103931427,0.6218705773353577,0.19777800142765045
bin_classification,dinov3,42,2,20,inner_refit,d4_mean,93,600 ppm 2 1,,4.813990004,2,2,8,0.125,high,high,2,0.04722054302692413,0.2916333079338074,0.6611461639404297
bin_classification,dinov3,42,2,20,inner_refit,d4_mean,95,400 ppm 4 1,,3.41261835,1,1,8,0.25,medium,medium,2,0.41732141375541687,0.4789658188819885,0.1037127897143364
bin_classification,dinov3,42,2,20,inner_refit,d4_mean,105,600 ppm 4 4,,4.722478116,2,1,8,0.125,high,medium,2,0.17815394699573517,0.5219781398773193,0.2998679280281067
bin_classification,dinov3,42,2,20,inner_refit,d4_mean,107,600 ppm 2 8,,2.425778023,0,1,8,0.0,low,medium,2,0.21676388382911682,0.6802389621734619,0.10299712419509888
bin_classification,dinov3,42,2,20,inner_refit,d4_mean,118,400 ppm 1 6,,2.131122072,0,1,8,0.0,low,medium,2,0.2496146857738495,0.6415923833847046,0.1087929829955101
bin_classification,dinov3,42,2,20,inner_refit,d4_mean,120,1000 ppm 4 9,,6.363669718,2,2,8,0.25,high,high,2,0.07764118164777756,0.24888595938682556,0.6734728813171387
bin_classification,dinov3,42,2,20,inner_refit,d4_mean,122,400 ppm 3 9,,1.584373627,0,1,8,0.125,low,medium,2,0.3468441665172577,0.5240431427955627,0.12911269068717957
bin_classification,dinov3,42,2,20,inner_refit,d4_mean,124,600 ppm 2 6,,5.169349346,2,2,8,0.0,high,high,2,0.08013348281383514,0.18181899189949036,0.7380475997924805
bin_classification,dinov3,42,2,20,inner_refit,d4_mean,133,600 ppm 4 5,,3.062108267,1,2,8,0.375,medium,high,2,0.037531182169914246,0.4442862272262573,0.5181825757026672
bin_classification,dinov3,42,2,20,inner_refit,d4_mean,137,600 ppm 4 9,,6.74653579,2,1,8,0.25,high,medium,2,0.22760842740535736,0.4533809721469879,0.3190106153488159
bin_classification,dinov3,42,2,20,inner_refit,d4_mean,139,400 ppm 2 9,,3.092722153,1,0,8,0.0,medium,low,2,0.5521950125694275,0.32401472330093384,0.12379027903079987
bin_classification,dinov3,42,2,20,inner_refit,d4_mean,147,800 ppm 1 1,,3.206888056,1,1,8,0.25,medium,medium,2,0.2216341644525528,0.44964873790740967,0.32871708273887634
bin_classification,dinov3,42,2,20,inner_refit,d4_mean,149,1000 ppm 4 5,,5.501306043,2,2,8,0.5,high,high,2,0.23648306727409363,0.3684370815753937,0.3950797915458679
bin_classification,dinov3,42,2,20,inner_refit,d4_mean,151,1000 ppm 1 1,,5.764585045,2,2,8,0.125,high,high,2,0.15339317917823792,0.3312625288963318,0.5153442621231079
bin_classification,dinov3,42,2,20,inner_refit,d4_mean,160,600 ppm 1 8,,3.375017339,1,0,8,0.0,medium,low,2,0.6241766810417175,0.28080353140830994,0.09501975029706955
bin_classification,dinov3,42,2,20,inner_refit,d4_mean,164,600 ppm 5 7,,2.199153042,0,0,8,0.0,low,low,2,0.5942011475563049,0.3215692937374115,0.08422955870628357
bin_classification,dinov3,42,2,20,inner_refit,d4_mean,177,1000 ppm 2 8,,8.920432073,2,2,8,0.25,high,high,2,0.02126971073448658,0.44368645548820496,0.5350438356399536
bin_classification,dinov3,42,2,20,inner_refit,d4_mean,178,600 ppm 1 5,,2.578333626,1,1,8,0.0,medium,medium,2,0.29870501160621643,0.6205681562423706,0.08072679489850998
bin_classification,dinov3,42,2,20,inner_refit,d4_mean,179,600 ppm 1 9,,2.309240059,0,1,8,0.0,low,medium,2,0.1627696454524994,0.6724371314048767,0.1647932529449463
bin_classification,dinov3,42,2,20,inner_refit,d4_mean,180,600 ppm 2 2,,3.987730061,2,2,8,0.0,high,high,2,0.08218314498662949,0.28759825229644775,0.6302185654640198
bin_classification,dinov3,42,2,20,inner_refit,d4_mean,183,600 ppm 5 2,,2.267431961,0,2,8,0.5,low,high,2,0.3746921420097351,0.1988404393196106,0.4264673888683319
bin_classification,dinov3,42,2,20,inner_refit,d4_mean,185,800 ppm 4 9,,1.601926465,0,1,8,0.0,low,medium,2,0.2402995079755783,0.5943835973739624,0.1653168648481369
bin_classification,dinov3,42,2,20,inner_refit,d4_mean,187,600 ppm 2 4,,5.228335334,2,2,8,0.0,high,high,2,0.06620650738477707,0.2365739643573761,0.6972194910049438
bin_classification,dinov3,42,2,20,inner_refit,d4_mean,191,600 ppm 4 7,,3.434518809,1,2,8,0.25,medium,high,2,0.2752935290336609,0.23647333681583405,0.48823314905166626
bin_classification,dinov3,42,2,20,inner_refit,d4_mean,194,1000 ppm 5 8,,3.570707045,1,2,8,0.25,medium,high,2,0.12989191710948944,0.32129818201065063,0.5488098859786987
bin_classification,dinov3,42,2,20,inner_refit,d4_mean,197,600 ppm 5 3,,3.545661039,1,2,8,0.25,medium,high,2,0.15690496563911438,0.36144474148750305,0.48165032267570496
bin_classification,dinov3,42,2,20,inner_refit,d4_mean,198,1000 ppm 4 4,,4.912650043,2,2,8,0.25,high,high,2,0.13191311061382294,0.26873427629470825,0.5993525385856628
bin_classification,dinov3,42,2,20,inner_refit,d4_mean,208,1000 ppm 4 7,,4.80521563,2,2,8,0.0,high,high,2,0.05098194256424904,0.2166348099708557,0.7323832511901855
bin_classification,dinov3,42,2,20,inner_refit,d4_vote,0,800 ppm 4 4,,2.946573479,1,1,8,0.5,medium,medium,2,0.1422552913427353,0.46502774953842163,0.3927169740200043
bin_classification,dinov3,42,2,20,inner_refit,d4_vote,1,400 ppm 1 10,,2.439106538,0,0,8,0.125,low,low,2,0.47952330112457275,0.2732532024383545,0.24722349643707275
bin_classification,dinov3,42,2,20,inner_refit,d4_vote,2,c 8,,0.026443476,0,0,8,0.0,low,low,2,0.8543667793273926,0.11585284769535065,0.029780372977256775
bin_classification,dinov3,42,2,20,inner_refit,d4_vote,14,800 ppm 5 8,,1.813308383,0,1,8,0.0,low,medium,2,0.08797253668308258,0.811209499835968,0.1008179560303688
bin_classification,dinov3,42,2,20,inner_refit,d4_vote,20,600 ppm 3 4,,2.760653598,1,1,8,0.0,medium,medium,2,0.25652047991752625,0.5665117502212524,0.1769677847623825
bin_classification,dinov3,42,2,20,inner_refit,d4_vote,22,1000 ppm 2 10,,3.02169275,1,2,8,0.5,medium,high,2,0.24638506770133972,0.38332676887512207,0.3702881336212158
bin_classification,dinov3,42,2,20,inner_refit,d4_vote,30,800 ppm 3 1,,3.635232962,1,2,8,0.5,medium,high,2,0.34073886275291443,0.28107979893684387,0.3781813383102417
bin_classification,dinov3,42,2,20,inner_refit,d4_vote,35,400 ppm 4 3,,1.918214246,0,0,8,0.5,low,low,2,0.4415380358695984,0.37874820828437805,0.17971371114253998
bin_classification,dinov3,42,2,20,inner_refit,d4_vote,38,600 ppm 1 2,,3.709535965,2,1,8,0.125,high,medium,2,0.0695803165435791,0.7400074601173401,0.1904122531414032
bin_classification,dinov3,42,2,20,inner_refit,d4_vote,43,400 ppm 3 7,,0.89575865,0,0,8,0.0,low,low,2,0.7599600553512573,0.1199149414896965,0.12012496590614319
bin_classification,dinov3,42,2,20,inner_refit,d4_vote,44,600 ppm 2 10,,5.751181016,2,2,8,0.125,high,high,2,0.13928519189357758,0.21556580066680908,0.6451490521430969
bin_classification,dinov3,42,2,20,inner_refit,d4_vote,48,800 ppm 5 5,,2.12508079,0,2,8,0.5,low,high,2,0.08704593777656555,0.4296979308128357,0.48325610160827637
bin_classification,dinov3,42,2,20,inner_refit,d4_vote,51,400 ppm 5 2,,2.358077692,0,1,8,0.375,low,medium,2,0.43980544805526733,0.47687989473342896,0.08331461250782013
bin_classification,dinov3,42,2,20,inner_refit,d4_vote,57,800 ppm 1 2,,2.433875926,0,2,8,0.375,low,high,2,0.07077174633741379,0.4598459303379059,0.4693823456764221
bin_classification,dinov3,42,2,20,inner_refit,d4_vote,58,600 ppm 3 5,,3.400726676,1,1,8,0.0,medium,medium,2,0.2610320448875427,0.6074014902114868,0.13156653940677643
bin_classification,dinov3,42,2,20,inner_refit,d4_vote,61,800 ppm 2 5,,2.123468918,0,1,8,0.125,low,medium,2,0.3390834927558899,0.6115882396697998,0.049328237771987915
bin_classification,dinov3,42,2,20,inner_refit,d4_vote,71,1000 ppm 5 3,,3.480640553,1,1,8,0.375,medium,medium,2,0.4032665193080902,0.45361199975013733,0.14312146604061127
bin_classification,dinov3,42,2,20,inner_refit,d4_vote,73,400 ppm 5 10,,6.150568182,2,2,8,0.0,high,high,2,0.08531958609819412,0.14508405327796936,0.7695963978767395
bin_classification,dinov3,42,2,20,inner_refit,d4_vote,76,1000 ppm 2 5,,3.820821694,2,1,8,0.0,high,medium,2,0.13911426067352295,0.6843061447143555,0.17657962441444397
bin_classification,dinov3,42,2,20,inner_refit,d4_vote,77,400 ppm 2 4,,2.142971305,0,0,8,0.125,low,low,2,0.5119407773017883,0.24208588898181915,0.24597330391407013
bin_classification,dinov3,42,2,20,inner_refit,d4_vote,78,600 ppm 4 6,,2.917928606,1,0,8,0.0,medium,low,2,0.6079525947570801,0.259331077337265,0.13271626830101013
bin_classification,dinov3,42,2,20,inner_refit,d4_vote,80,c 6,,0.063760031,0,0,8,0.0,low,low,2,0.7586429119110107,0.16707606613636017,0.07428102195262909
bin_classification,dinov3,42,2,20,inner_refit,d4_vote,89,800 ppm 1 7,,3.238793179,1,1,8,0.0,medium,medium,2,0.042810890823602676,0.7831889390945435,0.17400014400482178
bin_classification,dinov3,42,2,20,inner_refit,d4_vote,92,1000 ppm 5 2,,4.757997682,2,1,8,0.0,high,medium,2,0.18035145103931427,0.6218705773353577,0.19777800142765045
bin_classification,dinov3,42,2,20,inner_refit,d4_vote,93,600 ppm 2 1,,4.813990004,2,2,8,0.125,high,high,2,0.04722054302692413,0.2916333079338074,0.6611461639404297
bin_classification,dinov3,42,2,20,inner_refit,d4_vote,95,400 ppm 4 1,,3.41261835,1,1,8,0.25,medium,medium,2,0.41732141375541687,0.4789658188819885,0.1037127897143364
bin_classification,dinov3,42,2,20,inner_refit,d4_vote,105,600 ppm 4 4,,4.722478116,2,1,8,0.125,high,medium,2,0.17815394699573517,0.5219781398773193,0.2998679280281067
bin_classification,dinov3,42,2,20,inner_refit,d4_vote,107,600 ppm 2 8,,2.425778023,0,1,8,0.0,low,medium,2,0.21676388382911682,0.6802389621734619,0.10299712419509888
bin_classification,dinov3,42,2,20,inner_refit,d4_vote,118,400 ppm 1 6,,2.131122072,0,1,8,0.0,low,medium,2,0.2496146857738495,0.6415923833847046,0.1087929829955101
bin_classification,dinov3,42,2,20,inner_refit,d4_vote,120,1000 ppm 4 9,,6.363669718,2,2,8,0.25,high,high,2,0.07764118164777756,0.24888595938682556,0.6734728813171387
bin_classification,dinov3,42,2,20,inner_refit,d4_vote,122,400 ppm 3 9,,1.584373627,0,1,8,0.125,low,medium,2,0.3468441665172577,0.5240431427955627,0.12911269068717957
bin_classification,dinov3,42,2,20,inner_refit,d4_vote,124,600 ppm 2 6,,5.169349346,2,2,8,0.0,high,high,2,0.08013348281383514,0.18181899189949036,0.7380475997924805
bin_classification,dinov3,42,2,20,inner_refit,d4_vote,133,600 ppm 4 5,,3.062108267,1,2,8,0.375,medium,high,2,0.037531182169914246,0.4442862272262573,0.5181825757026672
bin_classification,dinov3,42,2,20,inner_refit,d4_vote,137,600 ppm 4 9,,6.74653579,2,1,8,0.25,high,medium,2,0.22760842740535736,0.4533809721469879,0.3190106153488159
bin_classification,dinov3,42,2,20,inner_refit,d4_vote,139,400 ppm 2 9,,3.092722153,1,0,8,0.0,medium,low,2,0.5521950125694275,0.32401472330093384,0.12379027903079987
bin_classification,dinov3,42,2,20,inner_refit,d4_vote,147,800 ppm 1 1,,3.206888056,1,1,8,0.25,medium,medium,2,0.2216341644525528,0.44964873790740967,0.32871708273887634
bin_classification,dinov3,42,2,20,inner_refit,d4_vote,149,1000 ppm 4 5,,5.501306043,2,2,8,0.5,high,high,2,0.23648306727409363,0.3684370815753937,0.3950797915458679
bin_classification,dinov3,42,2,20,inner_refit,d4_vote,151,1000 ppm 1 1,,5.764585045,2,2,8,0.125,high,high,2,0.15339317917823792,0.3312625288963318,0.5153442621231079
bin_classification,dinov3,42,2,20,inner_refit,d4_vote,160,600 ppm 1 8,,3.375017339,1,0,8,0.0,medium,low,2,0.6241766810417175,0.28080353140830994,0.09501975029706955
bin_classification,dinov3,42,2,20,inner_refit,d4_vote,164,600 ppm 5 7,,2.199153042,0,0,8,0.0,low,low,2,0.5942011475563049,0.3215692937374115,0.08422955870628357
bin_classification,dinov3,42,2,20,inner_refit,d4_vote,177,1000 ppm 2 8,,8.920432073,2,2,8,0.25,high,high,2,0.02126971073448658,0.44368645548820496,0.5350438356399536
bin_classification,dinov3,42,2,20,inner_refit,d4_vote,178,600 ppm 1 5,,2.578333626,1,1,8,0.0,medium,medium,2,0.29870501160621643,0.6205681562423706,0.08072679489850998
bin_classification,dinov3,42,2,20,inner_refit,d4_vote,179,600 ppm 1 9,,2.309240059,0,1,8,0.0,low,medium,2,0.1627696454524994,0.6724371314048767,0.1647932529449463
bin_classification,dinov3,42,2,20,inner_refit,d4_vote,180,600 ppm 2 2,,3.987730061,2,2,8,0.0,high,high,2,0.08218314498662949,0.28759825229644775,0.6302185654640198
bin_classification,dinov3,42,2,20,inner_refit,d4_vote,183,600 ppm 5 2,,2.267431961,0,2,8,0.5,low,high,2,0.3746921420097351,0.1988404393196106,0.4264673888683319
bin_classification,dinov3,42,2,20,inner_refit,d4_vote,185,800 ppm 4 9,,1.601926465,0,1,8,0.0,low,medium,2,0.2402995079755783,0.5943835973739624,0.1653168648481369
bin_classification,dinov3,42,2,20,inner_refit,d4_vote,187,600 ppm 2 4,,5.228335334,2,2,8,0.0,high,high,2,0.06620650738477707,0.2365739643573761,0.6972194910049438
bin_classification,dinov3,42,2,20,inner_refit,d4_vote,191,600 ppm 4 7,,3.434518809,1,2,8,0.25,medium,high,2,0.2752935290336609,0.23647333681583405,0.48823314905166626
bin_classification,dinov3,42,2,20,inner_refit,d4_vote,194,1000 ppm 5 8,,3.570707045,1,2,8,0.25,medium,high,2,0.12989191710948944,0.32129818201065063,0.5488098859786987
bin_classification,dinov3,42,2,20,inner_refit,d4_vote,197,600 ppm 5 3,,3.545661039,1,2,8,0.25,medium,high,2,0.15690496563911438,0.36144474148750305,0.48165032267570496
bin_classification,dinov3,42,2,20,inner_refit,d4_vote,198,1000 ppm 4 4,,4.912650043,2,2,8,0.25,high,high,2,0.13191311061382294,0.26873427629470825,0.5993525385856628
bin_classification,dinov3,42,2,20,inner_refit,d4_vote,208,1000 ppm 4 7,,4.80521563,2,2,8,0.0,high,high,2,0.05098194256424904,0.2166348099708557,0.7323832511901855
bin_classification,dinov3,42,3,22,inner_refit,single,4,400 ppm 5 6,,3.179550105,1,0,1,0.0,medium,low,2,0.7873086929321289,0.196185901761055,0.01650548353791237
bin_classification,dinov3,42,3,22,inner_refit,single,15,800 ppm 5 6,,4.035336418,2,2,1,0.0,high,high,2,0.04368580877780914,0.22593332827091217,0.7303808927536011
bin_classification,dinov3,42,3,22,inner_refit,single,17,800 ppm 1 8,,3.829685929,2,2,1,0.0,high,high,2,0.18568095564842224,0.13860951364040375,0.6757095456123352
bin_classification,dinov3,42,3,22,inner_refit,single,24,400 ppm 1 7,,1.282576096,0,2,1,0.0,low,high,2,0.42540067434310913,0.13381066918373108,0.4407886862754822
bin_classification,dinov3,42,3,22,inner_refit,single,26,400 ppm 3 8,,2.699524299,1,0,1,0.0,medium,low,2,0.7680931687355042,0.20938923954963684,0.022517595440149307
bin_classification,dinov3,42,3,22,inner_refit,single,31,1000 ppm 4 10,,4.658685892,2,1,1,0.0,high,medium,2,0.13523045182228088,0.624076247215271,0.24069327116012573
bin_classification,dinov3,42,3,22,inner_refit,single,32,600 ppm 4 1,,2.305830077,0,0,1,0.0,low,low,2,0.7623384594917297,0.16157634556293488,0.07608518749475479
bin_classification,dinov3,42,3,22,inner_refit,single,33,400 ppm 4 2,,3.766442861,2,2,1,0.0,high,high,2,0.2647384703159332,0.19143255054950714,0.5438289046287537
bin_classification,dinov3,42,3,22,inner_refit,single,40,1000 ppm 3 7,,4.455573905,2,1,1,0.0,high,medium,2,0.32525601983070374,0.6287354826927185,0.04600851237773895
bin_classification,dinov3,42,3,22,inner_refit,single,42,800 ppm 4 1,,3.914368577,2,2,1,0.0,high,high,2,0.22940011322498322,0.03360287472605705,0.7369970083236694
bin_classification,dinov3,42,3,22,inner_refit,single,47,600 ppm 1 10,,2.380352998,0,2,1,0.0,low,high,2,0.11311439424753189,0.2749329209327698,0.6119526624679565
bin_classification,dinov3,42,3,22,inner_refit,single,50,400 ppm 5 4,,2.308031034,0,0,1,0.0,low,low,2,0.5397047996520996,0.3412705063819885,0.11902472376823425
bin_classification,dinov3,42,3,22,inner_refit,single,60,1000 ppm 1 10,,6.849854778,2,2,1,0.0,high,high,2,0.057060372084379196,0.06945284456014633,0.8734868764877319
bin_classification,dinov3,42,3,22,inner_refit,single,63,800 ppm 5 1,,3.318129085,1,0,1,0.0,medium,low,2,0.693591833114624,0.2496797740459442,0.05672842636704445
bin_classification,dinov3,42,3,22,inner_refit,single,65,1000 ppm 1 2,,2.839588237,1,0,1,0.0,medium,low,2,0.47665935754776,0.23471376299858093,0.28862690925598145
bin_classification,dinov3,42,3,22,inner_refit,single,72,800 ppm 4 10,,1.790224933,0,0,1,0.0,low,low,2,0.46829429268836975,0.4430152475833893,0.08869042247533798
bin_classification,dinov3,42,3,22,inner_refit,single,74,800 ppm 3 10,,2.565247064,0,0,1,0.0,low,low,2,0.6386493444442749,0.3036941587924957,0.05765644088387489
bin_classification,dinov3,42,3,22,inner_refit,single,75,600 ppm 4 2,,2.807822686,1,1,1,0.0,medium,medium,2,0.17926271259784698,0.5521739721298218,0.26856333017349243
bin_classification,dinov3,42,3,22,inner_refit,single,85,600 ppm 5 9,,3.487434095,1,2,1,0.0,medium,high,2,0.20384268462657928,0.23516561090946198,0.5609917044639587
bin_classification,dinov3,42,3,22,inner_refit,single,86,600 ppm 4 3,,2.880647975,1,0,1,0.0,medium,low,2,0.4825625717639923,0.21803830564022064,0.299399197101593
bin_classification,dinov3,42,3,22,inner_refit,single,87,600 ppm 2 3,,4.461830388,2,2,1,0.0,high,high,2,0.07742982357740402,0.07594210654497147,0.8466280102729797
bin_classification,dinov3,42,3,22,inner_refit,single,88,400 ppm 1 8,,2.661895437,1,2,1,0.0,medium,high,2,0.14707306027412415,0.13453561067581177,0.7183913588523865
bin_classification,dinov3,42,3,22,inner_refit,single,91,800 ppm 2 6,,2.574977352,1,1,1,0.0,medium,medium,2,0.30936911702156067,0.4644874334335327,0.22614341974258423
bin_classification,dinov3,42,3,22,inner_refit,single,96,400 ppm 3 3,,0.612212928,0,0,1,0.0,low,low,2,0.9001203775405884,0.08366293460130692,0.016216643154621124
bin_classification,dinov3,42,3,22,inner_refit,single,98,400 ppm 4 7,,2.772824063,1,0,1,0.0,medium,low,2,0.42207634449005127,0.4054069519042969,0.17251671850681305
bin_classification,dinov3,42,3,22,inner_refit,single,101,400 ppm 1 1,,1.156692243,0,0,1,0.0,low,low,2,0.8818162083625793,0.024204635992646217,0.0939791202545166
bin_classification,dinov3,42,3,22,inner_refit,single,103,600 ppm 3 2,,1.913489171,0,0,1,0.0,low,low,2,0.5733184218406677,0.30330508947372437,0.12337648123502731
bin_classification,dinov3,42,3,22,inner_refit,single,104,400 ppm 2 5,,2.693185629,1,0,1,0.0,medium,low,2,0.607421338558197,0.33322873711586,0.05934993922710419
bin_classification,dinov3,42,3,22,inner_refit,single,110,800 ppm 2 10,,3.839907089,2,2,1,0.0,high,high,2,0.07708191126585007,0.13439713418483734,0.7885209321975708
bin_classification,dinov3,42,3,22,inner_refit,single,119,400 ppm 2 6,,1.94595721,0,0,1,0.0,low,low,2,0.4369603395462036,0.32415419816970825,0.23888546228408813
bin_classification,dinov3,42,3,22,inner_refit,single,125,400 ppm 2 2,,2.217441217,0,0,1,0.0,low,low,2,0.862090528011322,0.10917668789625168,0.028732841834425926
bin_classification,dinov3,42,3,22,inner_refit,single,127,800 ppm 1 3,,3.460604121,1,1,1,0.0,medium,medium,2,0.15866726636886597,0.43330347537994385,0.4080292880535126
bin_classification,dinov3,42,3,22,inner_refit,single,134,400 ppm 5 7,,2.419099743,0,2,1,0.0,low,high,2,0.2795800268650055,0.2071157693862915,0.5133042335510254
bin_classification,dinov3,42,3,22,inner_refit,single,135,1000 ppm 3 1,,3.435150907,1,0,1,0.0,medium,low,2,0.4494691789150238,0.18622563779354095,0.36430519819259644
bin_classification,dinov3,42,3,22,inner_refit,single,136,1000 ppm 2 9,,4.12892976,2,1,1,0.0,high,medium,2,0.10660674422979355,0.5314267873764038,0.36196649074554443
bin_classification,dinov3,42,3,22,inner_refit,single,140,1000 ppm 2 6,,3.276631573,1,2,1,0.0,medium,high,2,0.19199641048908234,0.20611052215099335,0.6018930673599243
bin_classification,dinov3,42,3,22,inner_refit,single,141,400 ppm 2 1,,2.012764258,0,0,1,0.0,low,low,2,0.5841870307922363,0.3445637822151184,0.07124918699264526
bin_classification,dinov3,42,3,22,inner_refit,single,142,800 ppm 4 2,,7.228369165,2,2,1,0.0,high,high,2,0.06548451632261276,0.039529550820589066,0.8949859738349915
bin_classification,dinov3,42,3,22,inner_refit,single,153,800 ppm 1 6,,3.837716068,2,2,1,0.0,high,high,2,0.11141635477542877,0.31584808230400085,0.572735607624054
bin_classification,dinov3,42,3,22,inner_refit,single,168,800 ppm 4 3,,2.561965594,0,1,1,0.0,low,medium,2,0.24725718796253204,0.641133725643158,0.1116090789437294
bin_classification,dinov3,42,3,22,inner_refit,single,169,1000 ppm 5 5,,4.025481166,2,1,1,0.0,high,medium,2,0.14528466761112213,0.5138823986053467,0.34083291888237
bin_classification,dinov3,42,3,22,inner_refit,single,170,600 ppm 5 6,,1.95587148,0,0,1,0.0,low,low,2,0.6350943446159363,0.2380402684211731,0.1268654614686966
bin_classification,dinov3,42,3,22,inner_refit,single,174,400 ppm 5 3,,4.283341707,2,2,1,0.0,high,high,2,0.22567367553710938,0.21362066268920898,0.5607056617736816
bin_classification,dinov3,42,3,22,inner_refit,single,176,600 ppm 1 6,,3.100781702,1,2,1,0.0,medium,high,2,0.26227396726608276,0.3140270411968231,0.4236989915370941
bin_classification,dinov3,42,3,22,inner_refit,single,181,1000 ppm 1 6,,4.975119308,2,2,1,0.0,high,high,2,0.1267586648464203,0.10736244171857834,0.7658789157867432
bin_classification,dinov3,42,3,22,inner_refit,single,182,800 ppm 5 2,,3.095231637,1,1,1,0.0,medium,medium,2,0.09253836423158646,0.6071934103965759,0.3002682626247406
bin_classification,dinov3,42,3,22,inner_refit,single,195,c 2,,0.515980941,0,0,1,0.0,low,low,2,0.8841883540153503,0.08610516041517258,0.02970644272863865
bin_classification,dinov3,42,3,22,inner_refit,single,196,800 ppm 2 2,,4.193172849,2,0,1,0.0,high,low,2,0.3811429440975189,0.2406577169895172,0.3781993091106415
bin_classification,dinov3,42,3,22,inner_refit,single,199,400 ppm 5 9,,4.94470606,2,2,1,0.0,high,high,2,0.01757146045565605,0.1259668618440628,0.8564615845680237
bin_classification,dinov3,42,3,22,inner_refit,single,200,400 ppm 2 8,,1.868843053,0,1,1,0.0,low,medium,2,0.35321828722953796,0.39761659502983093,0.24916517734527588
bin_classification,dinov3,42,3,22,inner_refit,single,206,400 ppm 1 4,,2.032189725,0,2,1,0.0,low,high,2,0.22631551325321198,0.29829856753349304,0.47538599371910095
bin_classification,dinov3,42,3,22,inner_refit,single,207,1000 ppm 2 2,,2.770922415,1,0,1,0.0,medium,low,2,0.6376717686653137,0.2055736929178238,0.1567544788122177
bin_classification,dinov3,42,3,22,inner_refit,d4_mean,4,400 ppm 5 6,,3.179550105,1,0,8,0.0,medium,low,2,0.6138097047805786,0.2778054177761078,0.10838489979505539
bin_classification,dinov3,42,3,22,inner_refit,d4_mean,15,800 ppm 5 6,,4.035336418,2,2,8,0.0,high,high,2,0.020243046805262566,0.10439815372228622,0.8753588199615479
bin_classification,dinov3,42,3,22,inner_refit,d4_mean,17,800 ppm 1 8,,3.829685929,2,2,8,0.0,high,high,2,0.23551370203495026,0.2150653600692749,0.5494208931922913
bin_classification,dinov3,42,3,22,inner_refit,d4_mean,24,400 ppm 1 7,,1.282576096,0,0,8,0.375,low,low,2,0.409959077835083,0.22791394591331482,0.36212700605392456
bin_classification,dinov3,42,3,22,inner_refit,d4_mean,26,400 ppm 3 8,,2.699524299,1,0,8,0.0,medium,low,2,0.5842154622077942,0.16816633939743042,0.24761824309825897
bin_classification,dinov3,42,3,22,inner_refit,d4_mean,31,1000 ppm 4 10,,4.658685892,2,2,8,0.25,high,high,2,0.10266217589378357,0.3425614535808563,0.5547763705253601
bin_classification,dinov3,42,3,22,inner_refit,d4_mean,32,600 ppm 4 1,,2.305830077,0,0,8,0.125,low,low,2,0.5797908306121826,0.13676485419273376,0.28344428539276123
bin_classification,dinov3,42,3,22,inner_refit,d4_mean,33,400 ppm 4 2,,3.766442861,2,2,8,0.125,high,high,2,0.25281259417533875,0.1176682859659195,0.6295191049575806
bin_classification,dinov3,42,3,22,inner_refit,d4_mean,40,1000 ppm 3 7,,4.455573905,2,1,8,0.125,high,medium,2,0.2951927185058594,0.5312974452972412,0.17350982129573822
bin_classification,dinov3,42,3,22,inner_refit,d4_mean,42,800 ppm 4 1,,3.914368577,2,2,8,0.0,high,high,2,0.08922410756349564,0.01163832750171423,0.8991376161575317
bin_classification,dinov3,42,3,22,inner_refit,d4_mean,47,600 ppm 1 10,,2.380352998,0,2,8,0.0,low,high,2,0.07785733789205551,0.1231393814086914,0.7990033030509949
bin_classification,dinov3,42,3,22,inner_refit,d4_mean,50,400 ppm 5 4,,2.308031034,0,0,8,0.125,low,low,2,0.5255872011184692,0.33497875928878784,0.13943403959274292
bin_classification,dinov3,42,3,22,inner_refit,d4_mean,60,1000 ppm 1 10,,6.849854778,2,2,8,0.0,high,high,2,0.015251176431775093,0.023234080523252487,0.9615147709846497
bin_classification,dinov3,42,3,22,inner_refit,d4_mean,63,800 ppm 5 1,,3.318129085,1,0,8,0.125,medium,low,2,0.5141012072563171,0.18419399857521057,0.3017047941684723
bin_classification,dinov3,42,3,22,inner_refit,d4_mean,65,1000 ppm 1 2,,2.839588237,1,1,8,0.625,medium,medium,2,0.320261687040329,0.36580249667167664,0.31393587589263916
bin_classification,dinov3,42,3,22,inner_refit,d4_mean,72,800 ppm 4 10,,1.790224933,0,0,8,0.25,low,low,2,0.43783634901046753,0.26562413573265076,0.2965394854545593
bin_classification,dinov3,42,3,22,inner_refit,d4_mean,74,800 ppm 3 10,,2.565247064,0,0,8,0.25,low,low,2,0.4771919250488281,0.2785395383834839,0.2442685067653656
bin_classification,dinov3,42,3,22,inner_refit,d4_mean,75,600 ppm 4 2,,2.807822686,1,2,8,0.25,medium,high,2,0.11611822247505188,0.25350692868232727,0.6303749084472656
bin_classification,dinov3,42,3,22,inner_refit,d4_mean,85,600 ppm 5 9,,3.487434095,1,2,8,0.0,medium,high,2,0.08955084532499313,0.08193545043468475,0.8285136818885803
bin_classification,dinov3,42,3,22,inner_refit,d4_mean,86,600 ppm 4 3,,2.880647975,1,2,8,0.25,medium,high,2,0.4056099057197571,0.10192620009183884,0.49246394634246826
bin_classification,dinov3,42,3,22,inner_refit,d4_mean,87,600 ppm 2 3,,4.461830388,2,2,8,0.0,high,high,2,0.07691897451877594,0.10267307609319687,0.8204079270362854
bin_classification,dinov3,42,3,22,inner_refit,d4_mean,88,400 ppm 1 8,,2.661895437,1,2,8,0.0,medium,high,2,0.19470587372779846,0.12820591032505035,0.67708820104599
bin_classification,dinov3,42,3,22,inner_refit,d4_mean,91,800 ppm 2 6,,2.574977352,1,2,8,0.25,medium,high,2,0.16335472464561462,0.19011780619621277,0.6465274691581726
bin_classification,dinov3,42,3,22,inner_refit,d4_mean,96,400 ppm 3 3,,0.612212928,0,0,8,0.0,low,low,2,0.7801345586776733,0.13746222853660583,0.08240319043397903
bin_classification,dinov3,42,3,22,inner_refit,d4_mean,98,400 ppm 4 7,,2.772824063,1,0,8,0.125,medium,low,2,0.48807811737060547,0.3073742985725403,0.20454759895801544
bin_classification,dinov3,42,3,22,inner_refit,d4_mean,101,400 ppm 1 1,,1.156692243,0,0,8,0.0,low,low,2,0.7788312435150146,0.02060689963400364,0.20056186616420746
bin_classification,dinov3,42,3,22,inner_refit,d4_mean,103,600 ppm 3 2,,1.913489171,0,0,8,0.375,low,low,2,0.4096946120262146,0.2193799465894699,0.3709253966808319
bin_classification,dinov3,42,3,22,inner_refit,d4_mean,104,400 ppm 2 5,,2.693185629,1,0,8,0.0,medium,low,2,0.5870197415351868,0.2133054882287979,0.19967475533485413
bin_classification,dinov3,42,3,22,inner_refit,d4_mean,110,800 ppm 2 10,,3.839907089,2,2,8,0.0,high,high,2,0.041121795773506165,0.05726079270243645,0.9016174077987671
bin_classification,dinov3,42,3,22,inner_refit,d4_mean,119,400 ppm 2 6,,1.94595721,0,2,8,0.25,low,high,2,0.3532388210296631,0.1947999894618988,0.4519612193107605
bin_classification,dinov3,42,3,22,inner_refit,d4_mean,125,400 ppm 2 2,,2.217441217,0,0,8,0.0,low,low,2,0.7301262021064758,0.08688753098249435,0.18298625946044922
bin_classification,dinov3,42,3,22,inner_refit,d4_mean,127,800 ppm 1 3,,3.460604121,1,1,8,0.125,medium,medium,2,0.13509869575500488,0.5557951927185059,0.30910614132881165
bin_classification,dinov3,42,3,22,inner_refit,d4_mean,134,400 ppm 5 7,,2.419099743,0,2,8,0.0,low,high,2,0.17246340215206146,0.1305801272392273,0.6969565749168396
bin_classification,dinov3,42,3,22,inner_refit,d4_mean,135,1000 ppm 3 1,,3.435150907,1,0,8,0.5,medium,low,2,0.364371657371521,0.31440386176109314,0.32122454047203064
bin_classification,dinov3,42,3,22,inner_refit,d4_mean,136,1000 ppm 2 9,,4.12892976,2,2,8,0.25,high,high,2,0.0905182957649231,0.3431645929813385,0.5663171410560608
bin_classification,dinov3,42,3,22,inner_refit,d4_mean,140,1000 ppm 2 6,,3.276631573,1,2,8,0.0,medium,high,2,0.0884237140417099,0.08018624037504196,0.8313900232315063
bin_classification,dinov3,42,3,22,inner_refit,d4_mean,141,400 ppm 2 1,,2.012764258,0,0,8,0.125,low,low,2,0.4695380926132202,0.3535560369491577,0.17690587043762207
bin_classification,dinov3,42,3,22,inner_refit,d4_mean,142,800 ppm 4 2,,7.228369165,2,2,8,0.0,high,high,2,0.032945238053798676,0.022857360541820526,0.9441974759101868
bin_classification,dinov3,42,3,22,inner_refit,d4_mean,153,800 ppm 1 6,,3.837716068,2,2,8,0.25,high,high,2,0.15647414326667786,0.3078985810279846,0.5356273055076599
bin_classification,dinov3,42,3,22,inner_refit,d4_mean,168,800 ppm 4 3,,2.561965594,0,2,8,0.25,low,high,2,0.22414423525333405,0.33273690938949585,0.4431188404560089
bin_classification,dinov3,42,3,22,inner_refit,d4_mean,169,1000 ppm 5 5,,4.025481166,2,2,8,0.25,high,high,2,0.10596658289432526,0.28699755668640137,0.6070358157157898
bin_classification,dinov3,42,3,22,inner_refit,d4_mean,170,600 ppm 5 6,,1.95587148,0,2,8,0.25,low,high,2,0.3569851517677307,0.164578378200531,0.47843649983406067
bin_classification,dinov3,42,3,22,inner_refit,d4_mean,174,400 ppm 5 3,,4.283341707,2,0,8,0.5,high,low,2,0.4180174469947815,0.24415746331214905,0.33782511949539185
bin_classification,dinov3,42,3,22,inner_refit,d4_mean,176,600 ppm 1 6,,3.100781702,1,2,8,0.0,medium,high,2,0.08898942917585373,0.13650259375572205,0.7745078802108765
bin_classification,dinov3,42,3,22,inner_refit,d4_mean,181,1000 ppm 1 6,,4.975119308,2,2,8,0.0,high,high,2,0.17671138048171997,0.18628627061843872,0.6370023488998413
bin_classification,dinov3,42,3,22,inner_refit,d4_mean,182,800 ppm 5 2,,3.095231637,1,2,8,0.25,medium,high,2,0.06215006858110428,0.3355572521686554,0.6022927165031433
bin_classification,dinov3,42,3,22,inner_refit,d4_mean,195,c 2,,0.515980941,0,0,8,0.0,low,low,2,0.7784295082092285,0.08444073796272278,0.13712972402572632
bin_classification,dinov3,42,3,22,inner_refit,d4_mean,196,800 ppm 2 2,,4.193172849,2,2,8,0.375,high,high,2,0.39681851863861084,0.1254175901412964,0.4777638912200928
bin_classification,dinov3,42,3,22,inner_refit,d4_mean,199,400 ppm 5 9,,4.94470606,2,2,8,0.0,high,high,2,0.014658210799098015,0.16046981513500214,0.8248719573020935
bin_classification,dinov3,42,3,22,inner_refit,d4_mean,200,400 ppm 2 8,,1.868843053,0,2,8,0.25,low,high,2,0.2767978012561798,0.2329895794391632,0.4902125895023346
bin_classification,dinov3,42,3,22,inner_refit,d4_mean,206,400 ppm 1 4,,2.032189725,0,2,8,0.0,low,high,2,0.19313134253025055,0.158487007021904,0.6483816504478455
bin_classification,dinov3,42,3,22,inner_refit,d4_mean,207,1000 ppm 2 2,,2.770922415,1,0,8,0.375,medium,low,2,0.4516914188861847,0.1820330023765564,0.3662755787372589
bin_classification,dinov3,42,3,22,inner_refit,d4_vote,4,400 ppm 5 6,,3.179550105,1,0,8,0.0,medium,low,2,0.6138097047805786,0.2778054177761078,0.10838489979505539
bin_classification,dinov3,42,3,22,inner_refit,d4_vote,15,800 ppm 5 6,,4.035336418,2,2,8,0.0,high,high,2,0.020243046805262566,0.10439815372228622,0.8753588199615479
bin_classification,dinov3,42,3,22,inner_refit,d4_vote,17,800 ppm 1 8,,3.829685929,2,2,8,0.0,high,high,2,0.23551370203495026,0.2150653600692749,0.5494208931922913
bin_classification,dinov3,42,3,22,inner_refit,d4_vote,24,400 ppm 1 7,,1.282576096,0,0,8,0.375,low,low,2,0.409959077835083,0.22791394591331482,0.36212700605392456
bin_classification,dinov3,42,3,22,inner_refit,d4_vote,26,400 ppm 3 8,,2.699524299,1,0,8,0.0,medium,low,2,0.5842154622077942,0.16816633939743042,0.24761824309825897
bin_classification,dinov3,42,3,22,inner_refit,d4_vote,31,1000 ppm 4 10,,4.658685892,2,2,8,0.25,high,high,2,0.10266217589378357,0.3425614535808563,0.5547763705253601
bin_classification,dinov3,42,3,22,inner_refit,d4_vote,32,600 ppm 4 1,,2.305830077,0,0,8,0.125,low,low,2,0.5797908306121826,0.13676485419273376,0.28344428539276123
bin_classification,dinov3,42,3,22,inner_refit,d4_vote,33,400 ppm 4 2,,3.766442861,2,2,8,0.125,high,high,2,0.25281259417533875,0.1176682859659195,0.6295191049575806
bin_classification,dinov3,42,3,22,inner_refit,d4_vote,40,1000 ppm 3 7,,4.455573905,2,1,8,0.125,high,medium,2,0.2951927185058594,0.5312974452972412,0.17350982129573822
bin_classification,dinov3,42,3,22,inner_refit,d4_vote,42,800 ppm 4 1,,3.914368577,2,2,8,0.0,high,high,2,0.08922410756349564,0.01163832750171423,0.8991376161575317
bin_classification,dinov3,42,3,22,inner_refit,d4_vote,47,600 ppm 1 10,,2.380352998,0,2,8,0.0,low,high,2,0.07785733789205551,0.1231393814086914,0.7990033030509949
bin_classification,dinov3,42,3,22,inner_refit,d4_vote,50,400 ppm 5 4,,2.308031034,0,0,8,0.125,low,low,2,0.5255872011184692,0.33497875928878784,0.13943403959274292
bin_classification,dinov3,42,3,22,inner_refit,d4_vote,60,1000 ppm 1 10,,6.849854778,2,2,8,0.0,high,high,2,0.015251176431775093,0.023234080523252487,0.9615147709846497
bin_classification,dinov3,42,3,22,inner_refit,d4_vote,63,800 ppm 5 1,,3.318129085,1,0,8,0.125,medium,low,2,0.5141012072563171,0.18419399857521057,0.3017047941684723
bin_classification,dinov3,42,3,22,inner_refit,d4_vote,65,1000 ppm 1 2,,2.839588237,1,1,8,0.625,medium,medium,2,0.320261687040329,0.36580249667167664,0.31393587589263916
bin_classification,dinov3,42,3,22,inner_refit,d4_vote,72,800 ppm 4 10,,1.790224933,0,0,8,0.25,low,low,2,0.43783634901046753,0.26562413573265076,0.2965394854545593
bin_classification,dinov3,42,3,22,inner_refit,d4_vote,74,800 ppm 3 10,,2.565247064,0,0,8,0.25,low,low,2,0.4771919250488281,0.2785395383834839,0.2442685067653656
bin_classification,dinov3,42,3,22,inner_refit,d4_vote,75,600 ppm 4 2,,2.807822686,1,2,8,0.25,medium,high,2,0.11611822247505188,0.25350692868232727,0.6303749084472656
bin_classification,dinov3,42,3,22,inner_refit,d4_vote,85,600 ppm 5 9,,3.487434095,1,2,8,0.0,medium,high,2,0.08955084532499313,0.08193545043468475,0.8285136818885803
bin_classification,dinov3,42,3,22,inner_refit,d4_vote,86,600 ppm 4 3,,2.880647975,1,2,8,0.25,medium,high,2,0.4056099057197571,0.10192620009183884,0.49246394634246826
bin_classification,dinov3,42,3,22,inner_refit,d4_vote,87,600 ppm 2 3,,4.461830388,2,2,8,0.0,high,high,2,0.07691897451877594,0.10267307609319687,0.8204079270362854
bin_classification,dinov3,42,3,22,inner_refit,d4_vote,88,400 ppm 1 8,,2.661895437,1,2,8,0.0,medium,high,2,0.19470587372779846,0.12820591032505035,0.67708820104599
bin_classification,dinov3,42,3,22,inner_refit,d4_vote,91,800 ppm 2 6,,2.574977352,1,2,8,0.25,medium,high,2,0.16335472464561462,0.19011780619621277,0.6465274691581726
bin_classification,dinov3,42,3,22,inner_refit,d4_vote,96,400 ppm 3 3,,0.612212928,0,0,8,0.0,low,low,2,0.7801345586776733,0.13746222853660583,0.08240319043397903
bin_classification,dinov3,42,3,22,inner_refit,d4_vote,98,400 ppm 4 7,,2.772824063,1,0,8,0.125,medium,low,2,0.48807811737060547,0.3073742985725403,0.20454759895801544
bin_classification,dinov3,42,3,22,inner_refit,d4_vote,101,400 ppm 1 1,,1.156692243,0,0,8,0.0,low,low,2,0.7788312435150146,0.02060689963400364,0.20056186616420746
bin_classification,dinov3,42,3,22,inner_refit,d4_vote,103,600 ppm 3 2,,1.913489171,0,0,8,0.375,low,low,2,0.4096946120262146,0.2193799465894699,0.3709253966808319
bin_classification,dinov3,42,3,22,inner_refit,d4_vote,104,400 ppm 2 5,,2.693185629,1,0,8,0.0,medium,low,2,0.5870197415351868,0.2133054882287979,0.19967475533485413
bin_classification,dinov3,42,3,22,inner_refit,d4_vote,110,800 ppm 2 10,,3.839907089,2,2,8,0.0,high,high,2,0.041121795773506165,0.05726079270243645,0.9016174077987671
bin_classification,dinov3,42,3,22,inner_refit,d4_vote,119,400 ppm 2 6,,1.94595721,0,2,8,0.25,low,high,2,0.3532388210296631,0.1947999894618988,0.4519612193107605
bin_classification,dinov3,42,3,22,inner_refit,d4_vote,125,400 ppm 2 2,,2.217441217,0,0,8,0.0,low,low,2,0.7301262021064758,0.08688753098249435,0.18298625946044922
bin_classification,dinov3,42,3,22,inner_refit,d4_vote,127,800 ppm 1 3,,3.460604121,1,1,8,0.125,medium,medium,2,0.13509869575500488,0.5557951927185059,0.30910614132881165
bin_classification,dinov3,42,3,22,inner_refit,d4_vote,134,400 ppm 5 7,,2.419099743,0,2,8,0.0,low,high,2,0.17246340215206146,0.1305801272392273,0.6969565749168396
bin_classification,dinov3,42,3,22,inner_refit,d4_vote,135,1000 ppm 3 1,,3.435150907,1,0,8,0.5,medium,low,2,0.364371657371521,0.31440386176109314,0.32122454047203064
bin_classification,dinov3,42,3,22,inner_refit,d4_vote,136,1000 ppm 2 9,,4.12892976,2,2,8,0.25,high,high,2,0.0905182957649231,0.3431645929813385,0.5663171410560608
bin_classification,dinov3,42,3,22,inner_refit,d4_vote,140,1000 ppm 2 6,,3.276631573,1,2,8,0.0,medium,high,2,0.0884237140417099,0.08018624037504196,0.8313900232315063
bin_classification,dinov3,42,3,22,inner_refit,d4_vote,141,400 ppm 2 1,,2.012764258,0,0,8,0.125,low,low,2,0.4695380926132202,0.3535560369491577,0.17690587043762207
bin_classification,dinov3,42,3,22,inner_refit,d4_vote,142,800 ppm 4 2,,7.228369165,2,2,8,0.0,high,high,2,0.032945238053798676,0.022857360541820526,0.9441974759101868
bin_classification,dinov3,42,3,22,inner_refit,d4_vote,153,800 ppm 1 6,,3.837716068,2,2,8,0.25,high,high,2,0.15647414326667786,0.3078985810279846,0.5356273055076599
bin_classification,dinov3,42,3,22,inner_refit,d4_vote,168,800 ppm 4 3,,2.561965594,0,2,8,0.25,low,high,2,0.22414423525333405,0.33273690938949585,0.4431188404560089
bin_classification,dinov3,42,3,22,inner_refit,d4_vote,169,1000 ppm 5 5,,4.025481166,2,2,8,0.25,high,high,2,0.10596658289432526,0.28699755668640137,0.6070358157157898
bin_classification,dinov3,42,3,22,inner_refit,d4_vote,170,600 ppm 5 6,,1.95587148,0,2,8,0.25,low,high,2,0.3569851517677307,0.164578378200531,0.47843649983406067
bin_classification,dinov3,42,3,22,inner_refit,d4_vote,174,400 ppm 5 3,,4.283341707,2,0,8,0.5,high,low,2,0.4180174469947815,0.24415746331214905,0.33782511949539185
bin_classification,dinov3,42,3,22,inner_refit,d4_vote,176,600 ppm 1 6,,3.100781702,1,2,8,0.0,medium,high,2,0.08898942917585373,0.13650259375572205,0.7745078802108765
bin_classification,dinov3,42,3,22,inner_refit,d4_vote,181,1000 ppm 1 6,,4.975119308,2,2,8,0.0,high,high,2,0.17671138048171997,0.18628627061843872,0.6370023488998413
bin_classification,dinov3,42,3,22,inner_refit,d4_vote,182,800 ppm 5 2,,3.095231637,1,2,8,0.25,medium,high,2,0.06215006858110428,0.3355572521686554,0.6022927165031433
bin_classification,dinov3,42,3,22,inner_refit,d4_vote,195,c 2,,0.515980941,0,0,8,0.0,low,low,2,0.7784295082092285,0.08444073796272278,0.13712972402572632
bin_classification,dinov3,42,3,22,inner_refit,d4_vote,196,800 ppm 2 2,,4.193172849,2,0,8,0.375,high,low,2,0.39681851863861084,0.1254175901412964,0.4777638912200928
bin_classification,dinov3,42,3,22,inner_refit,d4_vote,199,400 ppm 5 9,,4.94470606,2,2,8,0.0,high,high,2,0.014658210799098015,0.16046981513500214,0.8248719573020935
bin_classification,dinov3,42,3,22,inner_refit,d4_vote,200,400 ppm 2 8,,1.868843053,0,2,8,0.25,low,high,2,0.2767978012561798,0.2329895794391632,0.4902125895023346
bin_classification,dinov3,42,3,22,inner_refit,d4_vote,206,400 ppm 1 4,,2.032189725,0,2,8,0.0,low,high,2,0.19313134253025055,0.158487007021904,0.6483816504478455
bin_classification,dinov3,42,3,22,inner_refit,d4_vote,207,1000 ppm 2 2,,2.770922415,1,0,8,0.375,medium,low,2,0.4516914188861847,0.1820330023765564,0.3662755787372589
bin_classification,dinov3,42,4,22,inner_refit,single,10,1000 ppm 1 3,,5.010887657,2,2,1,0.0,high,high,0,0.24300672113895416,0.18351131677627563,0.5734819769859314
bin_classification,dinov3,42,4,22,inner_refit,single,16,400 ppm 4 6,,2.232310918,0,0,1,0.0,low,low,0,0.5082920789718628,0.42435306310653687,0.06735487282276154
bin_classification,dinov3,42,4,22,inner_refit,single,18,600 ppm 3 1,,3.464453659,1,0,1,0.0,medium,low,0,0.48975762724876404,0.15836113691329956,0.3518812358379364
bin_classification,dinov3,42,4,22,inner_refit,single,19,400 ppm 3 5,,1.728051929,0,0,1,0.0,low,low,0,0.6201661229133606,0.2723385691642761,0.1074952632188797
bin_classification,dinov3,42,4,22,inner_refit,single,23,c 10,,0.034792218,0,0,1,0.0,low,low,0,0.9356521368026733,0.038948576897382736,0.025399338454008102
bin_classification,dinov3,42,4,22,inner_refit,single,25,400 ppm 1 2,,2.105801382,0,1,1,0.0,low,medium,0,0.4029005467891693,0.4207882285118103,0.176311194896698
bin_classification,dinov3,42,4,22,inner_refit,single,36,800 ppm 2 4,,0.010515853,0,1,1,0.0,low,medium,0,0.13004076480865479,0.856896162033081,0.013063046149909496
bin_classification,dinov3,42,4,22,inner_refit,single,37,800 ppm 5 4,,4.51159952,2,2,1,0.0,high,high,0,0.30937159061431885,0.22434015572071075,0.4662882685661316
bin_classification,dinov3,42,4,22,inner_refit,single,39,1000 ppm 1 4,,5.546186906,2,2,1,0.0,high,high,0,0.16577094793319702,0.38696029782295227,0.4472687542438507
bin_classification,dinov3,42,4,22,inner_refit,single,41,1000 ppm 4 2,,4.700168169,2,0,1,0.0,high,low,0,0.5220931172370911,0.0901978388428688,0.3877091109752655
bin_classification,dinov3,42,4,22,inner_refit,single,46,400 ppm 2 3,,1.537357234,0,0,1,0.0,low,low,0,0.7346935272216797,0.2426554411649704,0.022651074454188347
bin_classification,dinov3,42,4,22,inner_refit,single,52,600 ppm 1 3,,2.7476069,1,0,1,0.0,medium,low,0,0.4661282002925873,0.44442373514175415,0.08944804221391678
bin_classification,dinov3,42,4,22,inner_refit,single,55,400 ppm 5 5,,3.964413323,2,2,1,0.0,high,high,0,0.26546961069107056,0.04091086611151695,0.6936195492744446
bin_classification,dinov3,42,4,22,inner_refit,single,56,800 ppm 3 7,,3.154045927,1,0,1,0.0,medium,low,0,0.4004003405570984,0.223155215382576,0.37644439935684204
bin_classification,dinov3,42,4,22,inner_refit,single,59,400 ppm 1 9,,1.257349885,0,2,1,0.0,low,high,0,0.4046047031879425,0.07471238821744919,0.5206828713417053
bin_classification,dinov3,42,4,22,inner_refit,single,62,800 ppm 5 3,,3.435802073,1,2,1,0.0,medium,high,0,0.15859881043434143,0.40450069308280945,0.43690046668052673
bin_classification,dinov3,42,4,22,inner_refit,single,64,800 ppm 3 6,,2.688094559,1,0,1,0.0,medium,low,0,0.6216498613357544,0.26256054639816284,0.11578953266143799
bin_classification,dinov3,42,4,22,inner_refit,single,68,1000 ppm 4 8,,5.826586722,2,2,1,0.0,high,high,0,0.04366658627986908,0.07871755212545395,0.8776158690452576
bin_classification,dinov3,42,4,22,inner_refit,single,69,800 ppm 4 8,,4.813344078,2,0,1,0.0,high,low,0,0.6886728405952454,0.2263888269662857,0.08493832498788834
bin_classification,dinov3,42,4,22,inner_refit,single,82,400 ppm 4 9,,2.624535347,1,1,1,0.0,medium,medium,0,0.2662335932254791,0.4741729497909546,0.2595934271812439
bin_classification,dinov3,42,4,22,inner_refit,single,84,c 7,,0.024246817,0,0,1,0.0,low,low,0,0.9156786203384399,0.06702453643083572,0.017296908423304558
bin_classification,dinov3,42,4,22,inner_refit,single,90,800 ppm 1 5,,3.533211084,1,2,1,0.0,medium,high,0,0.2125222533941269,0.3527642786502838,0.4347134530544281
bin_classification,dinov3,42,4,22,inner_refit,single,97,600 ppm 2 7,,5.389042573,2,2,1,0.0,high,high,0,0.3688587248325348,0.0992906242609024,0.5318506360054016
bin_classification,dinov3,42,4,22,inner_refit,single,100,600 ppm 1 7,,4.294644495,2,0,1,0.0,high,low,0,0.764959454536438,0.16643092036247253,0.06860960274934769
bin_classification,dinov3,42,4,22,inner_refit,single,102,1000 ppm 3 6,,3.90202355,2,2,1,0.0,high,high,0,0.3678593039512634,0.1754695177078247,0.4566711187362671
bin_classification,dinov3,42,4,22,inner_refit,single,106,1000 ppm 1 9,,5.438409112,2,2,1,0.0,high,high,0,0.1235775277018547,0.11672068387269974,0.7597017884254456
bin_classification,dinov3,42,4,22,inner_refit,single,112,800 ppm 2 7,,3.993865756,2,2,1,0.0,high,high,0,0.007568959146738052,0.015331230126321316,0.9770997762680054
bin_classification,dinov3,42,4,22,inner_refit,single,116,800 ppm 3 2,,4.960180046,2,0,1,0.0,high,low,0,0.6263126730918884,0.2522672712802887,0.1214199885725975
bin_classification,dinov3,42,4,22,inner_refit,single,123,1000 ppm 4 6,,3.570549353,1,2,1,0.0,medium,high,0,0.3129141628742218,0.09217619150876999,0.59490966796875
bin_classification,dinov3,42,4,22,inner_refit,single,128,600 ppm 1 4,,3.074620336,1,1,1,0.0,medium,medium,0,0.30275997519493103,0.6860568523406982,0.011183129623532295
bin_classification,dinov3,42,4,22,inner_refit,single,129,600 ppm 3 10,,3.257108041,1,0,1,0.0,medium,low,0,0.6649880409240723,0.2810804545879364,0.05393146723508835
bin_classification,dinov3,42,4,22,inner_refit,single,144,600 ppm 5 8,,1.745539039,0,0,1,0.0,low,low,0,0.6432216167449951,0.3452285826206207,0.011549795046448708
bin_classification,dinov3,42,4,22,inner_refit,single,145,c 5,,0.262646502,0,0,1,0.0,low,low,0,0.8153550624847412,0.10875535011291504,0.07588963955640793
bin_classification,dinov3,42,4,22,inner_refit,single,150,600 ppm 3 9,,2.924303323,1,0,1,0.0,medium,low,0,0.8661324381828308,0.11800579726696014,0.015861710533499718
bin_classification,dinov3,42,4,22,inner_refit,single,152,1000 ppm 5 10,,4.866749998,2,2,1,0.0,high,high,0,0.048713523894548416,0.12354040145874023,0.8277461528778076
bin_classification,dinov3,42,4,22,inner_refit,single,154,600 ppm 5 1,,1.92902126,0,0,1,0.0,low,low,0,0.8967306017875671,0.08884178102016449,0.014427730813622475
bin_classification,dinov3,42,4,22,inner_refit,single,155,600 ppm 1 1,,3.201626017,1,0,1,0.0,medium,low,0,0.6291531920433044,0.3128785192966461,0.05796824395656586
bin_classification,dinov3,42,4,22,inner_refit,single,158,800 ppm 5 10,,0.75996872,0,0,1,0.0,low,low,0,0.7791621685028076,0.1669340282678604,0.05390385910868645
bin_classification,dinov3,42,4,22,inner_refit,single,159,400 ppm 4 5,,2.49284019,0,0,1,0.0,low,low,0,0.6681301593780518,0.2642987370491028,0.06757113337516785
bin_classification,dinov3,42,4,22,inner_refit,single,161,600 ppm 3 8,,3.047380635,1,0,1,0.0,medium,low,0,0.5433604717254639,0.2661623954772949,0.19047711789608002
bin_classification,dinov3,42,4,22,inner_refit,single,162,800 ppm 3 8,,4.614610915,2,0,1,0.0,high,low,0,0.7876225113868713,0.2050144523382187,0.007362967357039452
bin_classification,dinov3,42,4,22,inner_refit,single,163,1000 ppm 5 6,,3.12203341,1,0,1,0.0,medium,low,0,0.41460156440734863,0.34062859416007996,0.24476981163024902
bin_classification,dinov3,42,4,22,inner_refit,single,165,600 ppm 4 8,,5.563645491,2,2,1,0.0,high,high,0,0.280852347612381,0.29829975962638855,0.4208478033542633
bin_classification,dinov3,42,4,22,inner_refit,single,167,800 ppm 3 5,,4.458889794,2,0,1,0.0,high,low,0,0.7880743145942688,0.10097862780094147,0.11094706505537033
bin_classification,dinov3,42,4,22,inner_refit,single,171,400 ppm 3 1,,1.246955081,0,0,1,0.0,low,low,0,0.8740658164024353,0.12234010547399521,0.0035940383095294237
bin_classification,dinov3,42,4,22,inner_refit,single,172,400 ppm 3 6,,1.25800729,0,0,1,0.0,low,low,0,0.8691919445991516,0.10933749377727509,0.021470535546541214
bin_classification,dinov3,42,4,22,inner_refit,single,173,600 ppm 4 10,,1.599538611,0,0,1,0.0,low,low,0,0.815667450428009,0.13229654729366302,0.05203600227832794
bin_classification,dinov3,42,4,22,inner_refit,single,184,1000 ppm 4 1,,4.003606934,2,2,1,0.0,high,high,0,0.15897445380687714,0.15148955583572388,0.6895359754562378
bin_classification,dinov3,42,4,22,inner_refit,single,188,400 ppm 4 10,,2.606928263,1,1,1,0.0,medium,medium,0,0.3574551045894623,0.5707416534423828,0.07180321216583252
bin_classification,dinov3,42,4,22,inner_refit,single,190,600 ppm 3 3,,3.293084865,1,0,1,0.0,medium,low,0,0.4526664912700653,0.16910339891910553,0.37823009490966797
bin_classification,dinov3,42,4,22,inner_refit,single,201,400 ppm 3 4,,2.103673748,0,0,1,0.0,low,low,0,0.5158645510673523,0.34755170345306396,0.13658376038074493
bin_classification,dinov3,42,4,22,inner_refit,single,203,1000 ppm 2 3,,3.096861561,1,0,1,0.0,medium,low,0,0.5883648991584778,0.36533379554748535,0.046301282942295074
bin_classification,dinov3,42,4,22,inner_refit,d4_mean,10,1000 ppm 1 3,,5.010887657,2,2,8,0.0,high,high,0,0.11512292921543121,0.08878684788942337,0.7960901856422424
bin_classification,dinov3,42,4,22,inner_refit,d4_mean,16,400 ppm 4 6,,2.232310918,0,0,8,0.25,low,low,0,0.4454015791416168,0.3926447927951813,0.16195359826087952
bin_classification,dinov3,42,4,22,inner_refit,d4_mean,18,600 ppm 3 1,,3.464453659,1,2,8,0.25,medium,high,0,0.21932701766490936,0.10255023092031479,0.6781227588653564
bin_classification,dinov3,42,4,22,inner_refit,d4_mean,19,400 ppm 3 5,,1.728051929,0,0,8,0.0,low,low,0,0.5995571613311768,0.19978201389312744,0.2006608247756958
bin_classification,dinov3,42,4,22,inner_refit,d4_mean,23,c 10,,0.034792218,0,0,8,0.0,low,low,0,0.8906298279762268,0.028123822063207626,0.08124633878469467
bin_classification,dinov3,42,4,22,inner_refit,d4_mean,25,400 ppm 1 2,,2.105801382,0,2,8,0.25,low,high,0,0.23403485119342804,0.34688645601272583,0.4190787374973297
bin_classification,dinov3,42,4,22,inner_refit,d4_mean,36,800 ppm 2 4,,0.010515853,0,1,8,0.0,low,medium,0,0.08823608607053757,0.8039119839668274,0.10785191506147385
bin_classification,dinov3,42,4,22,inner_refit,d4_mean,37,800 ppm 5 4,,4.51159952,2,2,8,0.25,high,high,0,0.33474797010421753,0.22930745780467987,0.4359446167945862
bin_classification,dinov3,42,4,22,inner_refit,d4_mean,39,1000 ppm 1 4,,5.546186906,2,2,8,0.0,high,high,0,0.07536853849887848,0.34005674719810486,0.5845747590065002
bin_classification,dinov3,42,4,22,inner_refit,d4_mean,41,1000 ppm 4 2,,4.700168169,2,2,8,0.125,high,high,0,0.2893170118331909,0.07534019649028778,0.6353427767753601
bin_classification,dinov3,42,4,22,inner_refit,d4_mean,46,400 ppm 2 3,,1.537357234,0,0,8,0.125,low,low,0,0.4814453721046448,0.3334900438785553,0.18506459891796112
bin_classification,dinov3,42,4,22,inner_refit,d4_mean,52,600 ppm 1 3,,2.7476069,1,1,8,0.5,medium,medium,0,0.2731214463710785,0.43205681443214417,0.29482173919677734
bin_classification,dinov3,42,4,22,inner_refit,d4_mean,55,400 ppm 5 5,,3.964413323,2,2,8,0.125,high,high,0,0.36777740716934204,0.04674337059259415,0.585479199886322
bin_classification,dinov3,42,4,22,inner_refit,d4_mean,56,800 ppm 3 7,,3.154045927,1,2,8,0.125,medium,high,0,0.30753615498542786,0.19763308763504028,0.4948307275772095
bin_classification,dinov3,42,4,22,inner_refit,d4_mean,59,400 ppm 1 9,,1.257349885,0,2,8,0.25,low,high,0,0.3873383402824402,0.1550418883562088,0.4576198160648346
bin_classification,dinov3,42,4,22,inner_refit,d4_mean,62,800 ppm 5 3,,3.435802073,1,2,8,0.0,medium,high,0,0.07882431894540787,0.24052265286445618,0.6806530356407166
bin_classification,dinov3,42,4,22,inner_refit,d4_mean,64,800 ppm 3 6,,2.688094559,1,0,8,0.5,medium,low,0,0.43662646412849426,0.19429752230644226,0.3690759539604187
bin_classification,dinov3,42,4,22,inner_refit,d4_mean,68,1000 ppm 4 8,,5.826586722,2,2,8,0.0,high,high,0,0.03005313128232956,0.04841972514986992,0.9215272068977356
bin_classification,dinov3,42,4,22,inner_refit,d4_mean,69,800 ppm 4 8,,4.813344078,2,0,8,0.5,high,low,0,0.5162556171417236,0.1706661880016327,0.31307822465896606
bin_classification,dinov3,42,4,22,inner_refit,d4_mean,82,400 ppm 4 9,,2.624535347,1,2,8,0.25,medium,high,0,0.18699926137924194,0.3043655753135681,0.5086351633071899
bin_classification,dinov3,42,4,22,inner_refit,d4_mean,84,c 7,,0.024246817,0,0,8,0.0,low,low,0,0.8698885440826416,0.049552999436855316,0.08055843412876129
bin_classification,dinov3,42,4,22,inner_refit,d4_mean,90,800 ppm 1 5,,3.533211084,1,2,8,0.0,medium,high,0,0.13756108283996582,0.22942513227462769,0.6330138444900513
bin_classification,dinov3,42,4,22,inner_refit,d4_mean,97,600 ppm 2 7,,5.389042573,2,2,8,0.0,high,high,0,0.1538095623254776,0.050667356699705124,0.7955230474472046
bin_classification,dinov3,42,4,22,inner_refit,d4_mean,100,600 ppm 1 7,,4.294644495,2,0,8,0.25,high,low,0,0.5004364252090454,0.22824057936668396,0.27132299542427063
bin_classification,dinov3,42,4,22,inner_refit,d4_mean,102,1000 ppm 3 6,,3.90202355,2,2,8,0.125,high,high,0,0.21236279606819153,0.11024357378482819,0.6773935556411743
bin_classification,dinov3,42,4,22,inner_refit,d4_mean,106,1000 ppm 1 9,,5.438409112,2,2,8,0.0,high,high,0,0.050529129803180695,0.053626541048288345,0.8958443403244019
bin_classification,dinov3,42,4,22,inner_refit,d4_mean,112,800 ppm 2 7,,3.993865756,2,2,8,0.0,high,high,0,0.013317739591002464,0.02969658002257347,0.9569856524467468
bin_classification,dinov3,42,4,22,inner_refit,d4_mean,116,800 ppm 3 2,,4.960180046,2,0,8,0.375,high,low,0,0.4390454888343811,0.17876088619232178,0.3821936249732971
bin_classification,dinov3,42,4,22,inner_refit,d4_mean,123,1000 ppm 4 6,,3.570549353,1,2,8,0.125,medium,high,0,0.1747017502784729,0.10480059683322906,0.7204976677894592
bin_classification,dinov3,42,4,22,inner_refit,d4_mean,128,600 ppm 1 4,,3.074620336,1,1,8,0.0,medium,medium,0,0.29350125789642334,0.6629875302314758,0.04351121932268143
bin_classification,dinov3,42,4,22,inner_refit,d4_mean,129,600 ppm 3 10,,3.257108041,1,0,8,0.0,medium,low,0,0.578304648399353,0.30239060521125793,0.11930476874113083
bin_classification,dinov3,42,4,22,inner_refit,d4_mean,144,600 ppm 5 8,,1.745539039,0,0,8,0.25,low,low,0,0.5275607109069824,0.438423216342926,0.03401613235473633
bin_classification,dinov3,42,4,22,inner_refit,d4_mean,145,c 5,,0.262646502,0,0,8,0.375,low,low,0,0.5550286769866943,0.09701529145240784,0.3479560315608978
bin_classification,dinov3,42,4,22,inner_refit,d4_mean,150,600 ppm 3 9,,2.924303323,1,0,8,0.0,medium,low,0,0.722980797290802,0.14257647097110748,0.13444271683692932
bin_classification,dinov3,42,4,22,inner_refit,d4_mean,152,1000 ppm 5 10,,4.866749998,2,2,8,0.0,high,high,0,0.06480023264884949,0.1276889443397522,0.8075108528137207
bin_classification,dinov3,42,4,22,inner_refit,d4_mean,154,600 ppm 5 1,,1.92902126,0,0,8,0.0,low,low,0,0.8522111177444458,0.08238022029399872,0.06540869921445847
bin_classification,dinov3,42,4,22,inner_refit,d4_mean,155,600 ppm 1 1,,3.201626017,1,0,8,0.25,medium,low,0,0.488579660654068,0.33243951201438904,0.17898082733154297
bin_classification,dinov3,42,4,22,inner_refit,d4_mean,158,800 ppm 5 10,,0.75996872,0,0,8,0.125,low,low,0,0.6337350010871887,0.1404953896999359,0.22576960921287537
bin_classification,dinov3,42,4,22,inner_refit,d4_mean,159,400 ppm 4 5,,2.49284019,0,0,8,0.0,low,low,0,0.5593384504318237,0.2876757085323334,0.15298588573932648
bin_classification,dinov3,42,4,22,inner_refit,d4_mean,161,600 ppm 3 8,,3.047380635,1,2,8,0.5,medium,high,0,0.33858367800712585,0.2457251101732254,0.41569119691848755
bin_classification,dinov3,42,4,22,inner_refit,d4_mean,162,800 ppm 3 8,,4.614610915,2,0,8,0.0,high,low,0,0.7072471976280212,0.2529692053794861,0.03978356719017029
bin_classification,dinov3,42,4,22,inner_refit,d4_mean,163,1000 ppm 5 6,,3.12203341,1,2,8,0.25,medium,high,0,0.14247499406337738,0.1445430964231491,0.7129819393157959
bin_classification,dinov3,42,4,22,inner_refit,d4_mean,165,600 ppm 4 8,,5.563645491,2,2,8,0.125,high,high,0,0.19662629067897797,0.20171473920345306,0.6016589999198914
bin_classification,dinov3,42,4,22,inner_refit,d4_mean,167,800 ppm 3 5,,4.458889794,2,0,8,0.0,high,low,0,0.7505647540092468,0.13661690056324005,0.11281831562519073
bin_classification,dinov3,42,4,22,inner_refit,d4_mean,171,400 ppm 3 1,,1.246955081,0,0,8,0.0,low,low,0,0.8501346111297607,0.1180839091539383,0.03178149461746216
bin_classification,dinov3,42,4,22,inner_refit,d4_mean,172,400 ppm 3 6,,1.25800729,0,0,8,0.0,low,low,0,0.7576503753662109,0.12127477675676346,0.1210748553276062
bin_classification,dinov3,42,4,22,inner_refit,d4_mean,173,600 ppm 4 10,,1.599538611,0,0,8,0.375,low,low,0,0.5793998837471008,0.10337434709072113,0.317225843667984
bin_classification,dinov3,42,4,22,inner_refit,d4_mean,184,1000 ppm 4 1,,4.003606934,2,2,8,0.0,high,high,0,0.11347551643848419,0.11111437529325485,0.7754101157188416
bin_classification,dinov3,42,4,22,inner_refit,d4_mean,188,400 ppm 4 10,,2.606928263,1,2,8,0.25,medium,high,0,0.27522286772727966,0.3515031933784485,0.37327396869659424
bin_classification,dinov3,42,4,22,inner_refit,d4_mean,190,600 ppm 3 3,,3.293084865,1,2,8,0.25,medium,high,0,0.4113655984401703,0.1307542622089386,0.45788007974624634
bin_classification,dinov3,42,4,22,inner_refit,d4_mean,201,400 ppm 3 4,,2.103673748,0,0,8,0.375,low,low,0,0.4182796776294708,0.32430610060691833,0.2574142515659332
bin_classification,dinov3,42,4,22,inner_refit,d4_mean,203,1000 ppm 2 3,,3.096861561,1,0,8,0.25,medium,low,0,0.4888438880443573,0.4036695063114166,0.10748658329248428
bin_classification,dinov3,42,4,22,inner_refit,d4_vote,10,1000 ppm 1 3,,5.010887657,2,2,8,0.0,high,high,0,0.11512292921543121,0.08878684788942337,0.7960901856422424
bin_classification,dinov3,42,4,22,inner_refit,d4_vote,16,400 ppm 4 6,,2.232310918,0,0,8,0.25,low,low,0,0.4454015791416168,0.3926447927951813,0.16195359826087952
bin_classification,dinov3,42,4,22,inner_refit,d4_vote,18,600 ppm 3 1,,3.464453659,1,2,8,0.25,medium,high,0,0.21932701766490936,0.10255023092031479,0.6781227588653564
bin_classification,dinov3,42,4,22,inner_refit,d4_vote,19,400 ppm 3 5,,1.728051929,0,0,8,0.0,low,low,0,0.5995571613311768,0.19978201389312744,0.2006608247756958
bin_classification,dinov3,42,4,22,inner_refit,d4_vote,23,c 10,,0.034792218,0,0,8,0.0,low,low,0,0.8906298279762268,0.028123822063207626,0.08124633878469467
bin_classification,dinov3,42,4,22,inner_refit,d4_vote,25,400 ppm 1 2,,2.105801382,0,2,8,0.25,low,high,0,0.23403485119342804,0.34688645601272583,0.4190787374973297
bin_classification,dinov3,42,4,22,inner_refit,d4_vote,36,800 ppm 2 4,,0.010515853,0,1,8,0.0,low,medium,0,0.08823608607053757,0.8039119839668274,0.10785191506147385
bin_classification,dinov3,42,4,22,inner_refit,d4_vote,37,800 ppm 5 4,,4.51159952,2,2,8,0.25,high,high,0,0.33474797010421753,0.22930745780467987,0.4359446167945862
bin_classification,dinov3,42,4,22,inner_refit,d4_vote,39,1000 ppm 1 4,,5.546186906,2,2,8,0.0,high,high,0,0.07536853849887848,0.34005674719810486,0.5845747590065002
bin_classification,dinov3,42,4,22,inner_refit,d4_vote,41,1000 ppm 4 2,,4.700168169,2,2,8,0.125,high,high,0,0.2893170118331909,0.07534019649028778,0.6353427767753601
bin_classification,dinov3,42,4,22,inner_refit,d4_vote,46,400 ppm 2 3,,1.537357234,0,0,8,0.125,low,low,0,0.4814453721046448,0.3334900438785553,0.18506459891796112
bin_classification,dinov3,42,4,22,inner_refit,d4_vote,52,600 ppm 1 3,,2.7476069,1,1,8,0.5,medium,medium,0,0.2731214463710785,0.43205681443214417,0.29482173919677734
bin_classification,dinov3,42,4,22,inner_refit,d4_vote,55,400 ppm 5 5,,3.964413323,2,2,8,0.125,high,high,0,0.36777740716934204,0.04674337059259415,0.585479199886322
bin_classification,dinov3,42,4,22,inner_refit,d4_vote,56,800 ppm 3 7,,3.154045927,1,2,8,0.125,medium,high,0,0.30753615498542786,0.19763308763504028,0.4948307275772095
bin_classification,dinov3,42,4,22,inner_refit,d4_vote,59,400 ppm 1 9,,1.257349885,0,2,8,0.25,low,high,0,0.3873383402824402,0.1550418883562088,0.4576198160648346
bin_classification,dinov3,42,4,22,inner_refit,d4_vote,62,800 ppm 5 3,,3.435802073,1,2,8,0.0,medium,high,0,0.07882431894540787,0.24052265286445618,0.6806530356407166
bin_classification,dinov3,42,4,22,inner_refit,d4_vote,64,800 ppm 3 6,,2.688094559,1,0,8,0.5,medium,low,0,0.43662646412849426,0.19429752230644226,0.3690759539604187
bin_classification,dinov3,42,4,22,inner_refit,d4_vote,68,1000 ppm 4 8,,5.826586722,2,2,8,0.0,high,high,0,0.03005313128232956,0.04841972514986992,0.9215272068977356
bin_classification,dinov3,42,4,22,inner_refit,d4_vote,69,800 ppm 4 8,,4.813344078,2,0,8,0.5,high,low,0,0.5162556171417236,0.1706661880016327,0.31307822465896606
bin_classification,dinov3,42,4,22,inner_refit,d4_vote,82,400 ppm 4 9,,2.624535347,1,2,8,0.25,medium,high,0,0.18699926137924194,0.3043655753135681,0.5086351633071899
bin_classification,dinov3,42,4,22,inner_refit,d4_vote,84,c 7,,0.024246817,0,0,8,0.0,low,low,0,0.8698885440826416,0.049552999436855316,0.08055843412876129
bin_classification,dinov3,42,4,22,inner_refit,d4_vote,90,800 ppm 1 5,,3.533211084,1,2,8,0.0,medium,high,0,0.13756108283996582,0.22942513227462769,0.6330138444900513
bin_classification,dinov3,42,4,22,inner_refit,d4_vote,97,600 ppm 2 7,,5.389042573,2,2,8,0.0,high,high,0,0.1538095623254776,0.050667356699705124,0.7955230474472046
bin_classification,dinov3,42,4,22,inner_refit,d4_vote,100,600 ppm 1 7,,4.294644495,2,0,8,0.25,high,low,0,0.5004364252090454,0.22824057936668396,0.27132299542427063
bin_classification,dinov3,42,4,22,inner_refit,d4_vote,102,1000 ppm 3 6,,3.90202355,2,2,8,0.125,high,high,0,0.21236279606819153,0.11024357378482819,0.6773935556411743
bin_classification,dinov3,42,4,22,inner_refit,d4_vote,106,1000 ppm 1 9,,5.438409112,2,2,8,0.0,high,high,0,0.050529129803180695,0.053626541048288345,0.8958443403244019
bin_classification,dinov3,42,4,22,inner_refit,d4_vote,112,800 ppm 2 7,,3.993865756,2,2,8,0.0,high,high,0,0.013317739591002464,0.02969658002257347,0.9569856524467468
bin_classification,dinov3,42,4,22,inner_refit,d4_vote,116,800 ppm 3 2,,4.960180046,2,0,8,0.375,high,low,0,0.4390454888343811,0.17876088619232178,0.3821936249732971
bin_classification,dinov3,42,4,22,inner_refit,d4_vote,123,1000 ppm 4 6,,3.570549353,1,2,8,0.125,medium,high,0,0.1747017502784729,0.10480059683322906,0.7204976677894592
bin_classification,dinov3,42,4,22,inner_refit,d4_vote,128,600 ppm 1 4,,3.074620336,1,1,8,0.0,medium,medium,0,0.29350125789642334,0.6629875302314758,0.04351121932268143
bin_classification,dinov3,42,4,22,inner_refit,d4_vote,129,600 ppm 3 10,,3.257108041,1,0,8,0.0,medium,low,0,0.578304648399353,0.30239060521125793,0.11930476874113083
bin_classification,dinov3,42,4,22,inner_refit,d4_vote,144,600 ppm 5 8,,1.745539039,0,0,8,0.25,low,low,0,0.5275607109069824,0.438423216342926,0.03401613235473633
bin_classification,dinov3,42,4,22,inner_refit,d4_vote,145,c 5,,0.262646502,0,0,8,0.375,low,low,0,0.5550286769866943,0.09701529145240784,0.3479560315608978
bin_classification,dinov3,42,4,22,inner_refit,d4_vote,150,600 ppm 3 9,,2.924303323,1,0,8,0.0,medium,low,0,0.722980797290802,0.14257647097110748,0.13444271683692932
bin_classification,dinov3,42,4,22,inner_refit,d4_vote,152,1000 ppm 5 10,,4.866749998,2,2,8,0.0,high,high,0,0.06480023264884949,0.1276889443397522,0.8075108528137207
bin_classification,dinov3,42,4,22,inner_refit,d4_vote,154,600 ppm 5 1,,1.92902126,0,0,8,0.0,low,low,0,0.8522111177444458,0.08238022029399872,0.06540869921445847
bin_classification,dinov3,42,4,22,inner_refit,d4_vote,155,600 ppm 1 1,,3.201626017,1,0,8,0.25,medium,low,0,0.488579660654068,0.33243951201438904,0.17898082733154297
bin_classification,dinov3,42,4,22,inner_refit,d4_vote,158,800 ppm 5 10,,0.75996872,0,0,8,0.125,low,low,0,0.6337350010871887,0.1404953896999359,0.22576960921287537
bin_classification,dinov3,42,4,22,inner_refit,d4_vote,159,400 ppm 4 5,,2.49284019,0,0,8,0.0,low,low,0,0.5593384504318237,0.2876757085323334,0.15298588573932648
bin_classification,dinov3,42,4,22,inner_refit,d4_vote,161,600 ppm 3 8,,3.047380635,1,2,8,0.5,medium,high,0,0.33858367800712585,0.2457251101732254,0.41569119691848755
bin_classification,dinov3,42,4,22,inner_refit,d4_vote,162,800 ppm 3 8,,4.614610915,2,0,8,0.0,high,low,0,0.7072471976280212,0.2529692053794861,0.03978356719017029
bin_classification,dinov3,42,4,22,inner_refit,d4_vote,163,1000 ppm 5 6,,3.12203341,1,2,8,0.25,medium,high,0,0.14247499406337738,0.1445430964231491,0.7129819393157959
bin_classification,dinov3,42,4,22,inner_refit,d4_vote,165,600 ppm 4 8,,5.563645491,2,2,8,0.125,high,high,0,0.19662629067897797,0.20171473920345306,0.6016589999198914
bin_classification,dinov3,42,4,22,inner_refit,d4_vote,167,800 ppm 3 5,,4.458889794,2,0,8,0.0,high,low,0,0.7505647540092468,0.13661690056324005,0.11281831562519073
bin_classification,dinov3,42,4,22,inner_refit,d4_vote,171,400 ppm 3 1,,1.246955081,0,0,8,0.0,low,low,0,0.8501346111297607,0.1180839091539383,0.03178149461746216
bin_classification,dinov3,42,4,22,inner_refit,d4_vote,172,400 ppm 3 6,,1.25800729,0,0,8,0.0,low,low,0,0.7576503753662109,0.12127477675676346,0.1210748553276062
bin_classification,dinov3,42,4,22,inner_refit,d4_vote,173,600 ppm 4 10,,1.599538611,0,0,8,0.375,low,low,0,0.5793998837471008,0.10337434709072113,0.317225843667984
bin_classification,dinov3,42,4,22,inner_refit,d4_vote,184,1000 ppm 4 1,,4.003606934,2,2,8,0.0,high,high,0,0.11347551643848419,0.11111437529325485,0.7754101157188416
bin_classification,dinov3,42,4,22,inner_refit,d4_vote,188,400 ppm 4 10,,2.606928263,1,2,8,0.25,medium,high,0,0.27522286772727966,0.3515031933784485,0.37327396869659424
bin_classification,dinov3,42,4,22,inner_refit,d4_vote,190,600 ppm 3 3,,3.293084865,1,2,8,0.25,medium,high,0,0.4113655984401703,0.1307542622089386,0.45788007974624634
bin_classification,dinov3,42,4,22,inner_refit,d4_vote,201,400 ppm 3 4,,2.103673748,0,0,8,0.375,low,low,0,0.4182796776294708,0.32430610060691833,0.2574142515659332
bin_classification,dinov3,42,4,22,inner_refit,d4_vote,203,1000 ppm 2 3,,3.096861561,1,0,8,0.25,medium,low,0,0.4888438880443573,0.4036695063114166,0.10748658329248428
