seed,fold,sample_id,mode,view,probability_low,probability_medium,probability_high
42,1,600 ppm 5 5,single,scale_1.0_rot_0_flip_0,0.8087881803512573,0.07921835780143738,0.1119934618473053
42,1,1000 ppm 4 3,single,scale_1.0_rot_0_flip_0,0.4584871232509613,0.21594493091106415,0.32556790113449097
42,1,1000 ppm 3 9,single,scale_1.0_rot_0_flip_0,0.2934470772743225,0.25744009017944336,0.44911280274391174
42,1,1000 ppm 3 10,single,scale_1.0_rot_0_flip_0,0.39996543526649475,0.3286358416080475,0.27139875292778015
42,1,600 ppm 3 7,single,scale_1.0_rot_0_flip_0,0.5506097078323364,0.2992313504219055,0.15015891194343567
42,1,800 ppm 5 7,single,scale_1.0_rot_0_flip_0,0.504606306552887,0.21684961020946503,0.2785440981388092
42,1,400 ppm 4 4,single,scale_1.0_rot_0_flip_0,0.5864706635475159,0.1670285165309906,0.24650083482265472
42,1,800 ppm 2 8,single,scale_1.0_rot_0_flip_0,0.614445686340332,0.22809813916683197,0.1574562042951584
42,1,400 ppm 3 2,single,scale_1.0_rot_0_flip_0,0.7150829434394836,0.1455834060907364,0.1393336057662964
42,1,800 ppm 3 9,single,scale_1.0_rot_0_flip_0,0.6195680499076843,0.18615072965621948,0.1942812204360962
42,1,1000 ppm 5 1,single,scale_1.0_rot_0_flip_0,0.4051733911037445,0.4328143298625946,0.16201229393482208
42,1,800 ppm 4 5,single,scale_1.0_rot_0_flip_0,0.4672137498855591,0.3157627582550049,0.217023566365242
42,1,800 ppm 2 1,single,scale_1.0_rot_0_flip_0,0.5724156498908997,0.2602745592594147,0.16730979084968567
42,1,400 ppm 1 5,single,scale_1.0_rot_0_flip_0,0.5852007269859314,0.1935453712940216,0.2212538868188858
42,1,400 ppm 4 8,single,scale_1.0_rot_0_flip_0,0.5876439213752747,0.18116094172000885,0.23119504749774933
42,1,800 ppm 3 4,single,scale_1.0_rot_0_flip_0,0.49395740032196045,0.27396300435066223,0.2320796102285385
42,1,1000 ppm 2 1,single,scale_1.0_rot_0_flip_0,0.5280982851982117,0.37053677439689636,0.10136494785547256
42,1,400 ppm 3 10,single,scale_1.0_rot_0_flip_0,0.6997540593147278,0.18661686778068542,0.11362913250923157
42,1,1000 ppm 3 3,single,scale_1.0_rot_0_flip_0,0.6482043862342834,0.17439986765384674,0.1773958057165146
42,1,c 9,single,scale_1.0_rot_0_flip_0,0.8119364380836487,0.09765178710222244,0.09041175246238708
42,1,800 ppm 3 3,single,scale_1.0_rot_0_flip_0,0.2717435956001282,0.2844468653202057,0.4438095688819885
42,1,800 ppm 2 9,single,scale_1.0_rot_0_flip_0,0.33197835087776184,0.21857605874538422,0.44944557547569275
42,1,600 ppm 2 9,single,scale_1.0_rot_0_flip_0,0.34459248185157776,0.22947798669338226,0.42592957615852356
42,1,400 ppm 2 10,single,scale_1.0_rot_0_flip_0,0.37871044874191284,0.40439334511756897,0.216896191239357
42,1,800 ppm 4 7,single,scale_1.0_rot_0_flip_0,0.689120352268219,0.15674272179603577,0.15413692593574524
42,1,1000 ppm 2 7,single,scale_1.0_rot_0_flip_0,0.36279916763305664,0.3750322461128235,0.26216861605644226
42,1,800 ppm 5 9,single,scale_1.0_rot_0_flip_0,0.5095618963241577,0.21702316403388977,0.2734149396419525
42,1,600 ppm 3 6,single,scale_1.0_rot_0_flip_0,0.5169171690940857,0.34647509455680847,0.13660770654678345
42,1,1000 ppm 1 5,single,scale_1.0_rot_0_flip_0,0.5464709401130676,0.19192415475845337,0.26160484552383423
42,1,600 ppm 5 10,single,scale_1.0_rot_0_flip_0,0.4386949837207794,0.41463032364845276,0.14667467772960663
42,1,600 ppm 2 5,single,scale_1.0_rot_0_flip_0,0.23968234658241272,0.21672827005386353,0.5435894131660461
42,1,800 ppm 1 10,single,scale_1.0_rot_0_flip_0,0.45222917199134827,0.19699116051197052,0.35077965259552
42,1,1000 ppm 3 8,single,scale_1.0_rot_0_flip_0,0.49220243096351624,0.19668589532375336,0.311111718416214
42,1,800 ppm 2 3,single,scale_1.0_rot_0_flip_0,0.5761215686798096,0.19617588818073273,0.2277025431394577
42,1,1000 ppm 5 7,single,scale_1.0_rot_0_flip_0,0.6862104535102844,0.14224795997142792,0.17154155671596527
42,1,400 ppm 1 3,single,scale_1.0_rot_0_flip_0,0.4942936897277832,0.1533823013305664,0.3523239195346832
42,1,800 ppm 4 6,single,scale_1.0_rot_0_flip_0,0.5346961617469788,0.3250706195831299,0.14023323357105255
42,1,600 ppm 5 4,single,scale_1.0_rot_0_flip_0,0.6220937967300415,0.21181638538837433,0.16608986258506775
42,1,400 ppm 2 7,single,scale_1.0_rot_0_flip_0,0.2834675908088684,0.46363022923469543,0.25290220975875854
42,1,1000 ppm 5 9,single,scale_1.0_rot_0_flip_0,0.2946256101131439,0.29268142580986023,0.41269299387931824
42,1,400 ppm 5 8,single,scale_1.0_rot_0_flip_0,0.45607200264930725,0.23779326677322388,0.30613473057746887
42,1,c 4,single,scale_1.0_rot_0_flip_0,0.776739776134491,0.1318405270576477,0.09141970425844193
42,1,1000 ppm 1 8,single,scale_1.0_rot_0_flip_0,0.56618732213974,0.25676384568214417,0.17704881727695465
42,1,c 3,single,scale_1.0_rot_0_flip_0,0.7265682220458984,0.13877764344215393,0.13465411961078644
42,1,800 ppm 1 9,single,scale_1.0_rot_0_flip_0,0.3413234353065491,0.3950166702270508,0.26365989446640015
42,1,1000 ppm 3 2,single,scale_1.0_rot_0_flip_0,0.5459549427032471,0.24226035177707672,0.2117847353219986
42,1,1000 ppm 5 4,single,scale_1.0_rot_0_flip_0,0.640247642993927,0.13099896907806396,0.22875341773033142
42,1,1000 ppm 3 5,single,scale_1.0_rot_0_flip_0,0.5391367077827454,0.3027026951313019,0.15816056728363037
42,1,800 ppm 1 4,single,scale_1.0_rot_0_flip_0,0.35461699962615967,0.3144005835056305,0.33098238706588745
42,1,1000 ppm 1 7,single,scale_1.0_rot_0_flip_0,0.3763747215270996,0.1289302110671997,0.4946950376033783
42,1,1000 ppm 3 4,single,scale_1.0_rot_0_flip_0,0.7197862267494202,0.164964497089386,0.11524923890829086
42,1,400 ppm 5 1,single,scale_1.0_rot_0_flip_0,0.6356425285339355,0.28840166330337524,0.0759558156132698
42,1,1000 ppm 2 4,single,scale_1.0_rot_0_flip_0,0.6234409809112549,0.2076377123594284,0.1689213067293167
42,1,600 ppm 5 5,d4,scale_1.0_rot_0_flip_0,0.8087881803512573,0.07921835780143738,0.1119934618473053
42,1,1000 ppm 4 3,d4,scale_1.0_rot_0_flip_0,0.4584871232509613,0.21594493091106415,0.32556790113449097
42,1,1000 ppm 3 9,d4,scale_1.0_rot_0_flip_0,0.2934470772743225,0.25744009017944336,0.44911280274391174
42,1,1000 ppm 3 10,d4,scale_1.0_rot_0_flip_0,0.39996543526649475,0.3286358416080475,0.27139875292778015
42,1,600 ppm 3 7,d4,scale_1.0_rot_0_flip_0,0.5506097078323364,0.2992313504219055,0.15015891194343567
42,1,800 ppm 5 7,d4,scale_1.0_rot_0_flip_0,0.504606306552887,0.21684961020946503,0.2785440981388092
42,1,400 ppm 4 4,d4,scale_1.0_rot_0_flip_0,0.5864706635475159,0.1670285165309906,0.24650083482265472
42,1,800 ppm 2 8,d4,scale_1.0_rot_0_flip_0,0.614445686340332,0.22809813916683197,0.1574562042951584
42,1,400 ppm 3 2,d4,scale_1.0_rot_0_flip_0,0.7150829434394836,0.1455834060907364,0.1393336057662964
42,1,800 ppm 3 9,d4,scale_1.0_rot_0_flip_0,0.6195680499076843,0.18615072965621948,0.1942812204360962
42,1,1000 ppm 5 1,d4,scale_1.0_rot_0_flip_0,0.4051733911037445,0.4328143298625946,0.16201229393482208
42,1,800 ppm 4 5,d4,scale_1.0_rot_0_flip_0,0.4672137498855591,0.3157627582550049,0.217023566365242
42,1,800 ppm 2 1,d4,scale_1.0_rot_0_flip_0,0.5724156498908997,0.2602745592594147,0.16730979084968567
42,1,400 ppm 1 5,d4,scale_1.0_rot_0_flip_0,0.5852007269859314,0.1935453712940216,0.2212538868188858
42,1,400 ppm 4 8,d4,scale_1.0_rot_0_flip_0,0.5876439213752747,0.18116094172000885,0.23119504749774933
42,1,800 ppm 3 4,d4,scale_1.0_rot_0_flip_0,0.49395740032196045,0.27396300435066223,0.2320796102285385
42,1,1000 ppm 2 1,d4,scale_1.0_rot_0_flip_0,0.5280982851982117,0.37053677439689636,0.10136494785547256
42,1,400 ppm 3 10,d4,scale_1.0_rot_0_flip_0,0.6997540593147278,0.18661686778068542,0.11362913250923157
42,1,1000 ppm 3 3,d4,scale_1.0_rot_0_flip_0,0.6482043862342834,0.17439986765384674,0.1773958057165146
42,1,c 9,d4,scale_1.0_rot_0_flip_0,0.8119364380836487,0.09765178710222244,0.09041175246238708
42,1,800 ppm 3 3,d4,scale_1.0_rot_0_flip_0,0.2717435956001282,0.2844468653202057,0.4438095688819885
42,1,800 ppm 2 9,d4,scale_1.0_rot_0_flip_0,0.33197835087776184,0.21857605874538422,0.44944557547569275
42,1,600 ppm 2 9,d4,scale_1.0_rot_0_flip_0,0.34459248185157776,0.22947798669338226,0.42592957615852356
42,1,400 ppm 2 10,d4,scale_1.0_rot_0_flip_0,0.37871044874191284,0.40439334511756897,0.216896191239357
42,1,800 ppm 4 7,d4,scale_1.0_rot_0_flip_0,0.689120352268219,0.15674272179603577,0.15413692593574524
42,1,1000 ppm 2 7,d4,scale_1.0_rot_0_flip_0,0.36279916763305664,0.3750322461128235,0.26216861605644226
42,1,800 ppm 5 9,d4,scale_1.0_rot_0_flip_0,0.5095618963241577,0.21702316403388977,0.2734149396419525
42,1,600 ppm 3 6,d4,scale_1.0_rot_0_flip_0,0.5169171690940857,0.34647509455680847,0.13660770654678345
42,1,1000 ppm 1 5,d4,scale_1.0_rot_0_flip_0,0.5464709401130676,0.19192415475845337,0.26160484552383423
42,1,600 ppm 5 10,d4,scale_1.0_rot_0_flip_0,0.4386949837207794,0.41463032364845276,0.14667467772960663
42,1,600 ppm 2 5,d4,scale_1.0_rot_0_flip_0,0.23968234658241272,0.21672827005386353,0.5435894131660461
42,1,800 ppm 1 10,d4,scale_1.0_rot_0_flip_0,0.45222917199134827,0.19699116051197052,0.35077965259552
42,1,1000 ppm 3 8,d4,scale_1.0_rot_0_flip_0,0.49220243096351624,0.19668589532375336,0.311111718416214
42,1,800 ppm 2 3,d4,scale_1.0_rot_0_flip_0,0.5761215686798096,0.19617588818073273,0.2277025431394577
42,1,1000 ppm 5 7,d4,scale_1.0_rot_0_flip_0,0.6862104535102844,0.14224795997142792,0.17154155671596527
42,1,400 ppm 1 3,d4,scale_1.0_rot_0_flip_0,0.4942936897277832,0.1533823013305664,0.3523239195346832
42,1,800 ppm 4 6,d4,scale_1.0_rot_0_flip_0,0.5346961617469788,0.3250706195831299,0.14023323357105255
42,1,600 ppm 5 4,d4,scale_1.0_rot_0_flip_0,0.6220937967300415,0.21181638538837433,0.16608986258506775
42,1,400 ppm 2 7,d4,scale_1.0_rot_0_flip_0,0.2834675908088684,0.46363022923469543,0.25290220975875854
42,1,1000 ppm 5 9,d4,scale_1.0_rot_0_flip_0,0.2946256101131439,0.29268142580986023,0.41269299387931824
42,1,400 ppm 5 8,d4,scale_1.0_rot_0_flip_0,0.45607200264930725,0.23779326677322388,0.30613473057746887
42,1,c 4,d4,scale_1.0_rot_0_flip_0,0.776739776134491,0.1318405270576477,0.09141970425844193
42,1,1000 ppm 1 8,d4,scale_1.0_rot_0_flip_0,0.56618732213974,0.25676384568214417,0.17704881727695465
42,1,c 3,d4,scale_1.0_rot_0_flip_0,0.7265682220458984,0.13877764344215393,0.13465411961078644
42,1,800 ppm 1 9,d4,scale_1.0_rot_0_flip_0,0.3413234353065491,0.3950166702270508,0.26365989446640015
42,1,1000 ppm 3 2,d4,scale_1.0_rot_0_flip_0,0.5459549427032471,0.24226035177707672,0.2117847353219986
42,1,1000 ppm 5 4,d4,scale_1.0_rot_0_flip_0,0.640247642993927,0.13099896907806396,0.22875341773033142
42,1,1000 ppm 3 5,d4,scale_1.0_rot_0_flip_0,0.5391367077827454,0.3027026951313019,0.15816056728363037
42,1,800 ppm 1 4,d4,scale_1.0_rot_0_flip_0,0.35461699962615967,0.3144005835056305,0.33098238706588745
42,1,1000 ppm 1 7,d4,scale_1.0_rot_0_flip_0,0.3763747215270996,0.1289302110671997,0.4946950376033783
42,1,1000 ppm 3 4,d4,scale_1.0_rot_0_flip_0,0.7197862267494202,0.164964497089386,0.11524923890829086
42,1,400 ppm 5 1,d4,scale_1.0_rot_0_flip_0,0.6356425285339355,0.28840166330337524,0.0759558156132698
42,1,1000 ppm 2 4,d4,scale_1.0_rot_0_flip_0,0.6234409809112549,0.2076377123594284,0.1689213067293167
42,1,600 ppm 5 5,d4,scale_1.0_rot_0_flip_1,0.8275303244590759,0.07282627373933792,0.09964340180158615
42,1,1000 ppm 4 3,d4,scale_1.0_rot_0_flip_1,0.42813563346862793,0.23811142146587372,0.33375290036201477
42,1,1000 ppm 3 9,d4,scale_1.0_rot_0_flip_1,0.2916053533554077,0.2615857422351837,0.44680893421173096
42,1,1000 ppm 3 10,d4,scale_1.0_rot_0_flip_1,0.38212910294532776,0.33308687806129456,0.2847839593887329
42,1,600 ppm 3 7,d4,scale_1.0_rot_0_flip_1,0.5176990032196045,0.3248821496963501,0.1574188619852066
42,1,800 ppm 5 7,d4,scale_1.0_rot_0_flip_1,0.5048198103904724,0.19517143070697784,0.30000874400138855
42,1,400 ppm 4 4,d4,scale_1.0_rot_0_flip_1,0.5798763036727905,0.18360641598701477,0.2365172803401947
42,1,800 ppm 2 8,d4,scale_1.0_rot_0_flip_1,0.5869016647338867,0.24103334546089172,0.17206503450870514
42,1,400 ppm 3 2,d4,scale_1.0_rot_0_flip_1,0.707850456237793,0.14678210020065308,0.14536753296852112
42,1,800 ppm 3 9,d4,scale_1.0_rot_0_flip_1,0.6307206153869629,0.1895299106836319,0.1797494888305664
42,1,1000 ppm 5 1,d4,scale_1.0_rot_0_flip_1,0.4547065198421478,0.39880287647247314,0.1464906483888626
42,1,800 ppm 4 5,d4,scale_1.0_rot_0_flip_1,0.492156058549881,0.31252485513687134,0.1953190565109253
42,1,800 ppm 2 1,d4,scale_1.0_rot_0_flip_1,0.6216268539428711,0.23276276886463165,0.14561034739017487
42,1,400 ppm 1 5,d4,scale_1.0_rot_0_flip_1,0.5759217143058777,0.20249561965465546,0.22158266603946686
42,1,400 ppm 4 8,d4,scale_1.0_rot_0_flip_1,0.6079382300376892,0.17629942297935486,0.21576233208179474
42,1,800 ppm 3 4,d4,scale_1.0_rot_0_flip_1,0.5230153799057007,0.277518093585968,0.1994665116071701
42,1,1000 ppm 2 1,d4,scale_1.0_rot_0_flip_1,0.5046464800834656,0.401581734418869,0.09377182275056839
42,1,400 ppm 3 10,d4,scale_1.0_rot_0_flip_1,0.7236000299453735,0.19214770197868347,0.08425230532884598
42,1,1000 ppm 3 3,d4,scale_1.0_rot_0_flip_1,0.6095999479293823,0.1761082112789154,0.21429188549518585
42,1,c 9,d4,scale_1.0_rot_0_flip_1,0.7745078802108765,0.11823070049285889,0.10726133733987808
42,1,800 ppm 3 3,d4,scale_1.0_rot_0_flip_1,0.3265850245952606,0.2962968051433563,0.37711820006370544
42,1,800 ppm 2 9,d4,scale_1.0_rot_0_flip_1,0.30550986528396606,0.19398246705532074,0.5005077123641968
42,1,600 ppm 2 9,d4,scale_1.0_rot_0_flip_1,0.34991586208343506,0.2320687174797058,0.41801542043685913
42,1,400 ppm 2 10,d4,scale_1.0_rot_0_flip_1,0.344073623418808,0.4430982172489166,0.2128281444311142
42,1,800 ppm 4 7,d4,scale_1.0_rot_0_flip_1,0.6972416639328003,0.16058358550071716,0.14217473566532135
42,1,1000 ppm 2 7,d4,scale_1.0_rot_0_flip_1,0.3681833744049072,0.3823986351490021,0.24941794574260712
42,1,800 ppm 5 9,d4,scale_1.0_rot_0_flip_1,0.49255865812301636,0.24262721836566925,0.2648141086101532
42,1,600 ppm 3 6,d4,scale_1.0_rot_0_flip_1,0.5232679843902588,0.35771888494491577,0.11901314556598663
42,1,1000 ppm 1 5,d4,scale_1.0_rot_0_flip_1,0.522769570350647,0.21512985229492188,0.26210057735443115
42,1,600 ppm 5 10,d4,scale_1.0_rot_0_flip_1,0.45186159014701843,0.4091412127017975,0.1389971822500229
42,1,600 ppm 2 5,d4,scale_1.0_rot_0_flip_1,0.2895492911338806,0.1905822902917862,0.5198684334754944
42,1,800 ppm 1 10,d4,scale_1.0_rot_0_flip_1,0.43041595816612244,0.20221534371376038,0.3673686981201172
42,1,1000 ppm 3 8,d4,scale_1.0_rot_0_flip_1,0.4336548447608948,0.23189674317836761,0.3344483971595764
42,1,800 ppm 2 3,d4,scale_1.0_rot_0_flip_1,0.5681522488594055,0.18460342288017273,0.24724429845809937
42,1,1000 ppm 5 7,d4,scale_1.0_rot_0_flip_1,0.6255226731300354,0.14581182599067688,0.22866548597812653
42,1,400 ppm 1 3,d4,scale_1.0_rot_0_flip_1,0.4631258547306061,0.140286386013031,0.3965877294540405
42,1,800 ppm 4 6,d4,scale_1.0_rot_0_flip_1,0.5612645149230957,0.3211280107498169,0.11760751903057098
42,1,600 ppm 5 4,d4,scale_1.0_rot_0_flip_1,0.624796450138092,0.22155247628688812,0.15365101397037506
42,1,400 ppm 2 7,d4,scale_1.0_rot_0_flip_1,0.24544158577919006,0.46521762013435364,0.2893408238887787
42,1,1000 ppm 5 9,d4,scale_1.0_rot_0_flip_1,0.3355068564414978,0.27694734930992126,0.3875458538532257
42,1,400 ppm 5 8,d4,scale_1.0_rot_0_flip_1,0.47913989424705505,0.22638386487960815,0.2944762408733368
42,1,c 4,d4,scale_1.0_rot_0_flip_1,0.7681414484977722,0.14077633619308472,0.0910821408033371
42,1,1000 ppm 1 8,d4,scale_1.0_rot_0_flip_1,0.5686771273612976,0.24537037312984467,0.18595251441001892
42,1,c 3,d4,scale_1.0_rot_0_flip_1,0.7269956469535828,0.1364411562681198,0.13656321167945862
42,1,800 ppm 1 9,d4,scale_1.0_rot_0_flip_1,0.33518633246421814,0.37096351385116577,0.2938501536846161
42,1,1000 ppm 3 2,d4,scale_1.0_rot_0_flip_1,0.5283493995666504,0.2278943806886673,0.2437562495470047
42,1,1000 ppm 5 4,d4,scale_1.0_rot_0_flip_1,0.6504266858100891,0.15170888602733612,0.19786450266838074
42,1,1000 ppm 3 5,d4,scale_1.0_rot_0_flip_1,0.5665544271469116,0.27442505955696106,0.15902046859264374
42,1,800 ppm 1 4,d4,scale_1.0_rot_0_flip_1,0.4224851727485657,0.28973743319511414,0.2877773344516754
42,1,1000 ppm 1 7,d4,scale_1.0_rot_0_flip_1,0.4214644432067871,0.1230984628200531,0.4554370641708374
42,1,1000 ppm 3 4,d4,scale_1.0_rot_0_flip_1,0.7514159083366394,0.14527162909507751,0.10331245511770248
42,1,400 ppm 5 1,d4,scale_1.0_rot_0_flip_1,0.5729924440383911,0.33578237891197205,0.09122521430253983
42,1,1000 ppm 2 4,d4,scale_1.0_rot_0_flip_1,0.6198087930679321,0.19018007814884186,0.19001111388206482
42,1,600 ppm 5 5,d4,scale_1.0_rot_90_flip_0,0.6823977828025818,0.10754043608903885,0.21006174385547638
42,1,1000 ppm 4 3,d4,scale_1.0_rot_90_flip_0,0.3687775135040283,0.20922580361366272,0.42199668288230896
42,1,1000 ppm 3 9,d4,scale_1.0_rot_90_flip_0,0.2785588800907135,0.21070364117622375,0.5107374787330627
42,1,1000 ppm 3 10,d4,scale_1.0_rot_90_flip_0,0.2604275941848755,0.2841525077819824,0.4554199278354645
42,1,600 ppm 3 7,d4,scale_1.0_rot_90_flip_0,0.40996459126472473,0.3012562692165375,0.288779079914093
42,1,800 ppm 5 7,d4,scale_1.0_rot_90_flip_0,0.31320229172706604,0.18389327824115753,0.5029044151306152
42,1,400 ppm 4 4,d4,scale_1.0_rot_90_flip_0,0.5070820450782776,0.18477806448936462,0.3081398606300354
42,1,800 ppm 2 8,d4,scale_1.0_rot_90_flip_0,0.5296832323074341,0.2019183486700058,0.2683984041213989
42,1,400 ppm 3 2,d4,scale_1.0_rot_90_flip_0,0.5969955921173096,0.2188594788312912,0.18414494395256042
42,1,800 ppm 3 9,d4,scale_1.0_rot_90_flip_0,0.4371577203273773,0.17936694622039795,0.3834753632545471
42,1,1000 ppm 5 1,d4,scale_1.0_rot_90_flip_0,0.32662713527679443,0.2648829221725464,0.40848997235298157
42,1,800 ppm 4 5,d4,scale_1.0_rot_90_flip_0,0.3326409161090851,0.2994316816329956,0.3679274022579193
42,1,800 ppm 2 1,d4,scale_1.0_rot_90_flip_0,0.38828182220458984,0.3167061507701874,0.2950120270252228
42,1,400 ppm 1 5,d4,scale_1.0_rot_90_flip_0,0.4781261086463928,0.17227888107299805,0.34959498047828674
42,1,400 ppm 4 8,d4,scale_1.0_rot_90_flip_0,0.4973406493663788,0.20352651178836823,0.29913291335105896
42,1,800 ppm 3 4,d4,scale_1.0_rot_90_flip_0,0.42630535364151,0.25065502524375916,0.32303959131240845
42,1,1000 ppm 2 1,d4,scale_1.0_rot_90_flip_0,0.5375550389289856,0.33395522832870483,0.12848971784114838
42,1,400 ppm 3 10,d4,scale_1.0_rot_90_flip_0,0.5493454337120056,0.24676674604415894,0.20388785004615784
42,1,1000 ppm 3 3,d4,scale_1.0_rot_90_flip_0,0.40401625633239746,0.20700836181640625,0.3889753818511963
42,1,c 9,d4,scale_1.0_rot_90_flip_0,0.7477843165397644,0.09692715108394623,0.15528853237628937
42,1,800 ppm 3 3,d4,scale_1.0_rot_90_flip_0,0.2554933428764343,0.2400742769241333,0.5044323801994324
42,1,800 ppm 2 9,d4,scale_1.0_rot_90_flip_0,0.31174978613853455,0.1866605281829834,0.5015896558761597
42,1,600 ppm 2 9,d4,scale_1.0_rot_90_flip_0,0.2861108183860779,0.1860945075750351,0.5277946591377258
42,1,400 ppm 2 10,d4,scale_1.0_rot_90_flip_0,0.28190186619758606,0.3905085623264313,0.32758957147598267
42,1,800 ppm 4 7,d4,scale_1.0_rot_90_flip_0,0.5325273871421814,0.18830282986164093,0.2791697680950165
42,1,1000 ppm 2 7,d4,scale_1.0_rot_90_flip_0,0.3588600158691406,0.3726580739021301,0.26848188042640686
42,1,800 ppm 5 9,d4,scale_1.0_rot_90_flip_0,0.5577327013015747,0.23214073479175568,0.21012656390666962
42,1,600 ppm 3 6,d4,scale_1.0_rot_90_flip_0,0.5256436467170715,0.4078137278556824,0.06654269993305206
42,1,1000 ppm 1 5,d4,scale_1.0_rot_90_flip_0,0.6113860607147217,0.22234119474887848,0.16627267003059387
42,1,600 ppm 5 10,d4,scale_1.0_rot_90_flip_0,0.4088793396949768,0.35154759883880615,0.23957301676273346
42,1,600 ppm 2 5,d4,scale_1.0_rot_90_flip_0,0.15937232971191406,0.19803111255168915,0.6425966024398804
42,1,800 ppm 1 10,d4,scale_1.0_rot_90_flip_0,0.37561848759651184,0.1812116950750351,0.44316980242729187
42,1,1000 ppm 3 8,d4,scale_1.0_rot_90_flip_0,0.31823042035102844,0.19547758996486664,0.48629194498062134
42,1,800 ppm 2 3,d4,scale_1.0_rot_90_flip_0,0.43966078758239746,0.1940222680568695,0.36631694436073303
42,1,1000 ppm 5 7,d4,scale_1.0_rot_90_flip_0,0.4480186402797699,0.19450362026691437,0.35747775435447693
42,1,400 ppm 1 3,d4,scale_1.0_rot_90_flip_0,0.43865686655044556,0.16078810393810272,0.4005550146102905
42,1,800 ppm 4 6,d4,scale_1.0_rot_90_flip_0,0.4056703746318817,0.3218241035938263,0.272505521774292
42,1,600 ppm 5 4,d4,scale_1.0_rot_90_flip_0,0.5915313363075256,0.2541934847831726,0.15427514910697937
42,1,400 ppm 2 7,d4,scale_1.0_rot_90_flip_0,0.24371987581253052,0.42161691188812256,0.33466318249702454
42,1,1000 ppm 5 9,d4,scale_1.0_rot_90_flip_0,0.1933060884475708,0.18508702516555786,0.6216068267822266
42,1,400 ppm 5 8,d4,scale_1.0_rot_90_flip_0,0.3504212498664856,0.16648004949092865,0.48309871554374695
42,1,c 4,d4,scale_1.0_rot_90_flip_0,0.626635730266571,0.14603286981582642,0.22733138501644135
42,1,1000 ppm 1 8,d4,scale_1.0_rot_90_flip_0,0.35906782746315,0.2932562232017517,0.34767594933509827
42,1,c 3,d4,scale_1.0_rot_90_flip_0,0.5538042187690735,0.15386852622032166,0.29232728481292725
42,1,800 ppm 1 9,d4,scale_1.0_rot_90_flip_0,0.265952467918396,0.3550792336463928,0.3789682686328888
42,1,1000 ppm 3 2,d4,scale_1.0_rot_90_flip_0,0.49503853917121887,0.23571328818798065,0.26924821734428406
42,1,1000 ppm 5 4,d4,scale_1.0_rot_90_flip_0,0.36860406398773193,0.17225457727909088,0.45914140343666077
42,1,1000 ppm 3 5,d4,scale_1.0_rot_90_flip_0,0.42565691471099854,0.32381266355514526,0.2505304515361786
42,1,800 ppm 1 4,d4,scale_1.0_rot_90_flip_0,0.3243597149848938,0.23383769392967224,0.4418025612831116
42,1,1000 ppm 1 7,d4,scale_1.0_rot_90_flip_0,0.5220747590065002,0.15178269147872925,0.3261425793170929
42,1,1000 ppm 3 4,d4,scale_1.0_rot_90_flip_0,0.6389676928520203,0.1431618332862854,0.21787047386169434
42,1,400 ppm 5 1,d4,scale_1.0_rot_90_flip_0,0.45599034428596497,0.35155683755874634,0.19245284795761108
42,1,1000 ppm 2 4,d4,scale_1.0_rot_90_flip_0,0.5232079029083252,0.1909191608428955,0.2858729064464569
42,1,600 ppm 5 5,d4,scale_1.0_rot_90_flip_1,0.7231737971305847,0.09757145494222641,0.1792546808719635
42,1,1000 ppm 4 3,d4,scale_1.0_rot_90_flip_1,0.353634774684906,0.21528111398220062,0.43108415603637695
42,1,1000 ppm 3 9,d4,scale_1.0_rot_90_flip_1,0.2680107057094574,0.22934773564338684,0.5026415586471558
42,1,1000 ppm 3 10,d4,scale_1.0_rot_90_flip_1,0.26684561371803284,0.2975240647792816,0.43563035130500793
42,1,600 ppm 3 7,d4,scale_1.0_rot_90_flip_1,0.44148311018943787,0.28887632489204407,0.26964056491851807
42,1,800 ppm 5 7,d4,scale_1.0_rot_90_flip_1,0.3331557512283325,0.18863213062286377,0.4782120883464813
42,1,400 ppm 4 4,d4,scale_1.0_rot_90_flip_1,0.46939823031425476,0.20568455755710602,0.3249172270298004
42,1,800 ppm 2 8,d4,scale_1.0_rot_90_flip_1,0.46921658515930176,0.19694304466247559,0.33384042978286743
42,1,400 ppm 3 2,d4,scale_1.0_rot_90_flip_1,0.5583590269088745,0.20194244384765625,0.23969848453998566
42,1,800 ppm 3 9,d4,scale_1.0_rot_90_flip_1,0.481096476316452,0.19193953275680542,0.32696402072906494
42,1,1000 ppm 5 1,d4,scale_1.0_rot_90_flip_1,0.3453502655029297,0.2710951268672943,0.3835545480251312
42,1,800 ppm 4 5,d4,scale_1.0_rot_90_flip_1,0.3401726186275482,0.2900897264480591,0.3697376549243927
42,1,800 ppm 2 1,d4,scale_1.0_rot_90_flip_1,0.39297524094581604,0.31847625970840454,0.28854846954345703
42,1,400 ppm 1 5,d4,scale_1.0_rot_90_flip_1,0.5031309723854065,0.16861221194267273,0.32825684547424316
42,1,400 ppm 4 8,d4,scale_1.0_rot_90_flip_1,0.4899662435054779,0.17451679706573486,0.3355170488357544
42,1,800 ppm 3 4,d4,scale_1.0_rot_90_flip_1,0.40995150804519653,0.25046485662460327,0.33958369493484497
42,1,1000 ppm 2 1,d4,scale_1.0_rot_90_flip_1,0.5140092372894287,0.3399674594402313,0.14602328836917877
42,1,400 ppm 3 10,d4,scale_1.0_rot_90_flip_1,0.5644080638885498,0.2555047571659088,0.180087149143219
42,1,1000 ppm 3 3,d4,scale_1.0_rot_90_flip_1,0.3683362901210785,0.18041691184043884,0.45124682784080505
42,1,c 9,d4,scale_1.0_rot_90_flip_1,0.6952199935913086,0.11638489365577698,0.18839511275291443
42,1,800 ppm 3 3,d4,scale_1.0_rot_90_flip_1,0.21432027220726013,0.2202538400888443,0.5654258131980896
42,1,800 ppm 2 9,d4,scale_1.0_rot_90_flip_1,0.32164785265922546,0.17392297089099884,0.5044291615486145
42,1,600 ppm 2 9,d4,scale_1.0_rot_90_flip_1,0.27669382095336914,0.17811568081378937,0.5451905131340027
42,1,400 ppm 2 10,d4,scale_1.0_rot_90_flip_1,0.2772236168384552,0.38053593039512634,0.34224045276641846
42,1,800 ppm 4 7,d4,scale_1.0_rot_90_flip_1,0.507056713104248,0.17651212215423584,0.3164311945438385
42,1,1000 ppm 2 7,d4,scale_1.0_rot_90_flip_1,0.32982900738716125,0.3656662702560425,0.30450475215911865
42,1,800 ppm 5 9,d4,scale_1.0_rot_90_flip_1,0.6073073744773865,0.2085605412721634,0.18413206934928894
42,1,600 ppm 3 6,d4,scale_1.0_rot_90_flip_1,0.48672041296958923,0.4503239393234253,0.06295564025640488
42,1,1000 ppm 1 5,d4,scale_1.0_rot_90_flip_1,0.5968300700187683,0.21333037316799164,0.18983958661556244
42,1,600 ppm 5 10,d4,scale_1.0_rot_90_flip_1,0.4180432856082916,0.3600868582725525,0.2218698114156723
42,1,600 ppm 2 5,d4,scale_1.0_rot_90_flip_1,0.16136208176612854,0.16046661138534546,0.6781712770462036
42,1,800 ppm 1 10,d4,scale_1.0_rot_90_flip_1,0.34205952286720276,0.16753625869750977,0.49040424823760986
42,1,1000 ppm 3 8,d4,scale_1.0_rot_90_flip_1,0.31383615732192993,0.20188556611537933,0.48427826166152954
42,1,800 ppm 2 3,d4,scale_1.0_rot_90_flip_1,0.37352338433265686,0.20783863961696625,0.4186379313468933
42,1,1000 ppm 5 7,d4,scale_1.0_rot_90_flip_1,0.4885832667350769,0.17054630815982819,0.34087038040161133
42,1,400 ppm 1 3,d4,scale_1.0_rot_90_flip_1,0.3895874321460724,0.1884617954492569,0.4219507575035095
42,1,800 ppm 4 6,d4,scale_1.0_rot_90_flip_1,0.4381091296672821,0.3090522885322571,0.25283852219581604
42,1,600 ppm 5 4,d4,scale_1.0_rot_90_flip_1,0.5358365178108215,0.27740758657455444,0.18675588071346283
42,1,400 ppm 2 7,d4,scale_1.0_rot_90_flip_1,0.2661797106266022,0.3942957818508148,0.339524507522583
42,1,1000 ppm 5 9,d4,scale_1.0_rot_90_flip_1,0.1827552169561386,0.19752049446105957,0.6197242736816406
42,1,400 ppm 5 8,d4,scale_1.0_rot_90_flip_1,0.3124752938747406,0.182673841714859,0.5048509240150452
42,1,c 4,d4,scale_1.0_rot_90_flip_1,0.6407250165939331,0.12961116433143616,0.22966380417346954
42,1,1000 ppm 1 8,d4,scale_1.0_rot_90_flip_1,0.35163411498069763,0.3049960732460022,0.34336981177330017
42,1,c 3,d4,scale_1.0_rot_90_flip_1,0.5413081049919128,0.15505090355873108,0.3036409616470337
42,1,800 ppm 1 9,d4,scale_1.0_rot_90_flip_1,0.2555045783519745,0.33119234442710876,0.41330304741859436
42,1,1000 ppm 3 2,d4,scale_1.0_rot_90_flip_1,0.5031295418739319,0.24804280698299408,0.24882765114307404
42,1,1000 ppm 5 4,d4,scale_1.0_rot_90_flip_1,0.3829122483730316,0.15210406482219696,0.464983731508255
42,1,1000 ppm 3 5,d4,scale_1.0_rot_90_flip_1,0.4208886921405792,0.3114682137966156,0.26764312386512756
42,1,800 ppm 1 4,d4,scale_1.0_rot_90_flip_1,0.3137778043746948,0.22996485233306885,0.45625734329223633
42,1,1000 ppm 1 7,d4,scale_1.0_rot_90_flip_1,0.49747568368911743,0.15064875781536102,0.35187551379203796
42,1,1000 ppm 3 4,d4,scale_1.0_rot_90_flip_1,0.6087992787361145,0.13735389709472656,0.25384682416915894
42,1,400 ppm 5 1,d4,scale_1.0_rot_90_flip_1,0.4685520827770233,0.3338516056537628,0.1975962370634079
42,1,1000 ppm 2 4,d4,scale_1.0_rot_90_flip_1,0.5820710062980652,0.1751253306865692,0.2428036481142044
42,1,600 ppm 5 5,d4,scale_1.0_rot_180_flip_0,0.772533118724823,0.08478913456201553,0.14267775416374207
42,1,1000 ppm 4 3,d4,scale_1.0_rot_180_flip_0,0.38082948327064514,0.23436403274536133,0.3848065137863159
42,1,1000 ppm 3 9,d4,scale_1.0_rot_180_flip_0,0.38925760984420776,0.33330026268959045,0.2774420976638794
42,1,1000 ppm 3 10,d4,scale_1.0_rot_180_flip_0,0.32164499163627625,0.2979108691215515,0.38044410943984985
42,1,600 ppm 3 7,d4,scale_1.0_rot_180_flip_0,0.4182363450527191,0.32489871978759766,0.25686490535736084
42,1,800 ppm 5 7,d4,scale_1.0_rot_180_flip_0,0.32623592019081116,0.2546333372592926,0.419130802154541
42,1,400 ppm 4 4,d4,scale_1.0_rot_180_flip_0,0.48950597643852234,0.18715164065361023,0.3233424127101898
42,1,800 ppm 2 8,d4,scale_1.0_rot_180_flip_0,0.3958891034126282,0.2809004485607147,0.3232104480266571
42,1,400 ppm 3 2,d4,scale_1.0_rot_180_flip_0,0.5374618768692017,0.19436205923557281,0.2681761085987091
42,1,800 ppm 3 9,d4,scale_1.0_rot_180_flip_0,0.5018227100372314,0.21403221786022186,0.2841451168060303
42,1,1000 ppm 5 1,d4,scale_1.0_rot_180_flip_0,0.3574833571910858,0.33919385075569153,0.30332279205322266
42,1,800 ppm 4 5,d4,scale_1.0_rot_180_flip_0,0.40589120984077454,0.3363593816757202,0.25774943828582764
42,1,800 ppm 2 1,d4,scale_1.0_rot_180_flip_0,0.45171281695365906,0.32136479020118713,0.22692236304283142
42,1,400 ppm 1 5,d4,scale_1.0_rot_180_flip_0,0.4652302861213684,0.2564971446990967,0.2782726287841797
42,1,400 ppm 4 8,d4,scale_1.0_rot_180_flip_0,0.46876323223114014,0.18676705658435822,0.34446975588798523
42,1,800 ppm 3 4,d4,scale_1.0_rot_180_flip_0,0.3646557629108429,0.30968454480171204,0.32565969228744507
42,1,1000 ppm 2 1,d4,scale_1.0_rot_180_flip_0,0.5073055624961853,0.3431221842765808,0.1495722532272339
42,1,400 ppm 3 10,d4,scale_1.0_rot_180_flip_0,0.5809794068336487,0.25078490376472473,0.1682356745004654
42,1,1000 ppm 3 3,d4,scale_1.0_rot_180_flip_0,0.41246137022972107,0.21436864137649536,0.37317007780075073
42,1,c 9,d4,scale_1.0_rot_180_flip_0,0.6865471601486206,0.12144976854324341,0.19200308620929718
42,1,800 ppm 3 3,d4,scale_1.0_rot_180_flip_0,0.22981876134872437,0.2745790481567383,0.49560216069221497
42,1,800 ppm 2 9,d4,scale_1.0_rot_180_flip_0,0.27062684297561646,0.14221641421318054,0.5871567130088806
42,1,600 ppm 2 9,d4,scale_1.0_rot_180_flip_0,0.27363795042037964,0.18344514071941376,0.5429168939590454
42,1,400 ppm 2 10,d4,scale_1.0_rot_180_flip_0,0.30217278003692627,0.38918519020080566,0.3086419999599457
42,1,800 ppm 4 7,d4,scale_1.0_rot_180_flip_0,0.5178323984146118,0.20389112830162048,0.2782764732837677
42,1,1000 ppm 2 7,d4,scale_1.0_rot_180_flip_0,0.4360152781009674,0.358539342880249,0.2054453045129776
42,1,800 ppm 5 9,d4,scale_1.0_rot_180_flip_0,0.5190988183021545,0.2845900356769562,0.1963111162185669
42,1,600 ppm 3 6,d4,scale_1.0_rot_180_flip_0,0.4812621474266052,0.3840459883213043,0.13469184935092926
42,1,1000 ppm 1 5,d4,scale_1.0_rot_180_flip_0,0.511388897895813,0.2334533929824829,0.2551576793193817
42,1,600 ppm 5 10,d4,scale_1.0_rot_180_flip_0,0.4461812376976013,0.36143502593040466,0.19238373637199402
42,1,600 ppm 2 5,d4,scale_1.0_rot_180_flip_0,0.18635402619838715,0.17209480702877045,0.64155113697052
42,1,800 ppm 1 10,d4,scale_1.0_rot_180_flip_0,0.2628864347934723,0.20228037238121033,0.5348332524299622
42,1,1000 ppm 3 8,d4,scale_1.0_rot_180_flip_0,0.353078693151474,0.23241066932678223,0.4145106077194214
42,1,800 ppm 2 3,d4,scale_1.0_rot_180_flip_0,0.3953138589859009,0.21628431975841522,0.3884018063545227
42,1,1000 ppm 5 7,d4,scale_1.0_rot_180_flip_0,0.4584182798862457,0.17954237759113312,0.36203938722610474
42,1,400 ppm 1 3,d4,scale_1.0_rot_180_flip_0,0.44630497694015503,0.1696833074092865,0.38401177525520325
42,1,800 ppm 4 6,d4,scale_1.0_rot_180_flip_0,0.42616042494773865,0.30817198753356934,0.2656676173210144
42,1,600 ppm 5 4,d4,scale_1.0_rot_180_flip_0,0.4522559940814972,0.2741141617298126,0.27362990379333496
42,1,400 ppm 2 7,d4,scale_1.0_rot_180_flip_0,0.38709351420402527,0.3908216655254364,0.22208483517169952
42,1,1000 ppm 5 9,d4,scale_1.0_rot_180_flip_0,0.25660619139671326,0.2769346833229065,0.466459184885025
42,1,400 ppm 5 8,d4,scale_1.0_rot_180_flip_0,0.30755600333213806,0.2496384084224701,0.44280561804771423
42,1,c 4,d4,scale_1.0_rot_180_flip_0,0.6908885836601257,0.14546732604503632,0.16364413499832153
42,1,1000 ppm 1 8,d4,scale_1.0_rot_180_flip_0,0.42760196328163147,0.26102206110954285,0.31137600541114807
42,1,c 3,d4,scale_1.0_rot_180_flip_0,0.5945213437080383,0.14973418414592743,0.2557445168495178
42,1,800 ppm 1 9,d4,scale_1.0_rot_180_flip_0,0.28112471103668213,0.357375830411911,0.36149948835372925
42,1,1000 ppm 3 2,d4,scale_1.0_rot_180_flip_0,0.43564096093177795,0.27832022309303284,0.2860388457775116
42,1,1000 ppm 5 4,d4,scale_1.0_rot_180_flip_0,0.3478453457355499,0.16456523537635803,0.48758944869041443
42,1,1000 ppm 3 5,d4,scale_1.0_rot_180_flip_0,0.4070673882961273,0.2853700518608093,0.30756255984306335
42,1,800 ppm 1 4,d4,scale_1.0_rot_180_flip_0,0.3313412666320801,0.2950822114944458,0.37357649207115173
42,1,1000 ppm 1 7,d4,scale_1.0_rot_180_flip_0,0.385748952627182,0.13017423450946808,0.48407676815986633
42,1,1000 ppm 3 4,d4,scale_1.0_rot_180_flip_0,0.6023846864700317,0.16205038130283356,0.23556488752365112
42,1,400 ppm 5 1,d4,scale_1.0_rot_180_flip_0,0.516069233417511,0.3467981219291687,0.13713262975215912
42,1,1000 ppm 2 4,d4,scale_1.0_rot_180_flip_0,0.5130580067634583,0.18288451433181763,0.3040574789047241
42,1,600 ppm 5 5,d4,scale_1.0_rot_180_flip_1,0.7534030079841614,0.09354928880929947,0.15304777026176453
42,1,1000 ppm 4 3,d4,scale_1.0_rot_180_flip_1,0.3831799030303955,0.22887443006038666,0.38794565200805664
42,1,1000 ppm 3 9,d4,scale_1.0_rot_180_flip_1,0.3756348490715027,0.3169406056404114,0.3074246346950531
42,1,1000 ppm 3 10,d4,scale_1.0_rot_180_flip_1,0.36031875014305115,0.29520630836486816,0.3444749414920807
42,1,600 ppm 3 7,d4,scale_1.0_rot_180_flip_1,0.4622567296028137,0.2949887216091156,0.2427545040845871
42,1,800 ppm 5 7,d4,scale_1.0_rot_180_flip_1,0.3307678699493408,0.2512519061565399,0.41798022389411926
42,1,400 ppm 4 4,d4,scale_1.0_rot_180_flip_1,0.4186002016067505,0.19241847097873688,0.38898131251335144
42,1,800 ppm 2 8,d4,scale_1.0_rot_180_flip_1,0.39125075936317444,0.24781548976898193,0.36093375086784363
42,1,400 ppm 3 2,d4,scale_1.0_rot_180_flip_1,0.5556100606918335,0.17951691150665283,0.2648729979991913
42,1,800 ppm 3 9,d4,scale_1.0_rot_180_flip_1,0.5203216075897217,0.22561371326446533,0.2540647089481354
42,1,1000 ppm 5 1,d4,scale_1.0_rot_180_flip_1,0.32654863595962524,0.3388688266277313,0.3345825970172882
42,1,800 ppm 4 5,d4,scale_1.0_rot_180_flip_1,0.3987129032611847,0.3088247776031494,0.2924622595310211
42,1,800 ppm 2 1,d4,scale_1.0_rot_180_flip_1,0.43862345814704895,0.3312402069568634,0.23013633489608765
42,1,400 ppm 1 5,d4,scale_1.0_rot_180_flip_1,0.4861091673374176,0.2254510372877121,0.2884398102760315
42,1,400 ppm 4 8,d4,scale_1.0_rot_180_flip_1,0.4725753664970398,0.20548145473003387,0.32194310426712036
42,1,800 ppm 3 4,d4,scale_1.0_rot_180_flip_1,0.40391823649406433,0.2956223487854004,0.30045944452285767
42,1,1000 ppm 2 1,d4,scale_1.0_rot_180_flip_1,0.4528384208679199,0.3732976019382477,0.17386402189731598
42,1,400 ppm 3 10,d4,scale_1.0_rot_180_flip_1,0.5748180747032166,0.24011893570423126,0.185062974691391
42,1,1000 ppm 3 3,d4,scale_1.0_rot_180_flip_1,0.41844379901885986,0.21386784315109253,0.36768838763237
42,1,c 9,d4,scale_1.0_rot_180_flip_1,0.6415256261825562,0.11585698276758194,0.2426174134016037
42,1,800 ppm 3 3,d4,scale_1.0_rot_180_flip_1,0.2180493324995041,0.25644463300704956,0.5255060195922852
42,1,800 ppm 2 9,d4,scale_1.0_rot_180_flip_1,0.23076826333999634,0.13732768595218658,0.6319040656089783
42,1,600 ppm 2 9,d4,scale_1.0_rot_180_flip_1,0.25538408756256104,0.22933782637119293,0.5152781009674072
42,1,400 ppm 2 10,d4,scale_1.0_rot_180_flip_1,0.28754493594169617,0.4329659640789032,0.27948907017707825
42,1,800 ppm 4 7,d4,scale_1.0_rot_180_flip_1,0.5208424925804138,0.19067619740962982,0.28848132491111755
42,1,1000 ppm 2 7,d4,scale_1.0_rot_180_flip_1,0.4471152424812317,0.3699079751968384,0.18297679722309113
42,1,800 ppm 5 9,d4,scale_1.0_rot_180_flip_1,0.560691773891449,0.2650868892669678,0.17422136664390564
42,1,600 ppm 3 6,d4,scale_1.0_rot_180_flip_1,0.4970068037509918,0.36238816380500793,0.1406051218509674
42,1,1000 ppm 1 5,d4,scale_1.0_rot_180_flip_1,0.514964759349823,0.22518004477024078,0.25985515117645264
42,1,600 ppm 5 10,d4,scale_1.0_rot_180_flip_1,0.47146090865135193,0.3548150062561035,0.17372409999370575
42,1,600 ppm 2 5,d4,scale_1.0_rot_180_flip_1,0.19249258935451508,0.17775051295757294,0.6297568678855896
42,1,800 ppm 1 10,d4,scale_1.0_rot_180_flip_1,0.20668284595012665,0.19343452155590057,0.5998826026916504
42,1,1000 ppm 3 8,d4,scale_1.0_rot_180_flip_1,0.3528170585632324,0.22362293303012848,0.4235600233078003
42,1,800 ppm 2 3,d4,scale_1.0_rot_180_flip_1,0.4008702039718628,0.17797726392745972,0.4211525022983551
42,1,1000 ppm 5 7,d4,scale_1.0_rot_180_flip_1,0.3906436562538147,0.21294759213924408,0.39640867710113525
42,1,400 ppm 1 3,d4,scale_1.0_rot_180_flip_1,0.42919620871543884,0.16792145371437073,0.40288233757019043
42,1,800 ppm 4 6,d4,scale_1.0_rot_180_flip_1,0.3900509774684906,0.3655986487865448,0.2443503886461258
42,1,600 ppm 5 4,d4,scale_1.0_rot_180_flip_1,0.4648239016532898,0.24941402673721313,0.28576210141181946
42,1,400 ppm 2 7,d4,scale_1.0_rot_180_flip_1,0.36362558603286743,0.42304718494415283,0.21332719922065735
42,1,1000 ppm 5 9,d4,scale_1.0_rot_180_flip_1,0.2399473935365677,0.26291775703430176,0.497134804725647
42,1,400 ppm 5 8,d4,scale_1.0_rot_180_flip_1,0.2969740629196167,0.24145661294460297,0.4615693688392639
42,1,c 4,d4,scale_1.0_rot_180_flip_1,0.6998830437660217,0.14189577102661133,0.15822117030620575
42,1,1000 ppm 1 8,d4,scale_1.0_rot_180_flip_1,0.37863269448280334,0.30540767312049866,0.315959632396698
42,1,c 3,d4,scale_1.0_rot_180_flip_1,0.6101630926132202,0.17716282606124878,0.2126740664243698
42,1,800 ppm 1 9,d4,scale_1.0_rot_180_flip_1,0.3039325475692749,0.4065220355987549,0.2895454466342926
42,1,1000 ppm 3 2,d4,scale_1.0_rot_180_flip_1,0.43001118302345276,0.3185887932777405,0.2513999938964844
42,1,1000 ppm 5 4,d4,scale_1.0_rot_180_flip_1,0.32706958055496216,0.15402720868587494,0.5189031958580017
42,1,1000 ppm 3 5,d4,scale_1.0_rot_180_flip_1,0.41731590032577515,0.30867618322372437,0.2740079164505005
42,1,800 ppm 1 4,d4,scale_1.0_rot_180_flip_1,0.33478492498397827,0.25856125354766846,0.40665382146835327
42,1,1000 ppm 1 7,d4,scale_1.0_rot_180_flip_1,0.3395679295063019,0.1362341344356537,0.5241979956626892
42,1,1000 ppm 3 4,d4,scale_1.0_rot_180_flip_1,0.6022894382476807,0.16400156915187836,0.23370897769927979
42,1,400 ppm 5 1,d4,scale_1.0_rot_180_flip_1,0.5036943554878235,0.35716453194618225,0.13914111256599426
42,1,1000 ppm 2 4,d4,scale_1.0_rot_180_flip_1,0.5079089403152466,0.19627709686756134,0.2958139479160309
42,1,600 ppm 5 5,d4,scale_1.0_rot_270_flip_0,0.7605401277542114,0.09423728287220001,0.14522254467010498
42,1,1000 ppm 4 3,d4,scale_1.0_rot_270_flip_0,0.33557772636413574,0.2247256189584732,0.43969666957855225
42,1,1000 ppm 3 9,d4,scale_1.0_rot_270_flip_0,0.3455694317817688,0.2813441753387451,0.3730863928794861
42,1,1000 ppm 3 10,d4,scale_1.0_rot_270_flip_0,0.34973010420799255,0.22218678891658783,0.4280831217765808
42,1,600 ppm 3 7,d4,scale_1.0_rot_270_flip_0,0.42055168747901917,0.29883986711502075,0.2806084156036377
42,1,800 ppm 5 7,d4,scale_1.0_rot_270_flip_0,0.31460097432136536,0.1806948482990265,0.5047041773796082
42,1,400 ppm 4 4,d4,scale_1.0_rot_270_flip_0,0.41989466547966003,0.24679085612297058,0.3333145081996918
42,1,800 ppm 2 8,d4,scale_1.0_rot_270_flip_0,0.4557054042816162,0.2186940312385559,0.3256005644798279
42,1,400 ppm 3 2,d4,scale_1.0_rot_270_flip_0,0.5762340426445007,0.18471834063529968,0.23904769122600555
42,1,800 ppm 3 9,d4,scale_1.0_rot_270_flip_0,0.42410239577293396,0.22776566445827484,0.3481318950653076
42,1,1000 ppm 5 1,d4,scale_1.0_rot_270_flip_0,0.27332499623298645,0.30494824051856995,0.4217267334461212
42,1,800 ppm 4 5,d4,scale_1.0_rot_270_flip_0,0.30962228775024414,0.2754620909690857,0.4149155914783478
42,1,800 ppm 2 1,d4,scale_1.0_rot_270_flip_0,0.5364972949028015,0.2519417107105255,0.21156102418899536
42,1,400 ppm 1 5,d4,scale_1.0_rot_270_flip_0,0.3677128851413727,0.14901162683963776,0.483275443315506
42,1,400 ppm 4 8,d4,scale_1.0_rot_270_flip_0,0.42261990904808044,0.1859462857246399,0.39143386483192444
42,1,800 ppm 3 4,d4,scale_1.0_rot_270_flip_0,0.40806418657302856,0.2488449215888977,0.3430909216403961
42,1,1000 ppm 2 1,d4,scale_1.0_rot_270_flip_0,0.4193662703037262,0.3711007237434387,0.2095329463481903
42,1,400 ppm 3 10,d4,scale_1.0_rot_270_flip_0,0.5788986086845398,0.251311331987381,0.16979007422924042
42,1,1000 ppm 3 3,d4,scale_1.0_rot_270_flip_0,0.4571593999862671,0.15931542217731476,0.38352516293525696
42,1,c 9,d4,scale_1.0_rot_270_flip_0,0.6689446568489075,0.12268927693367004,0.20836614072322845
42,1,800 ppm 3 3,d4,scale_1.0_rot_270_flip_0,0.19615089893341064,0.26815563440322876,0.5356934666633606
42,1,800 ppm 2 9,d4,scale_1.0_rot_270_flip_0,0.3015919327735901,0.11308690160512924,0.5853211283683777
42,1,600 ppm 2 9,d4,scale_1.0_rot_270_flip_0,0.25168922543525696,0.20316755771636963,0.545143187046051
42,1,400 ppm 2 10,d4,scale_1.0_rot_270_flip_0,0.2566486895084381,0.347938597202301,0.39541274309158325
42,1,800 ppm 4 7,d4,scale_1.0_rot_270_flip_0,0.48284393548965454,0.15860502421855927,0.3585510551929474
42,1,1000 ppm 2 7,d4,scale_1.0_rot_270_flip_0,0.32026347517967224,0.3900642991065979,0.28967222571372986
42,1,800 ppm 5 9,d4,scale_1.0_rot_270_flip_0,0.5179054737091064,0.24682046473026276,0.2352740615606308
42,1,600 ppm 3 6,d4,scale_1.0_rot_270_flip_0,0.4865443706512451,0.3874588906764984,0.12599672377109528
42,1,1000 ppm 1 5,d4,scale_1.0_rot_270_flip_0,0.4783405363559723,0.24303200840950012,0.2786273956298828
42,1,600 ppm 5 10,d4,scale_1.0_rot_270_flip_0,0.41033050417900085,0.3779604136943817,0.21170905232429504
42,1,600 ppm 2 5,d4,scale_1.0_rot_270_flip_0,0.17740070819854736,0.1960742473602295,0.6265250444412231
42,1,800 ppm 1 10,d4,scale_1.0_rot_270_flip_0,0.2708359956741333,0.22985242307186127,0.499311625957489
42,1,1000 ppm 3 8,d4,scale_1.0_rot_270_flip_0,0.3362686336040497,0.21375824511051178,0.44997304677963257
42,1,800 ppm 2 3,d4,scale_1.0_rot_270_flip_0,0.413346529006958,0.19520431756973267,0.3914492130279541
42,1,1000 ppm 5 7,d4,scale_1.0_rot_270_flip_0,0.5444610118865967,0.18454301357269287,0.27099600434303284
42,1,400 ppm 1 3,d4,scale_1.0_rot_270_flip_0,0.40990394353866577,0.1643286645412445,0.4257673919200897
42,1,800 ppm 4 6,d4,scale_1.0_rot_270_flip_0,0.41302216053009033,0.3132932484149933,0.2736845910549164
42,1,600 ppm 5 4,d4,scale_1.0_rot_270_flip_0,0.5220851302146912,0.28337013721466064,0.1945447027683258
42,1,400 ppm 2 7,d4,scale_1.0_rot_270_flip_0,0.2816923260688782,0.3629431426525116,0.35536453127861023
42,1,1000 ppm 5 9,d4,scale_1.0_rot_270_flip_0,0.20787560939788818,0.2384539693593979,0.5536704063415527
42,1,400 ppm 5 8,d4,scale_1.0_rot_270_flip_0,0.2696518898010254,0.17692863941192627,0.5534194707870483
42,1,c 4,d4,scale_1.0_rot_270_flip_0,0.6004154682159424,0.1350017488002777,0.2645828127861023
42,1,1000 ppm 1 8,d4,scale_1.0_rot_270_flip_0,0.41799166798591614,0.2688938081264496,0.3131145238876343
42,1,c 3,d4,scale_1.0_rot_270_flip_0,0.5981273055076599,0.1344107836484909,0.267461895942688
42,1,800 ppm 1 9,d4,scale_1.0_rot_270_flip_0,0.28261104226112366,0.30416229367256165,0.4132266342639923
42,1,1000 ppm 3 2,d4,scale_1.0_rot_270_flip_0,0.34493300318717957,0.2635396122932434,0.3915274143218994
42,1,1000 ppm 5 4,d4,scale_1.0_rot_270_flip_0,0.3715690076351166,0.17296373844146729,0.4554672837257385
42,1,1000 ppm 3 5,d4,scale_1.0_rot_270_flip_0,0.3887774646282196,0.31131017208099365,0.29991233348846436
42,1,800 ppm 1 4,d4,scale_1.0_rot_270_flip_0,0.3100999593734741,0.24237999320030212,0.44752007722854614
42,1,1000 ppm 1 7,d4,scale_1.0_rot_270_flip_0,0.4058714807033539,0.13633766770362854,0.4577908515930176
42,1,1000 ppm 3 4,d4,scale_1.0_rot_270_flip_0,0.6100637912750244,0.13586099445819855,0.25407519936561584
42,1,400 ppm 5 1,d4,scale_1.0_rot_270_flip_0,0.48888081312179565,0.3303120732307434,0.18080708384513855
42,1,1000 ppm 2 4,d4,scale_1.0_rot_270_flip_0,0.44583332538604736,0.20180290937423706,0.35236382484436035
42,1,600 ppm 5 5,d4,scale_1.0_rot_270_flip_1,0.7560254335403442,0.08206668496131897,0.1619078665971756
42,1,1000 ppm 4 3,d4,scale_1.0_rot_270_flip_1,0.3414650857448578,0.2291838675737381,0.42935097217559814
42,1,1000 ppm 3 9,d4,scale_1.0_rot_270_flip_1,0.3184249997138977,0.2793996334075928,0.4021754264831543
42,1,1000 ppm 3 10,d4,scale_1.0_rot_270_flip_1,0.38594743609428406,0.20597553253173828,0.4080770015716553
42,1,600 ppm 3 7,d4,scale_1.0_rot_270_flip_1,0.43696892261505127,0.3065449893474579,0.2564861476421356
42,1,800 ppm 5 7,d4,scale_1.0_rot_270_flip_1,0.30237656831741333,0.1749425232410431,0.522680938243866
42,1,400 ppm 4 4,d4,scale_1.0_rot_270_flip_1,0.5167397856712341,0.22098538279533386,0.2622748017311096
42,1,800 ppm 2 8,d4,scale_1.0_rot_270_flip_1,0.4816872179508209,0.19047963619232178,0.3278331458568573
42,1,400 ppm 3 2,d4,scale_1.0_rot_270_flip_1,0.5150733590126038,0.1922384798526764,0.29268813133239746
42,1,800 ppm 3 9,d4,scale_1.0_rot_270_flip_1,0.42976394295692444,0.21911321580410004,0.3511228561401367
42,1,1000 ppm 5 1,d4,scale_1.0_rot_270_flip_1,0.283101350069046,0.2830074429512024,0.43389129638671875
42,1,800 ppm 4 5,d4,scale_1.0_rot_270_flip_1,0.3177871108055115,0.2727263271808624,0.4094865024089813
42,1,800 ppm 2 1,d4,scale_1.0_rot_270_flip_1,0.5541581511497498,0.23621350526809692,0.20962828397750854
42,1,400 ppm 1 5,d4,scale_1.0_rot_270_flip_1,0.34921902418136597,0.14375700056552887,0.5070239901542664
42,1,400 ppm 4 8,d4,scale_1.0_rot_270_flip_1,0.4413052499294281,0.21210353076457977,0.34659117460250854
42,1,800 ppm 3 4,d4,scale_1.0_rot_270_flip_1,0.4275337755680084,0.2575560212135315,0.3149102032184601
42,1,1000 ppm 2 1,d4,scale_1.0_rot_270_flip_1,0.4005933701992035,0.3749775290489197,0.22442911565303802
42,1,400 ppm 3 10,d4,scale_1.0_rot_270_flip_1,0.6266143321990967,0.19398564100265503,0.17939995229244232
42,1,1000 ppm 3 3,d4,scale_1.0_rot_270_flip_1,0.43464353680610657,0.16316437721252441,0.4021921157836914
42,1,c 9,d4,scale_1.0_rot_270_flip_1,0.6671430468559265,0.12927629053592682,0.20358067750930786
42,1,800 ppm 3 3,d4,scale_1.0_rot_270_flip_1,0.2211611270904541,0.25894927978515625,0.5198895335197449
42,1,800 ppm 2 9,d4,scale_1.0_rot_270_flip_1,0.2902231514453888,0.1084493100643158,0.6013275384902954
42,1,600 ppm 2 9,d4,scale_1.0_rot_270_flip_1,0.2424418032169342,0.1943662166595459,0.5631919503211975
42,1,400 ppm 2 10,d4,scale_1.0_rot_270_flip_1,0.26459112763404846,0.3754299283027649,0.35997891426086426
42,1,800 ppm 4 7,d4,scale_1.0_rot_270_flip_1,0.4597160518169403,0.17567087709903717,0.36461302638053894
42,1,1000 ppm 2 7,d4,scale_1.0_rot_270_flip_1,0.29780781269073486,0.36950600147247314,0.3326862156391144
42,1,800 ppm 5 9,d4,scale_1.0_rot_270_flip_1,0.4529859721660614,0.2647160291671753,0.2822979986667633
42,1,600 ppm 3 6,d4,scale_1.0_rot_270_flip_1,0.4806009531021118,0.4019520878791809,0.11744695901870728
42,1,1000 ppm 1 5,d4,scale_1.0_rot_270_flip_1,0.48162367939949036,0.21619868278503418,0.30217766761779785
42,1,600 ppm 5 10,d4,scale_1.0_rot_270_flip_1,0.43462803959846497,0.3328648507595062,0.23250707983970642
42,1,600 ppm 2 5,d4,scale_1.0_rot_270_flip_1,0.18163450062274933,0.20706868171691895,0.6112967729568481
42,1,800 ppm 1 10,d4,scale_1.0_rot_270_flip_1,0.3132358491420746,0.2062951624393463,0.4804689884185791
42,1,1000 ppm 3 8,d4,scale_1.0_rot_270_flip_1,0.3594983220100403,0.2288476973772049,0.411653995513916
42,1,800 ppm 2 3,d4,scale_1.0_rot_270_flip_1,0.41361814737319946,0.20212164521217346,0.38426023721694946
42,1,1000 ppm 5 7,d4,scale_1.0_rot_270_flip_1,0.5317177176475525,0.19837553799152374,0.26990675926208496
42,1,400 ppm 1 3,d4,scale_1.0_rot_270_flip_1,0.4409869313240051,0.17656691372394562,0.38244616985321045
42,1,800 ppm 4 6,d4,scale_1.0_rot_270_flip_1,0.39956024289131165,0.3280142545700073,0.2724255323410034
42,1,600 ppm 5 4,d4,scale_1.0_rot_270_flip_1,0.5197030305862427,0.3011925518512726,0.17910441756248474
42,1,400 ppm 2 7,d4,scale_1.0_rot_270_flip_1,0.2848764955997467,0.3448806405067444,0.3702428340911865
42,1,1000 ppm 5 9,d4,scale_1.0_rot_270_flip_1,0.17161354422569275,0.20251405239105225,0.6258723735809326
42,1,400 ppm 5 8,d4,scale_1.0_rot_270_flip_1,0.29354798793792725,0.16670221090316772,0.539749801158905
42,1,c 4,d4,scale_1.0_rot_270_flip_1,0.6279189586639404,0.12449902296066284,0.24758203327655792
42,1,1000 ppm 1 8,d4,scale_1.0_rot_270_flip_1,0.445951908826828,0.25023534893989563,0.30381277203559875
42,1,c 3,d4,scale_1.0_rot_270_flip_1,0.6251346468925476,0.14201989769935608,0.2328454554080963
42,1,800 ppm 1 9,d4,scale_1.0_rot_270_flip_1,0.2349717766046524,0.3152313232421875,0.4497969150543213
42,1,1000 ppm 3 2,d4,scale_1.0_rot_270_flip_1,0.3653663396835327,0.2719457447528839,0.362687885761261
42,1,1000 ppm 5 4,d4,scale_1.0_rot_270_flip_1,0.3825371563434601,0.1488896906375885,0.46857312321662903
42,1,1000 ppm 3 5,d4,scale_1.0_rot_270_flip_1,0.3642260432243347,0.3569280207157135,0.278845876455307
42,1,800 ppm 1 4,d4,scale_1.0_rot_270_flip_1,0.31854379177093506,0.2583876848220825,0.4230685234069824
42,1,1000 ppm 1 7,d4,scale_1.0_rot_270_flip_1,0.4064749777317047,0.1481294482946396,0.4453955292701721
42,1,1000 ppm 3 4,d4,scale_1.0_rot_270_flip_1,0.5796190500259399,0.13614895939826965,0.2842319905757904
42,1,400 ppm 5 1,d4,scale_1.0_rot_270_flip_1,0.4900684356689453,0.32465100288391113,0.18528056144714355
42,1,1000 ppm 2 4,d4,scale_1.0_rot_270_flip_1,0.4357920289039612,0.22357423603534698,0.34063372015953064
42,2,800 ppm 4 4,single,scale_1.0_rot_0_flip_0,0.18499967455863953,0.672150731086731,0.1428496092557907
42,2,400 ppm 1 10,single,scale_1.0_rot_0_flip_0,0.4893946945667267,0.3495147228240967,0.16109052300453186
42,2,c 8,single,scale_1.0_rot_0_flip_0,0.9012857675552368,0.09331290423870087,0.005401291884481907
42,2,800 ppm 5 8,single,scale_1.0_rot_0_flip_0,0.11514749377965927,0.8675170540809631,0.017335470765829086
42,2,600 ppm 3 4,single,scale_1.0_rot_0_flip_0,0.2812438905239105,0.6865769028663635,0.03217925503849983
42,2,1000 ppm 2 10,single,scale_1.0_rot_0_flip_0,0.26779717206954956,0.635845959186554,0.09635688364505768
42,2,800 ppm 3 1,single,scale_1.0_rot_0_flip_0,0.4671616554260254,0.42759421467781067,0.10524414479732513
42,2,400 ppm 4 3,single,scale_1.0_rot_0_flip_0,0.5962821245193481,0.325522243976593,0.07819560170173645
42,2,600 ppm 1 2,single,scale_1.0_rot_0_flip_0,0.07471160590648651,0.8972164988517761,0.028071913868188858
42,2,400 ppm 3 7,single,scale_1.0_rot_0_flip_0,0.8614233136177063,0.09384239464998245,0.044734273105859756
42,2,600 ppm 2 10,single,scale_1.0_rot_0_flip_0,0.06699863076210022,0.2916305959224701,0.6413707137107849
42,2,800 ppm 5 5,single,scale_1.0_rot_0_flip_0,0.13347581028938293,0.5753968358039856,0.2911273241043091
42,2,400 ppm 5 2,single,scale_1.0_rot_0_flip_0,0.5061679482460022,0.48016348481178284,0.013668535277247429
42,2,800 ppm 1 2,single,scale_1.0_rot_0_flip_0,0.05634395778179169,0.5191650390625,0.4244910776615143
42,2,600 ppm 3 5,single,scale_1.0_rot_0_flip_0,0.20987747609615326,0.766405463218689,0.023717138916254044
42,2,800 ppm 2 5,single,scale_1.0_rot_0_flip_0,0.37144753336906433,0.6215238571166992,0.007028636522591114
42,2,1000 ppm 5 3,single,scale_1.0_rot_0_flip_0,0.45361849665641785,0.5077353715896606,0.03864609822630882
42,2,400 ppm 5 10,single,scale_1.0_rot_0_flip_0,0.14687347412109375,0.24468913674354553,0.6084374189376831
42,2,1000 ppm 2 5,single,scale_1.0_rot_0_flip_0,0.1689014434814453,0.7645782828330994,0.06652028113603592
42,2,400 ppm 2 4,single,scale_1.0_rot_0_flip_0,0.5492967367172241,0.35010796785354614,0.10059533268213272
42,2,600 ppm 4 6,single,scale_1.0_rot_0_flip_0,0.7269271016120911,0.24473664164543152,0.028336266055703163
42,2,c 6,single,scale_1.0_rot_0_flip_0,0.8964343667030334,0.08961713314056396,0.013948454521596432
42,2,800 ppm 1 7,single,scale_1.0_rot_0_flip_0,0.02983495593070984,0.9370637536048889,0.03310128301382065
42,2,1000 ppm 5 2,single,scale_1.0_rot_0_flip_0,0.2315061092376709,0.6768134236335754,0.09168041497468948
42,2,600 ppm 2 1,single,scale_1.0_rot_0_flip_0,0.05953091010451317,0.4398048222064972,0.5006642937660217
42,2,400 ppm 4 1,single,scale_1.0_rot_0_flip_0,0.5429093241691589,0.42653346061706543,0.03055720590054989
42,2,600 ppm 4 4,single,scale_1.0_rot_0_flip_0,0.17656998336315155,0.6358042359352112,0.18762579560279846
42,2,600 ppm 2 8,single,scale_1.0_rot_0_flip_0,0.207475483417511,0.7695311307907104,0.022993342950940132
42,2,400 ppm 1 6,single,scale_1.0_rot_0_flip_0,0.2585879862308502,0.7298057079315186,0.011606285348534584
42,2,1000 ppm 4 9,single,scale_1.0_rot_0_flip_0,0.05687745288014412,0.10459765046834946,0.8385248780250549
42,2,400 ppm 3 9,single,scale_1.0_rot_0_flip_0,0.4179385304450989,0.5480870604515076,0.03397442400455475
42,2,600 ppm 2 6,single,scale_1.0_rot_0_flip_0,0.021344829350709915,0.07888299971818924,0.8997721076011658
42,2,600 ppm 4 5,single,scale_1.0_rot_0_flip_0,0.08519776910543442,0.6619682908058167,0.25283387303352356
42,2,600 ppm 4 9,single,scale_1.0_rot_0_flip_0,0.36369219422340393,0.45081448554992676,0.18549329042434692
42,2,400 ppm 2 9,single,scale_1.0_rot_0_flip_0,0.6033123135566711,0.3735734820365906,0.023114215582609177
42,2,800 ppm 1 1,single,scale_1.0_rot_0_flip_0,0.2959152162075043,0.4241551160812378,0.27992963790893555
42,2,1000 ppm 4 5,single,scale_1.0_rot_0_flip_0,0.3717505931854248,0.46124085783958435,0.16700847446918488
42,2,1000 ppm 1 1,single,scale_1.0_rot_0_flip_0,0.26144272089004517,0.34771549701690674,0.3908418118953705
42,2,600 ppm 1 8,single,scale_1.0_rot_0_flip_0,0.777153491973877,0.19882553815841675,0.024021029472351074
42,2,600 ppm 5 7,single,scale_1.0_rot_0_flip_0,0.6083804965019226,0.3645514249801636,0.027068085968494415
42,2,1000 ppm 2 8,single,scale_1.0_rot_0_flip_0,0.011755676008760929,0.36822274327278137,0.6200215816497803
42,2,600 ppm 1 5,single,scale_1.0_rot_0_flip_0,0.19900350272655487,0.7810043096542358,0.019992174580693245
42,2,600 ppm 1 9,single,scale_1.0_rot_0_flip_0,0.19462387263774872,0.758996844291687,0.046379249542951584
42,2,600 ppm 2 2,single,scale_1.0_rot_0_flip_0,0.10632765293121338,0.4233936071395874,0.47027871012687683
42,2,600 ppm 5 2,single,scale_1.0_rot_0_flip_0,0.6527683138847351,0.24694427847862244,0.10028741508722305
42,2,800 ppm 4 9,single,scale_1.0_rot_0_flip_0,0.31477680802345276,0.611849308013916,0.07337387651205063
42,2,600 ppm 2 4,single,scale_1.0_rot_0_flip_0,0.1144455224275589,0.39420825242996216,0.49134618043899536
42,2,600 ppm 4 7,single,scale_1.0_rot_0_flip_0,0.4852214753627777,0.3882748782634735,0.12650363147258759
42,2,1000 ppm 5 8,single,scale_1.0_rot_0_flip_0,0.2974722981452942,0.5802096128463745,0.12231802940368652
42,2,600 ppm 5 3,single,scale_1.0_rot_0_flip_0,0.1742735505104065,0.5439543128013611,0.2817721366882324
42,2,1000 ppm 4 4,single,scale_1.0_rot_0_flip_0,0.19803071022033691,0.5628687739372253,0.23910053074359894
42,2,1000 ppm 4 7,single,scale_1.0_rot_0_flip_0,0.07510849833488464,0.34938880801200867,0.5755026936531067
42,2,800 ppm 4 4,d4,scale_1.0_rot_0_flip_0,0.18499967455863953,0.672150731086731,0.1428496092557907
42,2,400 ppm 1 10,d4,scale_1.0_rot_0_flip_0,0.4893946945667267,0.3495147228240967,0.16109052300453186
42,2,c 8,d4,scale_1.0_rot_0_flip_0,0.9012857675552368,0.09331290423870087,0.005401291884481907
42,2,800 ppm 5 8,d4,scale_1.0_rot_0_flip_0,0.11514749377965927,0.8675170540809631,0.017335470765829086
42,2,600 ppm 3 4,d4,scale_1.0_rot_0_flip_0,0.2812438905239105,0.6865769028663635,0.03217925503849983
42,2,1000 ppm 2 10,d4,scale_1.0_rot_0_flip_0,0.26779717206954956,0.635845959186554,0.09635688364505768
42,2,800 ppm 3 1,d4,scale_1.0_rot_0_flip_0,0.4671616554260254,0.42759421467781067,0.10524414479732513
42,2,400 ppm 4 3,d4,scale_1.0_rot_0_flip_0,0.5962821245193481,0.325522243976593,0.07819560170173645
42,2,600 ppm 1 2,d4,scale_1.0_rot_0_flip_0,0.07471160590648651,0.8972164988517761,0.028071913868188858
42,2,400 ppm 3 7,d4,scale_1.0_rot_0_flip_0,0.8614233136177063,0.09384239464998245,0.044734273105859756
42,2,600 ppm 2 10,d4,scale_1.0_rot_0_flip_0,0.06699863076210022,0.2916305959224701,0.6413707137107849
42,2,800 ppm 5 5,d4,scale_1.0_rot_0_flip_0,0.13347581028938293,0.5753968358039856,0.2911273241043091
42,2,400 ppm 5 2,d4,scale_1.0_rot_0_flip_0,0.5061679482460022,0.48016348481178284,0.013668535277247429
42,2,800 ppm 1 2,d4,scale_1.0_rot_0_flip_0,0.05634395778179169,0.5191650390625,0.4244910776615143
42,2,600 ppm 3 5,d4,scale_1.0_rot_0_flip_0,0.20987747609615326,0.766405463218689,0.023717138916254044
42,2,800 ppm 2 5,d4,scale_1.0_rot_0_flip_0,0.37144753336906433,0.6215238571166992,0.007028636522591114
42,2,1000 ppm 5 3,d4,scale_1.0_rot_0_flip_0,0.45361849665641785,0.5077353715896606,0.03864609822630882
42,2,400 ppm 5 10,d4,scale_1.0_rot_0_flip_0,0.14687347412109375,0.24468913674354553,0.6084374189376831
42,2,1000 ppm 2 5,d4,scale_1.0_rot_0_flip_0,0.1689014434814453,0.7645782828330994,0.06652028113603592
42,2,400 ppm 2 4,d4,scale_1.0_rot_0_flip_0,0.5492967367172241,0.35010796785354614,0.10059533268213272
42,2,600 ppm 4 6,d4,scale_1.0_rot_0_flip_0,0.7269271016120911,0.24473664164543152,0.028336266055703163
42,2,c 6,d4,scale_1.0_rot_0_flip_0,0.8964343667030334,0.08961713314056396,0.013948454521596432
42,2,800 ppm 1 7,d4,scale_1.0_rot_0_flip_0,0.02983495593070984,0.9370637536048889,0.03310128301382065
42,2,1000 ppm 5 2,d4,scale_1.0_rot_0_flip_0,0.2315061092376709,0.6768134236335754,0.09168041497468948
42,2,600 ppm 2 1,d4,scale_1.0_rot_0_flip_0,0.05953091010451317,0.4398048222064972,0.5006642937660217
42,2,400 ppm 4 1,d4,scale_1.0_rot_0_flip_0,0.5429093241691589,0.42653346061706543,0.03055720590054989
42,2,600 ppm 4 4,d4,scale_1.0_rot_0_flip_0,0.17656998336315155,0.6358042359352112,0.18762579560279846
42,2,600 ppm 2 8,d4,scale_1.0_rot_0_flip_0,0.207475483417511,0.7695311307907104,0.022993342950940132
42,2,400 ppm 1 6,d4,scale_1.0_rot_0_flip_0,0.2585879862308502,0.7298057079315186,0.011606285348534584
42,2,1000 ppm 4 9,d4,scale_1.0_rot_0_flip_0,0.05687745288014412,0.10459765046834946,0.8385248780250549
42,2,400 ppm 3 9,d4,scale_1.0_rot_0_flip_0,0.4179385304450989,0.5480870604515076,0.03397442400455475
42,2,600 ppm 2 6,d4,scale_1.0_rot_0_flip_0,0.021344829350709915,0.07888299971818924,0.8997721076011658
42,2,600 ppm 4 5,d4,scale_1.0_rot_0_flip_0,0.08519776910543442,0.6619682908058167,0.25283387303352356
42,2,600 ppm 4 9,d4,scale_1.0_rot_0_flip_0,0.36369219422340393,0.45081448554992676,0.18549329042434692
42,2,400 ppm 2 9,d4,scale_1.0_rot_0_flip_0,0.6033123135566711,0.3735734820365906,0.023114215582609177
42,2,800 ppm 1 1,d4,scale_1.0_rot_0_flip_0,0.2959152162075043,0.4241551160812378,0.27992963790893555
42,2,1000 ppm 4 5,d4,scale_1.0_rot_0_flip_0,0.3717505931854248,0.46124085783958435,0.16700847446918488
42,2,1000 ppm 1 1,d4,scale_1.0_rot_0_flip_0,0.26144272089004517,0.34771549701690674,0.3908418118953705
42,2,600 ppm 1 8,d4,scale_1.0_rot_0_flip_0,0.777153491973877,0.19882553815841675,0.024021029472351074
42,2,600 ppm 5 7,d4,scale_1.0_rot_0_flip_0,0.6083804965019226,0.3645514249801636,0.027068085968494415
42,2,1000 ppm 2 8,d4,scale_1.0_rot_0_flip_0,0.011755676008760929,0.36822274327278137,0.6200215816497803
42,2,600 ppm 1 5,d4,scale_1.0_rot_0_flip_0,0.19900350272655487,0.7810043096542358,0.019992174580693245
42,2,600 ppm 1 9,d4,scale_1.0_rot_0_flip_0,0.19462387263774872,0.758996844291687,0.046379249542951584
42,2,600 ppm 2 2,d4,scale_1.0_rot_0_flip_0,0.10632765293121338,0.4233936071395874,0.47027871012687683
42,2,600 ppm 5 2,d4,scale_1.0_rot_0_flip_0,0.6527683138847351,0.24694427847862244,0.10028741508722305
42,2,800 ppm 4 9,d4,scale_1.0_rot_0_flip_0,0.31477680802345276,0.611849308013916,0.07337387651205063
42,2,600 ppm 2 4,d4,scale_1.0_rot_0_flip_0,0.1144455224275589,0.39420825242996216,0.49134618043899536
42,2,600 ppm 4 7,d4,scale_1.0_rot_0_flip_0,0.4852214753627777,0.3882748782634735,0.12650363147258759
42,2,1000 ppm 5 8,d4,scale_1.0_rot_0_flip_0,0.2974722981452942,0.5802096128463745,0.12231802940368652
42,2,600 ppm 5 3,d4,scale_1.0_rot_0_flip_0,0.1742735505104065,0.5439543128013611,0.2817721366882324
42,2,1000 ppm 4 4,d4,scale_1.0_rot_0_flip_0,0.19803071022033691,0.5628687739372253,0.23910053074359894
42,2,1000 ppm 4 7,d4,scale_1.0_rot_0_flip_0,0.07510849833488464,0.34938880801200867,0.5755026936531067
42,2,800 ppm 4 4,d4,scale_1.0_rot_0_flip_1,0.2628011703491211,0.6284629106521606,0.10873591899871826
42,2,400 ppm 1 10,d4,scale_1.0_rot_0_flip_1,0.5423287153244019,0.2801409363746643,0.17753031849861145
42,2,c 8,d4,scale_1.0_rot_0_flip_1,0.8977344036102295,0.09627747535705566,0.005988080985844135
42,2,800 ppm 5 8,d4,scale_1.0_rot_0_flip_1,0.09665513038635254,0.8854937553405762,0.017851104959845543
42,2,600 ppm 3 4,d4,scale_1.0_rot_0_flip_1,0.2827826738357544,0.6844018697738647,0.03281551972031593
42,2,1000 ppm 2 10,d4,scale_1.0_rot_0_flip_1,0.31701695919036865,0.5820606350898743,0.10092238336801529
42,2,800 ppm 3 1,d4,scale_1.0_rot_0_flip_1,0.5056085586547852,0.3935307264328003,0.10086075216531754
42,2,400 ppm 4 3,d4,scale_1.0_rot_0_flip_1,0.5652658343315125,0.3553832769393921,0.07935095578432083
42,2,600 ppm 1 2,d4,scale_1.0_rot_0_flip_1,0.053764473646879196,0.9077940583229065,0.038441505283117294
42,2,400 ppm 3 7,d4,scale_1.0_rot_0_flip_1,0.8403095006942749,0.11118350178003311,0.04850699380040169
42,2,600 ppm 2 10,d4,scale_1.0_rot_0_flip_1,0.0876842513680458,0.2577188014984131,0.6545968651771545
42,2,800 ppm 5 5,d4,scale_1.0_rot_0_flip_1,0.12886923551559448,0.6106945872306824,0.26043617725372314
42,2,400 ppm 5 2,d4,scale_1.0_rot_0_flip_1,0.4921919107437134,0.48962488770484924,0.0181831493973732
42,2,800 ppm 1 2,d4,scale_1.0_rot_0_flip_1,0.08431044220924377,0.4506992995738983,0.4649903476238251
42,2,600 ppm 3 5,d4,scale_1.0_rot_0_flip_1,0.26406705379486084,0.7115644216537476,0.024368559941649437
42,2,800 ppm 2 5,d4,scale_1.0_rot_0_flip_1,0.3299177587032318,0.6642491817474365,0.005833046976476908
42,2,1000 ppm 5 3,d4,scale_1.0_rot_0_flip_1,0.35978731513023376,0.6007139682769775,0.039498746395111084
42,2,400 ppm 5 10,d4,scale_1.0_rot_0_flip_1,0.09097788482904434,0.20241212844848633,0.7066099643707275
42,2,1000 ppm 2 5,d4,scale_1.0_rot_0_flip_1,0.240091934800148,0.7144692540168762,0.045438751578330994
42,2,400 ppm 2 4,d4,scale_1.0_rot_0_flip_1,0.644370436668396,0.27546122670173645,0.08016826957464218
42,2,600 ppm 4 6,d4,scale_1.0_rot_0_flip_1,0.7857634425163269,0.19448652863502502,0.019750041887164116
42,2,c 6,d4,scale_1.0_rot_0_flip_1,0.8834571242332458,0.10097523033618927,0.015567679889500141
42,2,800 ppm 1 7,d4,scale_1.0_rot_0_flip_1,0.02902643382549286,0.924323558807373,0.046650003641843796
42,2,1000 ppm 5 2,d4,scale_1.0_rot_0_flip_1,0.21886947751045227,0.7036954760551453,0.07743503898382187
42,2,600 ppm 2 1,d4,scale_1.0_rot_0_flip_1,0.07856830954551697,0.46668505668640137,0.45474669337272644
42,2,400 ppm 4 1,d4,scale_1.0_rot_0_flip_1,0.40140026807785034,0.5481666922569275,0.05043300613760948
42,2,600 ppm 4 4,d4,scale_1.0_rot_0_flip_1,0.23701947927474976,0.5944798588752747,0.168500617146492
42,2,600 ppm 2 8,d4,scale_1.0_rot_0_flip_1,0.25149673223495483,0.7248754501342773,0.02362784557044506
42,2,400 ppm 1 6,d4,scale_1.0_rot_0_flip_1,0.2924269735813141,0.6901995539665222,0.017373478040099144
42,2,1000 ppm 4 9,d4,scale_1.0_rot_0_flip_1,0.027778582647442818,0.09335500001907349,0.87886643409729
42,2,400 ppm 3 9,d4,scale_1.0_rot_0_flip_1,0.40819472074508667,0.5390612483024597,0.052744060754776
42,2,600 ppm 2 6,d4,scale_1.0_rot_0_flip_1,0.0251493938267231,0.09240634739398956,0.8824442625045776
42,2,600 ppm 4 5,d4,scale_1.0_rot_0_flip_1,0.06701931357383728,0.7543905973434448,0.1785900741815567
42,2,600 ppm 4 9,d4,scale_1.0_rot_0_flip_1,0.2741008400917053,0.4866446256637573,0.23925447463989258
42,2,400 ppm 2 9,d4,scale_1.0_rot_0_flip_1,0.49550461769104004,0.48013776540756226,0.024357574060559273
42,2,800 ppm 1 1,d4,scale_1.0_rot_0_flip_1,0.31751370429992676,0.5268131494522095,0.15567314624786377
42,2,1000 ppm 4 5,d4,scale_1.0_rot_0_flip_1,0.40124309062957764,0.5014035105705261,0.09735338389873505
42,2,1000 ppm 1 1,d4,scale_1.0_rot_0_flip_1,0.26643115282058716,0.4147571921348572,0.3188115954399109
42,2,600 ppm 1 8,d4,scale_1.0_rot_0_flip_1,0.6936956644058228,0.2753550708293915,0.030949268490076065
42,2,600 ppm 5 7,d4,scale_1.0_rot_0_flip_1,0.6420425772666931,0.32665008306503296,0.031307365745306015
42,2,1000 ppm 2 8,d4,scale_1.0_rot_0_flip_1,0.009290287271142006,0.29129698872566223,0.6994126439094543
42,2,600 ppm 1 5,d4,scale_1.0_rot_0_flip_1,0.20139560103416443,0.7753490209579468,0.023255424574017525
42,2,600 ppm 1 9,d4,scale_1.0_rot_0_flip_1,0.14212889969348907,0.8294187784194946,0.028452351689338684
42,2,600 ppm 2 2,d4,scale_1.0_rot_0_flip_1,0.1282244622707367,0.3611612319946289,0.510614275932312
42,2,600 ppm 5 2,d4,scale_1.0_rot_0_flip_1,0.6518582701683044,0.23772014677524567,0.11042158305644989
42,2,800 ppm 4 9,d4,scale_1.0_rot_0_flip_1,0.30548226833343506,0.6250068545341492,0.06951087713241577
42,2,600 ppm 2 4,d4,scale_1.0_rot_0_flip_1,0.0953172817826271,0.34408098459243774,0.5606017112731934
42,2,600 ppm 4 7,d4,scale_1.0_rot_0_flip_1,0.4862555265426636,0.3416754901409149,0.17206893861293793
42,2,1000 ppm 5 8,d4,scale_1.0_rot_0_flip_1,0.15259844064712524,0.6670632362365723,0.18033838272094727
42,2,600 ppm 5 3,d4,scale_1.0_rot_0_flip_1,0.23075804114341736,0.6213027834892273,0.14793919026851654
42,2,1000 ppm 4 4,d4,scale_1.0_rot_0_flip_1,0.24534396827220917,0.4440687894821167,0.3105872571468353
42,2,1000 ppm 4 7,d4,scale_1.0_rot_0_flip_1,0.05218815058469772,0.22696201503276825,0.720849871635437
42,2,800 ppm 4 4,d4,scale_1.0_rot_90_flip_0,0.06056372821331024,0.46023935079574585,0.4791968762874603
42,2,400 ppm 1 10,d4,scale_1.0_rot_90_flip_0,0.5098350048065186,0.15565958619117737,0.33450543880462646
42,2,c 8,d4,scale_1.0_rot_90_flip_0,0.8040544986724854,0.15436513721942902,0.04158034175634384
42,2,800 ppm 5 8,d4,scale_1.0_rot_90_flip_0,0.04174574092030525,0.8258783221244812,0.13237597048282623
42,2,600 ppm 3 4,d4,scale_1.0_rot_90_flip_0,0.18855030834674835,0.5528198480606079,0.25862985849380493
42,2,1000 ppm 2 10,d4,scale_1.0_rot_90_flip_0,0.16405251622200012,0.3184983730316162,0.5174490809440613
42,2,800 ppm 3 1,d4,scale_1.0_rot_90_flip_0,0.2613093852996826,0.2026091367006302,0.5360814332962036
42,2,400 ppm 4 3,d4,scale_1.0_rot_90_flip_0,0.5036486387252808,0.2834733724594116,0.21287798881530762
42,2,600 ppm 1 2,d4,scale_1.0_rot_90_flip_0,0.10195155441761017,0.6942026019096375,0.20384584367275238
42,2,400 ppm 3 7,d4,scale_1.0_rot_90_flip_0,0.7225990295410156,0.09373397380113602,0.18366701900959015
42,2,600 ppm 2 10,d4,scale_1.0_rot_90_flip_0,0.10925234109163284,0.17577941715717316,0.7149682641029358
42,2,800 ppm 5 5,d4,scale_1.0_rot_90_flip_0,0.07523084431886673,0.5991710424423218,0.3255981206893921
42,2,400 ppm 5 2,d4,scale_1.0_rot_90_flip_0,0.36443689465522766,0.5398859977722168,0.09567711502313614
42,2,800 ppm 1 2,d4,scale_1.0_rot_90_flip_0,0.07189676910638809,0.42096778750419617,0.5071354508399963
42,2,600 ppm 3 5,d4,scale_1.0_rot_90_flip_0,0.29503846168518066,0.6072160005569458,0.09774552285671234
42,2,800 ppm 2 5,d4,scale_1.0_rot_90_flip_0,0.3960511088371277,0.5334174633026123,0.07053148001432419
42,2,1000 ppm 5 3,d4,scale_1.0_rot_90_flip_0,0.29391127824783325,0.6226195096969604,0.08346918225288391
42,2,400 ppm 5 10,d4,scale_1.0_rot_90_flip_0,0.043821342289447784,0.03433695062994957,0.9218416810035706
42,2,1000 ppm 2 5,d4,scale_1.0_rot_90_flip_0,0.08571451902389526,0.6379605531692505,0.27632492780685425
42,2,400 ppm 2 4,d4,scale_1.0_rot_90_flip_0,0.4951387941837311,0.27957814931869507,0.22528310120105743
42,2,600 ppm 4 6,d4,scale_1.0_rot_90_flip_0,0.5638254284858704,0.26767703890800476,0.16849754750728607
42,2,c 6,d4,scale_1.0_rot_90_flip_0,0.6507788300514221,0.2537640631198883,0.09545709937810898
42,2,800 ppm 1 7,d4,scale_1.0_rot_90_flip_0,0.02448073774576187,0.8446225523948669,0.1308966875076294
42,2,1000 ppm 5 2,d4,scale_1.0_rot_90_flip_0,0.21534068882465363,0.5545030236244202,0.23015627264976501
42,2,600 ppm 2 1,d4,scale_1.0_rot_90_flip_0,0.052123259752988815,0.2241276204586029,0.7237491607666016
42,2,400 ppm 4 1,d4,scale_1.0_rot_90_flip_0,0.438306987285614,0.4541844129562378,0.10750854015350342
42,2,600 ppm 4 4,d4,scale_1.0_rot_90_flip_0,0.19490841031074524,0.4447989761829376,0.36029258370399475
42,2,600 ppm 2 8,d4,scale_1.0_rot_90_flip_0,0.17757590115070343,0.6989604830741882,0.12346362322568893
42,2,400 ppm 1 6,d4,scale_1.0_rot_90_flip_0,0.29202213883399963,0.49437230825424194,0.21360550820827484
42,2,1000 ppm 4 9,d4,scale_1.0_rot_90_flip_0,0.17907799780368805,0.5734824538230896,0.24743951857089996
42,2,400 ppm 3 9,d4,scale_1.0_rot_90_flip_0,0.2526113986968994,0.5348132252693176,0.21257536113262177
42,2,600 ppm 2 6,d4,scale_1.0_rot_90_flip_0,0.07766109704971313,0.12950892746448517,0.7928299903869629
42,2,600 ppm 4 5,d4,scale_1.0_rot_90_flip_0,0.02717309072613716,0.4356546103954315,0.5371723175048828
42,2,600 ppm 4 9,d4,scale_1.0_rot_90_flip_0,0.10911885648965836,0.38405388593673706,0.5068272352218628
42,2,400 ppm 2 9,d4,scale_1.0_rot_90_flip_0,0.5998154878616333,0.2044561505317688,0.1957283914089203
42,2,800 ppm 1 1,d4,scale_1.0_rot_90_flip_0,0.11095596849918365,0.496662974357605,0.39238104224205017
42,2,1000 ppm 4 5,d4,scale_1.0_rot_90_flip_0,0.19129815697669983,0.3486003279685974,0.46010154485702515
42,2,1000 ppm 1 1,d4,scale_1.0_rot_90_flip_0,0.1424548327922821,0.40771836042404175,0.44982680678367615
42,2,600 ppm 1 8,d4,scale_1.0_rot_90_flip_0,0.5775492787361145,0.27826035022735596,0.14419037103652954
42,2,600 ppm 5 7,d4,scale_1.0_rot_90_flip_0,0.5825468301773071,0.30486494302749634,0.11258824169635773
42,2,1000 ppm 2 8,d4,scale_1.0_rot_90_flip_0,0.01793845370411873,0.6715834736824036,0.3104781210422516
42,2,600 ppm 1 5,d4,scale_1.0_rot_90_flip_0,0.37802863121032715,0.5012247562408447,0.12074655294418335
42,2,600 ppm 1 9,d4,scale_1.0_rot_90_flip_0,0.14964789152145386,0.6373558044433594,0.21299634873867035
42,2,600 ppm 2 2,d4,scale_1.0_rot_90_flip_0,0.04059554636478424,0.2651558220386505,0.6942486763000488
42,2,600 ppm 5 2,d4,scale_1.0_rot_90_flip_0,0.2588893175125122,0.1957697868347168,0.5453408360481262
42,2,800 ppm 4 9,d4,scale_1.0_rot_90_flip_0,0.24479839205741882,0.5008674263954163,0.2543341815471649
42,2,600 ppm 2 4,d4,scale_1.0_rot_90_flip_0,0.03145468235015869,0.11497648060321808,0.8535687923431396
42,2,600 ppm 4 7,d4,scale_1.0_rot_90_flip_0,0.19018986821174622,0.15796415507793427,0.6518459916114807
42,2,1000 ppm 5 8,d4,scale_1.0_rot_90_flip_0,0.07460399717092514,0.18043912947177887,0.744956910610199
42,2,600 ppm 5 3,d4,scale_1.0_rot_90_flip_0,0.0961809828877449,0.3448745310306549,0.5589444637298584
42,2,1000 ppm 4 4,d4,scale_1.0_rot_90_flip_0,0.07818777859210968,0.14115075767040253,0.7806614637374878
42,2,1000 ppm 4 7,d4,scale_1.0_rot_90_flip_0,0.03547853231430054,0.16793324053287506,0.7965882420539856
42,2,800 ppm 4 4,d4,scale_1.0_rot_90_flip_1,0.10148248821496964,0.442512184381485,0.4560053050518036
42,2,400 ppm 1 10,d4,scale_1.0_rot_90_flip_1,0.5044780969619751,0.17865152657032013,0.3168703317642212
42,2,c 8,d4,scale_1.0_rot_90_flip_1,0.7694266438484192,0.18309453129768372,0.0474788174033165
42,2,800 ppm 5 8,d4,scale_1.0_rot_90_flip_1,0.03410263732075691,0.7868582010269165,0.1790391504764557
42,2,600 ppm 3 4,d4,scale_1.0_rot_90_flip_1,0.2504141628742218,0.5144810676574707,0.23510470986366272
42,2,1000 ppm 2 10,d4,scale_1.0_rot_90_flip_1,0.14703206717967987,0.3470757007598877,0.5058922171592712
42,2,800 ppm 3 1,d4,scale_1.0_rot_90_flip_1,0.32422417402267456,0.19960784912109375,0.4761680066585541
42,2,400 ppm 4 3,d4,scale_1.0_rot_90_flip_1,0.6019536852836609,0.19460877776145935,0.20343759655952454
42,2,600 ppm 1 2,d4,scale_1.0_rot_90_flip_1,0.09216199815273285,0.6586078405380249,0.24923016130924225
42,2,400 ppm 3 7,d4,scale_1.0_rot_90_flip_1,0.7284092903137207,0.10468456894159317,0.16690611839294434
42,2,600 ppm 2 10,d4,scale_1.0_rot_90_flip_1,0.07254325598478317,0.15003709495067596,0.7774196267127991
42,2,800 ppm 5 5,d4,scale_1.0_rot_90_flip_1,0.10900868475437164,0.5924508571624756,0.29854050278663635
42,2,400 ppm 5 2,d4,scale_1.0_rot_90_flip_1,0.41180023550987244,0.4976400136947632,0.09055972844362259
42,2,800 ppm 1 2,d4,scale_1.0_rot_90_flip_1,0.08224774152040482,0.43839436769485474,0.47935783863067627
42,2,600 ppm 3 5,d4,scale_1.0_rot_90_flip_1,0.27151039242744446,0.6039870381355286,0.12450259178876877
42,2,800 ppm 2 5,d4,scale_1.0_rot_90_flip_1,0.2906225919723511,0.6348830461502075,0.07449439913034439
42,2,1000 ppm 5 3,d4,scale_1.0_rot_90_flip_1,0.4617994725704193,0.3752230107784271,0.16297754645347595
42,2,400 ppm 5 10,d4,scale_1.0_rot_90_flip_1,0.04458906501531601,0.042663633823394775,0.912747323513031
42,2,1000 ppm 2 5,d4,scale_1.0_rot_90_flip_1,0.10305756330490112,0.6525865793228149,0.24435588717460632
42,2,400 ppm 2 4,d4,scale_1.0_rot_90_flip_1,0.48342180252075195,0.18718622624874115,0.32939186692237854
42,2,600 ppm 4 6,d4,scale_1.0_rot_90_flip_1,0.7004125714302063,0.19258621335029602,0.10700120776891708
42,2,c 6,d4,scale_1.0_rot_90_flip_1,0.6358392834663391,0.2522549629211426,0.1119057685136795
42,2,800 ppm 1 7,d4,scale_1.0_rot_90_flip_1,0.028130730614066124,0.8721407055854797,0.09972850233316422
42,2,1000 ppm 5 2,d4,scale_1.0_rot_90_flip_1,0.21208712458610535,0.5321637988090515,0.25574907660484314
42,2,600 ppm 2 1,d4,scale_1.0_rot_90_flip_1,0.05716611444950104,0.2558518946170807,0.6869819760322571
42,2,400 ppm 4 1,d4,scale_1.0_rot_90_flip_1,0.30554890632629395,0.5636497139930725,0.13080139458179474
42,2,600 ppm 4 4,d4,scale_1.0_rot_90_flip_1,0.14267238974571228,0.5245280265808105,0.33279961347579956
42,2,600 ppm 2 8,d4,scale_1.0_rot_90_flip_1,0.1509062647819519,0.6675890684127808,0.18150459229946136
42,2,400 ppm 1 6,d4,scale_1.0_rot_90_flip_1,0.23035986721515656,0.5719239115715027,0.19771626591682434
42,2,1000 ppm 4 9,d4,scale_1.0_rot_90_flip_1,0.15947863459587097,0.49364179372787476,0.3468795418739319
42,2,400 ppm 3 9,d4,scale_1.0_rot_90_flip_1,0.3983379900455475,0.3675324320793152,0.23412956297397614
42,2,600 ppm 2 6,d4,scale_1.0_rot_90_flip_1,0.1203458160161972,0.13348740339279175,0.7461667656898499
42,2,600 ppm 4 5,d4,scale_1.0_rot_90_flip_1,0.028604578226804733,0.31594106554985046,0.6554543375968933
42,2,600 ppm 4 9,d4,scale_1.0_rot_90_flip_1,0.1459757536649704,0.32687246799468994,0.5271517634391785
42,2,400 ppm 2 9,d4,scale_1.0_rot_90_flip_1,0.6134287118911743,0.21796078979969025,0.1686105579137802
42,2,800 ppm 1 1,d4,scale_1.0_rot_90_flip_1,0.14692215621471405,0.5473574995994568,0.30572032928466797
42,2,1000 ppm 4 5,d4,scale_1.0_rot_90_flip_1,0.2361377775669098,0.4507746994495392,0.313087522983551
42,2,1000 ppm 1 1,d4,scale_1.0_rot_90_flip_1,0.17605577409267426,0.3418882489204407,0.4820559322834015
42,2,600 ppm 1 8,d4,scale_1.0_rot_90_flip_1,0.48373839259147644,0.3381238281726837,0.17813782393932343
42,2,600 ppm 5 7,d4,scale_1.0_rot_90_flip_1,0.5707905888557434,0.28626036643981934,0.14294907450675964
42,2,1000 ppm 2 8,d4,scale_1.0_rot_90_flip_1,0.013253401964902878,0.6765071153640747,0.3102394640445709
42,2,600 ppm 1 5,d4,scale_1.0_rot_90_flip_1,0.3122844099998474,0.5578356981277466,0.129879891872406
42,2,600 ppm 1 9,d4,scale_1.0_rot_90_flip_1,0.12328741699457169,0.6277689933776855,0.24894358217716217
42,2,600 ppm 2 2,d4,scale_1.0_rot_90_flip_1,0.02701702155172825,0.21999743580818176,0.7529855966567993
42,2,600 ppm 5 2,d4,scale_1.0_rot_90_flip_1,0.17307427525520325,0.19365309178829193,0.633272647857666
42,2,800 ppm 4 9,d4,scale_1.0_rot_90_flip_1,0.1941738724708557,0.569441556930542,0.2363845556974411
42,2,600 ppm 2 4,d4,scale_1.0_rot_90_flip_1,0.03526872396469116,0.1077258288860321,0.8570054769515991
42,2,600 ppm 4 7,d4,scale_1.0_rot_90_flip_1,0.19130167365074158,0.20545467734336853,0.6032435894012451
42,2,1000 ppm 5 8,d4,scale_1.0_rot_90_flip_1,0.08490296453237534,0.22890889644622803,0.6861881017684937
42,2,600 ppm 5 3,d4,scale_1.0_rot_90_flip_1,0.15624479949474335,0.32916343212127686,0.5145917534828186
42,2,1000 ppm 4 4,d4,scale_1.0_rot_90_flip_1,0.08126995712518692,0.10709536820650101,0.8116346001625061
42,2,1000 ppm 4 7,d4,scale_1.0_rot_90_flip_1,0.03954494744539261,0.1684366762638092,0.7920182943344116
42,2,800 ppm 4 4,d4,scale_1.0_rot_180_flip_0,0.14884842932224274,0.44138211011886597,0.4097694754600525
42,2,400 ppm 1 10,d4,scale_1.0_rot_180_flip_0,0.4890970289707184,0.26581963896751404,0.24508334696292877
42,2,c 8,d4,scale_1.0_rot_180_flip_0,0.9046145081520081,0.06974665075540543,0.025638846680521965
42,2,800 ppm 5 8,d4,scale_1.0_rot_180_flip_0,0.11477930098772049,0.7688398361206055,0.11638084053993225
42,2,600 ppm 3 4,d4,scale_1.0_rot_180_flip_0,0.2560325562953949,0.6048072576522827,0.1391601413488388
42,2,1000 ppm 2 10,d4,scale_1.0_rot_180_flip_0,0.37686946988105774,0.3295555114746094,0.2935750484466553
42,2,800 ppm 3 1,d4,scale_1.0_rot_180_flip_0,0.4259432554244995,0.29982784390449524,0.27422893047332764
42,2,400 ppm 4 3,d4,scale_1.0_rot_180_flip_0,0.333632230758667,0.5273127555847168,0.1390550285577774
42,2,600 ppm 1 2,d4,scale_1.0_rot_180_flip_0,0.058860234916210175,0.8254792094230652,0.11566054821014404
42,2,400 ppm 3 7,d4,scale_1.0_rot_180_flip_0,0.7830023765563965,0.13758552074432373,0.07941212505102158
42,2,600 ppm 2 10,d4,scale_1.0_rot_180_flip_0,0.31755515933036804,0.3125997483730316,0.36984506249427795
42,2,800 ppm 5 5,d4,scale_1.0_rot_180_flip_0,0.038210317492485046,0.17624087631702423,0.7855488061904907
42,2,400 ppm 5 2,d4,scale_1.0_rot_180_flip_0,0.4272916316986084,0.46242839097976685,0.11028005927801132
42,2,800 ppm 1 2,d4,scale_1.0_rot_180_flip_0,0.06861606240272522,0.36614087224006653,0.5652430653572083
42,2,600 ppm 3 5,d4,scale_1.0_rot_180_flip_0,0.2762305438518524,0.6664009094238281,0.05736853554844856
42,2,800 ppm 2 5,d4,scale_1.0_rot_180_flip_0,0.4897696375846863,0.45947685837745667,0.05075348541140556
42,2,1000 ppm 5 3,d4,scale_1.0_rot_180_flip_0,0.3970143795013428,0.4674520194530487,0.13553352653980255
42,2,400 ppm 5 10,d4,scale_1.0_rot_180_flip_0,0.12555384635925293,0.23946727812290192,0.6349788904190063
42,2,1000 ppm 2 5,d4,scale_1.0_rot_180_flip_0,0.18594864010810852,0.7388175129890442,0.07523389160633087
42,2,400 ppm 2 4,d4,scale_1.0_rot_180_flip_0,0.5945233106613159,0.18574267625808716,0.21973402798175812
42,2,600 ppm 4 6,d4,scale_1.0_rot_180_flip_0,0.4980703890323639,0.3042982518672943,0.19763131439685822
42,2,c 6,d4,scale_1.0_rot_180_flip_0,0.8560948371887207,0.08607353270053864,0.057831596583127975
42,2,800 ppm 1 7,d4,scale_1.0_rot_180_flip_0,0.05611291527748108,0.5968869924545288,0.3470000922679901
42,2,1000 ppm 5 2,d4,scale_1.0_rot_180_flip_0,0.08797100931406021,0.7517960667610168,0.16023296117782593
42,2,600 ppm 2 1,d4,scale_1.0_rot_180_flip_0,0.028695963323116302,0.22976192831993103,0.7415421009063721
42,2,400 ppm 4 1,d4,scale_1.0_rot_180_flip_0,0.3817988634109497,0.48772314190864563,0.13047797977924347
42,2,600 ppm 4 4,d4,scale_1.0_rot_180_flip_0,0.16302819550037384,0.6275685429573059,0.20940327644348145
42,2,600 ppm 2 8,d4,scale_1.0_rot_180_flip_0,0.41075071692466736,0.5304318070411682,0.05881747603416443
42,2,400 ppm 1 6,d4,scale_1.0_rot_180_flip_0,0.24791653454303741,0.646701455116272,0.1053820252418518
42,2,1000 ppm 4 9,d4,scale_1.0_rot_180_flip_0,0.024887429550290108,0.12454310804605484,0.850569486618042
42,2,400 ppm 3 9,d4,scale_1.0_rot_180_flip_0,0.3690803349018097,0.48626139760017395,0.14465822279453278
42,2,600 ppm 2 6,d4,scale_1.0_rot_180_flip_0,0.03766440972685814,0.13013973832130432,0.8321958184242249
42,2,600 ppm 4 5,d4,scale_1.0_rot_180_flip_0,0.02810298465192318,0.3571609556674957,0.614736020565033
42,2,600 ppm 4 9,d4,scale_1.0_rot_180_flip_0,0.19923244416713715,0.4567759335041046,0.3439916670322418
42,2,400 ppm 2 9,d4,scale_1.0_rot_180_flip_0,0.4909599721431732,0.3204007148742676,0.1886393129825592
42,2,800 ppm 1 1,d4,scale_1.0_rot_180_flip_0,0.2252880334854126,0.5896914005279541,0.1850205510854721
42,2,1000 ppm 4 5,d4,scale_1.0_rot_180_flip_0,0.2444564700126648,0.35463759303092957,0.40090590715408325
42,2,1000 ppm 1 1,d4,scale_1.0_rot_180_flip_0,0.11086711287498474,0.30940669775009155,0.5797260999679565
42,2,600 ppm 1 8,d4,scale_1.0_rot_180_flip_0,0.6467267870903015,0.26303964853286743,0.09023353457450867
42,2,600 ppm 5 7,d4,scale_1.0_rot_180_flip_0,0.5250523686408997,0.39035287499427795,0.0845947414636612
42,2,1000 ppm 2 8,d4,scale_1.0_rot_180_flip_0,0.007391216233372688,0.31920140981674194,0.6734074354171753
42,2,600 ppm 1 5,d4,scale_1.0_rot_180_flip_0,0.38250744342803955,0.5722641944885254,0.04522837698459625
42,2,600 ppm 1 9,d4,scale_1.0_rot_180_flip_0,0.16487206518650055,0.6876470446586609,0.14748091995716095
42,2,600 ppm 2 2,d4,scale_1.0_rot_180_flip_0,0.07429112493991852,0.25237300992012024,0.6733358502388
42,2,600 ppm 5 2,d4,scale_1.0_rot_180_flip_0,0.48785045742988586,0.18970884382724762,0.3224407136440277
42,2,800 ppm 4 9,d4,scale_1.0_rot_180_flip_0,0.23552259802818298,0.6323080062866211,0.13216939568519592
42,2,600 ppm 2 4,d4,scale_1.0_rot_180_flip_0,0.07698962092399597,0.20934946835041046,0.7136608362197876
42,2,600 ppm 4 7,d4,scale_1.0_rot_180_flip_0,0.327899694442749,0.22626648843288422,0.44583380222320557
42,2,1000 ppm 5 8,d4,scale_1.0_rot_180_flip_0,0.10631214827299118,0.23349064588546753,0.6601971983909607
42,2,600 ppm 5 3,d4,scale_1.0_rot_180_flip_0,0.18600964546203613,0.26704806089401245,0.5469422936439514
42,2,1000 ppm 4 4,d4,scale_1.0_rot_180_flip_0,0.15687046945095062,0.32369279861450195,0.5194367170333862
42,2,1000 ppm 4 7,d4,scale_1.0_rot_180_flip_0,0.046113330870866776,0.3512813150882721,0.6026053428649902
42,2,800 ppm 4 4,d4,scale_1.0_rot_180_flip_1,0.21674534678459167,0.4091288149356842,0.3741258382797241
42,2,400 ppm 1 10,d4,scale_1.0_rot_180_flip_1,0.5001351833343506,0.3059142231941223,0.1939505934715271
42,2,c 8,d4,scale_1.0_rot_180_flip_1,0.8956173062324524,0.07528123259544373,0.02910139039158821
42,2,800 ppm 5 8,d4,scale_1.0_rot_180_flip_1,0.1222819909453392,0.8094554543495178,0.06826254725456238
42,2,600 ppm 3 4,d4,scale_1.0_rot_180_flip_1,0.23537661135196686,0.6225665211677551,0.14205685257911682
42,2,1000 ppm 2 10,d4,scale_1.0_rot_180_flip_1,0.4431714415550232,0.2754349708557129,0.2813936173915863
42,2,800 ppm 3 1,d4,scale_1.0_rot_180_flip_1,0.37443700432777405,0.31625619530677795,0.3093068301677704
42,2,400 ppm 4 3,d4,scale_1.0_rot_180_flip_1,0.3796754777431488,0.497667521238327,0.12265703827142715
42,2,600 ppm 1 2,d4,scale_1.0_rot_180_flip_1,0.06346141546964645,0.8271514177322388,0.10938716679811478
42,2,400 ppm 3 7,d4,scale_1.0_rot_180_flip_1,0.7813177108764648,0.13666293025016785,0.08201932162046432
42,2,600 ppm 2 10,d4,scale_1.0_rot_180_flip_1,0.3637317419052124,0.37367838621139526,0.26258987188339233
42,2,800 ppm 5 5,d4,scale_1.0_rot_180_flip_1,0.026777563616633415,0.13853082060813904,0.83469158411026
42,2,400 ppm 5 2,d4,scale_1.0_rot_180_flip_1,0.36358311772346497,0.5255569815635681,0.1108599379658699
42,2,800 ppm 1 2,d4,scale_1.0_rot_180_flip_1,0.0713760256767273,0.4572405517101288,0.47138339281082153
42,2,600 ppm 3 5,d4,scale_1.0_rot_180_flip_1,0.37290364503860474,0.5536376237869263,0.07345876842737198
42,2,800 ppm 2 5,d4,scale_1.0_rot_180_flip_1,0.34522929787635803,0.6090409755706787,0.04572972655296326
42,2,1000 ppm 5 3,d4,scale_1.0_rot_180_flip_1,0.3228107988834381,0.5171973705291748,0.1599918156862259
42,2,400 ppm 5 10,d4,scale_1.0_rot_180_flip_1,0.12712140381336212,0.2530127167701721,0.619865894317627
42,2,1000 ppm 2 5,d4,scale_1.0_rot_180_flip_1,0.17261481285095215,0.7208649516105652,0.10652027279138565
42,2,400 ppm 2 4,d4,scale_1.0_rot_180_flip_1,0.4932900369167328,0.20619024336338043,0.3005196750164032
42,2,600 ppm 4 6,d4,scale_1.0_rot_180_flip_1,0.5503361821174622,0.28925377130508423,0.1604100912809372
42,2,c 6,d4,scale_1.0_rot_180_flip_1,0.8209919333457947,0.11410070955753326,0.06490741670131683
42,2,800 ppm 1 7,d4,scale_1.0_rot_180_flip_1,0.046839483082294464,0.6313157081604004,0.32184481620788574
42,2,1000 ppm 5 2,d4,scale_1.0_rot_180_flip_1,0.1273459494113922,0.6180217862129211,0.25463226437568665
42,2,600 ppm 2 1,d4,scale_1.0_rot_180_flip_1,0.03199930489063263,0.23413397371768951,0.7338667511940002
42,2,400 ppm 4 1,d4,scale_1.0_rot_180_flip_1,0.4469452500343323,0.4436875581741333,0.10936717689037323
42,2,600 ppm 4 4,d4,scale_1.0_rot_180_flip_1,0.2525738775730133,0.5502447485923767,0.1971813291311264
42,2,600 ppm 2 8,d4,scale_1.0_rot_180_flip_1,0.27350544929504395,0.626289963722229,0.10020460933446884
42,2,400 ppm 1 6,d4,scale_1.0_rot_180_flip_1,0.19196103513240814,0.7327660918235779,0.07527288794517517
42,2,1000 ppm 4 9,d4,scale_1.0_rot_180_flip_1,0.026350922882556915,0.11294565349817276,0.8607034087181091
42,2,400 ppm 3 9,d4,scale_1.0_rot_180_flip_1,0.3481125831604004,0.5357895493507385,0.1160978376865387
42,2,600 ppm 2 6,d4,scale_1.0_rot_180_flip_1,0.04027784988284111,0.0804326981306076,0.879289448261261
42,2,600 ppm 4 5,d4,scale_1.0_rot_180_flip_1,0.02809121459722519,0.4965882897377014,0.4753204584121704
42,2,600 ppm 4 9,d4,scale_1.0_rot_180_flip_1,0.21971495449543,0.5303998589515686,0.2498852014541626
42,2,400 ppm 2 9,d4,scale_1.0_rot_180_flip_1,0.4990942180156708,0.35514986515045166,0.1457558572292328
42,2,800 ppm 1 1,d4,scale_1.0_rot_180_flip_1,0.21876837313175201,0.4294377267360687,0.35179388523101807
42,2,1000 ppm 4 5,d4,scale_1.0_rot_180_flip_1,0.16998040676116943,0.432498961687088,0.3975205719470978
42,2,1000 ppm 1 1,d4,scale_1.0_rot_180_flip_1,0.1099105253815651,0.387111634016037,0.5029778480529785
42,2,600 ppm 1 8,d4,scale_1.0_rot_180_flip_1,0.6201537251472473,0.33086684346199036,0.04897939786314964
42,2,600 ppm 5 7,d4,scale_1.0_rot_180_flip_1,0.5412681102752686,0.3915069103240967,0.06722494959831238
42,2,1000 ppm 2 8,d4,scale_1.0_rot_180_flip_1,0.007420315407216549,0.3939518630504608,0.5986278653144836
42,2,600 ppm 1 5,d4,scale_1.0_rot_180_flip_1,0.4553799331188202,0.4886179268360138,0.05600215494632721
42,2,600 ppm 1 9,d4,scale_1.0_rot_180_flip_1,0.1967339962720871,0.6189770102500916,0.18428897857666016
42,2,600 ppm 2 2,d4,scale_1.0_rot_180_flip_1,0.07949869334697723,0.33460450172424316,0.5858967900276184
42,2,600 ppm 5 2,d4,scale_1.0_rot_180_flip_1,0.5373452305793762,0.10733435302972794,0.35532039403915405
42,2,800 ppm 4 9,d4,scale_1.0_rot_180_flip_1,0.22409677505493164,0.638796865940094,0.13710640370845795
42,2,600 ppm 2 4,d4,scale_1.0_rot_180_flip_1,0.06066231057047844,0.2887524664402008,0.6505852341651917
42,2,600 ppm 4 7,d4,scale_1.0_rot_180_flip_1,0.2986307740211487,0.21026812493801117,0.4911011755466461
42,2,1000 ppm 5 8,d4,scale_1.0_rot_180_flip_1,0.09196959435939789,0.26167556643486023,0.6463547945022583
42,2,600 ppm 5 3,d4,scale_1.0_rot_180_flip_1,0.16344916820526123,0.3193649649620056,0.5171858072280884
42,2,1000 ppm 4 4,d4,scale_1.0_rot_180_flip_1,0.1906922608613968,0.31823256611824036,0.49107518792152405
42,2,1000 ppm 4 7,d4,scale_1.0_rot_180_flip_1,0.03968936204910278,0.1951158493757248,0.765194833278656
42,2,800 ppm 4 4,d4,scale_1.0_rot_270_flip_0,0.0858968049287796,0.35419389605522156,0.5599092841148376
42,2,400 ppm 1 10,d4,scale_1.0_rot_270_flip_0,0.45968860387802124,0.27468928694725037,0.2656221091747284
42,2,c 8,d4,scale_1.0_rot_270_flip_0,0.8309096693992615,0.13328604400157928,0.03580426052212715
42,2,800 ppm 5 8,d4,scale_1.0_rot_270_flip_0,0.08717972040176392,0.7627788186073303,0.15004152059555054
42,2,600 ppm 3 4,d4,scale_1.0_rot_270_flip_0,0.2904391288757324,0.4513241648674011,0.2582366466522217
42,2,1000 ppm 2 10,d4,scale_1.0_rot_270_flip_0,0.12379763275384903,0.37326082587242126,0.5029415488243103
42,2,800 ppm 3 1,d4,scale_1.0_rot_270_flip_0,0.18551813066005707,0.18845078349113464,0.6260311007499695
42,2,400 ppm 4 3,d4,scale_1.0_rot_270_flip_0,0.3211623430252075,0.40874502062797546,0.27009260654449463
42,2,600 ppm 1 2,d4,scale_1.0_rot_270_flip_0,0.05576961115002632,0.46039488911628723,0.48383548855781555
42,2,400 ppm 3 7,d4,scale_1.0_rot_270_flip_0,0.6998853087425232,0.14378051459789276,0.15633420646190643
42,2,600 ppm 2 10,d4,scale_1.0_rot_270_flip_0,0.04502299427986145,0.08299965411424637,0.8719773888587952
42,2,800 ppm 5 5,d4,scale_1.0_rot_270_flip_0,0.08598706126213074,0.3392340838909149,0.5747788548469543
42,2,400 ppm 5 2,d4,scale_1.0_rot_270_flip_0,0.44021016359329224,0.44167590141296387,0.11811396479606628
42,2,800 ppm 1 2,d4,scale_1.0_rot_270_flip_0,0.06701947748661041,0.5301766395568848,0.402803897857666
42,2,600 ppm 3 5,d4,scale_1.0_rot_270_flip_0,0.2313714176416397,0.47998693585395813,0.28864166140556335
42,2,800 ppm 2 5,d4,scale_1.0_rot_270_flip_0,0.20311447978019714,0.7448323965072632,0.052053097635507584
42,2,1000 ppm 5 3,d4,scale_1.0_rot_270_flip_0,0.5059725046157837,0.22957094013690948,0.26445654034614563
42,2,400 ppm 5 10,d4,scale_1.0_rot_270_flip_0,0.04706892371177673,0.05841384828090668,0.8945172429084778
42,2,1000 ppm 2 5,d4,scale_1.0_rot_270_flip_0,0.06997426599264145,0.6442441344261169,0.285781592130661
42,2,400 ppm 2 4,d4,scale_1.0_rot_270_flip_0,0.4432831108570099,0.24495069682598114,0.3117661774158478
42,2,600 ppm 4 6,d4,scale_1.0_rot_270_flip_0,0.580272376537323,0.23084373772144318,0.18888390064239502
42,2,c 6,d4,scale_1.0_rot_270_flip_0,0.6669837236404419,0.22165924310684204,0.11135709285736084
42,2,800 ppm 1 7,d4,scale_1.0_rot_270_flip_0,0.07055652141571045,0.759404182434082,0.1700393259525299
42,2,1000 ppm 5 2,d4,scale_1.0_rot_270_flip_0,0.18140031397342682,0.5390092730522156,0.2795904278755188
42,2,600 ppm 2 1,d4,scale_1.0_rot_270_flip_0,0.04151349887251854,0.24247251451015472,0.7160139679908752
42,2,400 ppm 4 1,d4,scale_1.0_rot_270_flip_0,0.42297953367233276,0.4356836676597595,0.1413368284702301
42,2,600 ppm 4 4,d4,scale_1.0_rot_270_flip_0,0.1388908475637436,0.3495212197303772,0.511587917804718
42,2,600 ppm 2 8,d4,scale_1.0_rot_270_flip_0,0.14042523503303528,0.7026270031929016,0.1569477915763855
42,2,400 ppm 1 6,d4,scale_1.0_rot_270_flip_0,0.248586043715477,0.6557062268257141,0.09570769965648651
42,2,1000 ppm 4 9,d4,scale_1.0_rot_270_flip_0,0.06665834784507751,0.2638300955295563,0.669511616230011
42,2,400 ppm 3 9,d4,scale_1.0_rot_270_flip_0,0.30864042043685913,0.5919477343559265,0.09941185265779495
42,2,600 ppm 2 6,d4,scale_1.0_rot_270_flip_0,0.11239711195230484,0.4332750141620636,0.45432788133621216
42,2,600 ppm 4 5,d4,scale_1.0_rot_270_flip_0,0.01577877253293991,0.27142438292503357,0.7127968072891235
42,2,600 ppm 4 9,d4,scale_1.0_rot_270_flip_0,0.2665015757083893,0.518905758857727,0.21459266543388367
42,2,400 ppm 2 9,d4,scale_1.0_rot_270_flip_0,0.5882143378257751,0.285534530878067,0.12625114619731903
42,2,800 ppm 1 1,d4,scale_1.0_rot_270_flip_0,0.22611494362354279,0.2465474009513855,0.5273376703262329
42,2,1000 ppm 4 5,d4,scale_1.0_rot_270_flip_0,0.14540162682533264,0.15509621798992157,0.6995020508766174
42,2,1000 ppm 1 1,d4,scale_1.0_rot_270_flip_0,0.0917428657412529,0.29981207847595215,0.6084451079368591
42,2,600 ppm 1 8,d4,scale_1.0_rot_270_flip_0,0.5953947901725769,0.2718581557273865,0.13274705410003662
42,2,600 ppm 5 7,d4,scale_1.0_rot_270_flip_0,0.6156328916549683,0.2780522108078003,0.10631481558084488
42,2,1000 ppm 2 8,d4,scale_1.0_rot_270_flip_0,0.06523896008729935,0.44211074709892273,0.4926503002643585
42,2,600 ppm 1 5,d4,scale_1.0_rot_270_flip_0,0.22199951112270355,0.6237924695014954,0.1542080193758011
42,2,600 ppm 1 9,d4,scale_1.0_rot_270_flip_0,0.17555244266986847,0.6449556350708008,0.17949190735816956
42,2,600 ppm 2 2,d4,scale_1.0_rot_270_flip_0,0.09986814856529236,0.22957943379878998,0.6705524325370789
42,2,600 ppm 5 2,d4,scale_1.0_rot_270_flip_0,0.11460573226213455,0.15424975752830505,0.7311444878578186
42,2,800 ppm 4 9,d4,scale_1.0_rot_270_flip_0,0.22134408354759216,0.5629192590713501,0.21573665738105774
42,2,600 ppm 2 4,d4,scale_1.0_rot_270_flip_0,0.05712779238820076,0.2247273325920105,0.7181448936462402
42,2,600 ppm 4 7,d4,scale_1.0_rot_270_flip_0,0.11191234737634659,0.15992872416973114,0.7281589508056641
42,2,1000 ppm 5 8,d4,scale_1.0_rot_270_flip_0,0.13130247592926025,0.20356179773807526,0.6651357412338257
42,2,600 ppm 5 3,d4,scale_1.0_rot_270_flip_0,0.12845388054847717,0.25331082940101624,0.6182352900505066
42,2,1000 ppm 4 4,d4,scale_1.0_rot_270_flip_0,0.05696054548025131,0.13511084020137787,0.8079286217689514
42,2,1000 ppm 4 7,d4,scale_1.0_rot_270_flip_0,0.04441472515463829,0.12827588617801666,0.8273094296455383
42,2,800 ppm 4 4,d4,scale_1.0_rot_270_flip_1,0.07670464366674423,0.3121516704559326,0.6111436486244202
42,2,400 ppm 1 10,d4,scale_1.0_rot_270_flip_1,0.3412289619445801,0.37563586235046387,0.28313520550727844
42,2,c 8,d4,scale_1.0_rot_270_flip_1,0.8312911987304688,0.12145880609750748,0.04724995791912079
42,2,800 ppm 5 8,d4,scale_1.0_rot_270_flip_1,0.09188827127218246,0.7828547358512878,0.1252570003271103
42,2,600 ppm 3 4,d4,scale_1.0_rot_270_flip_1,0.26732441782951355,0.4151163399219513,0.31755921244621277
42,2,1000 ppm 2 10,d4,scale_1.0_rot_270_flip_1,0.13134318590164185,0.20488250255584717,0.663774311542511
42,2,800 ppm 3 1,d4,scale_1.0_rot_270_flip_1,0.18170873820781708,0.22076168656349182,0.5975295305252075
42,2,400 ppm 4 3,d4,scale_1.0_rot_270_flip_1,0.23068423569202423,0.4372728765010834,0.3320428133010864
42,2,600 ppm 1 2,d4,scale_1.0_rot_270_flip_1,0.055961593985557556,0.6492128968238831,0.2948254942893982
42,2,400 ppm 3 7,d4,scale_1.0_rot_270_flip_1,0.6627341508865356,0.13784612715244293,0.19941966235637665
42,2,600 ppm 2 10,d4,scale_1.0_rot_270_flip_1,0.05149318277835846,0.08008264005184174,0.8684242367744446
42,2,800 ppm 5 5,d4,scale_1.0_rot_270_flip_1,0.0988079234957695,0.40586453676223755,0.49532756209373474
42,2,400 ppm 5 2,d4,scale_1.0_rot_270_flip_1,0.5127618908882141,0.37806376814842224,0.10917437821626663
42,2,800 ppm 1 2,d4,scale_1.0_rot_270_flip_1,0.06436345726251602,0.495982825756073,0.4396537244319916
42,2,600 ppm 3 5,d4,scale_1.0_rot_270_flip_1,0.16725730895996094,0.4700131118297577,0.36272957921028137
42,2,800 ppm 2 5,d4,scale_1.0_rot_270_flip_1,0.28651556372642517,0.6252824664115906,0.08820202201604843
42,2,1000 ppm 5 3,d4,scale_1.0_rot_270_flip_1,0.43121787905693054,0.30838385224342346,0.2603982388973236
42,2,400 ppm 5 10,d4,scale_1.0_rot_270_flip_1,0.05655082315206528,0.08567678928375244,0.8577724695205688
42,2,1000 ppm 2 5,d4,scale_1.0_rot_270_flip_1,0.08661096543073654,0.6009277105331421,0.31246134638786316
42,2,400 ppm 2 4,d4,scale_1.0_rot_270_flip_1,0.39220181107521057,0.20747010409832,0.4003280699253082
42,2,600 ppm 4 6,d4,scale_1.0_rot_270_flip_1,0.45801371335983276,0.35076650977134705,0.19121980667114258
42,2,c 6,d4,scale_1.0_rot_270_flip_1,0.6585633754730225,0.21816356480121613,0.12327305227518082
42,2,800 ppm 1 7,d4,scale_1.0_rot_270_flip_1,0.057505328208208084,0.6997541189193726,0.24274057149887085
42,2,1000 ppm 5 2,d4,scale_1.0_rot_270_flip_1,0.1682908535003662,0.5989616513252258,0.23274748027324677
42,2,600 ppm 2 1,d4,scale_1.0_rot_270_flip_1,0.028166962787508965,0.24022866785526276,0.7316043376922607
42,2,400 ppm 4 1,d4,scale_1.0_rot_270_flip_1,0.39868202805519104,0.4720977544784546,0.12922020256519318
42,2,600 ppm 4 4,d4,scale_1.0_rot_270_flip_1,0.11956837773323059,0.4488793909549713,0.4315522313117981
42,2,600 ppm 2 8,d4,scale_1.0_rot_270_flip_1,0.12197531014680862,0.721606969833374,0.15641774237155914
42,2,400 ppm 1 6,d4,scale_1.0_rot_270_flip_1,0.2350568175315857,0.6112634539604187,0.1536797285079956
42,2,1000 ppm 4 9,d4,scale_1.0_rot_270_flip_1,0.08002006262540817,0.22469200193881989,0.6952879428863525
42,2,400 ppm 3 9,d4,scale_1.0_rot_270_flip_1,0.2718374729156494,0.5888522863388062,0.13931024074554443
42,2,600 ppm 2 6,d4,scale_1.0_rot_270_flip_1,0.2062273919582367,0.37641870975494385,0.41735389828681946
42,2,600 ppm 4 5,d4,scale_1.0_rot_270_flip_1,0.020281746983528137,0.2611614465713501,0.7185567617416382
42,2,600 ppm 4 9,d4,scale_1.0_rot_270_flip_1,0.24253074824810028,0.47258076071739197,0.28488850593566895
42,2,400 ppm 2 9,d4,scale_1.0_rot_270_flip_1,0.5272305011749268,0.3549043536186218,0.11786514520645142
42,2,800 ppm 1 1,d4,scale_1.0_rot_270_flip_1,0.2315949648618698,0.3365248143672943,0.4318802058696747
42,2,1000 ppm 4 5,d4,scale_1.0_rot_270_flip_1,0.13159650564193726,0.24324442446231842,0.6251590251922607
42,2,1000 ppm 1 1,d4,scale_1.0_rot_270_flip_1,0.06824035942554474,0.14169058203697205,0.7900691032409668
42,2,600 ppm 1 8,d4,scale_1.0_rot_270_flip_1,0.5990014672279358,0.29009899497032166,0.11089958995580673
42,2,600 ppm 5 7,d4,scale_1.0_rot_270_flip_1,0.6678954362869263,0.23031537234783173,0.1017892062664032
42,2,1000 ppm 2 8,d4,scale_1.0_rot_270_flip_1,0.037869375199079514,0.38661718368530273,0.5755134224891663
42,2,600 ppm 1 5,d4,scale_1.0_rot_270_flip_1,0.23904119431972504,0.6644569635391235,0.09650182723999023
42,2,600 ppm 1 9,d4,scale_1.0_rot_270_flip_1,0.15531045198440552,0.5743770003318787,0.2703126072883606
42,2,600 ppm 2 2,d4,scale_1.0_rot_270_flip_1,0.10164240747690201,0.21452122926712036,0.6838363409042358
42,2,600 ppm 5 2,d4,scale_1.0_rot_270_flip_1,0.12114577740430832,0.26534318923950195,0.6135110855102539
42,2,800 ppm 4 9,d4,scale_1.0_rot_270_flip_1,0.18220128118991852,0.6138797998428345,0.2039189338684082
42,2,600 ppm 2 4,d4,scale_1.0_rot_270_flip_1,0.05838610231876373,0.20877104997634888,0.7328428626060486
42,2,600 ppm 4 7,d4,scale_1.0_rot_270_flip_1,0.1109369695186615,0.20195411145687103,0.6871089339256287
42,2,1000 ppm 5 8,d4,scale_1.0_rot_270_flip_1,0.09997343271970749,0.21503658592700958,0.6849899888038635
42,2,600 ppm 5 3,d4,scale_1.0_rot_270_flip_1,0.11986954510211945,0.2125389128923416,0.6675915122032166
42,2,1000 ppm 4 4,d4,scale_1.0_rot_270_flip_1,0.04794923588633537,0.11765455454587936,0.8343961834907532
42,2,1000 ppm 4 7,d4,scale_1.0_rot_270_flip_1,0.07531797140836716,0.1456848829984665,0.7789971828460693
42,3,400 ppm 5 6,single,scale_1.0_rot_0_flip_0,0.7873086929321289,0.196185901761055,0.01650548353791237
42,3,800 ppm 5 6,single,scale_1.0_rot_0_flip_0,0.04368580877780914,0.22593332827091217,0.7303808927536011
42,3,800 ppm 1 8,single,scale_1.0_rot_0_flip_0,0.18568095564842224,0.13860951364040375,0.6757095456123352
42,3,400 ppm 1 7,single,scale_1.0_rot_0_flip_0,0.42540067434310913,0.13381066918373108,0.4407886862754822
42,3,400 ppm 3 8,single,scale_1.0_rot_0_flip_0,0.7680931687355042,0.20938923954963684,0.022517595440149307
42,3,1000 ppm 4 10,single,scale_1.0_rot_0_flip_0,0.13523045182228088,0.624076247215271,0.24069327116012573
42,3,600 ppm 4 1,single,scale_1.0_rot_0_flip_0,0.7623384594917297,0.16157634556293488,0.07608518749475479
42,3,400 ppm 4 2,single,scale_1.0_rot_0_flip_0,0.2647384703159332,0.19143255054950714,0.5438289046287537
42,3,1000 ppm 3 7,single,scale_1.0_rot_0_flip_0,0.32525601983070374,0.6287354826927185,0.04600851237773895
42,3,800 ppm 4 1,single,scale_1.0_rot_0_flip_0,0.22940011322498322,0.03360287472605705,0.7369970083236694
42,3,600 ppm 1 10,single,scale_1.0_rot_0_flip_0,0.11311439424753189,0.2749329209327698,0.6119526624679565
42,3,400 ppm 5 4,single,scale_1.0_rot_0_flip_0,0.5397047996520996,0.3412705063819885,0.11902472376823425
42,3,1000 ppm 1 10,single,scale_1.0_rot_0_flip_0,0.057060372084379196,0.06945284456014633,0.8734868764877319
42,3,800 ppm 5 1,single,scale_1.0_rot_0_flip_0,0.693591833114624,0.2496797740459442,0.05672842636704445
42,3,1000 ppm 1 2,single,scale_1.0_rot_0_flip_0,0.47665935754776,0.23471376299858093,0.28862690925598145
42,3,800 ppm 4 10,single,scale_1.0_rot_0_flip_0,0.46829429268836975,0.4430152475833893,0.08869042247533798
42,3,800 ppm 3 10,single,scale_1.0_rot_0_flip_0,0.6386493444442749,0.3036941587924957,0.05765644088387489
42,3,600 ppm 4 2,single,scale_1.0_rot_0_flip_0,0.17926271259784698,0.5521739721298218,0.26856333017349243
42,3,600 ppm 5 9,single,scale_1.0_rot_0_flip_0,0.20384268462657928,0.23516561090946198,0.5609917044639587
42,3,600 ppm 4 3,single,scale_1.0_rot_0_flip_0,0.4825625717639923,0.21803830564022064,0.299399197101593
42,3,600 ppm 2 3,single,scale_1.0_rot_0_flip_0,0.07742982357740402,0.07594210654497147,0.8466280102729797
42,3,400 ppm 1 8,single,scale_1.0_rot_0_flip_0,0.14707306027412415,0.13453561067581177,0.7183913588523865
42,3,800 ppm 2 6,single,scale_1.0_rot_0_flip_0,0.30936911702156067,0.4644874334335327,0.22614341974258423
42,3,400 ppm 3 3,single,scale_1.0_rot_0_flip_0,0.9001203775405884,0.08366293460130692,0.016216643154621124
42,3,400 ppm 4 7,single,scale_1.0_rot_0_flip_0,0.42207634449005127,0.4054069519042969,0.17251671850681305
42,3,400 ppm 1 1,single,scale_1.0_rot_0_flip_0,0.8818162083625793,0.024204635992646217,0.0939791202545166
42,3,600 ppm 3 2,single,scale_1.0_rot_0_flip_0,0.5733184218406677,0.30330508947372437,0.12337648123502731
42,3,400 ppm 2 5,single,scale_1.0_rot_0_flip_0,0.607421338558197,0.33322873711586,0.05934993922710419
42,3,800 ppm 2 10,single,scale_1.0_rot_0_flip_0,0.07708191126585007,0.13439713418483734,0.7885209321975708
42,3,400 ppm 2 6,single,scale_1.0_rot_0_flip_0,0.4369603395462036,0.32415419816970825,0.23888546228408813
42,3,400 ppm 2 2,single,scale_1.0_rot_0_flip_0,0.862090528011322,0.10917668789625168,0.028732841834425926
42,3,800 ppm 1 3,single,scale_1.0_rot_0_flip_0,0.15866726636886597,0.43330347537994385,0.4080292880535126
42,3,400 ppm 5 7,single,scale_1.0_rot_0_flip_0,0.2795800268650055,0.2071157693862915,0.5133042335510254
42,3,1000 ppm 3 1,single,scale_1.0_rot_0_flip_0,0.4494691789150238,0.18622563779354095,0.36430519819259644
42,3,1000 ppm 2 9,single,scale_1.0_rot_0_flip_0,0.10660674422979355,0.5314267873764038,0.36196649074554443
42,3,1000 ppm 2 6,single,scale_1.0_rot_0_flip_0,0.19199641048908234,0.20611052215099335,0.6018930673599243
42,3,400 ppm 2 1,single,scale_1.0_rot_0_flip_0,0.5841870307922363,0.3445637822151184,0.07124918699264526
42,3,800 ppm 4 2,single,scale_1.0_rot_0_flip_0,0.06548451632261276,0.039529550820589066,0.8949859738349915
42,3,800 ppm 1 6,single,scale_1.0_rot_0_flip_0,0.11141635477542877,0.31584808230400085,0.572735607624054
42,3,800 ppm 4 3,single,scale_1.0_rot_0_flip_0,0.24725718796253204,0.641133725643158,0.1116090789437294
42,3,1000 ppm 5 5,single,scale_1.0_rot_0_flip_0,0.14528466761112213,0.5138823986053467,0.34083291888237
42,3,600 ppm 5 6,single,scale_1.0_rot_0_flip_0,0.6350943446159363,0.2380402684211731,0.1268654614686966
42,3,400 ppm 5 3,single,scale_1.0_rot_0_flip_0,0.22567367553710938,0.21362066268920898,0.5607056617736816
42,3,600 ppm 1 6,single,scale_1.0_rot_0_flip_0,0.26227396726608276,0.3140270411968231,0.4236989915370941
42,3,1000 ppm 1 6,single,scale_1.0_rot_0_flip_0,0.1267586648464203,0.10736244171857834,0.7658789157867432
42,3,800 ppm 5 2,single,scale_1.0_rot_0_flip_0,0.09253836423158646,0.6071934103965759,0.3002682626247406
42,3,c 2,single,scale_1.0_rot_0_flip_0,0.8841883540153503,0.08610516041517258,0.02970644272863865
42,3,800 ppm 2 2,single,scale_1.0_rot_0_flip_0,0.3811429440975189,0.2406577169895172,0.3781993091106415
42,3,400 ppm 5 9,single,scale_1.0_rot_0_flip_0,0.01757146045565605,0.1259668618440628,0.8564615845680237
42,3,400 ppm 2 8,single,scale_1.0_rot_0_flip_0,0.35321828722953796,0.39761659502983093,0.24916517734527588
42,3,400 ppm 1 4,single,scale_1.0_rot_0_flip_0,0.22631551325321198,0.29829856753349304,0.47538599371910095
42,3,1000 ppm 2 2,single,scale_1.0_rot_0_flip_0,0.6376717686653137,0.2055736929178238,0.1567544788122177
42,3,400 ppm 5 6,d4,scale_1.0_rot_0_flip_0,0.7873086929321289,0.196185901761055,0.01650548353791237
42,3,800 ppm 5 6,d4,scale_1.0_rot_0_flip_0,0.04368580877780914,0.22593332827091217,0.7303808927536011
42,3,800 ppm 1 8,d4,scale_1.0_rot_0_flip_0,0.18568095564842224,0.13860951364040375,0.6757095456123352
42,3,400 ppm 1 7,d4,scale_1.0_rot_0_flip_0,0.42540067434310913,0.13381066918373108,0.4407886862754822
42,3,400 ppm 3 8,d4,scale_1.0_rot_0_flip_0,0.7680931687355042,0.20938923954963684,0.022517595440149307
42,3,1000 ppm 4 10,d4,scale_1.0_rot_0_flip_0,0.13523045182228088,0.624076247215271,0.24069327116012573
42,3,600 ppm 4 1,d4,scale_1.0_rot_0_flip_0,0.7623384594917297,0.16157634556293488,0.07608518749475479
42,3,400 ppm 4 2,d4,scale_1.0_rot_0_flip_0,0.2647384703159332,0.19143255054950714,0.5438289046287537
42,3,1000 ppm 3 7,d4,scale_1.0_rot_0_flip_0,0.32525601983070374,0.6287354826927185,0.04600851237773895
42,3,800 ppm 4 1,d4,scale_1.0_rot_0_flip_0,0.22940011322498322,0.03360287472605705,0.7369970083236694
42,3,600 ppm 1 10,d4,scale_1.0_rot_0_flip_0,0.11311439424753189,0.2749329209327698,0.6119526624679565
42,3,400 ppm 5 4,d4,scale_1.0_rot_0_flip_0,0.5397047996520996,0.3412705063819885,0.11902472376823425
42,3,1000 ppm 1 10,d4,scale_1.0_rot_0_flip_0,0.057060372084379196,0.06945284456014633,0.8734868764877319
42,3,800 ppm 5 1,d4,scale_1.0_rot_0_flip_0,0.693591833114624,0.2496797740459442,0.05672842636704445
42,3,1000 ppm 1 2,d4,scale_1.0_rot_0_flip_0,0.47665935754776,0.23471376299858093,0.28862690925598145
42,3,800 ppm 4 10,d4,scale_1.0_rot_0_flip_0,0.46829429268836975,0.4430152475833893,0.08869042247533798
42,3,800 ppm 3 10,d4,scale_1.0_rot_0_flip_0,0.6386493444442749,0.3036941587924957,0.05765644088387489
42,3,600 ppm 4 2,d4,scale_1.0_rot_0_flip_0,0.17926271259784698,0.5521739721298218,0.26856333017349243
42,3,600 ppm 5 9,d4,scale_1.0_rot_0_flip_0,0.20384268462657928,0.23516561090946198,0.5609917044639587
42,3,600 ppm 4 3,d4,scale_1.0_rot_0_flip_0,0.4825625717639923,0.21803830564022064,0.299399197101593
42,3,600 ppm 2 3,d4,scale_1.0_rot_0_flip_0,0.07742982357740402,0.07594210654497147,0.8466280102729797
42,3,400 ppm 1 8,d4,scale_1.0_rot_0_flip_0,0.14707306027412415,0.13453561067581177,0.7183913588523865
42,3,800 ppm 2 6,d4,scale_1.0_rot_0_flip_0,0.30936911702156067,0.4644874334335327,0.22614341974258423
42,3,400 ppm 3 3,d4,scale_1.0_rot_0_flip_0,0.9001203775405884,0.08366293460130692,0.016216643154621124
42,3,400 ppm 4 7,d4,scale_1.0_rot_0_flip_0,0.42207634449005127,0.4054069519042969,0.17251671850681305
42,3,400 ppm 1 1,d4,scale_1.0_rot_0_flip_0,0.8818162083625793,0.024204635992646217,0.0939791202545166
42,3,600 ppm 3 2,d4,scale_1.0_rot_0_flip_0,0.5733184218406677,0.30330508947372437,0.12337648123502731
42,3,400 ppm 2 5,d4,scale_1.0_rot_0_flip_0,0.607421338558197,0.33322873711586,0.05934993922710419
42,3,800 ppm 2 10,d4,scale_1.0_rot_0_flip_0,0.07708191126585007,0.13439713418483734,0.7885209321975708
42,3,400 ppm 2 6,d4,scale_1.0_rot_0_flip_0,0.4369603395462036,0.32415419816970825,0.23888546228408813
42,3,400 ppm 2 2,d4,scale_1.0_rot_0_flip_0,0.862090528011322,0.10917668789625168,0.028732841834425926
42,3,800 ppm 1 3,d4,scale_1.0_rot_0_flip_0,0.15866726636886597,0.43330347537994385,0.4080292880535126
42,3,400 ppm 5 7,d4,scale_1.0_rot_0_flip_0,0.2795800268650055,0.2071157693862915,0.5133042335510254
42,3,1000 ppm 3 1,d4,scale_1.0_rot_0_flip_0,0.4494691789150238,0.18622563779354095,0.36430519819259644
42,3,1000 ppm 2 9,d4,scale_1.0_rot_0_flip_0,0.10660674422979355,0.5314267873764038,0.36196649074554443
42,3,1000 ppm 2 6,d4,scale_1.0_rot_0_flip_0,0.19199641048908234,0.20611052215099335,0.6018930673599243
42,3,400 ppm 2 1,d4,scale_1.0_rot_0_flip_0,0.5841870307922363,0.3445637822151184,0.07124918699264526
42,3,800 ppm 4 2,d4,scale_1.0_rot_0_flip_0,0.06548451632261276,0.039529550820589066,0.8949859738349915
42,3,800 ppm 1 6,d4,scale_1.0_rot_0_flip_0,0.11141635477542877,0.31584808230400085,0.572735607624054
42,3,800 ppm 4 3,d4,scale_1.0_rot_0_flip_0,0.24725718796253204,0.641133725643158,0.1116090789437294
42,3,1000 ppm 5 5,d4,scale_1.0_rot_0_flip_0,0.14528466761112213,0.5138823986053467,0.34083291888237
42,3,600 ppm 5 6,d4,scale_1.0_rot_0_flip_0,0.6350943446159363,0.2380402684211731,0.1268654614686966
42,3,400 ppm 5 3,d4,scale_1.0_rot_0_flip_0,0.22567367553710938,0.21362066268920898,0.5607056617736816
42,3,600 ppm 1 6,d4,scale_1.0_rot_0_flip_0,0.26227396726608276,0.3140270411968231,0.4236989915370941
42,3,1000 ppm 1 6,d4,scale_1.0_rot_0_flip_0,0.1267586648464203,0.10736244171857834,0.7658789157867432
42,3,800 ppm 5 2,d4,scale_1.0_rot_0_flip_0,0.09253836423158646,0.6071934103965759,0.3002682626247406
42,3,c 2,d4,scale_1.0_rot_0_flip_0,0.8841883540153503,0.08610516041517258,0.02970644272863865
42,3,800 ppm 2 2,d4,scale_1.0_rot_0_flip_0,0.3811429440975189,0.2406577169895172,0.3781993091106415
42,3,400 ppm 5 9,d4,scale_1.0_rot_0_flip_0,0.01757146045565605,0.1259668618440628,0.8564615845680237
42,3,400 ppm 2 8,d4,scale_1.0_rot_0_flip_0,0.35321828722953796,0.39761659502983093,0.24916517734527588
42,3,400 ppm 1 4,d4,scale_1.0_rot_0_flip_0,0.22631551325321198,0.29829856753349304,0.47538599371910095
42,3,1000 ppm 2 2,d4,scale_1.0_rot_0_flip_0,0.6376717686653137,0.2055736929178238,0.1567544788122177
42,3,400 ppm 5 6,d4,scale_1.0_rot_0_flip_1,0.7865164875984192,0.20387360453605652,0.009609904140233994
42,3,800 ppm 5 6,d4,scale_1.0_rot_0_flip_1,0.04501752555370331,0.25924861431121826,0.6957338452339172
42,3,800 ppm 1 8,d4,scale_1.0_rot_0_flip_1,0.3170062005519867,0.12095174938440323,0.5620419979095459
42,3,400 ppm 1 7,d4,scale_1.0_rot_0_flip_1,0.44596007466316223,0.1657738983631134,0.38826602697372437
42,3,400 ppm 3 8,d4,scale_1.0_rot_0_flip_1,0.7812554240226746,0.19576586782932281,0.022978778928518295
42,3,1000 ppm 4 10,d4,scale_1.0_rot_0_flip_1,0.15224683284759521,0.6831048130989075,0.16464832425117493
42,3,600 ppm 4 1,d4,scale_1.0_rot_0_flip_1,0.7327601313591003,0.1556159257888794,0.11162388324737549
42,3,400 ppm 4 2,d4,scale_1.0_rot_0_flip_1,0.40654921531677246,0.21671418845653534,0.3767366409301758
42,3,1000 ppm 3 7,d4,scale_1.0_rot_0_flip_1,0.33323296904563904,0.6327027082443237,0.03406430035829544
42,3,800 ppm 4 1,d4,scale_1.0_rot_0_flip_1,0.12015073746442795,0.015733446925878525,0.8641157746315002
42,3,600 ppm 1 10,d4,scale_1.0_rot_0_flip_1,0.07788737118244171,0.2184293270111084,0.7036833167076111
42,3,400 ppm 5 4,d4,scale_1.0_rot_0_flip_1,0.5410831570625305,0.2884625494480133,0.17045432329177856
42,3,1000 ppm 1 10,d4,scale_1.0_rot_0_flip_1,0.025957904756069183,0.048190921545028687,0.9258511662483215
42,3,800 ppm 5 1,d4,scale_1.0_rot_0_flip_1,0.562433660030365,0.3632045388221741,0.07436182349920273
42,3,1000 ppm 1 2,d4,scale_1.0_rot_0_flip_1,0.3267897367477417,0.3384782075881958,0.3347320258617401
42,3,800 ppm 4 10,d4,scale_1.0_rot_0_flip_1,0.5308300256729126,0.3565044403076172,0.11266550421714783
42,3,800 ppm 3 10,d4,scale_1.0_rot_0_flip_1,0.5975462198257446,0.3365761637687683,0.06587769836187363
42,3,600 ppm 4 2,d4,scale_1.0_rot_0_flip_1,0.2427952140569687,0.5029351711273193,0.2542695999145508
42,3,600 ppm 5 9,d4,scale_1.0_rot_0_flip_1,0.18036825954914093,0.15901556611061096,0.6606161594390869
42,3,600 ppm 4 3,d4,scale_1.0_rot_0_flip_1,0.511412501335144,0.19090208411216736,0.2976854145526886
42,3,600 ppm 2 3,d4,scale_1.0_rot_0_flip_1,0.05665246769785881,0.061034027487039566,0.8823134899139404
42,3,400 ppm 1 8,d4,scale_1.0_rot_0_flip_1,0.18352660536766052,0.09222368896007538,0.7242497205734253
42,3,800 ppm 2 6,d4,scale_1.0_rot_0_flip_1,0.2689336836338043,0.5070077180862427,0.22405856847763062
42,3,400 ppm 3 3,d4,scale_1.0_rot_0_flip_1,0.8769720792770386,0.10649922490119934,0.016528671607375145
42,3,400 ppm 4 7,d4,scale_1.0_rot_0_flip_1,0.4452919363975525,0.3645401895046234,0.1901678889989853
42,3,400 ppm 1 1,d4,scale_1.0_rot_0_flip_1,0.8659893870353699,0.02960096299648285,0.1044095829129219
42,3,600 ppm 3 2,d4,scale_1.0_rot_0_flip_1,0.5945921540260315,0.3167541027069092,0.08865372836589813
42,3,400 ppm 2 5,d4,scale_1.0_rot_0_flip_1,0.5335336327552795,0.3850068747997284,0.08145955204963684
42,3,800 ppm 2 10,d4,scale_1.0_rot_0_flip_1,0.10366165637969971,0.1878729909658432,0.7084652781486511
42,3,400 ppm 2 6,d4,scale_1.0_rot_0_flip_1,0.4455702602863312,0.3404819071292877,0.2139478474855423
42,3,400 ppm 2 2,d4,scale_1.0_rot_0_flip_1,0.8164868354797363,0.1463341861963272,0.03717900067567825
42,3,800 ppm 1 3,d4,scale_1.0_rot_0_flip_1,0.15531295537948608,0.4725100100040436,0.3721771240234375
42,3,400 ppm 5 7,d4,scale_1.0_rot_0_flip_1,0.21787337958812714,0.21137872338294983,0.570747971534729
42,3,1000 ppm 3 1,d4,scale_1.0_rot_0_flip_1,0.5253806710243225,0.18885576725006104,0.28576356172561646
42,3,1000 ppm 2 9,d4,scale_1.0_rot_0_flip_1,0.21787111461162567,0.5450052618980408,0.23712365329265594
42,3,1000 ppm 2 6,d4,scale_1.0_rot_0_flip_1,0.16359834372997284,0.2086488902568817,0.6277527809143066
42,3,400 ppm 2 1,d4,scale_1.0_rot_0_flip_1,0.4829697012901306,0.4339512586593628,0.08307907730340958
42,3,800 ppm 4 2,d4,scale_1.0_rot_0_flip_1,0.06048497185111046,0.04237893968820572,0.8971361517906189
42,3,800 ppm 1 6,d4,scale_1.0_rot_0_flip_1,0.10002230107784271,0.23989398777484894,0.6600837111473083
42,3,800 ppm 4 3,d4,scale_1.0_rot_0_flip_1,0.3026992380619049,0.574176549911499,0.12312425673007965
42,3,1000 ppm 5 5,d4,scale_1.0_rot_0_flip_1,0.16934531927108765,0.5239894986152649,0.3066651225090027
42,3,600 ppm 5 6,d4,scale_1.0_rot_0_flip_1,0.5793923139572144,0.2916718125343323,0.12893591821193695
42,3,400 ppm 5 3,d4,scale_1.0_rot_0_flip_1,0.2162179946899414,0.24007920920848846,0.5437027812004089
42,3,600 ppm 1 6,d4,scale_1.0_rot_0_flip_1,0.20128746330738068,0.21107879281044006,0.5876337289810181
42,3,1000 ppm 1 6,d4,scale_1.0_rot_0_flip_1,0.17367641627788544,0.14018039405345917,0.6861432194709778
42,3,800 ppm 5 2,d4,scale_1.0_rot_0_flip_1,0.08856448531150818,0.5379050374031067,0.37353044748306274
42,3,c 2,d4,scale_1.0_rot_0_flip_1,0.85140460729599,0.0869511216878891,0.06164420396089554
42,3,800 ppm 2 2,d4,scale_1.0_rot_0_flip_1,0.4182393252849579,0.20347535610198975,0.37828534841537476
42,3,400 ppm 5 9,d4,scale_1.0_rot_0_flip_1,0.011977637186646461,0.10769357532262802,0.8803287744522095
42,3,400 ppm 2 8,d4,scale_1.0_rot_0_flip_1,0.3411378860473633,0.3967956602573395,0.26206642389297485
42,3,400 ppm 1 4,d4,scale_1.0_rot_0_flip_1,0.22809238731861115,0.2940632104873657,0.4778444468975067
42,3,1000 ppm 2 2,d4,scale_1.0_rot_0_flip_1,0.6132435202598572,0.23097583651542664,0.1557806432247162
42,3,400 ppm 5 6,d4,scale_1.0_rot_90_flip_0,0.42274007201194763,0.40423306822776794,0.17302687466144562
42,3,800 ppm 5 6,d4,scale_1.0_rot_90_flip_0,0.014412532560527325,0.08771634846925735,0.8978711366653442
42,3,800 ppm 1 8,d4,scale_1.0_rot_90_flip_0,0.270593523979187,0.361931711435318,0.3674747347831726
42,3,400 ppm 1 7,d4,scale_1.0_rot_90_flip_0,0.36267709732055664,0.2760034203529358,0.36131954193115234
42,3,400 ppm 3 8,d4,scale_1.0_rot_90_flip_0,0.4600182771682739,0.20685340464115143,0.3331283628940582
42,3,1000 ppm 4 10,d4,scale_1.0_rot_90_flip_0,0.10206203162670135,0.3118903934955597,0.5860475897789001
42,3,600 ppm 4 1,d4,scale_1.0_rot_90_flip_0,0.4250970482826233,0.12021131068468094,0.45469164848327637
42,3,400 ppm 4 2,d4,scale_1.0_rot_90_flip_0,0.19723060727119446,0.0932973250746727,0.7094720602035522
42,3,1000 ppm 3 7,d4,scale_1.0_rot_90_flip_0,0.1675010323524475,0.6746283769607544,0.1578705757856369
42,3,800 ppm 4 1,d4,scale_1.0_rot_90_flip_0,0.017981696873903275,0.003682930488139391,0.9783353209495544
42,3,600 ppm 1 10,d4,scale_1.0_rot_90_flip_0,0.08191893994808197,0.11628188192844391,0.8017991781234741
42,3,400 ppm 5 4,d4,scale_1.0_rot_90_flip_0,0.4928482174873352,0.40115058422088623,0.10600119084119797
42,3,1000 ppm 1 10,d4,scale_1.0_rot_90_flip_0,0.005689030513167381,0.011562343686819077,0.9827485680580139
42,3,800 ppm 5 1,d4,scale_1.0_rot_90_flip_0,0.45196422934532166,0.1337183564901352,0.41431739926338196
42,3,1000 ppm 1 2,d4,scale_1.0_rot_90_flip_0,0.21140077710151672,0.3734372556209564,0.41516202688217163
42,3,800 ppm 4 10,d4,scale_1.0_rot_90_flip_0,0.3193605840206146,0.2351759821176529,0.4454634189605713
42,3,800 ppm 3 10,d4,scale_1.0_rot_90_flip_0,0.35861092805862427,0.3665936291217804,0.27479544281959534
42,3,600 ppm 4 2,d4,scale_1.0_rot_90_flip_0,0.05638400465250015,0.2594364583492279,0.6841794848442078
42,3,600 ppm 5 9,d4,scale_1.0_rot_90_flip_0,0.09128350019454956,0.06948158890008926,0.8392349481582642
42,3,600 ppm 4 3,d4,scale_1.0_rot_90_flip_0,0.4522579610347748,0.07776981592178345,0.46997225284576416
42,3,600 ppm 2 3,d4,scale_1.0_rot_90_flip_0,0.06455367803573608,0.08622662723064423,0.8492197394371033
42,3,400 ppm 1 8,d4,scale_1.0_rot_90_flip_0,0.08953023701906204,0.07026657462120056,0.8402031660079956
42,3,800 ppm 2 6,d4,scale_1.0_rot_90_flip_0,0.1553782969713211,0.09895610809326172,0.7456655502319336
42,3,400 ppm 3 3,d4,scale_1.0_rot_90_flip_0,0.6970174908638,0.1979994773864746,0.10498304665088654
42,3,400 ppm 4 7,d4,scale_1.0_rot_90_flip_0,0.7070615887641907,0.1646304726600647,0.12830787897109985
42,3,400 ppm 1 1,d4,scale_1.0_rot_90_flip_0,0.6769737005233765,0.02729007974267006,0.2957362234592438
42,3,600 ppm 3 2,d4,scale_1.0_rot_90_flip_0,0.1902925819158554,0.22411322593688965,0.5855941772460938
42,3,400 ppm 2 5,d4,scale_1.0_rot_90_flip_0,0.7751741409301758,0.11387276649475098,0.11095313727855682
42,3,800 ppm 2 10,d4,scale_1.0_rot_90_flip_0,0.030115334317088127,0.02368740364909172,0.9461972117424011
42,3,400 ppm 2 6,d4,scale_1.0_rot_90_flip_0,0.3421703279018402,0.1551092565059662,0.5027204155921936
42,3,400 ppm 2 2,d4,scale_1.0_rot_90_flip_0,0.7137969732284546,0.09770387411117554,0.18849912285804749
42,3,800 ppm 1 3,d4,scale_1.0_rot_90_flip_0,0.1200670525431633,0.6436313390731812,0.23630163073539734
42,3,400 ppm 5 7,d4,scale_1.0_rot_90_flip_0,0.15736320614814758,0.1388142704963684,0.7038224935531616
42,3,1000 ppm 3 1,d4,scale_1.0_rot_90_flip_0,0.203701913356781,0.32657572627067566,0.46972236037254333
42,3,1000 ppm 2 9,d4,scale_1.0_rot_90_flip_0,0.05946600064635277,0.34662187099456787,0.5939121842384338
42,3,1000 ppm 2 6,d4,scale_1.0_rot_90_flip_0,0.0594031885266304,0.044290054589509964,0.8963068127632141
42,3,400 ppm 2 1,d4,scale_1.0_rot_90_flip_0,0.4297885596752167,0.42166173458099365,0.14854972064495087
42,3,800 ppm 4 2,d4,scale_1.0_rot_90_flip_0,0.011359692551195621,0.015338854864239693,0.9733014702796936
42,3,800 ppm 1 6,d4,scale_1.0_rot_90_flip_0,0.09774385392665863,0.1347055733203888,0.767550528049469
42,3,800 ppm 4 3,d4,scale_1.0_rot_90_flip_0,0.2212173044681549,0.2767523229122162,0.5020303726196289
42,3,1000 ppm 5 5,d4,scale_1.0_rot_90_flip_0,0.08384384959936142,0.25566327571868896,0.6604928374290466
42,3,600 ppm 5 6,d4,scale_1.0_rot_90_flip_0,0.264218270778656,0.16494828462600708,0.5708334445953369
42,3,400 ppm 5 3,d4,scale_1.0_rot_90_flip_0,0.5418729186058044,0.16921378672122955,0.2889133095741272
42,3,600 ppm 1 6,d4,scale_1.0_rot_90_flip_0,0.041378363966941833,0.1016155257821083,0.8570061326026917
42,3,1000 ppm 1 6,d4,scale_1.0_rot_90_flip_0,0.09068096429109573,0.09686437994241714,0.8124545812606812
42,3,800 ppm 5 2,d4,scale_1.0_rot_90_flip_0,0.06477445363998413,0.3748790919780731,0.5603464841842651
42,3,c 2,d4,scale_1.0_rot_90_flip_0,0.6601543426513672,0.14363797008991241,0.1962076723575592
42,3,800 ppm 2 2,d4,scale_1.0_rot_90_flip_0,0.473274827003479,0.10930109769105911,0.4174240827560425
42,3,400 ppm 5 9,d4,scale_1.0_rot_90_flip_0,0.020580653101205826,0.1430828869342804,0.8363363742828369
42,3,400 ppm 2 8,d4,scale_1.0_rot_90_flip_0,0.17756783962249756,0.20772595703601837,0.6147062182426453
42,3,400 ppm 1 4,d4,scale_1.0_rot_90_flip_0,0.2990637719631195,0.11448489874601364,0.5864513516426086
42,3,1000 ppm 2 2,d4,scale_1.0_rot_90_flip_0,0.3977304697036743,0.21389269828796387,0.38837677240371704
42,3,400 ppm 5 6,d4,scale_1.0_rot_90_flip_1,0.489844411611557,0.3342956006526947,0.17586001753807068
42,3,800 ppm 5 6,d4,scale_1.0_rot_90_flip_1,0.012544350698590279,0.07727714627981186,0.910178542137146
42,3,800 ppm 1 8,d4,scale_1.0_rot_90_flip_1,0.24890443682670593,0.31957823038101196,0.43151727318763733
42,3,400 ppm 1 7,d4,scale_1.0_rot_90_flip_1,0.3970797061920166,0.2752397656440735,0.3276804983615875
42,3,400 ppm 3 8,d4,scale_1.0_rot_90_flip_1,0.4899553656578064,0.18015916645526886,0.32988542318344116
42,3,1000 ppm 4 10,d4,scale_1.0_rot_90_flip_1,0.06955008953809738,0.19263805449008942,0.7378118634223938
42,3,600 ppm 4 1,d4,scale_1.0_rot_90_flip_1,0.4917590022087097,0.14495249092578888,0.3632884621620178
42,3,400 ppm 4 2,d4,scale_1.0_rot_90_flip_1,0.30283427238464355,0.10705723613500595,0.5901084542274475
42,3,1000 ppm 3 7,d4,scale_1.0_rot_90_flip_1,0.24475722014904022,0.5869213938713074,0.1683213859796524
42,3,800 ppm 4 1,d4,scale_1.0_rot_90_flip_1,0.01942739076912403,0.005093561485409737,0.9754790663719177
42,3,600 ppm 1 10,d4,scale_1.0_rot_90_flip_1,0.133720263838768,0.11443592607975006,0.7518438100814819
42,3,400 ppm 5 4,d4,scale_1.0_rot_90_flip_1,0.5298390984535217,0.3341662883758545,0.13599462807178497
42,3,1000 ppm 1 10,d4,scale_1.0_rot_90_flip_1,0.0049574910663068295,0.008534640073776245,0.9865078926086426
42,3,800 ppm 5 1,d4,scale_1.0_rot_90_flip_1,0.5148547291755676,0.172489196062088,0.31265613436698914
42,3,1000 ppm 1 2,d4,scale_1.0_rot_90_flip_1,0.36040592193603516,0.32755640149116516,0.3120376765727997
42,3,800 ppm 4 10,d4,scale_1.0_rot_90_flip_1,0.4182666838169098,0.19531087577342987,0.38642236590385437
42,3,800 ppm 3 10,d4,scale_1.0_rot_90_flip_1,0.3447877764701843,0.4129922688007355,0.24221991002559662
42,3,600 ppm 4 2,d4,scale_1.0_rot_90_flip_1,0.04421190917491913,0.16957898437976837,0.7862091660499573
42,3,600 ppm 5 9,d4,scale_1.0_rot_90_flip_1,0.06200830638408661,0.07165737450122833,0.8663342595100403
42,3,600 ppm 4 3,d4,scale_1.0_rot_90_flip_1,0.3276304006576538,0.06017441302537918,0.6121951937675476
42,3,600 ppm 2 3,d4,scale_1.0_rot_90_flip_1,0.06421241164207458,0.08750408887863159,0.8482835292816162
42,3,400 ppm 1 8,d4,scale_1.0_rot_90_flip_1,0.19161134958267212,0.132123664021492,0.6762650012969971
42,3,800 ppm 2 6,d4,scale_1.0_rot_90_flip_1,0.1452699452638626,0.13459694385528564,0.7201331853866577
42,3,400 ppm 3 3,d4,scale_1.0_rot_90_flip_1,0.7041405439376831,0.1900380253791809,0.1058213859796524
42,3,400 ppm 4 7,d4,scale_1.0_rot_90_flip_1,0.6608418822288513,0.19447940587997437,0.14467878639698029
42,3,400 ppm 1 1,d4,scale_1.0_rot_90_flip_1,0.7900567054748535,0.018611043691635132,0.19133222103118896
42,3,600 ppm 3 2,d4,scale_1.0_rot_90_flip_1,0.21603018045425415,0.23637239634990692,0.5475974082946777
42,3,400 ppm 2 5,d4,scale_1.0_rot_90_flip_1,0.7090326547622681,0.1317475587129593,0.15921981632709503
42,3,800 ppm 2 10,d4,scale_1.0_rot_90_flip_1,0.028295597061514854,0.02607618272304535,0.94562828540802
42,3,400 ppm 2 6,d4,scale_1.0_rot_90_flip_1,0.3733859360218048,0.17467588186264038,0.4519382119178772
42,3,400 ppm 2 2,d4,scale_1.0_rot_90_flip_1,0.7010275721549988,0.08315108716487885,0.21582138538360596
42,3,800 ppm 1 3,d4,scale_1.0_rot_90_flip_1,0.15940846502780914,0.6379069685935974,0.20268458127975464
42,3,400 ppm 5 7,d4,scale_1.0_rot_90_flip_1,0.15103226900100708,0.17074982821941376,0.678217887878418
42,3,1000 ppm 3 1,d4,scale_1.0_rot_90_flip_1,0.23906251788139343,0.2720892131328583,0.48884832859039307
42,3,1000 ppm 2 9,d4,scale_1.0_rot_90_flip_1,0.06945329159498215,0.4029574990272522,0.5275892019271851
42,3,1000 ppm 2 6,d4,scale_1.0_rot_90_flip_1,0.05538008362054825,0.025047827512025833,0.9195719957351685
42,3,400 ppm 2 1,d4,scale_1.0_rot_90_flip_1,0.363453209400177,0.47086411714553833,0.1656826138496399
42,3,800 ppm 4 2,d4,scale_1.0_rot_90_flip_1,0.021463319659233093,0.023690080270171165,0.9548465609550476
42,3,800 ppm 1 6,d4,scale_1.0_rot_90_flip_1,0.18038439750671387,0.12330304086208344,0.6963125467300415
42,3,800 ppm 4 3,d4,scale_1.0_rot_90_flip_1,0.22771421074867249,0.2471809983253479,0.525104820728302
42,3,1000 ppm 5 5,d4,scale_1.0_rot_90_flip_1,0.11121628433465958,0.25919291377067566,0.6295908689498901
42,3,600 ppm 5 6,d4,scale_1.0_rot_90_flip_1,0.33146414160728455,0.19732466340065002,0.47121119499206543
42,3,400 ppm 5 3,d4,scale_1.0_rot_90_flip_1,0.47914329171180725,0.19131778180599213,0.3295389711856842
42,3,600 ppm 1 6,d4,scale_1.0_rot_90_flip_1,0.02317015826702118,0.10455511510372162,0.8722746968269348
42,3,1000 ppm 1 6,d4,scale_1.0_rot_90_flip_1,0.14743474125862122,0.1374981850385666,0.7150670886039734
42,3,800 ppm 5 2,d4,scale_1.0_rot_90_flip_1,0.048631876707077026,0.35075661540031433,0.6006115078926086
42,3,c 2,d4,scale_1.0_rot_90_flip_1,0.7278957366943359,0.11396818608045578,0.15813614428043365
42,3,800 ppm 2 2,d4,scale_1.0_rot_90_flip_1,0.543047308921814,0.0899391621351242,0.36701351404190063
42,3,400 ppm 5 9,d4,scale_1.0_rot_90_flip_1,0.012556728906929493,0.15552330017089844,0.8319199085235596
42,3,400 ppm 2 8,d4,scale_1.0_rot_90_flip_1,0.2708227336406708,0.24624527990818024,0.48293206095695496
42,3,400 ppm 1 4,d4,scale_1.0_rot_90_flip_1,0.34558025002479553,0.10519669204950333,0.549223005771637
42,3,1000 ppm 2 2,d4,scale_1.0_rot_90_flip_1,0.4012731611728668,0.1861564964056015,0.41257038712501526
42,3,400 ppm 5 6,d4,scale_1.0_rot_180_flip_0,0.7777701616287231,0.14461474120616913,0.0776151493191719
42,3,800 ppm 5 6,d4,scale_1.0_rot_180_flip_0,0.01093101967126131,0.05078873038291931,0.9382802248001099
42,3,800 ppm 1 8,d4,scale_1.0_rot_180_flip_0,0.28718483448028564,0.2543156147003174,0.458499550819397
42,3,400 ppm 1 7,d4,scale_1.0_rot_180_flip_0,0.5421434044837952,0.2643517255783081,0.19350485503673553
42,3,400 ppm 3 8,d4,scale_1.0_rot_180_flip_0,0.4906548857688904,0.1361043006181717,0.37324079871177673
42,3,1000 ppm 4 10,d4,scale_1.0_rot_180_flip_0,0.06211128830909729,0.1816072165966034,0.7562814950942993
42,3,600 ppm 4 1,d4,scale_1.0_rot_180_flip_0,0.47258231043815613,0.06396295875310898,0.4634546935558319
42,3,400 ppm 4 2,d4,scale_1.0_rot_180_flip_0,0.2574103772640228,0.09637805074453354,0.646211564540863
42,3,1000 ppm 3 7,d4,scale_1.0_rot_180_flip_0,0.3883092403411865,0.40165090560913086,0.2100398987531662
42,3,800 ppm 4 1,d4,scale_1.0_rot_180_flip_0,0.11773788183927536,0.01449075061827898,0.8677713871002197
42,3,600 ppm 1 10,d4,scale_1.0_rot_180_flip_0,0.04174303635954857,0.06168116256594658,0.8965758085250854
42,3,400 ppm 5 4,d4,scale_1.0_rot_180_flip_0,0.6366941332817078,0.31117165088653564,0.052134253084659576
42,3,1000 ppm 1 10,d4,scale_1.0_rot_180_flip_0,0.005483153276145458,0.009764766320586205,0.9847521185874939
42,3,800 ppm 5 1,d4,scale_1.0_rot_180_flip_0,0.4353250563144684,0.12573331594467163,0.4389416575431824
42,3,1000 ppm 1 2,d4,scale_1.0_rot_180_flip_0,0.33680838346481323,0.4795747995376587,0.18361680209636688
42,3,800 ppm 4 10,d4,scale_1.0_rot_180_flip_0,0.5241053700447083,0.13399629294872284,0.3418983221054077
42,3,800 ppm 3 10,d4,scale_1.0_rot_180_flip_0,0.4640909433364868,0.1325065791606903,0.4034024477005005
42,3,600 ppm 4 2,d4,scale_1.0_rot_180_flip_0,0.14688993990421295,0.09513664245605469,0.7579733729362488
42,3,600 ppm 5 9,d4,scale_1.0_rot_180_flip_0,0.05663684755563736,0.024929359555244446,0.9184337854385376
42,3,600 ppm 4 3,d4,scale_1.0_rot_180_flip_0,0.34162402153015137,0.05048826336860657,0.6078877449035645
42,3,600 ppm 2 3,d4,scale_1.0_rot_180_flip_0,0.0789070799946785,0.1713065654039383,0.7497863173484802
42,3,400 ppm 1 8,d4,scale_1.0_rot_180_flip_0,0.2880847752094269,0.1760108768939972,0.5359043478965759
42,3,800 ppm 2 6,d4,scale_1.0_rot_180_flip_0,0.09811187535524368,0.048703886568546295,0.8531842231750488
42,3,400 ppm 3 3,d4,scale_1.0_rot_180_flip_0,0.8499944806098938,0.08259394019842148,0.0674116387963295
42,3,400 ppm 4 7,d4,scale_1.0_rot_180_flip_0,0.35683104395866394,0.34000253677368164,0.3031664490699768
42,3,400 ppm 1 1,d4,scale_1.0_rot_180_flip_0,0.7889373898506165,0.009888534434139729,0.20117402076721191
42,3,600 ppm 3 2,d4,scale_1.0_rot_180_flip_0,0.4947584569454193,0.1191907450556755,0.3860507607460022
42,3,400 ppm 2 5,d4,scale_1.0_rot_180_flip_0,0.5032822489738464,0.1827446073293686,0.31397315859794617
42,3,800 ppm 2 10,d4,scale_1.0_rot_180_flip_0,0.008938344195485115,0.01214562077075243,0.9789161086082458
42,3,400 ppm 2 6,d4,scale_1.0_rot_180_flip_0,0.3166261911392212,0.08236721903085709,0.6010065078735352
42,3,400 ppm 2 2,d4,scale_1.0_rot_180_flip_0,0.5285833477973938,0.06857524067163467,0.40284138917922974
42,3,800 ppm 1 3,d4,scale_1.0_rot_180_flip_0,0.16837170720100403,0.6540619134902954,0.17756636440753937
42,3,400 ppm 5 7,d4,scale_1.0_rot_180_flip_0,0.11361401528120041,0.07269790768623352,0.8136881589889526
42,3,1000 ppm 3 1,d4,scale_1.0_rot_180_flip_0,0.5155045986175537,0.40130242705345154,0.08319296687841415
42,3,1000 ppm 2 9,d4,scale_1.0_rot_180_flip_0,0.09063215553760529,0.13333801925182343,0.7760297656059265
42,3,1000 ppm 2 6,d4,scale_1.0_rot_180_flip_0,0.06328873336315155,0.03818826749920845,0.8985229134559631
42,3,400 ppm 2 1,d4,scale_1.0_rot_180_flip_0,0.4988716244697571,0.257472425699234,0.24365603923797607
42,3,800 ppm 4 2,d4,scale_1.0_rot_180_flip_0,0.02358616702258587,0.018070558086037636,0.9583433270454407
42,3,800 ppm 1 6,d4,scale_1.0_rot_180_flip_0,0.24449864029884338,0.36804041266441345,0.38746100664138794
42,3,800 ppm 4 3,d4,scale_1.0_rot_180_flip_0,0.17862971127033234,0.22991152107715607,0.5914587378501892
42,3,1000 ppm 5 5,d4,scale_1.0_rot_180_flip_0,0.09563227742910385,0.20479349792003632,0.6995742917060852
42,3,600 ppm 5 6,d4,scale_1.0_rot_180_flip_0,0.30133959650993347,0.08102481812238693,0.6176356077194214
42,3,400 ppm 5 3,d4,scale_1.0_rot_180_flip_0,0.3033844828605652,0.2928217649459839,0.4037938117980957
42,3,600 ppm 1 6,d4,scale_1.0_rot_180_flip_0,0.04777112230658531,0.04023493453860283,0.9119939804077148
42,3,1000 ppm 1 6,d4,scale_1.0_rot_180_flip_0,0.18723127245903015,0.1707366704940796,0.6420320868492126
42,3,800 ppm 5 2,d4,scale_1.0_rot_180_flip_0,0.040457069873809814,0.13930967450141907,0.8202332854270935
42,3,c 2,d4,scale_1.0_rot_180_flip_0,0.7955908179283142,0.031074611470103264,0.173334538936615
42,3,800 ppm 2 2,d4,scale_1.0_rot_180_flip_0,0.12148933857679367,0.05209618806838989,0.8264145255088806
42,3,400 ppm 5 9,d4,scale_1.0_rot_180_flip_0,0.020731789991259575,0.2374521791934967,0.7418160438537598
42,3,400 ppm 2 8,d4,scale_1.0_rot_180_flip_0,0.30414289236068726,0.16256913542747498,0.5332879424095154
42,3,400 ppm 1 4,d4,scale_1.0_rot_180_flip_0,0.07111462950706482,0.08051018416881561,0.848375141620636
42,3,1000 ppm 2 2,d4,scale_1.0_rot_180_flip_0,0.32452407479286194,0.1154957041144371,0.5599802732467651
42,3,400 ppm 5 6,d4,scale_1.0_rot_180_flip_1,0.7190269231796265,0.14598733186721802,0.13498574495315552
42,3,800 ppm 5 6,d4,scale_1.0_rot_180_flip_1,0.014121642336249352,0.055360157042741776,0.9305182695388794
42,3,800 ppm 1 8,d4,scale_1.0_rot_180_flip_1,0.22633342444896698,0.27911537885665894,0.4945511817932129
42,3,400 ppm 1 7,d4,scale_1.0_rot_180_flip_1,0.5794022679328918,0.26529234647750854,0.1553054302930832
42,3,400 ppm 3 8,d4,scale_1.0_rot_180_flip_1,0.5961992740631104,0.1050281822681427,0.2987726032733917
42,3,1000 ppm 4 10,d4,scale_1.0_rot_180_flip_1,0.09244854003190994,0.18210965394973755,0.7254417538642883
42,3,600 ppm 4 1,d4,scale_1.0_rot_180_flip_1,0.5345891714096069,0.04975955933332443,0.41565126180648804
42,3,400 ppm 4 2,d4,scale_1.0_rot_180_flip_1,0.24256066977977753,0.10277024656534195,0.6546690464019775
42,3,1000 ppm 3 7,d4,scale_1.0_rot_180_flip_1,0.3810470700263977,0.29953137040138245,0.31942158937454224
42,3,800 ppm 4 1,d4,scale_1.0_rot_180_flip_1,0.13420873880386353,0.012510647997260094,0.8532806634902954
42,3,600 ppm 1 10,d4,scale_1.0_rot_180_flip_1,0.05797736719250679,0.06994402408599854,0.8720785975456238
42,3,400 ppm 5 4,d4,scale_1.0_rot_180_flip_1,0.587547242641449,0.36510756611824036,0.04734519496560097
42,3,1000 ppm 1 10,d4,scale_1.0_rot_180_flip_1,0.005332789849489927,0.01066708005964756,0.9840001463890076
42,3,800 ppm 5 1,d4,scale_1.0_rot_180_flip_1,0.4815007448196411,0.1390191614627838,0.3794800937175751
42,3,1000 ppm 1 2,d4,scale_1.0_rot_180_flip_1,0.4176061451435089,0.43232491612434387,0.15006889402866364
42,3,800 ppm 4 10,d4,scale_1.0_rot_180_flip_1,0.5319539308547974,0.1349216103553772,0.33312445878982544
42,3,800 ppm 3 10,d4,scale_1.0_rot_180_flip_1,0.47737982869148254,0.12693724036216736,0.3956828713417053
42,3,600 ppm 4 2,d4,scale_1.0_rot_180_flip_1,0.06610824167728424,0.09768781065940857,0.836203932762146
42,3,600 ppm 5 9,d4,scale_1.0_rot_180_flip_1,0.044821273535490036,0.031669363379478455,0.9235092997550964
42,3,600 ppm 4 3,d4,scale_1.0_rot_180_flip_1,0.3008475601673126,0.04400051385164261,0.6551519632339478
42,3,600 ppm 2 3,d4,scale_1.0_rot_180_flip_1,0.11774613708257675,0.17020723223686218,0.7120466232299805
42,3,400 ppm 1 8,d4,scale_1.0_rot_180_flip_1,0.3010547161102295,0.16115663945674896,0.5377886891365051
42,3,800 ppm 2 6,d4,scale_1.0_rot_180_flip_1,0.11209739744663239,0.08132843673229218,0.8065741062164307
42,3,400 ppm 3 3,d4,scale_1.0_rot_180_flip_1,0.8357198238372803,0.0850110650062561,0.07926902920007706
42,3,400 ppm 4 7,d4,scale_1.0_rot_180_flip_1,0.30820316076278687,0.3530060350894928,0.33879077434539795
42,3,400 ppm 1 1,d4,scale_1.0_rot_180_flip_1,0.7526302337646484,0.012072565034031868,0.23529724776744843
42,3,600 ppm 3 2,d4,scale_1.0_rot_180_flip_1,0.4961608350276947,0.11293394863605499,0.3909052610397339
42,3,400 ppm 2 5,d4,scale_1.0_rot_180_flip_1,0.4374511241912842,0.2283637970685959,0.3341851234436035
42,3,800 ppm 2 10,d4,scale_1.0_rot_180_flip_1,0.012178400531411171,0.01398557424545288,0.9738359451293945
42,3,400 ppm 2 6,d4,scale_1.0_rot_180_flip_1,0.32795843482017517,0.08125069737434387,0.590790867805481
42,3,400 ppm 2 2,d4,scale_1.0_rot_180_flip_1,0.6910204291343689,0.06902797520160675,0.23995153605937958
42,3,800 ppm 1 3,d4,scale_1.0_rot_180_flip_1,0.17272339761257172,0.6812808513641357,0.14599572122097015
42,3,400 ppm 5 7,d4,scale_1.0_rot_180_flip_1,0.07866041362285614,0.06049758940935135,0.8608420491218567
42,3,1000 ppm 3 1,d4,scale_1.0_rot_180_flip_1,0.4708850383758545,0.4708428978919983,0.05827214941382408
42,3,1000 ppm 2 9,d4,scale_1.0_rot_180_flip_1,0.10575971007347107,0.21632598340511322,0.6779143214225769
42,3,1000 ppm 2 6,d4,scale_1.0_rot_180_flip_1,0.08415011316537857,0.039804182946681976,0.8760457634925842
42,3,400 ppm 2 1,d4,scale_1.0_rot_180_flip_1,0.5722994208335876,0.2359994351863861,0.19170115888118744
42,3,800 ppm 4 2,d4,scale_1.0_rot_180_flip_1,0.031564127653837204,0.019018467515707016,0.9494174122810364
42,3,800 ppm 1 6,d4,scale_1.0_rot_180_flip_1,0.1107640489935875,0.2766103148460388,0.6126255989074707
42,3,800 ppm 4 3,d4,scale_1.0_rot_180_flip_1,0.26938343048095703,0.24649463593959808,0.4841218590736389
42,3,1000 ppm 5 5,d4,scale_1.0_rot_180_flip_1,0.054360877722501755,0.15791969001293182,0.7877193689346313
42,3,600 ppm 5 6,d4,scale_1.0_rot_180_flip_1,0.34047624468803406,0.07596149295568466,0.5835622549057007
42,3,400 ppm 5 3,d4,scale_1.0_rot_180_flip_1,0.32621708512306213,0.30430006980895996,0.3694828152656555
42,3,600 ppm 1 6,d4,scale_1.0_rot_180_flip_1,0.052958495914936066,0.054639630019664764,0.8924018740653992
42,3,1000 ppm 1 6,d4,scale_1.0_rot_180_flip_1,0.22874465584754944,0.14331494271755219,0.6279403567314148
42,3,800 ppm 5 2,d4,scale_1.0_rot_180_flip_1,0.052876073867082596,0.14289183914661407,0.804232120513916
42,3,c 2,d4,scale_1.0_rot_180_flip_1,0.717522382736206,0.04870304837822914,0.2337745875120163
42,3,800 ppm 2 2,d4,scale_1.0_rot_180_flip_1,0.3824285864830017,0.0556529238820076,0.5619184970855713
42,3,400 ppm 5 9,d4,scale_1.0_rot_180_flip_1,0.01732240989804268,0.31048262119293213,0.6721949577331543
42,3,400 ppm 2 8,d4,scale_1.0_rot_180_flip_1,0.358683705329895,0.13509279489517212,0.5062234997749329
42,3,400 ppm 1 4,d4,scale_1.0_rot_180_flip_1,0.1542564332485199,0.13620631396770477,0.7095372676849365
42,3,1000 ppm 2 2,d4,scale_1.0_rot_180_flip_1,0.3170103132724762,0.08966141939163208,0.5933282971382141
42,3,400 ppm 5 6,d4,scale_1.0_rot_270_flip_0,0.4661044180393219,0.3787110149860382,0.15518461167812347
42,3,800 ppm 5 6,d4,scale_1.0_rot_270_flip_0,0.010204073041677475,0.031205572187900543,0.9585903882980347
42,3,800 ppm 1 8,d4,scale_1.0_rot_270_flip_0,0.20022785663604736,0.12079161405563354,0.6789804697036743
42,3,400 ppm 1 7,d4,scale_1.0_rot_270_flip_0,0.22487346827983856,0.21931645274162292,0.5558100938796997
42,3,400 ppm 3 8,d4,scale_1.0_rot_270_flip_0,0.5255868434906006,0.17999471724033356,0.29441848397254944
42,3,1000 ppm 4 10,d4,scale_1.0_rot_270_flip_0,0.12303487211465836,0.3193061947822571,0.5576589107513428
42,3,600 ppm 4 1,d4,scale_1.0_rot_270_flip_0,0.6634368896484375,0.16961027681827545,0.16695280373096466
42,3,400 ppm 4 2,d4,scale_1.0_rot_270_flip_0,0.16764448583126068,0.08088237047195435,0.7514731884002686
42,3,1000 ppm 3 7,d4,scale_1.0_rot_270_flip_0,0.2738334834575653,0.5036933422088623,0.22247318923473358
42,3,800 ppm 4 1,d4,scale_1.0_rot_270_flip_0,0.033315666019916534,0.003950781188905239,0.9627336263656616
42,3,600 ppm 1 10,d4,scale_1.0_rot_270_flip_0,0.07039240747690201,0.06263379007577896,0.8669738173484802
42,3,400 ppm 5 4,d4,scale_1.0_rot_270_flip_0,0.3753880560398102,0.3977218568325043,0.22689013183116913
42,3,1000 ppm 1 10,d4,scale_1.0_rot_270_flip_0,0.009558052755892277,0.01417470257729292,0.9762671589851379
42,3,800 ppm 5 1,d4,scale_1.0_rot_270_flip_0,0.4550243616104126,0.136708065867424,0.4082675576210022
42,3,1000 ppm 1 2,d4,scale_1.0_rot_270_flip_0,0.25899553298950195,0.3506444990634918,0.390360027551651
42,3,800 ppm 4 10,d4,scale_1.0_rot_270_flip_0,0.3536570966243744,0.35151827335357666,0.2948245704174042
42,3,800 ppm 3 10,d4,scale_1.0_rot_270_flip_0,0.4348812401294708,0.27253246307373047,0.2925862967967987
42,3,600 ppm 4 2,d4,scale_1.0_rot_270_flip_0,0.10698460042476654,0.18090443313121796,0.7121109366416931
42,3,600 ppm 5 9,d4,scale_1.0_rot_270_flip_0,0.02328016422688961,0.02216232568025589,0.954557478427887
42,3,600 ppm 4 3,d4,scale_1.0_rot_270_flip_0,0.4040068984031677,0.07659542560577393,0.5193976759910583
42,3,600 ppm 2 3,d4,scale_1.0_rot_270_flip_0,0.10048094391822815,0.10851768404245377,0.7910014390945435
42,3,400 ppm 1 8,d4,scale_1.0_rot_270_flip_0,0.17176179587841034,0.14560380578041077,0.6826344132423401
42,3,800 ppm 2 6,d4,scale_1.0_rot_270_flip_0,0.12390990555286407,0.08916352689266205,0.7869265675544739
42,3,400 ppm 3 3,d4,scale_1.0_rot_270_flip_0,0.679568886756897,0.17031651735305786,0.1501145362854004
42,3,400 ppm 4 7,d4,scale_1.0_rot_270_flip_0,0.4821726381778717,0.333538681268692,0.1842886507511139
42,3,400 ppm 1 1,d4,scale_1.0_rot_270_flip_0,0.7300652861595154,0.0207329373806715,0.24920180439949036
42,3,600 ppm 3 2,d4,scale_1.0_rot_270_flip_0,0.40335726737976074,0.22224316000938416,0.3743996024131775
42,3,400 ppm 2 5,d4,scale_1.0_rot_270_flip_0,0.5645081400871277,0.17532430589199066,0.26016759872436523
42,3,800 ppm 2 10,d4,scale_1.0_rot_270_flip_0,0.03842766210436821,0.034476589411497116,0.9270957708358765
42,3,400 ppm 2 6,d4,scale_1.0_rot_270_flip_0,0.29157009720802307,0.18392665684223175,0.524503231048584
42,3,400 ppm 2 2,d4,scale_1.0_rot_270_flip_0,0.7887760996818542,0.061736222356557846,0.14948758482933044
42,3,800 ppm 1 3,d4,scale_1.0_rot_270_flip_0,0.08471609652042389,0.44077005982398987,0.47451385855674744
42,3,400 ppm 5 7,d4,scale_1.0_rot_270_flip_0,0.1735016256570816,0.07318106293678284,0.7533172965049744
42,3,1000 ppm 3 1,d4,scale_1.0_rot_270_flip_0,0.2940126657485962,0.3034552037715912,0.4025321304798126
42,3,1000 ppm 2 9,d4,scale_1.0_rot_270_flip_0,0.036333389580249786,0.28044089674949646,0.6832258105278015
42,3,1000 ppm 2 6,d4,scale_1.0_rot_270_flip_0,0.05416123941540718,0.04805274307727814,0.897786021232605
42,3,400 ppm 2 1,d4,scale_1.0_rot_270_flip_0,0.34038132429122925,0.33705565333366394,0.3225630223751068
42,3,800 ppm 4 2,d4,scale_1.0_rot_270_flip_0,0.023753980174660683,0.010460102930665016,0.9657859206199646
42,3,800 ppm 1 6,d4,scale_1.0_rot_270_flip_0,0.22599387168884277,0.4980942904949188,0.2759118676185608
42,3,800 ppm 4 3,d4,scale_1.0_rot_270_flip_0,0.1581321358680725,0.19495037198066711,0.6469174027442932
42,3,1000 ppm 5 5,d4,scale_1.0_rot_270_flip_0,0.10716769844293594,0.23003944754600525,0.6627928614616394
42,3,600 ppm 5 6,d4,scale_1.0_rot_270_flip_0,0.2226957231760025,0.13692466914653778,0.6403796076774597
42,3,400 ppm 5 3,d4,scale_1.0_rot_270_flip_0,0.6781491637229919,0.22899582982063293,0.09285498410463333
42,3,600 ppm 1 6,d4,scale_1.0_rot_270_flip_0,0.042528845369815826,0.13661150634288788,0.8208596706390381
42,3,1000 ppm 1 6,d4,scale_1.0_rot_270_flip_0,0.30161046981811523,0.336758553981781,0.361630916595459
42,3,800 ppm 5 2,d4,scale_1.0_rot_270_flip_0,0.06034184247255325,0.2578243315219879,0.681833803653717
42,3,c 2,d4,scale_1.0_rot_270_flip_0,0.784576416015625,0.0860147550702095,0.1294088214635849
42,3,800 ppm 2 2,d4,scale_1.0_rot_270_flip_0,0.4101782739162445,0.1269945353269577,0.462827205657959
42,3,400 ppm 5 9,d4,scale_1.0_rot_270_flip_0,0.006799411028623581,0.11117538064718246,0.8820251822471619
42,3,400 ppm 2 8,d4,scale_1.0_rot_270_flip_0,0.22333692014217377,0.17635798454284668,0.6003050804138184
42,3,400 ppm 1 4,d4,scale_1.0_rot_270_flip_0,0.10996311157941818,0.1192730963230133,0.7707637548446655
42,3,1000 ppm 2 2,d4,scale_1.0_rot_270_flip_0,0.4794648587703705,0.2084054946899414,0.31212958693504333
42,3,400 ppm 5 6,d4,scale_1.0_rot_270_flip_1,0.4611663222312927,0.4145422577857971,0.12429141253232956
42,3,800 ppm 5 6,d4,scale_1.0_rot_270_flip_1,0.011027420870959759,0.047655411064624786,0.9413171410560608
42,3,800 ppm 1 8,d4,scale_1.0_rot_270_flip_1,0.14817850291728973,0.12522883713245392,0.7265927195549011
42,3,400 ppm 1 7,d4,scale_1.0_rot_270_flip_1,0.30213606357574463,0.2235231101512909,0.47434085607528687
42,3,400 ppm 3 8,d4,scale_1.0_rot_270_flip_1,0.5619602799415588,0.13203582167625427,0.30600395798683167
42,3,1000 ppm 4 10,d4,scale_1.0_rot_270_flip_1,0.08461333811283112,0.24575911462306976,0.6696275472640991
42,3,600 ppm 4 1,d4,scale_1.0_rot_270_flip_1,0.5557637810707092,0.22843007743358612,0.21580617129802704
42,3,400 ppm 4 2,d4,scale_1.0_rot_270_flip_1,0.18353262543678284,0.052814334630966187,0.763653039932251
42,3,1000 ppm 3 7,d4,scale_1.0_rot_270_flip_1,0.24760469794273376,0.5225160717964172,0.22987918555736542
42,3,800 ppm 4 1,d4,scale_1.0_rot_270_flip_1,0.041570670902729034,0.0040416172705590725,0.9543877243995667
42,3,600 ppm 1 10,d4,scale_1.0_rot_270_flip_1,0.04610486328601837,0.06677604466676712,0.8871191143989563
42,3,400 ppm 5 4,d4,scale_1.0_rot_270_flip_1,0.5015930533409119,0.24077916145324707,0.25762784481048584
42,3,1000 ppm 1 10,d4,scale_1.0_rot_270_flip_1,0.007970619946718216,0.013525355607271194,0.9785041213035583
42,3,800 ppm 5 1,d4,scale_1.0_rot_270_flip_1,0.5181149244308472,0.15299978852272034,0.3288852274417877
42,3,1000 ppm 1 2,d4,scale_1.0_rot_270_flip_1,0.1734275370836258,0.38968992233276367,0.43688249588012695
42,3,800 ppm 4 10,d4,scale_1.0_rot_270_flip_1,0.35622286796569824,0.27455049753189087,0.3692265748977661
42,3,800 ppm 3 10,d4,scale_1.0_rot_270_flip_1,0.5015892386436462,0.2764838933944702,0.22192688286304474
42,3,600 ppm 4 2,d4,scale_1.0_rot_270_flip_1,0.08630917966365814,0.17020182311534882,0.7434890270233154
42,3,600 ppm 5 9,d4,scale_1.0_rot_270_flip_1,0.054165735840797424,0.04140240326523781,0.904431939125061
42,3,600 ppm 4 3,d4,scale_1.0_rot_270_flip_1,0.4245370626449585,0.09744080156087875,0.47802209854125977
42,3,600 ppm 2 3,d4,scale_1.0_rot_270_flip_1,0.05536923557519913,0.06064629554748535,0.883984386920929
42,3,400 ppm 1 8,d4,scale_1.0_rot_270_flip_1,0.18500448763370514,0.11372654885053635,0.7012689709663391
42,3,800 ppm 2 6,d4,scale_1.0_rot_270_flip_1,0.09376754611730576,0.0966983437538147,0.8095341324806213
42,3,400 ppm 3 3,d4,scale_1.0_rot_270_flip_1,0.6975427269935608,0.18357667326927185,0.11888059228658676
42,3,400 ppm 4 7,d4,scale_1.0_rot_270_flip_1,0.5221463441848755,0.30338990688323975,0.17446371912956238
42,3,400 ppm 1 1,d4,scale_1.0_rot_270_flip_1,0.7441806793212891,0.02245444431900978,0.23336480557918549
42,3,600 ppm 3 2,d4,scale_1.0_rot_270_flip_1,0.30904728174209595,0.22012683749198914,0.4708259105682373
42,3,400 ppm 2 5,d4,scale_1.0_rot_270_flip_1,0.565754771232605,0.15615539252758026,0.2780897915363312
42,3,800 ppm 2 10,d4,scale_1.0_rot_270_flip_1,0.03027545101940632,0.025444868952035904,0.9442797303199768
42,3,400 ppm 2 6,d4,scale_1.0_rot_270_flip_1,0.29166901111602783,0.21643400192260742,0.49189701676368713
42,3,400 ppm 2 2,d4,scale_1.0_rot_270_flip_1,0.7392278909683228,0.059394970536231995,0.20137716829776764
42,3,800 ppm 1 3,d4,scale_1.0_rot_270_flip_1,0.06152258440852165,0.48289698362350464,0.45558053255081177
42,3,400 ppm 5 7,d4,scale_1.0_rot_270_flip_1,0.20808221399784088,0.11020571738481522,0.6817120313644409
42,3,1000 ppm 3 1,d4,scale_1.0_rot_270_flip_1,0.2169565111398697,0.3658839762210846,0.41715946793556213
42,3,1000 ppm 2 9,d4,scale_1.0_rot_270_flip_1,0.038023997098207474,0.2892005741596222,0.6727754473686218
42,3,1000 ppm 2 6,d4,scale_1.0_rot_270_flip_1,0.035411614924669266,0.03134745731949806,0.9332409501075745
42,3,400 ppm 2 1,d4,scale_1.0_rot_270_flip_1,0.48435381054878235,0.32688000798225403,0.18876616656780243
42,3,800 ppm 4 2,d4,scale_1.0_rot_270_flip_1,0.025865135714411736,0.014372321777045727,0.9597625732421875
42,3,800 ppm 1 6,d4,scale_1.0_rot_270_flip_1,0.1809697449207306,0.5066927671432495,0.3123374581336975
42,3,800 ppm 4 3,d4,scale_1.0_rot_270_flip_1,0.1881207376718521,0.2512950003147125,0.560584306716919
42,3,1000 ppm 5 5,d4,scale_1.0_rot_270_flip_1,0.08088170737028122,0.15049980580806732,0.7686184644699097
42,3,600 ppm 5 6,d4,scale_1.0_rot_270_flip_1,0.18120057880878448,0.1307310312986374,0.6880684494972229
42,3,400 ppm 5 3,d4,scale_1.0_rot_270_flip_1,0.5734808444976807,0.31291061639785767,0.11360849440097809
42,3,600 ppm 1 6,d4,scale_1.0_rot_270_flip_1,0.04054701328277588,0.1292582005262375,0.8301947116851807
42,3,1000 ppm 1 6,d4,scale_1.0_rot_270_flip_1,0.15755392611026764,0.35757461190223694,0.4848714768886566
42,3,800 ppm 5 2,d4,scale_1.0_rot_270_flip_1,0.04901638627052307,0.2736978530883789,0.6772857308387756
42,3,c 2,d4,scale_1.0_rot_270_flip_1,0.8061034679412842,0.07907106727361679,0.11482539027929306
42,3,800 ppm 2 2,d4,scale_1.0_rot_270_flip_1,0.4447476267814636,0.12522363662719727,0.4300287365913391
42,3,400 ppm 5 9,d4,scale_1.0_rot_270_flip_1,0.009725584648549557,0.09238175302743912,0.8978926539421082
42,3,400 ppm 2 8,d4,scale_1.0_rot_270_flip_1,0.18547233939170837,0.1415131688117981,0.6730144619941711
42,3,400 ppm 1 4,d4,scale_1.0_rot_270_flip_1,0.11066459119319916,0.11986303329467773,0.7694723010063171
42,3,1000 ppm 2 2,d4,scale_1.0_rot_270_flip_1,0.4426131546497345,0.206102654337883,0.3512841761112213
42,4,1000 ppm 1 3,single,scale_1.0_rot_0_flip_0,0.24300672113895416,0.18351131677627563,0.5734819769859314
42,4,400 ppm 4 6,single,scale_1.0_rot_0_flip_0,0.5082920789718628,0.42435306310653687,0.06735487282276154
42,4,600 ppm 3 1,single,scale_1.0_rot_0_flip_0,0.48975762724876404,0.15836113691329956,0.3518812358379364
42,4,400 ppm 3 5,single,scale_1.0_rot_0_flip_0,0.6201661229133606,0.2723385691642761,0.1074952632188797
42,4,c 10,single,scale_1.0_rot_0_flip_0,0.9356521368026733,0.038948576897382736,0.025399338454008102
42,4,400 ppm 1 2,single,scale_1.0_rot_0_flip_0,0.4029005467891693,0.4207882285118103,0.176311194896698
42,4,800 ppm 2 4,single,scale_1.0_rot_0_flip_0,0.13004076480865479,0.856896162033081,0.013063046149909496
42,4,800 ppm 5 4,single,scale_1.0_rot_0_flip_0,0.30937159061431885,0.22434015572071075,0.4662882685661316
42,4,1000 ppm 1 4,single,scale_1.0_rot_0_flip_0,0.16577094793319702,0.38696029782295227,0.4472687542438507
42,4,1000 ppm 4 2,single,scale_1.0_rot_0_flip_0,0.5220931172370911,0.0901978388428688,0.3877091109752655
42,4,400 ppm 2 3,single,scale_1.0_rot_0_flip_0,0.7346935272216797,0.2426554411649704,0.022651074454188347
42,4,600 ppm 1 3,single,scale_1.0_rot_0_flip_0,0.4661282002925873,0.44442373514175415,0.08944804221391678
42,4,400 ppm 5 5,single,scale_1.0_rot_0_flip_0,0.26546961069107056,0.04091086611151695,0.6936195492744446
42,4,800 ppm 3 7,single,scale_1.0_rot_0_flip_0,0.4004003405570984,0.223155215382576,0.37644439935684204
42,4,400 ppm 1 9,single,scale_1.0_rot_0_flip_0,0.4046047031879425,0.07471238821744919,0.5206828713417053
42,4,800 ppm 5 3,single,scale_1.0_rot_0_flip_0,0.15859881043434143,0.40450069308280945,0.43690046668052673
42,4,800 ppm 3 6,single,scale_1.0_rot_0_flip_0,0.6216498613357544,0.26256054639816284,0.11578953266143799
42,4,1000 ppm 4 8,single,scale_1.0_rot_0_flip_0,0.04366658627986908,0.07871755212545395,0.8776158690452576
42,4,800 ppm 4 8,single,scale_1.0_rot_0_flip_0,0.6886728405952454,0.2263888269662857,0.08493832498788834
42,4,400 ppm 4 9,single,scale_1.0_rot_0_flip_0,0.2662335932254791,0.4741729497909546,0.2595934271812439
42,4,c 7,single,scale_1.0_rot_0_flip_0,0.9156786203384399,0.06702453643083572,0.017296908423304558
42,4,800 ppm 1 5,single,scale_1.0_rot_0_flip_0,0.2125222533941269,0.3527642786502838,0.4347134530544281
42,4,600 ppm 2 7,single,scale_1.0_rot_0_flip_0,0.3688587248325348,0.0992906242609024,0.5318506360054016
42,4,600 ppm 1 7,single,scale_1.0_rot_0_flip_0,0.764959454536438,0.16643092036247253,0.06860960274934769
42,4,1000 ppm 3 6,single,scale_1.0_rot_0_flip_0,0.3678593039512634,0.1754695177078247,0.4566711187362671
42,4,1000 ppm 1 9,single,scale_1.0_rot_0_flip_0,0.1235775277018547,0.11672068387269974,0.7597017884254456
42,4,800 ppm 2 7,single,scale_1.0_rot_0_flip_0,0.007568959146738052,0.015331230126321316,0.9770997762680054
42,4,800 ppm 3 2,single,scale_1.0_rot_0_flip_0,0.6263126730918884,0.2522672712802887,0.1214199885725975
42,4,1000 ppm 4 6,single,scale_1.0_rot_0_flip_0,0.3129141628742218,0.09217619150876999,0.59490966796875
42,4,600 ppm 1 4,single,scale_1.0_rot_0_flip_0,0.30275997519493103,0.6860568523406982,0.011183129623532295
42,4,600 ppm 3 10,single,scale_1.0_rot_0_flip_0,0.6649880409240723,0.2810804545879364,0.05393146723508835
42,4,600 ppm 5 8,single,scale_1.0_rot_0_flip_0,0.6432216167449951,0.3452285826206207,0.011549795046448708
42,4,c 5,single,scale_1.0_rot_0_flip_0,0.8153550624847412,0.10875535011291504,0.07588963955640793
42,4,600 ppm 3 9,single,scale_1.0_rot_0_flip_0,0.8661324381828308,0.11800579726696014,0.015861710533499718
42,4,1000 ppm 5 10,single,scale_1.0_rot_0_flip_0,0.048713523894548416,0.12354040145874023,0.8277461528778076
42,4,600 ppm 5 1,single,scale_1.0_rot_0_flip_0,0.8967306017875671,0.08884178102016449,0.014427730813622475
42,4,600 ppm 1 1,single,scale_1.0_rot_0_flip_0,0.6291531920433044,0.3128785192966461,0.05796824395656586
42,4,800 ppm 5 10,single,scale_1.0_rot_0_flip_0,0.7791621685028076,0.1669340282678604,0.05390385910868645
42,4,400 ppm 4 5,single,scale_1.0_rot_0_flip_0,0.6681301593780518,0.2642987370491028,0.06757113337516785
42,4,600 ppm 3 8,single,scale_1.0_rot_0_flip_0,0.5433604717254639,0.2661623954772949,0.19047711789608002
42,4,800 ppm 3 8,single,scale_1.0_rot_0_flip_0,0.7876225113868713,0.2050144523382187,0.007362967357039452
42,4,1000 ppm 5 6,single,scale_1.0_rot_0_flip_0,0.41460156440734863,0.34062859416007996,0.24476981163024902
42,4,600 ppm 4 8,single,scale_1.0_rot_0_flip_0,0.280852347612381,0.29829975962638855,0.4208478033542633
42,4,800 ppm 3 5,single,scale_1.0_rot_0_flip_0,0.7880743145942688,0.10097862780094147,0.11094706505537033
42,4,400 ppm 3 1,single,scale_1.0_rot_0_flip_0,0.8740658164024353,0.12234010547399521,0.0035940383095294237
42,4,400 ppm 3 6,single,scale_1.0_rot_0_flip_0,0.8691919445991516,0.10933749377727509,0.021470535546541214
42,4,600 ppm 4 10,single,scale_1.0_rot_0_flip_0,0.815667450428009,0.13229654729366302,0.05203600227832794
42,4,1000 ppm 4 1,single,scale_1.0_rot_0_flip_0,0.15897445380687714,0.15148955583572388,0.6895359754562378
42,4,400 ppm 4 10,single,scale_1.0_rot_0_flip_0,0.3574551045894623,0.5707416534423828,0.07180321216583252
42,4,600 ppm 3 3,single,scale_1.0_rot_0_flip_0,0.4526664912700653,0.16910339891910553,0.37823009490966797
42,4,400 ppm 3 4,single,scale_1.0_rot_0_flip_0,0.5158645510673523,0.34755170345306396,0.13658376038074493
42,4,1000 ppm 2 3,single,scale_1.0_rot_0_flip_0,0.5883648991584778,0.36533379554748535,0.046301282942295074
42,4,1000 ppm 1 3,d4,scale_1.0_rot_0_flip_0,0.24300672113895416,0.18351131677627563,0.5734819769859314
42,4,400 ppm 4 6,d4,scale_1.0_rot_0_flip_0,0.5082920789718628,0.42435306310653687,0.06735487282276154
42,4,600 ppm 3 1,d4,scale_1.0_rot_0_flip_0,0.48975762724876404,0.15836113691329956,0.3518812358379364
42,4,400 ppm 3 5,d4,scale_1.0_rot_0_flip_0,0.6201661229133606,0.2723385691642761,0.1074952632188797
42,4,c 10,d4,scale_1.0_rot_0_flip_0,0.9356521368026733,0.038948576897382736,0.025399338454008102
42,4,400 ppm 1 2,d4,scale_1.0_rot_0_flip_0,0.4029005467891693,0.4207882285118103,0.176311194896698
42,4,800 ppm 2 4,d4,scale_1.0_rot_0_flip_0,0.13004076480865479,0.856896162033081,0.013063046149909496
42,4,800 ppm 5 4,d4,scale_1.0_rot_0_flip_0,0.30937159061431885,0.22434015572071075,0.4662882685661316
42,4,1000 ppm 1 4,d4,scale_1.0_rot_0_flip_0,0.16577094793319702,0.38696029782295227,0.4472687542438507
42,4,1000 ppm 4 2,d4,scale_1.0_rot_0_flip_0,0.5220931172370911,0.0901978388428688,0.3877091109752655
42,4,400 ppm 2 3,d4,scale_1.0_rot_0_flip_0,0.7346935272216797,0.2426554411649704,0.022651074454188347
42,4,600 ppm 1 3,d4,scale_1.0_rot_0_flip_0,0.4661282002925873,0.44442373514175415,0.08944804221391678
42,4,400 ppm 5 5,d4,scale_1.0_rot_0_flip_0,0.26546961069107056,0.04091086611151695,0.6936195492744446
42,4,800 ppm 3 7,d4,scale_1.0_rot_0_flip_0,0.4004003405570984,0.223155215382576,0.37644439935684204
42,4,400 ppm 1 9,d4,scale_1.0_rot_0_flip_0,0.4046047031879425,0.07471238821744919,0.5206828713417053
42,4,800 ppm 5 3,d4,scale_1.0_rot_0_flip_0,0.15859881043434143,0.40450069308280945,0.43690046668052673
42,4,800 ppm 3 6,d4,scale_1.0_rot_0_flip_0,0.6216498613357544,0.26256054639816284,0.11578953266143799
42,4,1000 ppm 4 8,d4,scale_1.0_rot_0_flip_0,0.04366658627986908,0.07871755212545395,0.8776158690452576
42,4,800 ppm 4 8,d4,scale_1.0_rot_0_flip_0,0.6886728405952454,0.2263888269662857,0.08493832498788834
42,4,400 ppm 4 9,d4,scale_1.0_rot_0_flip_0,0.2662335932254791,0.4741729497909546,0.2595934271812439
42,4,c 7,d4,scale_1.0_rot_0_flip_0,0.9156786203384399,0.06702453643083572,0.017296908423304558
42,4,800 ppm 1 5,d4,scale_1.0_rot_0_flip_0,0.2125222533941269,0.3527642786502838,0.4347134530544281
42,4,600 ppm 2 7,d4,scale_1.0_rot_0_flip_0,0.3688587248325348,0.0992906242609024,0.5318506360054016
42,4,600 ppm 1 7,d4,scale_1.0_rot_0_flip_0,0.764959454536438,0.16643092036247253,0.06860960274934769
42,4,1000 ppm 3 6,d4,scale_1.0_rot_0_flip_0,0.3678593039512634,0.1754695177078247,0.4566711187362671
42,4,1000 ppm 1 9,d4,scale_1.0_rot_0_flip_0,0.1235775277018547,0.11672068387269974,0.7597017884254456
42,4,800 ppm 2 7,d4,scale_1.0_rot_0_flip_0,0.007568959146738052,0.015331230126321316,0.9770997762680054
42,4,800 ppm 3 2,d4,scale_1.0_rot_0_flip_0,0.6263126730918884,0.2522672712802887,0.1214199885725975
42,4,1000 ppm 4 6,d4,scale_1.0_rot_0_flip_0,0.3129141628742218,0.09217619150876999,0.59490966796875
42,4,600 ppm 1 4,d4,scale_1.0_rot_0_flip_0,0.30275997519493103,0.6860568523406982,0.011183129623532295
42,4,600 ppm 3 10,d4,scale_1.0_rot_0_flip_0,0.6649880409240723,0.2810804545879364,0.05393146723508835
42,4,600 ppm 5 8,d4,scale_1.0_rot_0_flip_0,0.6432216167449951,0.3452285826206207,0.011549795046448708
42,4,c 5,d4,scale_1.0_rot_0_flip_0,0.8153550624847412,0.10875535011291504,0.07588963955640793
42,4,600 ppm 3 9,d4,scale_1.0_rot_0_flip_0,0.8661324381828308,0.11800579726696014,0.015861710533499718
42,4,1000 ppm 5 10,d4,scale_1.0_rot_0_flip_0,0.048713523894548416,0.12354040145874023,0.8277461528778076
42,4,600 ppm 5 1,d4,scale_1.0_rot_0_flip_0,0.8967306017875671,0.08884178102016449,0.014427730813622475
42,4,600 ppm 1 1,d4,scale_1.0_rot_0_flip_0,0.6291531920433044,0.3128785192966461,0.05796824395656586
42,4,800 ppm 5 10,d4,scale_1.0_rot_0_flip_0,0.7791621685028076,0.1669340282678604,0.05390385910868645
42,4,400 ppm 4 5,d4,scale_1.0_rot_0_flip_0,0.6681301593780518,0.2642987370491028,0.06757113337516785
42,4,600 ppm 3 8,d4,scale_1.0_rot_0_flip_0,0.5433604717254639,0.2661623954772949,0.19047711789608002
42,4,800 ppm 3 8,d4,scale_1.0_rot_0_flip_0,0.7876225113868713,0.2050144523382187,0.007362967357039452
42,4,1000 ppm 5 6,d4,scale_1.0_rot_0_flip_0,0.41460156440734863,0.34062859416007996,0.24476981163024902
42,4,600 ppm 4 8,d4,scale_1.0_rot_0_flip_0,0.280852347612381,0.29829975962638855,0.4208478033542633
42,4,800 ppm 3 5,d4,scale_1.0_rot_0_flip_0,0.7880743145942688,0.10097862780094147,0.11094706505537033
42,4,400 ppm 3 1,d4,scale_1.0_rot_0_flip_0,0.8740658164024353,0.12234010547399521,0.0035940383095294237
42,4,400 ppm 3 6,d4,scale_1.0_rot_0_flip_0,0.8691919445991516,0.10933749377727509,0.021470535546541214
42,4,600 ppm 4 10,d4,scale_1.0_rot_0_flip_0,0.815667450428009,0.13229654729366302,0.05203600227832794
42,4,1000 ppm 4 1,d4,scale_1.0_rot_0_flip_0,0.15897445380687714,0.15148955583572388,0.6895359754562378
42,4,400 ppm 4 10,d4,scale_1.0_rot_0_flip_0,0.3574551045894623,0.5707416534423828,0.07180321216583252
42,4,600 ppm 3 3,d4,scale_1.0_rot_0_flip_0,0.4526664912700653,0.16910339891910553,0.37823009490966797
42,4,400 ppm 3 4,d4,scale_1.0_rot_0_flip_0,0.5158645510673523,0.34755170345306396,0.13658376038074493
42,4,1000 ppm 2 3,d4,scale_1.0_rot_0_flip_0,0.5883648991584778,0.36533379554748535,0.046301282942295074
42,4,1000 ppm 1 3,d4,scale_1.0_rot_0_flip_1,0.12856613099575043,0.11005385220050812,0.7613800168037415
42,4,400 ppm 4 6,d4,scale_1.0_rot_0_flip_1,0.563213050365448,0.378121942281723,0.058665066957473755
42,4,600 ppm 3 1,d4,scale_1.0_rot_0_flip_1,0.4697330892086029,0.14830198884010315,0.38196495175361633
42,4,400 ppm 3 5,d4,scale_1.0_rot_0_flip_1,0.7179282903671265,0.18613526225090027,0.09593641012907028
42,4,c 10,d4,scale_1.0_rot_0_flip_1,0.9631280899047852,0.026403222233057022,0.010468623600900173
42,4,400 ppm 1 2,d4,scale_1.0_rot_0_flip_1,0.348457008600235,0.45378953218460083,0.19775351881980896
42,4,800 ppm 2 4,d4,scale_1.0_rot_0_flip_1,0.10038425773382187,0.8842602372169495,0.015355480834841728
42,4,800 ppm 5 4,d4,scale_1.0_rot_0_flip_1,0.3435773551464081,0.23262394964694977,0.42379873991012573
42,4,1000 ppm 1 4,d4,scale_1.0_rot_0_flip_1,0.10058373957872391,0.35698455572128296,0.5424317121505737
42,4,1000 ppm 4 2,d4,scale_1.0_rot_0_flip_1,0.41475555300712585,0.12877003848552704,0.4564744532108307
42,4,400 ppm 2 3,d4,scale_1.0_rot_0_flip_1,0.5771794319152832,0.3866666555404663,0.03615390136837959
42,4,600 ppm 1 3,d4,scale_1.0_rot_0_flip_1,0.45839789509773254,0.43999847769737244,0.10160360485315323
42,4,400 ppm 5 5,d4,scale_1.0_rot_0_flip_1,0.3981628715991974,0.044310834258794785,0.5575263500213623
42,4,800 ppm 3 7,d4,scale_1.0_rot_0_flip_1,0.34656205773353577,0.21474280953407288,0.43869516253471375
42,4,400 ppm 1 9,d4,scale_1.0_rot_0_flip_1,0.3198806047439575,0.06029331311583519,0.6198261380195618
42,4,800 ppm 5 3,d4,scale_1.0_rot_0_flip_1,0.11272312700748444,0.3378283381462097,0.549448549747467
42,4,800 ppm 3 6,d4,scale_1.0_rot_0_flip_1,0.6099333763122559,0.26505666971206665,0.12500989437103271
42,4,1000 ppm 4 8,d4,scale_1.0_rot_0_flip_1,0.03620496764779091,0.07798715680837631,0.8858079314231873
42,4,800 ppm 4 8,d4,scale_1.0_rot_0_flip_1,0.7188348174095154,0.18037240207195282,0.10079281032085419
42,4,400 ppm 4 9,d4,scale_1.0_rot_0_flip_1,0.17296582460403442,0.5403537750244141,0.2866803705692291
42,4,c 7,d4,scale_1.0_rot_0_flip_1,0.9107293486595154,0.06888541579246521,0.02038513869047165
42,4,800 ppm 1 5,d4,scale_1.0_rot_0_flip_1,0.19268740713596344,0.31062406301498413,0.496688574552536
42,4,600 ppm 2 7,d4,scale_1.0_rot_0_flip_1,0.3473416566848755,0.11665478348731995,0.5360035300254822
42,4,600 ppm 1 7,d4,scale_1.0_rot_0_flip_1,0.7027084827423096,0.22299310564994812,0.07429841160774231
42,4,1000 ppm 3 6,d4,scale_1.0_rot_0_flip_1,0.4743909537792206,0.1516038477420807,0.37400516867637634
42,4,1000 ppm 1 9,d4,scale_1.0_rot_0_flip_1,0.12333136796951294,0.13384471833705902,0.7428238987922668
42,4,800 ppm 2 7,d4,scale_1.0_rot_0_flip_1,0.009823882952332497,0.019750051200389862,0.9704261422157288
42,4,800 ppm 3 2,d4,scale_1.0_rot_0_flip_1,0.6102607250213623,0.26132282614707947,0.12841643393039703
42,4,1000 ppm 4 6,d4,scale_1.0_rot_0_flip_1,0.4553844630718231,0.12557540833950043,0.41904017329216003
42,4,600 ppm 1 4,d4,scale_1.0_rot_0_flip_1,0.2940649092197418,0.6922957301139832,0.013639379292726517
42,4,600 ppm 3 10,d4,scale_1.0_rot_0_flip_1,0.613089919090271,0.2863829433917999,0.10052710771560669
42,4,600 ppm 5 8,d4,scale_1.0_rot_0_flip_1,0.6343476176261902,0.35235005617141724,0.01330230850726366
42,4,c 5,d4,scale_1.0_rot_0_flip_1,0.8162661194801331,0.10975679010152817,0.07397710531949997
42,4,600 ppm 3 9,d4,scale_1.0_rot_0_flip_1,0.8878931999206543,0.09526468813419342,0.016842061653733253
42,4,1000 ppm 5 10,d4,scale_1.0_rot_0_flip_1,0.06209472194314003,0.0641096755862236,0.8737956881523132
42,4,600 ppm 5 1,d4,scale_1.0_rot_0_flip_1,0.9221586585044861,0.06504274904727936,0.012798601761460304
42,4,600 ppm 1 1,d4,scale_1.0_rot_0_flip_1,0.592220664024353,0.3592873513698578,0.0484919473528862
42,4,800 ppm 5 10,d4,scale_1.0_rot_0_flip_1,0.7360857129096985,0.19075119495391846,0.07316312193870544
42,4,400 ppm 4 5,d4,scale_1.0_rot_0_flip_1,0.628020703792572,0.29527992010116577,0.07669935375452042
42,4,600 ppm 3 8,d4,scale_1.0_rot_0_flip_1,0.4969007074832916,0.3373182713985443,0.16578108072280884
42,4,800 ppm 3 8,d4,scale_1.0_rot_0_flip_1,0.7624261379241943,0.23065772652626038,0.006916111335158348
42,4,1000 ppm 5 6,d4,scale_1.0_rot_0_flip_1,0.2983936369419098,0.4070926010608673,0.2945137917995453
42,4,600 ppm 4 8,d4,scale_1.0_rot_0_flip_1,0.2851225733757019,0.37823009490966797,0.3366473615169525
42,4,800 ppm 3 5,d4,scale_1.0_rot_0_flip_1,0.6767715811729431,0.10872770845890045,0.21450071036815643
42,4,400 ppm 3 1,d4,scale_1.0_rot_0_flip_1,0.8910273313522339,0.10385674983263016,0.005115875508636236
42,4,400 ppm 3 6,d4,scale_1.0_rot_0_flip_1,0.8530956506729126,0.12431520968675613,0.022589117288589478
42,4,600 ppm 4 10,d4,scale_1.0_rot_0_flip_1,0.845464825630188,0.09420355409383774,0.060331668704748154
42,4,1000 ppm 4 1,d4,scale_1.0_rot_0_flip_1,0.1597541868686676,0.09518593549728394,0.7450598478317261
42,4,400 ppm 4 10,d4,scale_1.0_rot_0_flip_1,0.38439303636550903,0.4954338073730469,0.12017309665679932
42,4,600 ppm 3 3,d4,scale_1.0_rot_0_flip_1,0.598774254322052,0.1812681406736374,0.2199576199054718
42,4,400 ppm 3 4,d4,scale_1.0_rot_0_flip_1,0.5456437468528748,0.3213241994380951,0.13303205370903015
42,4,1000 ppm 2 3,d4,scale_1.0_rot_0_flip_1,0.5769644975662231,0.37749409675598145,0.0455414280295372
42,4,1000 ppm 1 3,d4,scale_1.0_rot_90_flip_0,0.08639274537563324,0.03715014085173607,0.8764570355415344
42,4,400 ppm 4 6,d4,scale_1.0_rot_90_flip_0,0.49744081497192383,0.383126825094223,0.11943242698907852
42,4,600 ppm 3 1,d4,scale_1.0_rot_90_flip_0,0.07196331024169922,0.049433138221502304,0.8786035776138306
42,4,400 ppm 3 5,d4,scale_1.0_rot_90_flip_0,0.49375301599502563,0.18922707438468933,0.3170199394226074
42,4,c 10,d4,scale_1.0_rot_90_flip_0,0.8502407670021057,0.017977599054574966,0.13178156316280365
42,4,400 ppm 1 2,d4,scale_1.0_rot_90_flip_0,0.2359919548034668,0.3346172869205475,0.4293908178806305
42,4,800 ppm 2 4,d4,scale_1.0_rot_90_flip_0,0.08647753298282623,0.7909950017929077,0.12252742052078247
42,4,800 ppm 5 4,d4,scale_1.0_rot_90_flip_0,0.4095662832260132,0.29226529598236084,0.29816845059394836
42,4,1000 ppm 1 4,d4,scale_1.0_rot_90_flip_0,0.06619130820035934,0.371859610080719,0.5619490742683411
42,4,1000 ppm 4 2,d4,scale_1.0_rot_90_flip_0,0.22739268839359283,0.07177677005529404,0.7008305191993713
42,4,400 ppm 2 3,d4,scale_1.0_rot_90_flip_0,0.46662479639053345,0.28640082478523254,0.24697433412075043
42,4,600 ppm 1 3,d4,scale_1.0_rot_90_flip_0,0.2141088992357254,0.48517635464668274,0.30071473121643066
42,4,400 ppm 5 5,d4,scale_1.0_rot_90_flip_0,0.4571903347969055,0.034730635583400726,0.5080789923667908
42,4,800 ppm 3 7,d4,scale_1.0_rot_90_flip_0,0.33011025190353394,0.20619739592075348,0.46369239687919617
42,4,400 ppm 1 9,d4,scale_1.0_rot_90_flip_0,0.3504238724708557,0.19666476547718048,0.4529114365577698
42,4,800 ppm 5 3,d4,scale_1.0_rot_90_flip_0,0.07726135104894638,0.2296687215566635,0.6930699348449707
42,4,800 ppm 3 6,d4,scale_1.0_rot_90_flip_0,0.2756251394748688,0.09114276617765427,0.6332321166992188
42,4,1000 ppm 4 8,d4,scale_1.0_rot_90_flip_0,0.02833409048616886,0.03388932719826698,0.9377766251564026
42,4,800 ppm 4 8,d4,scale_1.0_rot_90_flip_0,0.37374147772789,0.15784968435764313,0.46840888261795044
42,4,400 ppm 4 9,d4,scale_1.0_rot_90_flip_0,0.14932262897491455,0.3036467432975769,0.5470306873321533
42,4,c 7,d4,scale_1.0_rot_90_flip_0,0.8308984041213989,0.060308054089546204,0.10879356414079666
42,4,800 ppm 1 5,d4,scale_1.0_rot_90_flip_0,0.08648461848497391,0.2584715783596039,0.6550437211990356
42,4,600 ppm 2 7,d4,scale_1.0_rot_90_flip_0,0.08369351178407669,0.019038869068026543,0.8972675204277039
42,4,600 ppm 1 7,d4,scale_1.0_rot_90_flip_0,0.38914141058921814,0.22925294935703278,0.3816055655479431
42,4,1000 ppm 3 6,d4,scale_1.0_rot_90_flip_0,0.1638849824666977,0.10242288559675217,0.7336921691894531
42,4,1000 ppm 1 9,d4,scale_1.0_rot_90_flip_0,0.02252272143959999,0.02512236125767231,0.9523549675941467
42,4,800 ppm 2 7,d4,scale_1.0_rot_90_flip_0,0.035232171416282654,0.08491307497024536,0.8798547983169556
42,4,800 ppm 3 2,d4,scale_1.0_rot_90_flip_0,0.48122867941856384,0.1507214456796646,0.36804986000061035
42,4,1000 ppm 4 6,d4,scale_1.0_rot_90_flip_0,0.17724061012268066,0.20004135370254517,0.622718095779419
42,4,600 ppm 1 4,d4,scale_1.0_rot_90_flip_0,0.25438249111175537,0.6649836897850037,0.08063380420207977
42,4,600 ppm 3 10,d4,scale_1.0_rot_90_flip_0,0.5108069181442261,0.35197359323501587,0.13721947371959686
42,4,600 ppm 5 8,d4,scale_1.0_rot_90_flip_0,0.4752621054649353,0.4690183401107788,0.055719565600156784
42,4,c 5,d4,scale_1.0_rot_90_flip_0,0.4299653172492981,0.10740687698125839,0.4626277685165405
42,4,600 ppm 3 9,d4,scale_1.0_rot_90_flip_0,0.5759740471839905,0.15236982703208923,0.27165618538856506
42,4,1000 ppm 5 10,d4,scale_1.0_rot_90_flip_0,0.08583900332450867,0.15641739964485168,0.7577435374259949
42,4,600 ppm 5 1,d4,scale_1.0_rot_90_flip_0,0.8217074871063232,0.09573748707771301,0.08255504071712494
42,4,600 ppm 1 1,d4,scale_1.0_rot_90_flip_0,0.36935076117515564,0.4113368093967438,0.21931244432926178
42,4,800 ppm 5 10,d4,scale_1.0_rot_90_flip_0,0.591233491897583,0.16145634651184082,0.24731017649173737
42,4,400 ppm 4 5,d4,scale_1.0_rot_90_flip_0,0.5489855408668518,0.34939679503440857,0.10161765664815903
42,4,600 ppm 3 8,d4,scale_1.0_rot_90_flip_0,0.3401951789855957,0.33067086338996887,0.3291339576244354
42,4,800 ppm 3 8,d4,scale_1.0_rot_90_flip_0,0.6722142100334167,0.2767152190208435,0.05107058584690094
42,4,1000 ppm 5 6,d4,scale_1.0_rot_90_flip_0,0.04254221171140671,0.04777343198657036,0.9096843600273132
42,4,600 ppm 4 8,d4,scale_1.0_rot_90_flip_0,0.11296007037162781,0.09729212522506714,0.7897478342056274
42,4,800 ppm 3 5,d4,scale_1.0_rot_90_flip_0,0.7683858275413513,0.20569205284118652,0.025922086089849472
42,4,400 ppm 3 1,d4,scale_1.0_rot_90_flip_0,0.8240378499031067,0.13031668961048126,0.045645441859960556
42,4,400 ppm 3 6,d4,scale_1.0_rot_90_flip_0,0.6923459768295288,0.1136382594704628,0.1940157413482666
42,4,600 ppm 4 10,d4,scale_1.0_rot_90_flip_0,0.27921366691589355,0.09024430066347122,0.6305420398712158
42,4,1000 ppm 4 1,d4,scale_1.0_rot_90_flip_0,0.09544142335653305,0.10464788228273392,0.7999106645584106
42,4,400 ppm 4 10,d4,scale_1.0_rot_90_flip_0,0.24664649367332458,0.36099547147750854,0.39235803484916687
42,4,600 ppm 3 3,d4,scale_1.0_rot_90_flip_0,0.3317306637763977,0.17538101971149445,0.49288830161094666
42,4,400 ppm 3 4,d4,scale_1.0_rot_90_flip_0,0.33302608132362366,0.3440448045730591,0.3229290843009949
42,4,1000 ppm 2 3,d4,scale_1.0_rot_90_flip_0,0.4926770329475403,0.40144073963165283,0.10588224232196808
42,4,1000 ppm 1 3,d4,scale_1.0_rot_90_flip_1,0.06363288313150406,0.03463117778301239,0.9017358422279358
42,4,400 ppm 4 6,d4,scale_1.0_rot_90_flip_1,0.46134427189826965,0.382212370634079,0.15644335746765137
42,4,600 ppm 3 1,d4,scale_1.0_rot_90_flip_1,0.07825570553541183,0.049992240965366364,0.8717520833015442
42,4,400 ppm 3 5,d4,scale_1.0_rot_90_flip_1,0.46998515725135803,0.2449597865343094,0.2850550711154938
42,4,c 10,d4,scale_1.0_rot_90_flip_1,0.8946787118911743,0.019473589956760406,0.08584759384393692
42,4,400 ppm 1 2,d4,scale_1.0_rot_90_flip_1,0.23457708954811096,0.3490089476108551,0.41641393303871155
42,4,800 ppm 2 4,d4,scale_1.0_rot_90_flip_1,0.09232848882675171,0.7914642095565796,0.1162073016166687
42,4,800 ppm 5 4,d4,scale_1.0_rot_90_flip_1,0.4057084918022156,0.2027374505996704,0.391554057598114
42,4,1000 ppm 1 4,d4,scale_1.0_rot_90_flip_1,0.06843412667512894,0.2580597996711731,0.6735060214996338
42,4,1000 ppm 4 2,d4,scale_1.0_rot_90_flip_1,0.16589391231536865,0.0468590147793293,0.7872470617294312
42,4,400 ppm 2 3,d4,scale_1.0_rot_90_flip_1,0.3998993933200836,0.24679729342460632,0.35330337285995483
42,4,600 ppm 1 3,d4,scale_1.0_rot_90_flip_1,0.15742744505405426,0.4974859952926636,0.34508654475212097
42,4,400 ppm 5 5,d4,scale_1.0_rot_90_flip_1,0.3081510365009308,0.02306976541876793,0.6687791347503662
42,4,800 ppm 3 7,d4,scale_1.0_rot_90_flip_1,0.27834397554397583,0.18391135334968567,0.5377446413040161
42,4,400 ppm 1 9,d4,scale_1.0_rot_90_flip_1,0.3146478831768036,0.20018762350082397,0.4851645231246948
42,4,800 ppm 5 3,d4,scale_1.0_rot_90_flip_1,0.05863148346543312,0.19533658027648926,0.7460319399833679
42,4,800 ppm 3 6,d4,scale_1.0_rot_90_flip_1,0.26069536805152893,0.0971236601471901,0.6421809196472168
42,4,1000 ppm 4 8,d4,scale_1.0_rot_90_flip_1,0.021536024287343025,0.02794412337243557,0.9505198001861572
42,4,800 ppm 4 8,d4,scale_1.0_rot_90_flip_1,0.3939169943332672,0.11612536758184433,0.48995766043663025
42,4,400 ppm 4 9,d4,scale_1.0_rot_90_flip_1,0.2018718421459198,0.33277130126953125,0.46535682678222656
42,4,c 7,d4,scale_1.0_rot_90_flip_1,0.7871921062469482,0.08423571288585663,0.12857212126255035
42,4,800 ppm 1 5,d4,scale_1.0_rot_90_flip_1,0.10694583505392075,0.3197116553783417,0.573342502117157
42,4,600 ppm 2 7,d4,scale_1.0_rot_90_flip_1,0.05952102318406105,0.015439962968230247,0.9250391125679016
42,4,600 ppm 1 7,d4,scale_1.0_rot_90_flip_1,0.43413564562797546,0.2546613812446594,0.3112029433250427
42,4,1000 ppm 3 6,d4,scale_1.0_rot_90_flip_1,0.15251116454601288,0.12120971083641052,0.7262791395187378
42,4,1000 ppm 1 9,d4,scale_1.0_rot_90_flip_1,0.0240312572568655,0.02578049525618553,0.950188159942627
42,4,800 ppm 2 7,d4,scale_1.0_rot_90_flip_1,0.020450524985790253,0.06360463798046112,0.9159448146820068
42,4,800 ppm 3 2,d4,scale_1.0_rot_90_flip_1,0.4958820044994354,0.11334661394357681,0.39077141880989075
42,4,1000 ppm 4 6,d4,scale_1.0_rot_90_flip_1,0.13839438557624817,0.14117524027824402,0.7204303741455078
42,4,600 ppm 1 4,d4,scale_1.0_rot_90_flip_1,0.2323005497455597,0.7225274443626404,0.04517199471592903
42,4,600 ppm 3 10,d4,scale_1.0_rot_90_flip_1,0.5672438144683838,0.2915775775909424,0.14117862284183502
42,4,600 ppm 5 8,d4,scale_1.0_rot_90_flip_1,0.49920976161956787,0.45672446489334106,0.04406577721238136
42,4,c 5,d4,scale_1.0_rot_90_flip_1,0.4627458155155182,0.07823356986045837,0.45902055501937866
42,4,600 ppm 3 9,d4,scale_1.0_rot_90_flip_1,0.6045710444450378,0.15701699256896973,0.23841194808483124
42,4,1000 ppm 5 10,d4,scale_1.0_rot_90_flip_1,0.08813506364822388,0.17255334556102753,0.739311695098877
42,4,600 ppm 5 1,d4,scale_1.0_rot_90_flip_1,0.7785906195640564,0.12313768267631531,0.09827166050672531
42,4,600 ppm 1 1,d4,scale_1.0_rot_90_flip_1,0.3628004193305969,0.42572447657585144,0.21147505939006805
42,4,800 ppm 5 10,d4,scale_1.0_rot_90_flip_1,0.5704936385154724,0.15339845418930054,0.27610793709754944
42,4,400 ppm 4 5,d4,scale_1.0_rot_90_flip_1,0.5292819142341614,0.3258920907974243,0.1448260098695755
42,4,600 ppm 3 8,d4,scale_1.0_rot_90_flip_1,0.3281501233577728,0.2893749177455902,0.38247495889663696
42,4,800 ppm 3 8,d4,scale_1.0_rot_90_flip_1,0.6798511147499084,0.27709946036338806,0.0430493988096714
42,4,1000 ppm 5 6,d4,scale_1.0_rot_90_flip_1,0.03497713804244995,0.031344715505838394,0.933678150177002
42,4,600 ppm 4 8,d4,scale_1.0_rot_90_flip_1,0.23827239871025085,0.15774011611938477,0.603987455368042
42,4,800 ppm 3 5,d4,scale_1.0_rot_90_flip_1,0.7822535634040833,0.1780770868062973,0.03966936469078064
42,4,400 ppm 3 1,d4,scale_1.0_rot_90_flip_1,0.8352841138839722,0.12280260771512985,0.04191330447793007
42,4,400 ppm 3 6,d4,scale_1.0_rot_90_flip_1,0.6465363502502441,0.15003514289855957,0.20342858135700226
42,4,600 ppm 4 10,d4,scale_1.0_rot_90_flip_1,0.2999822795391083,0.11009541153907776,0.589922308921814
42,4,1000 ppm 4 1,d4,scale_1.0_rot_90_flip_1,0.07367665320634842,0.08936876803636551,0.8369545340538025
42,4,400 ppm 4 10,d4,scale_1.0_rot_90_flip_1,0.2501814067363739,0.2865105867385864,0.46330803632736206
42,4,600 ppm 3 3,d4,scale_1.0_rot_90_flip_1,0.3855864405632019,0.16635119915008545,0.44806236028671265
42,4,400 ppm 3 4,d4,scale_1.0_rot_90_flip_1,0.37109294533729553,0.2779674530029297,0.3509396016597748
42,4,1000 ppm 2 3,d4,scale_1.0_rot_90_flip_1,0.4931315779685974,0.43227413296699524,0.07459427416324615
42,4,1000 ppm 1 3,d4,scale_1.0_rot_180_flip_0,0.11229609698057175,0.1285402774810791,0.7591635584831238
42,4,400 ppm 4 6,d4,scale_1.0_rot_180_flip_0,0.33987924456596375,0.5076267719268799,0.15249398350715637
42,4,600 ppm 3 1,d4,scale_1.0_rot_180_flip_0,0.27359485626220703,0.16123709082603455,0.565168023109436
42,4,400 ppm 3 5,d4,scale_1.0_rot_180_flip_0,0.595142126083374,0.21818412840366364,0.18667374551296234
42,4,c 10,d4,scale_1.0_rot_180_flip_0,0.9076756834983826,0.026662467047572136,0.06566178053617477
42,4,400 ppm 1 2,d4,scale_1.0_rot_180_flip_0,0.18878094851970673,0.3362950086593628,0.47492408752441406
42,4,800 ppm 2 4,d4,scale_1.0_rot_180_flip_0,0.06255695223808289,0.7438434958457947,0.19359955191612244
42,4,800 ppm 5 4,d4,scale_1.0_rot_180_flip_0,0.2732894718647003,0.2138907015323639,0.5128198862075806
42,4,1000 ppm 1 4,d4,scale_1.0_rot_180_flip_0,0.042599234730005264,0.3478841483592987,0.6095165610313416
42,4,1000 ppm 4 2,d4,scale_1.0_rot_180_flip_0,0.26829656958580017,0.08460728824138641,0.6470961570739746
42,4,400 ppm 2 3,d4,scale_1.0_rot_180_flip_0,0.5103527903556824,0.37634986639022827,0.11329735070466995
42,4,600 ppm 1 3,d4,scale_1.0_rot_180_flip_0,0.26284560561180115,0.3954640030860901,0.34169042110443115
42,4,400 ppm 5 5,d4,scale_1.0_rot_180_flip_0,0.5861232876777649,0.08690782636404037,0.3269689381122589
42,4,800 ppm 3 7,d4,scale_1.0_rot_180_flip_0,0.33986565470695496,0.1337241381406784,0.5264102220535278
42,4,400 ppm 1 9,d4,scale_1.0_rot_180_flip_0,0.37800729274749756,0.12886300683021545,0.49312978982925415
42,4,800 ppm 5 3,d4,scale_1.0_rot_180_flip_0,0.07156653702259064,0.17810094356536865,0.7503324747085571
42,4,800 ppm 3 6,d4,scale_1.0_rot_180_flip_0,0.5997163653373718,0.22291642427444458,0.17736726999282837
42,4,1000 ppm 4 8,d4,scale_1.0_rot_180_flip_0,0.03368328511714935,0.046880558133125305,0.9194362163543701
42,4,800 ppm 4 8,d4,scale_1.0_rot_180_flip_0,0.6115617156028748,0.17489409446716309,0.21354416012763977
42,4,400 ppm 4 9,d4,scale_1.0_rot_180_flip_0,0.20947808027267456,0.2034008502960205,0.5871210694313049
42,4,c 7,d4,scale_1.0_rot_180_flip_0,0.9008737802505493,0.028182823210954666,0.07094340771436691
42,4,800 ppm 1 5,d4,scale_1.0_rot_180_flip_0,0.1781415194272995,0.18339118361473083,0.6384672522544861
42,4,600 ppm 2 7,d4,scale_1.0_rot_180_flip_0,0.14350828528404236,0.07618560642004013,0.7803061604499817
42,4,600 ppm 1 7,d4,scale_1.0_rot_180_flip_0,0.5284031629562378,0.25934332609176636,0.21225349605083466
42,4,1000 ppm 3 6,d4,scale_1.0_rot_180_flip_0,0.17483235895633698,0.10091152042150497,0.724256157875061
42,4,1000 ppm 1 9,d4,scale_1.0_rot_180_flip_0,0.044165052473545074,0.04893915355205536,0.9068957567214966
42,4,800 ppm 2 7,d4,scale_1.0_rot_180_flip_0,0.008465387858450413,0.014334239065647125,0.9772003293037415
42,4,800 ppm 3 2,d4,scale_1.0_rot_180_flip_0,0.3328987956047058,0.18281546235084534,0.48428574204444885
42,4,1000 ppm 4 6,d4,scale_1.0_rot_180_flip_0,0.09084126353263855,0.08545976132154465,0.8236989974975586
42,4,600 ppm 1 4,d4,scale_1.0_rot_180_flip_0,0.3206525146961212,0.6400046944618225,0.03934280574321747
42,4,600 ppm 3 10,d4,scale_1.0_rot_180_flip_0,0.5817887783050537,0.24013864994049072,0.17807257175445557
42,4,600 ppm 5 8,d4,scale_1.0_rot_180_flip_0,0.5442308187484741,0.4358087480068207,0.019960401579737663
42,4,c 5,d4,scale_1.0_rot_180_flip_0,0.4501994848251343,0.09085265547037125,0.4589478671550751
42,4,600 ppm 3 9,d4,scale_1.0_rot_180_flip_0,0.7596794962882996,0.16081319749355316,0.07950736582279205
42,4,1000 ppm 5 10,d4,scale_1.0_rot_180_flip_0,0.03921763598918915,0.06677050143480301,0.8940118551254272
42,4,600 ppm 5 1,d4,scale_1.0_rot_180_flip_0,0.8927178382873535,0.06966227293014526,0.03761984035372734
42,4,600 ppm 1 1,d4,scale_1.0_rot_180_flip_0,0.54414302110672,0.287972092628479,0.16788487136363983
42,4,800 ppm 5 10,d4,scale_1.0_rot_180_flip_0,0.6383893489837646,0.12963691353797913,0.23197369277477264
42,4,400 ppm 4 5,d4,scale_1.0_rot_180_flip_0,0.46033453941345215,0.2167745679616928,0.3228909373283386
42,4,600 ppm 3 8,d4,scale_1.0_rot_180_flip_0,0.31932002305984497,0.19497378170490265,0.4857061207294464
42,4,800 ppm 3 8,d4,scale_1.0_rot_180_flip_0,0.7052794098854065,0.26914480328559875,0.025575822219252586
42,4,1000 ppm 5 6,d4,scale_1.0_rot_180_flip_0,0.10430289804935455,0.12622706592082977,0.7694700956344604
42,4,600 ppm 4 8,d4,scale_1.0_rot_180_flip_0,0.2458886355161667,0.1853657215833664,0.5687456727027893
42,4,800 ppm 3 5,d4,scale_1.0_rot_180_flip_0,0.683005154132843,0.1500704437494278,0.1669243425130844
42,4,400 ppm 3 1,d4,scale_1.0_rot_180_flip_0,0.8822574615478516,0.10599300265312195,0.011749534867703915
42,4,400 ppm 3 6,d4,scale_1.0_rot_180_flip_0,0.8604851365089417,0.07961717993021011,0.05989765375852585
42,4,600 ppm 4 10,d4,scale_1.0_rot_180_flip_0,0.6801219582557678,0.10856611281633377,0.2113119512796402
42,4,1000 ppm 4 1,d4,scale_1.0_rot_180_flip_0,0.1834001988172531,0.1795324981212616,0.6370673179626465
42,4,400 ppm 4 10,d4,scale_1.0_rot_180_flip_0,0.29067280888557434,0.19882868230342865,0.5104985237121582
42,4,600 ppm 3 3,d4,scale_1.0_rot_180_flip_0,0.3517158627510071,0.0985977053642273,0.5496863722801208
42,4,400 ppm 3 4,d4,scale_1.0_rot_180_flip_0,0.45507022738456726,0.3320477604866028,0.21288207173347473
42,4,1000 ppm 2 3,d4,scale_1.0_rot_180_flip_0,0.4560316801071167,0.3822200894355774,0.16174821555614471
42,4,1000 ppm 1 3,d4,scale_1.0_rot_180_flip_1,0.12832961976528168,0.11070038378238678,0.7609699964523315
42,4,400 ppm 4 6,d4,scale_1.0_rot_180_flip_1,0.3628658056259155,0.4293065071105957,0.20782773196697235
42,4,600 ppm 3 1,d4,scale_1.0_rot_180_flip_1,0.23258669674396515,0.18594683706760406,0.5814664959907532
42,4,400 ppm 3 5,d4,scale_1.0_rot_180_flip_1,0.6424893140792847,0.18037867546081543,0.1771319955587387
42,4,c 10,d4,scale_1.0_rot_180_flip_1,0.8851617574691772,0.025984391570091248,0.08885384351015091
42,4,400 ppm 1 2,d4,scale_1.0_rot_180_flip_1,0.15946844220161438,0.2257564812898636,0.6147750616073608
42,4,800 ppm 2 4,d4,scale_1.0_rot_180_flip_1,0.080509252846241,0.7286121249198914,0.19087864458560944
42,4,800 ppm 5 4,d4,scale_1.0_rot_180_flip_1,0.31470203399658203,0.2639995515346527,0.42129838466644287
42,4,1000 ppm 1 4,d4,scale_1.0_rot_180_flip_1,0.055517297238111496,0.3904895782470703,0.5539931654930115
42,4,1000 ppm 4 2,d4,scale_1.0_rot_180_flip_1,0.39645010232925415,0.10614364594221115,0.4974061846733093
42,4,400 ppm 2 3,d4,scale_1.0_rot_180_flip_1,0.502155601978302,0.38524651527404785,0.11259786039590836
42,4,600 ppm 1 3,d4,scale_1.0_rot_180_flip_1,0.35888054966926575,0.42197364568710327,0.2191457897424698
42,4,400 ppm 5 5,d4,scale_1.0_rot_180_flip_1,0.4458991289138794,0.06649591773748398,0.48760494589805603
42,4,800 ppm 3 7,d4,scale_1.0_rot_180_flip_1,0.2416204810142517,0.125527024269104,0.6328524947166443
42,4,400 ppm 1 9,d4,scale_1.0_rot_180_flip_1,0.3804081976413727,0.11182408034801483,0.5077677965164185
42,4,800 ppm 5 3,d4,scale_1.0_rot_180_flip_1,0.05964919924736023,0.16403847932815552,0.7763122916221619
42,4,800 ppm 3 6,d4,scale_1.0_rot_180_flip_1,0.43905743956565857,0.24784860014915466,0.3130939304828644
42,4,1000 ppm 4 8,d4,scale_1.0_rot_180_flip_1,0.03971201181411743,0.06568162888288498,0.8946064114570618
42,4,800 ppm 4 8,d4,scale_1.0_rot_180_flip_1,0.6051099300384521,0.1384274661540985,0.25646263360977173
42,4,400 ppm 4 9,d4,scale_1.0_rot_180_flip_1,0.28179097175598145,0.2703437805175781,0.4478652775287628
42,4,c 7,d4,scale_1.0_rot_180_flip_1,0.891778290271759,0.03233714774250984,0.07588458061218262
42,4,800 ppm 1 5,d4,scale_1.0_rot_180_flip_1,0.21959009766578674,0.15849047899246216,0.6219194531440735
42,4,600 ppm 2 7,d4,scale_1.0_rot_180_flip_1,0.118135966360569,0.057328011840581894,0.8245359659194946
42,4,600 ppm 1 7,d4,scale_1.0_rot_180_flip_1,0.49458572268486023,0.31652504205703735,0.18888923525810242
42,4,1000 ppm 3 6,d4,scale_1.0_rot_180_flip_1,0.1350575089454651,0.08659988641738892,0.7783425450325012
42,4,1000 ppm 1 9,d4,scale_1.0_rot_180_flip_1,0.030590539798140526,0.027841612696647644,0.9415678977966309
42,4,800 ppm 2 7,d4,scale_1.0_rot_180_flip_1,0.005152811761945486,0.0059515624307096004,0.9888956546783447
42,4,800 ppm 3 2,d4,scale_1.0_rot_180_flip_1,0.4973652958869934,0.1910562813282013,0.3115784823894501
42,4,1000 ppm 4 6,d4,scale_1.0_rot_180_flip_1,0.0611499659717083,0.05012517049908638,0.8887248635292053
42,4,600 ppm 1 4,d4,scale_1.0_rot_180_flip_1,0.4210953116416931,0.5419315695762634,0.03697314113378525
42,4,600 ppm 3 10,d4,scale_1.0_rot_180_flip_1,0.5907532572746277,0.3015202283859253,0.10772650688886642
42,4,600 ppm 5 8,d4,scale_1.0_rot_180_flip_1,0.4811800718307495,0.49598145484924316,0.02283836342394352
42,4,c 5,d4,scale_1.0_rot_180_flip_1,0.5862717032432556,0.08210950344800949,0.3316188156604767
42,4,600 ppm 3 9,d4,scale_1.0_rot_180_flip_1,0.8163809180259705,0.13053716719150543,0.05308197811245918
42,4,1000 ppm 5 10,d4,scale_1.0_rot_180_flip_1,0.039756063371896744,0.08112660050392151,0.8791172504425049
42,4,600 ppm 5 1,d4,scale_1.0_rot_180_flip_1,0.9021311402320862,0.059937734156847,0.03793114796280861
42,4,600 ppm 1 1,d4,scale_1.0_rot_180_flip_1,0.5594878196716309,0.2598803639411926,0.1806318461894989
42,4,800 ppm 5 10,d4,scale_1.0_rot_180_flip_1,0.7302665710449219,0.10105861723423004,0.16867481172084808
42,4,400 ppm 4 5,d4,scale_1.0_rot_180_flip_1,0.6265749335289001,0.23761102557182312,0.13581404089927673
42,4,600 ppm 3 8,d4,scale_1.0_rot_180_flip_1,0.410167932510376,0.230754092335701,0.35907796025276184
42,4,800 ppm 3 8,d4,scale_1.0_rot_180_flip_1,0.7091940641403198,0.24914520978927612,0.041660696268081665
42,4,1000 ppm 5 6,d4,scale_1.0_rot_180_flip_1,0.16245628893375397,0.15152330696582794,0.6860203742980957
42,4,600 ppm 4 8,d4,scale_1.0_rot_180_flip_1,0.13997246325016022,0.16133974492549896,0.6986877918243408
42,4,800 ppm 3 5,d4,scale_1.0_rot_180_flip_1,0.7339610457420349,0.13463358581066132,0.13140538334846497
42,4,400 ppm 3 1,d4,scale_1.0_rot_180_flip_1,0.9205273389816284,0.06888977438211441,0.010582905262708664
42,4,400 ppm 3 6,d4,scale_1.0_rot_180_flip_1,0.8386133313179016,0.08584336936473846,0.0755433440208435
42,4,600 ppm 4 10,d4,scale_1.0_rot_180_flip_1,0.7576977610588074,0.1103929728269577,0.13190937042236328
42,4,1000 ppm 4 1,d4,scale_1.0_rot_180_flip_1,0.13201838731765747,0.15364369750022888,0.7143378257751465
42,4,400 ppm 4 10,d4,scale_1.0_rot_180_flip_1,0.3149542510509491,0.22537092864513397,0.4596748352050781
42,4,600 ppm 3 3,d4,scale_1.0_rot_180_flip_1,0.3911886215209961,0.100006103515625,0.5088053345680237
42,4,400 ppm 3 4,d4,scale_1.0_rot_180_flip_1,0.40339457988739014,0.4431375563144684,0.15346789360046387
42,4,1000 ppm 2 3,d4,scale_1.0_rot_180_flip_1,0.49563753604888916,0.3513255715370178,0.1530369222164154
42,4,1000 ppm 1 3,d4,scale_1.0_rot_270_flip_0,0.09603408724069595,0.058725208044052124,0.8452406525611877
42,4,400 ppm 4 6,d4,scale_1.0_rot_270_flip_0,0.3849527835845947,0.31884029507637024,0.29620692133903503
42,4,600 ppm 3 1,d4,scale_1.0_rot_270_flip_0,0.06384491175413132,0.032744552940130234,0.9034105539321899
42,4,400 ppm 3 5,d4,scale_1.0_rot_270_flip_0,0.684138298034668,0.14663708209991455,0.16922461986541748
42,4,c 10,d4,scale_1.0_rot_270_flip_0,0.8403462171554565,0.0329451858997345,0.12670861184597015
42,4,400 ppm 1 2,d4,scale_1.0_rot_270_flip_0,0.1541013866662979,0.32197320461273193,0.5239254236221313
42,4,800 ppm 2 4,d4,scale_1.0_rot_270_flip_0,0.07944173365831375,0.8089756965637207,0.11158259958028793
42,4,800 ppm 5 4,d4,scale_1.0_rot_270_flip_0,0.23042020201683044,0.243896946310997,0.5256829261779785
42,4,1000 ppm 1 4,d4,scale_1.0_rot_270_flip_0,0.058067213743925095,0.2678075432777405,0.6741251945495605
42,4,1000 ppm 4 2,d4,scale_1.0_rot_270_flip_0,0.2308439016342163,0.0520477257668972,0.717108428478241
42,4,400 ppm 2 3,d4,scale_1.0_rot_270_flip_0,0.31481483578681946,0.40400683879852295,0.2811783254146576
42,4,600 ppm 1 3,d4,scale_1.0_rot_270_flip_0,0.13348646461963654,0.35210707783699036,0.5144064426422119
42,4,400 ppm 5 5,d4,scale_1.0_rot_270_flip_0,0.250448614358902,0.04251925274729729,0.7070321440696716
42,4,800 ppm 3 7,d4,scale_1.0_rot_270_flip_0,0.2915799915790558,0.29547959566116333,0.4129403829574585
42,4,400 ppm 1 9,d4,scale_1.0_rot_270_flip_0,0.513528048992157,0.22470974922180176,0.26176223158836365
42,4,800 ppm 5 3,d4,scale_1.0_rot_270_flip_0,0.04138387367129326,0.1641644537448883,0.7944516539573669
42,4,800 ppm 3 6,d4,scale_1.0_rot_270_flip_0,0.3743293881416321,0.17107507586479187,0.45459550619125366
42,4,1000 ppm 4 8,d4,scale_1.0_rot_270_flip_0,0.019038090482354164,0.031511999666690826,0.949449896812439
42,4,800 ppm 4 8,d4,scale_1.0_rot_270_flip_0,0.3779081404209137,0.17985504865646362,0.4422367215156555
42,4,400 ppm 4 9,d4,scale_1.0_rot_270_flip_0,0.11927009373903275,0.15776368975639343,0.722966194152832
42,4,c 7,d4,scale_1.0_rot_270_flip_0,0.8779879808425903,0.028942743316292763,0.09306928515434265
42,4,800 ppm 1 5,d4,scale_1.0_rot_270_flip_0,0.04763000085949898,0.1322213113307953,0.8201487064361572
42,4,600 ppm 2 7,d4,scale_1.0_rot_270_flip_0,0.04688924551010132,0.007544964551925659,0.9455658197402954
42,4,600 ppm 1 7,d4,scale_1.0_rot_270_flip_0,0.3235825002193451,0.18472519516944885,0.49169230461120605
42,4,1000 ppm 3 6,d4,scale_1.0_rot_270_flip_0,0.1218409538269043,0.07769308239221573,0.8004659414291382
42,4,1000 ppm 1 9,d4,scale_1.0_rot_270_flip_0,0.021000707522034645,0.0271359421312809,0.9518633484840393
42,4,800 ppm 2 7,d4,scale_1.0_rot_270_flip_0,0.012025461532175541,0.018531804904341698,0.9694426655769348
42,4,800 ppm 3 2,d4,scale_1.0_rot_270_flip_0,0.19682812690734863,0.12668591737747192,0.6764859557151794
42,4,1000 ppm 4 6,d4,scale_1.0_rot_270_flip_0,0.08775071054697037,0.07892319560050964,0.8333261013031006
42,4,600 ppm 1 4,d4,scale_1.0_rot_270_flip_0,0.3059639036655426,0.6278577446937561,0.0661783516407013
42,4,600 ppm 3 10,d4,scale_1.0_rot_270_flip_0,0.5632213950157166,0.3419349491596222,0.09484359622001648
42,4,600 ppm 5 8,d4,scale_1.0_rot_270_flip_0,0.45727869868278503,0.488420695066452,0.05430065840482712
42,4,c 5,d4,scale_1.0_rot_270_flip_0,0.41076841950416565,0.09354358911514282,0.49568793177604675
42,4,600 ppm 3 9,d4,scale_1.0_rot_270_flip_0,0.5914087295532227,0.15821029245853424,0.2503809928894043
42,4,1000 ppm 5 10,d4,scale_1.0_rot_270_flip_0,0.05515122041106224,0.13615211844444275,0.8086967468261719
42,4,600 ppm 5 1,d4,scale_1.0_rot_270_flip_0,0.8180642127990723,0.07059406489133835,0.11134174466133118
42,4,600 ppm 1 1,d4,scale_1.0_rot_270_flip_0,0.43234705924987793,0.29326459765434265,0.27438831329345703
42,4,800 ppm 5 10,d4,scale_1.0_rot_270_flip_0,0.5814548134803772,0.11348818987607956,0.30505698919296265
42,4,400 ppm 4 5,d4,scale_1.0_rot_270_flip_0,0.47661739587783813,0.31488466262817383,0.20849794149398804
42,4,600 ppm 3 8,d4,scale_1.0_rot_270_flip_0,0.17690087854862213,0.174026757478714,0.6490723490715027
42,4,800 ppm 3 8,d4,scale_1.0_rot_270_flip_0,0.6420019865036011,0.2772512137889862,0.08074679225683212
42,4,1000 ppm 5 6,d4,scale_1.0_rot_270_flip_0,0.03765736147761345,0.02457999996840954,0.9377626776695251
42,4,600 ppm 4 8,d4,scale_1.0_rot_270_flip_0,0.12713217735290527,0.18663528561592102,0.6862325668334961
42,4,800 ppm 3 5,d4,scale_1.0_rot_270_flip_0,0.7840981483459473,0.10956841707229614,0.10633352398872375
42,4,400 ppm 3 1,d4,scale_1.0_rot_270_flip_0,0.7812350988388062,0.14690357446670532,0.07186134159564972
42,4,400 ppm 3 6,d4,scale_1.0_rot_270_flip_0,0.6934743523597717,0.10637769103050232,0.20014798641204834
42,4,600 ppm 4 10,d4,scale_1.0_rot_270_flip_0,0.520611584186554,0.10061761736869812,0.3787708580493927
42,4,1000 ppm 4 1,d4,scale_1.0_rot_270_flip_0,0.05640030652284622,0.0685872733592987,0.8750124573707581
42,4,400 ppm 4 10,d4,scale_1.0_rot_270_flip_0,0.21876125037670135,0.3538307249546051,0.42740800976753235
42,4,600 ppm 3 3,d4,scale_1.0_rot_270_flip_0,0.3524364233016968,0.08022024482488632,0.5673433542251587
42,4,400 ppm 3 4,d4,scale_1.0_rot_270_flip_0,0.38614001870155334,0.24797649681568146,0.365883469581604
42,4,1000 ppm 2 3,d4,scale_1.0_rot_270_flip_0,0.4104006290435791,0.45808032155036926,0.13151906430721283
42,4,1000 ppm 1 3,d4,scale_1.0_rot_270_flip_1,0.06272505223751068,0.04698244109749794,0.8902924656867981
42,4,400 ppm 4 6,d4,scale_1.0_rot_270_flip_1,0.4452248513698578,0.31757059693336487,0.23720447719097137
42,4,600 ppm 3 1,d4,scale_1.0_rot_270_flip_1,0.07487991452217102,0.03438492864370346,0.8907351493835449
42,4,400 ppm 3 5,d4,scale_1.0_rot_270_flip_1,0.5728550553321838,0.16039550304412842,0.26674944162368774
42,4,c 10,d4,scale_1.0_rot_270_flip_1,0.84815514087677,0.03659554570913315,0.11524933576583862
42,4,400 ppm 1 2,d4,scale_1.0_rot_270_flip_1,0.14800158143043518,0.3328627347946167,0.5191356539726257
42,4,800 ppm 2 4,d4,scale_1.0_rot_270_flip_1,0.07414968311786652,0.8262490034103394,0.09960126876831055
42,4,800 ppm 5 4,d4,scale_1.0_rot_270_flip_1,0.3913484513759613,0.16070561110973358,0.4479459822177887
42,4,1000 ppm 1 4,d4,scale_1.0_rot_270_flip_1,0.04578445479273796,0.3404085338115692,0.6138070225715637
42,4,1000 ppm 4 2,d4,scale_1.0_rot_270_flip_1,0.08881048113107681,0.022319192066788673,0.888870358467102
42,4,400 ppm 2 3,d4,scale_1.0_rot_270_flip_1,0.34584251046180725,0.33979684114456177,0.314360648393631
42,4,600 ppm 1 3,d4,scale_1.0_rot_270_flip_1,0.13369645178318024,0.4198252260684967,0.44647833704948425
42,4,400 ppm 5 5,d4,scale_1.0_rot_270_flip_1,0.23077447712421417,0.03500187024474144,0.7342236638069153
42,4,800 ppm 3 7,d4,scale_1.0_rot_270_flip_1,0.2318064421415329,0.19832724332809448,0.5698662400245667
42,4,400 ppm 1 9,d4,scale_1.0_rot_270_flip_1,0.43720605969429016,0.2430802285671234,0.3197137415409088
42,4,800 ppm 5 3,d4,scale_1.0_rot_270_flip_1,0.05078011006116867,0.2505430579185486,0.6986768841743469
42,4,800 ppm 3 6,d4,scale_1.0_rot_270_flip_1,0.3120051324367523,0.19665631651878357,0.4913385808467865
42,4,1000 ppm 4 8,d4,scale_1.0_rot_270_flip_1,0.01824999414384365,0.02474547177553177,0.9570045471191406
42,4,800 ppm 4 8,d4,scale_1.0_rot_270_flip_1,0.3602987229824066,0.1914166957139969,0.4482845366001129
42,4,400 ppm 4 9,d4,scale_1.0_rot_270_flip_1,0.09506107121706009,0.15247152745723724,0.7524673938751221
42,4,c 7,d4,scale_1.0_rot_270_flip_1,0.8439699411392212,0.02650756575167179,0.12952245771884918
42,4,800 ppm 1 5,d4,scale_1.0_rot_270_flip_1,0.05648702383041382,0.11972626298666,0.8237866759300232
42,4,600 ppm 2 7,d4,scale_1.0_rot_270_flip_1,0.06252828985452652,0.013856026344001293,0.9236157536506653
42,4,600 ppm 1 7,d4,scale_1.0_rot_270_flip_1,0.36597487330436707,0.191992849111557,0.4420323073863983
42,4,1000 ppm 3 6,d4,scale_1.0_rot_270_flip_1,0.10852523148059845,0.06603816151618958,0.825436532497406
42,4,1000 ppm 1 9,d4,scale_1.0_rot_270_flip_1,0.015013876371085644,0.02362734079360962,0.9613587856292725
42,4,800 ppm 2 7,d4,scale_1.0_rot_270_flip_1,0.007822716608643532,0.015156042762100697,0.9770212769508362
42,4,800 ppm 3 2,d4,scale_1.0_rot_270_flip_1,0.2715874910354614,0.1518712192773819,0.5765413045883179
42,4,1000 ppm 4 6,d4,scale_1.0_rot_270_flip_1,0.07393848150968552,0.06492840498685837,0.8611331582069397
42,4,600 ppm 1 4,d4,scale_1.0_rot_270_flip_1,0.2167903184890747,0.7282425761222839,0.05496712028980255
42,4,600 ppm 3 10,d4,scale_1.0_rot_270_flip_1,0.5345447063446045,0.32451653480529785,0.14093881845474243
42,4,600 ppm 5 8,d4,scale_1.0_rot_270_flip_1,0.4857543706893921,0.4638534486293793,0.05039217323064804
42,4,c 5,d4,scale_1.0_rot_270_flip_1,0.468657523393631,0.10546398907899857,0.4258784353733063
42,4,600 ppm 3 9,d4,scale_1.0_rot_270_flip_1,0.6818066835403442,0.1683938205242157,0.14979952573776245
42,4,1000 ppm 5 10,d4,scale_1.0_rot_270_flip_1,0.09949466586112976,0.22084149718284607,0.6796638369560242
42,4,600 ppm 5 1,d4,scale_1.0_rot_270_flip_1,0.7855880856513977,0.08608800917863846,0.12832383811473846
42,4,600 ppm 1 1,d4,scale_1.0_rot_270_flip_1,0.41913437843322754,0.3091718256473541,0.27169379591941833
42,4,800 ppm 5 10,d4,scale_1.0_rot_270_flip_1,0.4427943527698517,0.10723940283060074,0.4499661922454834
42,4,400 ppm 4 5,d4,scale_1.0_rot_270_flip_1,0.5367622971534729,0.29726773500442505,0.16596993803977966
42,4,600 ppm 3 8,d4,scale_1.0_rot_270_flip_1,0.09367413073778152,0.14251971244812012,0.763806164264679
42,4,800 ppm 3 8,d4,scale_1.0_rot_270_flip_1,0.6993880867958069,0.23872575163841248,0.06188616156578064
42,4,1000 ppm 5 6,d4,scale_1.0_rot_270_flip_1,0.04486881569027901,0.02717503346502781,0.927956223487854
42,4,600 ppm 4 8,d4,scale_1.0_rot_270_flip_1,0.14280962944030762,0.14881503582000732,0.7083753943443298
42,4,800 ppm 3 5,d4,scale_1.0_rot_270_flip_1,0.7879685759544373,0.1051872968673706,0.10684405267238617
42,4,400 ppm 3 1,d4,scale_1.0_rot_270_flip_1,0.7926416993141174,0.14356878399848938,0.06378952413797379
42,4,400 ppm 3 6,d4,scale_1.0_rot_270_flip_1,0.6074601411819458,0.20103387534618378,0.19150592386722565
42,4,600 ppm 4 10,d4,scale_1.0_rot_270_flip_1,0.4364394247531891,0.08057819306850433,0.4829823672771454
42,4,1000 ppm 4 1,d4,scale_1.0_rot_270_flip_1,0.04813852906227112,0.0464593842625618,0.9054021835327148
42,4,400 ppm 4 10,d4,scale_1.0_rot_270_flip_1,0.13871856033802032,0.3203134536743164,0.5409680008888245
42,4,600 ppm 3 3,d4,scale_1.0_rot_270_flip_1,0.42682623863220215,0.07510635256767273,0.4980674982070923
42,4,400 ppm 3 4,d4,scale_1.0_rot_270_flip_1,0.3360052704811096,0.2803986668586731,0.3835960924625397
42,4,1000 ppm 2 3,d4,scale_1.0_rot_270_flip_1,0.39754343032836914,0.4611872732639313,0.1412692815065384
