task,backbone,seed,fold,best_epoch,selection,inference,dataset_index,sample_id,group,residue_mg_cm2,target,prediction,view_count,view_instability,residual,baseline_prediction,baseline_median
icp_regression,dinov3,42,1,23,legacy_outer,single,3,600 ppm 5 5,,3.07249289,3.07249289,2.158212900161743,1,0.0,0.9142799898382568,3.21810384298077,3.0988216315
icp_regression,dinov3,42,1,23,legacy_outer,single,5,1000 ppm 4 3,,7.189555601,7.189555601,4.162444591522217,1,0.0,3.0271110094777836,3.21810384298077,3.0988216315
icp_regression,dinov3,42,1,23,legacy_outer,single,6,1000 ppm 3 9,,6.405368276,6.405368276,4.894240856170654,1,0.0,1.5111274198293456,3.21810384298077,3.0988216315
icp_regression,dinov3,42,1,23,legacy_outer,single,7,1000 ppm 3 10,,4.236281385,4.236281385,3.5642149448394775,1,0.0,0.6720664401605223,3.21810384298077,3.0988216315
icp_regression,dinov3,42,1,23,legacy_outer,single,8,600 ppm 3 7,,2.508319707,2.508319707,3.342280149459839,1,0.0,-0.8339604424598388,3.21810384298077,3.0988216315
icp_regression,dinov3,42,1,23,legacy_outer,single,9,800 ppm 5 7,,3.900390988,3.900390988,4.211866855621338,1,0.0,-0.31147586762133805,3.21810384298077,3.0988216315
icp_regression,dinov3,42,1,23,legacy_outer,single,11,400 ppm 4 4,,2.489788579,2.489788579,2.3693816661834717,1,0.0,0.12040691281652816,3.21810384298077,3.0988216315
icp_regression,dinov3,42,1,23,legacy_outer,single,12,800 ppm 2 8,,2.765988542,2.765988542,3.5422556400299072,1,0.0,-0.7762670980299071,3.21810384298077,3.0988216315
icp_regression,dinov3,42,1,23,legacy_outer,single,13,400 ppm 3 2,,1.924704767,1.924704767,2.745178461074829,1,0.0,-0.8204736940748292,3.21810384298077,3.0988216315
icp_regression,dinov3,42,1,23,legacy_outer,single,21,800 ppm 3 9,,3.382216957,3.382216957,3.3667569160461426,1,0.0,0.015460040953857224,3.21810384298077,3.0988216315
icp_regression,dinov3,42,1,23,legacy_outer,single,27,1000 ppm 5 1,,3.059802771,3.059802771,2.8743810653686523,1,0.0,0.18542170563134786,3.21810384298077,3.0988216315
icp_regression,dinov3,42,1,23,legacy_outer,single,28,800 ppm 4 5,,2.521832891,2.521832891,3.471534013748169,1,0.0,-0.9497011227481691,3.21810384298077,3.0988216315
icp_regression,dinov3,42,1,23,legacy_outer,single,29,800 ppm 2 1,,4.06487884,4.06487884,3.7632064819335938,1,0.0,0.3016723580664067,3.21810384298077,3.0988216315
icp_regression,dinov3,42,1,23,legacy_outer,single,34,400 ppm 1 5,,2.341339231,2.341339231,2.920180320739746,1,0.0,-0.578841089739746,3.21810384298077,3.0988216315
icp_regression,dinov3,42,1,23,legacy_outer,single,45,400 ppm 4 8,,2.558849953,2.558849953,2.3206019401550293,1,0.0,0.23824801284497088,3.21810384298077,3.0988216315
icp_regression,dinov3,42,1,23,legacy_outer,single,49,800 ppm 3 4,,3.337767404,3.337767404,3.7146737575531006,1,0.0,-0.37690635355310054,3.21810384298077,3.0988216315
icp_regression,dinov3,42,1,23,legacy_outer,single,53,1000 ppm 2 1,,3.63646254,3.63646254,1.353198528289795,1,0.0,2.283264011710205,3.21810384298077,3.0988216315
icp_regression,dinov3,42,1,23,legacy_outer,single,54,400 ppm 3 10,,3.10781821,3.10781821,2.534064292907715,1,0.0,0.5737539170922852,3.21810384298077,3.0988216315
icp_regression,dinov3,42,1,23,legacy_outer,single,66,1000 ppm 3 3,,3.51299382,3.51299382,2.6162774562835693,1,0.0,0.8967163637164308,3.21810384298077,3.0988216315
icp_regression,dinov3,42,1,23,legacy_outer,single,67,c 9,,0.057884192,0.057884192,0.17617014050483704,1,0.0,-0.11828594850483704,3.21810384298077,3.0988216315
icp_regression,dinov3,42,1,23,legacy_outer,single,70,800 ppm 3 3,,3.888822319,3.888822319,4.394878387451172,1,0.0,-0.5060560684511719,3.21810384298077,3.0988216315
icp_regression,dinov3,42,1,23,legacy_outer,single,79,800 ppm 2 9,,4.519795322,4.519795322,4.1903486251831055,1,0.0,0.32944669681689476,3.21810384298077,3.0988216315
icp_regression,dinov3,42,1,23,legacy_outer,single,81,600 ppm 2 9,,3.516388075,3.516388075,4.051331043243408,1,0.0,-0.5349429682434081,3.21810384298077,3.0988216315
icp_regression,dinov3,42,1,23,legacy_outer,single,83,400 ppm 2 10,,2.028021582,2.028021582,3.2126781940460205,1,0.0,-1.1846566120460205,3.21810384298077,3.0988216315
icp_regression,dinov3,42,1,23,legacy_outer,single,94,800 ppm 4 7,,2.433103134,2.433103134,2.9203038215637207,1,0.0,-0.4872006875637207,3.21810384298077,3.0988216315
icp_regression,dinov3,42,1,23,legacy_outer,single,99,1000 ppm 2 7,,2.945844467,2.945844467,2.5965664386749268,1,0.0,0.3492780283250734,3.21810384298077,3.0988216315
icp_regression,dinov3,42,1,23,legacy_outer,single,108,800 ppm 5 9,,4.625114916,4.625114916,3.243447780609131,1,0.0,1.3816671353908694,3.21810384298077,3.0988216315
icp_regression,dinov3,42,1,23,legacy_outer,single,109,600 ppm 3 6,,2.589302372,2.589302372,3.325944185256958,1,0.0,-0.7366418132569579,3.21810384298077,3.0988216315
icp_regression,dinov3,42,1,23,legacy_outer,single,111,1000 ppm 1 5,,5.633915275,5.633915275,3.78067684173584,1,0.0,1.8532384332641598,3.21810384298077,3.0988216315
icp_regression,dinov3,42,1,23,legacy_outer,single,113,600 ppm 5 10,,2.366026608,2.366026608,2.447794198989868,1,0.0,-0.0817675909898683,3.21810384298077,3.0988216315
icp_regression,dinov3,42,1,23,legacy_outer,single,114,600 ppm 2 5,,7.364696779,7.364696779,5.9075140953063965,1,0.0,1.4571826836936035,3.21810384298077,3.0988216315
icp_regression,dinov3,42,1,23,legacy_outer,single,115,800 ppm 1 10,,3.305771452,3.305771452,3.807435989379883,1,0.0,-0.5016645373798827,3.21810384298077,3.0988216315
icp_regression,dinov3,42,1,23,legacy_outer,single,117,1000 ppm 3 8,,3.306848768,3.306848768,3.6381278038024902,1,0.0,-0.3312790358024902,3.21810384298077,3.0988216315
icp_regression,dinov3,42,1,23,legacy_outer,single,121,800 ppm 2 3,,4.083341711,4.083341711,4.068376541137695,1,0.0,0.014965169862304784,3.21810384298077,3.0988216315
icp_regression,dinov3,42,1,23,legacy_outer,single,126,1000 ppm 5 7,,3.420269793,3.420269793,3.3373401165008545,1,0.0,0.08292967649914562,3.21810384298077,3.0988216315
icp_regression,dinov3,42,1,23,legacy_outer,single,130,400 ppm 1 3,,2.14727081,2.14727081,4.3188605308532715,1,0.0,-2.1715897208532713,3.21810384298077,3.0988216315
icp_regression,dinov3,42,1,23,legacy_outer,single,131,800 ppm 4 6,,2.875276352,2.875276352,2.46720814704895,1,0.0,0.40806820495105,3.21810384298077,3.0988216315
icp_regression,dinov3,42,1,23,legacy_outer,single,132,600 ppm 5 4,,1.814695158,1.814695158,3.2537431716918945,1,0.0,-1.4390480136918946,3.21810384298077,3.0988216315
icp_regression,dinov3,42,1,23,legacy_outer,single,138,400 ppm 2 7,,2.096952551,2.096952551,3.028637170791626,1,0.0,-0.9316846197916258,3.21810384298077,3.0988216315
icp_regression,dinov3,42,1,23,legacy_outer,single,143,1000 ppm 5 9,,3.907491301,3.907491301,4.342883110046387,1,0.0,-0.43539180904638686,3.21810384298077,3.0988216315
icp_regression,dinov3,42,1,23,legacy_outer,single,146,400 ppm 5 8,,1.963308029,1.963308029,3.6106274127960205,1,0.0,-1.6473193837960205,3.21810384298077,3.0988216315
icp_regression,dinov3,42,1,23,legacy_outer,single,148,c 4,,0.028773772,0.028773772,-0.48033174872398376,1,0.0,0.5091055207239837,3.21810384298077,3.0988216315
icp_regression,dinov3,42,1,23,legacy_outer,single,156,1000 ppm 1 8,,2.743553968,2.743553968,2.313903570175171,1,0.0,0.42965039782482917,3.21810384298077,3.0988216315
icp_regression,dinov3,42,1,23,legacy_outer,single,157,c 3,,0.03666858,0.03666858,1.3878639936447144,1,0.0,-1.3511954136447144,3.21810384298077,3.0988216315
icp_regression,dinov3,42,1,23,legacy_outer,single,166,800 ppm 1 9,,4.20466345,4.20466345,3.8608314990997314,1,0.0,0.3438319509002685,3.21810384298077,3.0988216315
icp_regression,dinov3,42,1,23,legacy_outer,single,175,1000 ppm 3 2,,5.16842706,5.16842706,3.629948854446411,1,0.0,1.5384782055535888,3.21810384298077,3.0988216315
icp_regression,dinov3,42,1,23,legacy_outer,single,186,1000 ppm 5 4,,4.896407171,4.896407171,4.431973457336426,1,0.0,0.4644337136635741,3.21810384298077,3.0988216315
icp_regression,dinov3,42,1,23,legacy_outer,single,189,1000 ppm 3 5,,3.571688657,3.571688657,2.9748730659484863,1,0.0,0.5968155910515138,3.21810384298077,3.0988216315
icp_regression,dinov3,42,1,23,legacy_outer,single,192,800 ppm 1 4,,3.526156319,3.526156319,4.132778644561768,1,0.0,-0.6066223255617675,3.21810384298077,3.0988216315
icp_regression,dinov3,42,1,23,legacy_outer,single,193,1000 ppm 1 7,,13.21918184,13.21918184,5.711972713470459,1,0.0,7.50720912652954,3.21810384298077,3.0988216315
icp_regression,dinov3,42,1,23,legacy_outer,single,202,1000 ppm 3 4,,3.664180216,3.664180216,2.566328763961792,1,0.0,1.097851452038208,3.21810384298077,3.0988216315
icp_regression,dinov3,42,1,23,legacy_outer,single,204,400 ppm 5 1,,2.488451456,2.488451456,0.7555702328681946,1,0.0,1.7328812231318054,3.21810384298077,3.0988216315
icp_regression,dinov3,42,1,23,legacy_outer,single,205,1000 ppm 2 4,,2.575755666,2.575755666,3.253227710723877,1,0.0,-0.6774720447238769,3.21810384298077,3.0988216315
icp_regression,dinov3,42,1,23,legacy_outer,d4_mean,3,600 ppm 5 5,,3.07249289,3.07249289,2.6103994846343994,8,0.39545339345932007,0.4620934053656005,3.21810384298077,3.0988216315
icp_regression,dinov3,42,1,23,legacy_outer,d4_mean,5,1000 ppm 4 3,,7.189555601,7.189555601,4.641227722167969,8,0.31415706872940063,2.5483278788320316,3.21810384298077,3.0988216315
icp_regression,dinov3,42,1,23,legacy_outer,d4_mean,6,1000 ppm 3 9,,6.405368276,6.405368276,4.874334812164307,8,0.2538313567638397,1.5310334638356933,3.21810384298077,3.0988216315
icp_regression,dinov3,42,1,23,legacy_outer,d4_mean,7,1000 ppm 3 10,,4.236281385,4.236281385,3.9636330604553223,8,0.1972227394580841,0.2726483245446776,3.21810384298077,3.0988216315
icp_regression,dinov3,42,1,23,legacy_outer,d4_mean,8,600 ppm 3 7,,2.508319707,2.508319707,3.9366509914398193,8,0.4225848615169525,-1.4283312844398193,3.21810384298077,3.0988216315
icp_regression,dinov3,42,1,23,legacy_outer,d4_mean,9,800 ppm 5 7,,3.900390988,3.900390988,4.813850402832031,8,0.4167250096797943,-0.9134594148320314,3.21810384298077,3.0988216315
icp_regression,dinov3,42,1,23,legacy_outer,d4_mean,11,400 ppm 4 4,,2.489788579,2.489788579,2.7092223167419434,8,0.24503274261951447,-0.21943373774194352,3.21810384298077,3.0988216315
icp_regression,dinov3,42,1,23,legacy_outer,d4_mean,12,800 ppm 2 8,,2.765988542,2.765988542,4.134745121002197,8,0.4146231412887573,-1.3687565790021972,3.21810384298077,3.0988216315
icp_regression,dinov3,42,1,23,legacy_outer,d4_mean,13,400 ppm 3 2,,1.924704767,1.924704767,3.305492877960205,8,0.3474697768688202,-1.3807881109602052,3.21810384298077,3.0988216315
icp_regression,dinov3,42,1,23,legacy_outer,d4_mean,21,800 ppm 3 9,,3.382216957,3.382216957,3.8291521072387695,8,0.36712926626205444,-0.44693515023876973,3.21810384298077,3.0988216315
icp_regression,dinov3,42,1,23,legacy_outer,d4_mean,27,1000 ppm 5 1,,3.059802771,3.059802771,3.70701265335083,8,0.5361149907112122,-0.6472098823508299,3.21810384298077,3.0988216315
icp_regression,dinov3,42,1,23,legacy_outer,d4_mean,28,800 ppm 4 5,,2.521832891,2.521832891,4.087182521820068,8,0.5169423222541809,-1.5653496308200685,3.21810384298077,3.0988216315
icp_regression,dinov3,42,1,23,legacy_outer,d4_mean,29,800 ppm 2 1,,4.06487884,4.06487884,4.298758506774902,8,0.35431617498397827,-0.2338796667749019,3.21810384298077,3.0988216315
icp_regression,dinov3,42,1,23,legacy_outer,d4_mean,34,400 ppm 1 5,,2.341339231,2.341339231,3.4924330711364746,8,0.5127601027488708,-1.1510938401364745,3.21810384298077,3.0988216315
icp_regression,dinov3,42,1,23,legacy_outer,d4_mean,45,400 ppm 4 8,,2.558849953,2.558849953,2.7419631481170654,8,0.3189553916454315,-0.18311319511706525,3.21810384298077,3.0988216315
icp_regression,dinov3,42,1,23,legacy_outer,d4_mean,49,800 ppm 3 4,,3.337767404,3.337767404,3.853593111038208,8,0.26621025800704956,-0.515825707038208,3.21810384298077,3.0988216315
icp_regression,dinov3,42,1,23,legacy_outer,d4_mean,53,1000 ppm 2 1,,3.63646254,3.63646254,1.9762392044067383,8,0.4374415874481201,1.6602233355932619,3.21810384298077,3.0988216315
icp_regression,dinov3,42,1,23,legacy_outer,d4_mean,54,400 ppm 3 10,,3.10781821,3.10781821,2.5189480781555176,8,0.45131295919418335,0.5888701318444824,3.21810384298077,3.0988216315
icp_regression,dinov3,42,1,23,legacy_outer,d4_mean,66,1000 ppm 3 3,,3.51299382,3.51299382,3.238487720489502,8,0.4047764241695404,0.2745060995104982,3.21810384298077,3.0988216315
icp_regression,dinov3,42,1,23,legacy_outer,d4_mean,67,c 9,,0.057884192,0.057884192,1.3794891834259033,8,0.7567363977432251,-1.3216049914259034,3.21810384298077,3.0988216315
icp_regression,dinov3,42,1,23,legacy_outer,d4_mean,70,800 ppm 3 3,,3.888822319,3.888822319,4.627442836761475,8,0.3544149100780487,-0.7386205177614746,3.21810384298077,3.0988216315
icp_regression,dinov3,42,1,23,legacy_outer,d4_mean,79,800 ppm 2 9,,4.519795322,4.519795322,4.44118595123291,8,0.1657555252313614,0.07860937076709007,3.21810384298077,3.0988216315
icp_regression,dinov3,42,1,23,legacy_outer,d4_mean,81,600 ppm 2 9,,3.516388075,3.516388075,4.647868633270264,8,0.34059247374534607,-1.1314805582702636,3.21810384298077,3.0988216315
icp_regression,dinov3,42,1,23,legacy_outer,d4_mean,83,400 ppm 2 10,,2.028021582,2.028021582,4.072604656219482,8,0.44435107707977295,-2.0445830742194824,3.21810384298077,3.0988216315
icp_regression,dinov3,42,1,23,legacy_outer,d4_mean,94,800 ppm 4 7,,2.433103134,2.433103134,3.2613093852996826,8,0.25109851360321045,-0.8282062512996826,3.21810384298077,3.0988216315
icp_regression,dinov3,42,1,23,legacy_outer,d4_mean,99,1000 ppm 2 7,,2.945844467,2.945844467,2.937938928604126,8,0.37499991059303284,0.007905538395874157,3.21810384298077,3.0988216315
icp_regression,dinov3,42,1,23,legacy_outer,d4_mean,108,800 ppm 5 9,,4.625114916,4.625114916,3.0649049282073975,8,0.18330296874046326,1.5602099877926028,3.21810384298077,3.0988216315
icp_regression,dinov3,42,1,23,legacy_outer,d4_mean,109,600 ppm 3 6,,2.589302372,2.589302372,2.974757194519043,8,0.43878164887428284,-0.38545482251904284,3.21810384298077,3.0988216315
icp_regression,dinov3,42,1,23,legacy_outer,d4_mean,111,1000 ppm 1 5,,5.633915275,5.633915275,3.6091084480285645,8,0.23353219032287598,2.024806826971435,3.21810384298077,3.0988216315
icp_regression,dinov3,42,1,23,legacy_outer,d4_mean,113,600 ppm 5 10,,2.366026608,2.366026608,2.711304187774658,8,0.2100772112607956,-0.34527757977465834,3.21810384298077,3.0988216315
icp_regression,dinov3,42,1,23,legacy_outer,d4_mean,114,600 ppm 2 5,,7.364696779,7.364696779,6.076709747314453,8,0.34286290407180786,1.2879870316855468,3.21810384298077,3.0988216315
icp_regression,dinov3,42,1,23,legacy_outer,d4_mean,115,800 ppm 1 10,,3.305771452,3.305771452,4.555539131164551,8,0.44550636410713196,-1.2497676791645507,3.21810384298077,3.0988216315
icp_regression,dinov3,42,1,23,legacy_outer,d4_mean,117,1000 ppm 3 8,,3.306848768,3.306848768,4.039469242095947,8,0.18656747043132782,-0.7326204740959472,3.21810384298077,3.0988216315
icp_regression,dinov3,42,1,23,legacy_outer,d4_mean,121,800 ppm 2 3,,4.083341711,4.083341711,4.822160243988037,8,0.3553459644317627,-0.738818532988037,3.21810384298077,3.0988216315
icp_regression,dinov3,42,1,23,legacy_outer,d4_mean,126,1000 ppm 5 7,,3.420269793,3.420269793,3.7614433765411377,8,0.35425999760627747,-0.3411735835411376,3.21810384298077,3.0988216315
icp_regression,dinov3,42,1,23,legacy_outer,d4_mean,130,400 ppm 1 3,,2.14727081,2.14727081,4.358834743499756,8,0.1874931901693344,-2.2115639334997557,3.21810384298077,3.0988216315
icp_regression,dinov3,42,1,23,legacy_outer,d4_mean,131,800 ppm 4 6,,2.875276352,2.875276352,3.0936431884765625,8,0.5140699744224548,-0.2183668364765623,3.21810384298077,3.0988216315
icp_regression,dinov3,42,1,23,legacy_outer,d4_mean,132,600 ppm 5 4,,1.814695158,1.814695158,3.6716866493225098,8,0.4785192012786865,-1.8569914913225098,3.21810384298077,3.0988216315
icp_regression,dinov3,42,1,23,legacy_outer,d4_mean,138,400 ppm 2 7,,2.096952551,2.096952551,3.3746159076690674,8,0.48649823665618896,-1.2776633566690672,3.21810384298077,3.0988216315
icp_regression,dinov3,42,1,23,legacy_outer,d4_mean,143,1000 ppm 5 9,,3.907491301,3.907491301,4.8080315589904785,8,0.4598621428012848,-0.9005402579904787,3.21810384298077,3.0988216315
icp_regression,dinov3,42,1,23,legacy_outer,d4_mean,146,400 ppm 5 8,,1.963308029,1.963308029,4.516724586486816,8,0.5531131625175476,-2.553416557486816,3.21810384298077,3.0988216315
icp_regression,dinov3,42,1,23,legacy_outer,d4_mean,148,c 4,,0.028773772,0.028773772,0.5093525648117065,8,0.542592465877533,-0.48057879281170657,3.21810384298077,3.0988216315
icp_regression,dinov3,42,1,23,legacy_outer,d4_mean,156,1000 ppm 1 8,,2.743553968,2.743553968,2.9000966548919678,8,0.40086787939071655,-0.1565426868919677,3.21810384298077,3.0988216315
icp_regression,dinov3,42,1,23,legacy_outer,d4_mean,157,c 3,,0.03666858,0.03666858,2.241455554962158,8,0.617381751537323,-2.204786974962158,3.21810384298077,3.0988216315
icp_regression,dinov3,42,1,23,legacy_outer,d4_mean,166,800 ppm 1 9,,4.20466345,4.20466345,4.463132858276367,8,0.37992358207702637,-0.2584694082763672,3.21810384298077,3.0988216315
icp_regression,dinov3,42,1,23,legacy_outer,d4_mean,175,1000 ppm 3 2,,5.16842706,5.16842706,3.5692138671875,8,0.438755601644516,1.5992131928125,3.21810384298077,3.0988216315
icp_regression,dinov3,42,1,23,legacy_outer,d4_mean,186,1000 ppm 5 4,,4.896407171,4.896407171,4.945713043212891,8,0.4229660928249359,-0.04930587221289073,3.21810384298077,3.0988216315
icp_regression,dinov3,42,1,23,legacy_outer,d4_mean,189,1000 ppm 3 5,,3.571688657,3.571688657,3.613853931427002,8,0.3374651372432709,-0.0421652744270018,3.21810384298077,3.0988216315
icp_regression,dinov3,42,1,23,legacy_outer,d4_mean,192,800 ppm 1 4,,3.526156319,3.526156319,4.742544651031494,8,0.41456085443496704,-1.216388332031494,3.21810384298077,3.0988216315
icp_regression,dinov3,42,1,23,legacy_outer,d4_mean,193,1000 ppm 1 7,,13.21918184,13.21918184,5.427298069000244,8,0.27416354417800903,7.791883770999755,3.21810384298077,3.0988216315
icp_regression,dinov3,42,1,23,legacy_outer,d4_mean,202,1000 ppm 3 4,,3.664180216,3.664180216,2.9412193298339844,8,0.4781457185745239,0.7229608861660157,3.21810384298077,3.0988216315
icp_regression,dinov3,42,1,23,legacy_outer,d4_mean,204,400 ppm 5 1,,2.488451456,2.488451456,1.550941824913025,8,0.4311378300189972,0.937509631086975,3.21810384298077,3.0988216315
icp_regression,dinov3,42,1,23,legacy_outer,d4_mean,205,1000 ppm 2 4,,2.575755666,2.575755666,3.5505287647247314,8,0.32255682349205017,-0.9747730987247314,3.21810384298077,3.0988216315
icp_regression,dinov3,42,1,23,legacy_outer,scale_mean,3,600 ppm 5 5,,3.07249289,3.07249289,2.465965986251831,2,0.3077530860900879,0.6065269037481689,3.21810384298077,3.0988216315
icp_regression,dinov3,42,1,23,legacy_outer,scale_mean,5,1000 ppm 4 3,,7.189555601,7.189555601,4.023724555969238,2,0.13871979713439941,3.165831045030762,3.21810384298077,3.0988216315
icp_regression,dinov3,42,1,23,legacy_outer,scale_mean,6,1000 ppm 3 9,,6.405368276,6.405368276,4.906798362731934,2,0.012557744979858398,1.4985699132680663,3.21810384298077,3.0988216315
icp_regression,dinov3,42,1,23,legacy_outer,scale_mean,7,1000 ppm 3 10,,4.236281385,4.236281385,3.4503815174102783,2,0.11383342742919922,0.7858998675897215,3.21810384298077,3.0988216315
icp_regression,dinov3,42,1,23,legacy_outer,scale_mean,8,600 ppm 3 7,,2.508319707,2.508319707,3.4200549125671387,2,0.07777488231658936,-0.9117352055671386,3.21810384298077,3.0988216315
icp_regression,dinov3,42,1,23,legacy_outer,scale_mean,9,800 ppm 5 7,,3.900390988,3.900390988,4.572467803955078,2,0.36060118675231934,-0.6720768159550783,3.21810384298077,3.0988216315
icp_regression,dinov3,42,1,23,legacy_outer,scale_mean,11,400 ppm 4 4,,2.489788579,2.489788579,2.5779504776000977,2,0.20856869220733643,-0.08816189860009782,3.21810384298077,3.0988216315
icp_regression,dinov3,42,1,23,legacy_outer,scale_mean,12,800 ppm 2 8,,2.765988542,2.765988542,3.828939437866211,2,0.28668391704559326,-1.0629508958662108,3.21810384298077,3.0988216315
icp_regression,dinov3,42,1,23,legacy_outer,scale_mean,13,400 ppm 3 2,,1.924704767,1.924704767,2.9055488109588623,2,0.1603703498840332,-0.9808440439588624,3.21810384298077,3.0988216315
icp_regression,dinov3,42,1,23,legacy_outer,scale_mean,21,800 ppm 3 9,,3.382216957,3.382216957,3.2751846313476562,2,0.09157240390777588,0.10703232565234355,3.21810384298077,3.0988216315
icp_regression,dinov3,42,1,23,legacy_outer,scale_mean,27,1000 ppm 5 1,,3.059802771,3.059802771,2.7320048809051514,2,0.14237618446350098,0.32779789009484883,3.21810384298077,3.0988216315
icp_regression,dinov3,42,1,23,legacy_outer,scale_mean,28,800 ppm 4 5,,2.521832891,2.521832891,3.663278579711914,2,0.19174468517303467,-1.1414456887119142,3.21810384298077,3.0988216315
icp_regression,dinov3,42,1,23,legacy_outer,scale_mean,29,800 ppm 2 1,,4.06487884,4.06487884,3.64682936668396,2,0.11637711524963379,0.4180494733160405,3.21810384298077,3.0988216315
icp_regression,dinov3,42,1,23,legacy_outer,scale_mean,34,400 ppm 1 5,,2.341339231,2.341339231,2.6778974533081055,2,0.24228298664093018,-0.3365582223081054,3.21810384298077,3.0988216315
icp_regression,dinov3,42,1,23,legacy_outer,scale_mean,45,400 ppm 4 8,,2.558849953,2.558849953,2.4072768688201904,2,0.08667492866516113,0.15157308417980975,3.21810384298077,3.0988216315
icp_regression,dinov3,42,1,23,legacy_outer,scale_mean,49,800 ppm 3 4,,3.337767404,3.337767404,3.7105488777160645,2,0.004124879837036133,-0.3727814737160644,3.21810384298077,3.0988216315
icp_regression,dinov3,42,1,23,legacy_outer,scale_mean,53,1000 ppm 2 1,,3.63646254,3.63646254,1.123941421508789,2,0.22925707697868347,2.512521118491211,3.21810384298077,3.0988216315
icp_regression,dinov3,42,1,23,legacy_outer,scale_mean,54,400 ppm 3 10,,3.10781821,3.10781821,2.2115159034729004,2,0.32254844903945923,0.8963023065270996,3.21810384298077,3.0988216315
icp_regression,dinov3,42,1,23,legacy_outer,scale_mean,66,1000 ppm 3 3,,3.51299382,3.51299382,3.0183629989624023,2,0.402085542678833,0.4946308210375978,3.21810384298077,3.0988216315
icp_regression,dinov3,42,1,23,legacy_outer,scale_mean,67,c 9,,0.057884192,0.057884192,0.3331245481967926,2,0.15695440769195557,-0.2752403561967926,3.21810384298077,3.0988216315
icp_regression,dinov3,42,1,23,legacy_outer,scale_mean,70,800 ppm 3 3,,3.888822319,3.888822319,4.185713768005371,2,0.20916485786437988,-0.2968914490053711,3.21810384298077,3.0988216315
icp_regression,dinov3,42,1,23,legacy_outer,scale_mean,79,800 ppm 2 9,,4.519795322,4.519795322,4.2946882247924805,2,0.104339599609375,0.22510709720751976,3.21810384298077,3.0988216315
icp_regression,dinov3,42,1,23,legacy_outer,scale_mean,81,600 ppm 2 9,,3.516388075,3.516388075,3.9630815982818604,2,0.08824944496154785,-0.4466935232818603,3.21810384298077,3.0988216315
icp_regression,dinov3,42,1,23,legacy_outer,scale_mean,83,400 ppm 2 10,,2.028021582,2.028021582,3.2068538665771484,2,0.00582432746887207,-1.1788322845771484,3.21810384298077,3.0988216315
icp_regression,dinov3,42,1,23,legacy_outer,scale_mean,94,800 ppm 4 7,,2.433103134,2.433103134,3.1718668937683105,2,0.2515629529953003,-0.7387637597683105,3.21810384298077,3.0988216315
icp_regression,dinov3,42,1,23,legacy_outer,scale_mean,99,1000 ppm 2 7,,2.945844467,2.945844467,2.58966064453125,2,0.006905794143676758,0.35618382246875013,3.21810384298077,3.0988216315
icp_regression,dinov3,42,1,23,legacy_outer,scale_mean,108,800 ppm 5 9,,4.625114916,4.625114916,3.2684524059295654,2,0.02500462532043457,1.3566625100704348,3.21810384298077,3.0988216315
icp_regression,dinov3,42,1,23,legacy_outer,scale_mean,109,600 ppm 3 6,,2.589302372,2.589302372,3.3101909160614014,2,0.01575326919555664,-0.7208885440614012,3.21810384298077,3.0988216315
icp_regression,dinov3,42,1,23,legacy_outer,scale_mean,111,1000 ppm 1 5,,5.633915275,5.633915275,4.021726608276367,2,0.24104976654052734,1.6121886667236325,3.21810384298077,3.0988216315
icp_regression,dinov3,42,1,23,legacy_outer,scale_mean,113,600 ppm 5 10,,2.366026608,2.366026608,2.3498902320861816,2,0.09790396690368652,0.016136375913818224,3.21810384298077,3.0988216315
icp_regression,dinov3,42,1,23,legacy_outer,scale_mean,114,600 ppm 2 5,,7.364696779,7.364696779,5.97910737991333,2,0.0715932846069336,1.38558939908667,3.21810384298077,3.0988216315
icp_regression,dinov3,42,1,23,legacy_outer,scale_mean,115,800 ppm 1 10,,3.305771452,3.305771452,3.8552846908569336,2,0.04784882068634033,-0.5495132388569335,3.21810384298077,3.0988216315
icp_regression,dinov3,42,1,23,legacy_outer,scale_mean,117,1000 ppm 3 8,,3.306848768,3.306848768,3.666933536529541,2,0.02880561351776123,-0.36008476852954097,3.21810384298077,3.0988216315
icp_regression,dinov3,42,1,23,legacy_outer,scale_mean,121,800 ppm 2 3,,4.083341711,4.083341711,4.0589447021484375,2,0.009431838989257812,0.024397008851562596,3.21810384298077,3.0988216315
icp_regression,dinov3,42,1,23,legacy_outer,scale_mean,126,1000 ppm 5 7,,3.420269793,3.420269793,3.3613007068634033,2,0.023960590362548828,0.05896908613659679,3.21810384298077,3.0988216315
icp_regression,dinov3,42,1,23,legacy_outer,scale_mean,130,400 ppm 1 3,,2.14727081,2.14727081,4.0464253425598145,2,0.2724350690841675,-1.8991545325598143,3.21810384298077,3.0988216315
icp_regression,dinov3,42,1,23,legacy_outer,scale_mean,131,800 ppm 4 6,,2.875276352,2.875276352,2.4640393257141113,2,0.003168940544128418,0.4112370262858889,3.21810384298077,3.0988216315
icp_regression,dinov3,42,1,23,legacy_outer,scale_mean,132,600 ppm 5 4,,1.814695158,1.814695158,3.440990924835205,2,0.18724775314331055,-1.6262957668352052,3.21810384298077,3.0988216315
icp_regression,dinov3,42,1,23,legacy_outer,scale_mean,138,400 ppm 2 7,,2.096952551,2.096952551,2.8577003479003906,2,0.17093682289123535,-0.7607477969003904,3.21810384298077,3.0988216315
icp_regression,dinov3,42,1,23,legacy_outer,scale_mean,143,1000 ppm 5 9,,3.907491301,3.907491301,4.151837348937988,2,0.19104576110839844,-0.24434604793798842,3.21810384298077,3.0988216315
icp_regression,dinov3,42,1,23,legacy_outer,scale_mean,146,400 ppm 5 8,,1.963308029,1.963308029,3.747248649597168,2,0.13662123680114746,-1.783940620597168,3.21810384298077,3.0988216315
icp_regression,dinov3,42,1,23,legacy_outer,scale_mean,148,c 4,,0.028773772,0.028773772,-0.23732605576515198,2,0.2430056929588318,0.26609982776515195,3.21810384298077,3.0988216315
icp_regression,dinov3,42,1,23,legacy_outer,scale_mean,156,1000 ppm 1 8,,2.743553968,2.743553968,1.969346523284912,2,0.3445570468902588,0.774207444715088,3.21810384298077,3.0988216315
icp_regression,dinov3,42,1,23,legacy_outer,scale_mean,157,c 3,,0.03666858,0.03666858,1.423529028892517,2,0.035665035247802734,-1.3868604488925171,3.21810384298077,3.0988216315
icp_regression,dinov3,42,1,23,legacy_outer,scale_mean,166,800 ppm 1 9,,4.20466345,4.20466345,3.754303455352783,2,0.10652816295623779,0.45035999464721677,3.21810384298077,3.0988216315
icp_regression,dinov3,42,1,23,legacy_outer,scale_mean,175,1000 ppm 3 2,,5.16842706,5.16842706,3.4174342155456543,2,0.2125147581100464,1.7509928444543457,3.21810384298077,3.0988216315
icp_regression,dinov3,42,1,23,legacy_outer,scale_mean,186,1000 ppm 5 4,,4.896407171,4.896407171,4.431575775146484,2,0.00039768218994140625,0.4648313958535155,3.21810384298077,3.0988216315
icp_regression,dinov3,42,1,23,legacy_outer,scale_mean,189,1000 ppm 3 5,,3.571688657,3.571688657,2.9239373207092285,2,0.05093562602996826,0.6477513362907716,3.21810384298077,3.0988216315
icp_regression,dinov3,42,1,23,legacy_outer,scale_mean,192,800 ppm 1 4,,3.526156319,3.526156319,4.370602607727051,2,0.2378239631652832,-0.8444462887270507,3.21810384298077,3.0988216315
icp_regression,dinov3,42,1,23,legacy_outer,scale_mean,193,1000 ppm 1 7,,13.21918184,13.21918184,5.853995323181152,2,0.14202237129211426,7.365186516818847,3.21810384298077,3.0988216315
icp_regression,dinov3,42,1,23,legacy_outer,scale_mean,202,1000 ppm 3 4,,3.664180216,3.664180216,2.699449062347412,2,0.13312029838562012,0.964731153652588,3.21810384298077,3.0988216315
icp_regression,dinov3,42,1,23,legacy_outer,scale_mean,204,400 ppm 5 1,,2.488451456,2.488451456,0.7381259202957153,2,0.01744428277015686,1.7503255357042846,3.21810384298077,3.0988216315
icp_regression,dinov3,42,1,23,legacy_outer,scale_mean,205,1000 ppm 2 4,,2.575755666,2.575755666,3.297970771789551,2,0.04474318027496338,-0.7222151057895507,3.21810384298077,3.0988216315
icp_regression,dinov3,42,2,10,legacy_outer,single,0,800 ppm 4 4,,2.946573479,2.946573479,3.4403765201568604,1,0.0,-0.49380304115686036,3.2254064493312105,3.100781702
icp_regression,dinov3,42,2,10,legacy_outer,single,1,400 ppm 1 10,,2.439106538,2.439106538,2.6963889598846436,1,0.0,-0.2572824218846437,3.2254064493312105,3.100781702
icp_regression,dinov3,42,2,10,legacy_outer,single,2,c 8,,0.026443476,0.026443476,0.029748857021331787,1,0.0,-0.0033053810213317866,3.2254064493312105,3.100781702
icp_regression,dinov3,42,2,10,legacy_outer,single,14,800 ppm 5 8,,1.813308383,1.813308383,2.9708571434020996,1,0.0,-1.1575487604020995,3.2254064493312105,3.100781702
icp_regression,dinov3,42,2,10,legacy_outer,single,20,600 ppm 3 4,,2.760653598,2.760653598,2.9933135509490967,1,0.0,-0.23265995294909647,3.2254064493312105,3.100781702
icp_regression,dinov3,42,2,10,legacy_outer,single,22,1000 ppm 2 10,,3.02169275,3.02169275,2.9815545082092285,1,0.0,0.040138241790771634,3.2254064493312105,3.100781702
icp_regression,dinov3,42,2,10,legacy_outer,single,30,800 ppm 3 1,,3.635232962,3.635232962,2.7378039360046387,1,0.0,0.8974290259953612,3.2254064493312105,3.100781702
icp_regression,dinov3,42,2,10,legacy_outer,single,35,400 ppm 4 3,,1.918214246,1.918214246,2.491340160369873,1,0.0,-0.573125914369873,3.2254064493312105,3.100781702
icp_regression,dinov3,42,2,10,legacy_outer,single,38,600 ppm 1 2,,3.709535965,3.709535965,3.3510916233062744,1,0.0,0.35844434169372574,3.2254064493312105,3.100781702
icp_regression,dinov3,42,2,10,legacy_outer,single,43,400 ppm 3 7,,0.89575865,0.89575865,1.7259817123413086,1,0.0,-0.8302230623413086,3.2254064493312105,3.100781702
icp_regression,dinov3,42,2,10,legacy_outer,single,44,600 ppm 2 10,,5.751181016,5.751181016,4.755982875823975,1,0.0,0.9951981401760257,3.2254064493312105,3.100781702
icp_regression,dinov3,42,2,10,legacy_outer,single,48,800 ppm 5 5,,2.12508079,2.12508079,3.7828400135040283,1,0.0,-1.6577592235040282,3.2254064493312105,3.100781702
icp_regression,dinov3,42,2,10,legacy_outer,single,51,400 ppm 5 2,,2.358077692,2.358077692,2.158203363418579,1,0.0,0.19987432858142107,3.2254064493312105,3.100781702
icp_regression,dinov3,42,2,10,legacy_outer,single,57,800 ppm 1 2,,2.433875926,2.433875926,4.639097690582275,1,0.0,-2.2052217645822756,3.2254064493312105,3.100781702
icp_regression,dinov3,42,2,10,legacy_outer,single,58,600 ppm 3 5,,3.400726676,3.400726676,2.6336193084716797,1,0.0,0.7671073675283204,3.2254064493312105,3.100781702
icp_regression,dinov3,42,2,10,legacy_outer,single,61,800 ppm 2 5,,2.123468918,2.123468918,2.075528860092163,1,0.0,0.04794005790783684,3.2254064493312105,3.100781702
icp_regression,dinov3,42,2,10,legacy_outer,single,71,1000 ppm 5 3,,3.480640553,3.480640553,3.0397496223449707,1,0.0,0.4408909306550295,3.2254064493312105,3.100781702
icp_regression,dinov3,42,2,10,legacy_outer,single,73,400 ppm 5 10,,6.150568182,6.150568182,4.254710674285889,1,0.0,1.895857507714111,3.2254064493312105,3.100781702
icp_regression,dinov3,42,2,10,legacy_outer,single,76,1000 ppm 2 5,,3.820821694,3.820821694,3.218259572982788,1,0.0,0.6025621210172121,3.2254064493312105,3.100781702
icp_regression,dinov3,42,2,10,legacy_outer,single,77,400 ppm 2 4,,2.142971305,2.142971305,3.295156955718994,1,0.0,-1.152185650718994,3.2254064493312105,3.100781702
icp_regression,dinov3,42,2,10,legacy_outer,single,78,600 ppm 4 6,,2.917928606,2.917928606,2.084315299987793,1,0.0,0.8336133060122068,3.2254064493312105,3.100781702
icp_regression,dinov3,42,2,10,legacy_outer,single,80,c 6,,0.063760031,0.063760031,1.1706278324127197,1,0.0,-1.1068678014127198,3.2254064493312105,3.100781702
icp_regression,dinov3,42,2,10,legacy_outer,single,89,800 ppm 1 7,,3.238793179,3.238793179,3.357673406600952,1,0.0,-0.11888022760095218,3.2254064493312105,3.100781702
icp_regression,dinov3,42,2,10,legacy_outer,single,92,1000 ppm 5 2,,4.757997682,4.757997682,3.1920371055603027,1,0.0,1.5659605764396973,3.2254064493312105,3.100781702
icp_regression,dinov3,42,2,10,legacy_outer,single,93,600 ppm 2 1,,4.813990004,4.813990004,4.930279731750488,1,0.0,-0.1162897277504884,3.2254064493312105,3.100781702
icp_regression,dinov3,42,2,10,legacy_outer,single,95,400 ppm 4 1,,3.41261835,3.41261835,2.54063081741333,1,0.0,0.8719875325866697,3.2254064493312105,3.100781702
icp_regression,dinov3,42,2,10,legacy_outer,single,105,600 ppm 4 4,,4.722478116,4.722478116,3.5586767196655273,1,0.0,1.1638013963344722,3.2254064493312105,3.100781702
icp_regression,dinov3,42,2,10,legacy_outer,single,107,600 ppm 2 8,,2.425778023,2.425778023,3.3894131183624268,1,0.0,-0.9636350953624269,3.2254064493312105,3.100781702
icp_regression,dinov3,42,2,10,legacy_outer,single,118,400 ppm 1 6,,2.131122072,2.131122072,2.5622055530548096,1,0.0,-0.4310834810548094,3.2254064493312105,3.100781702
icp_regression,dinov3,42,2,10,legacy_outer,single,120,1000 ppm 4 9,,6.363669718,6.363669718,4.67443323135376,1,0.0,1.68923648664624,3.2254064493312105,3.100781702
icp_regression,dinov3,42,2,10,legacy_outer,single,122,400 ppm 3 9,,1.584373627,1.584373627,2.4799342155456543,1,0.0,-0.8955605885456543,3.2254064493312105,3.100781702
icp_regression,dinov3,42,2,10,legacy_outer,single,124,600 ppm 2 6,,5.169349346,5.169349346,5.719284534454346,1,0.0,-0.549935188454346,3.2254064493312105,3.100781702
icp_regression,dinov3,42,2,10,legacy_outer,single,133,600 ppm 4 5,,3.062108267,3.062108267,4.426224708557129,1,0.0,-1.3641164415571287,3.2254064493312105,3.100781702
icp_regression,dinov3,42,2,10,legacy_outer,single,137,600 ppm 4 9,,6.74653579,6.74653579,3.378750801086426,1,0.0,3.3677849889135745,3.2254064493312105,3.100781702
icp_regression,dinov3,42,2,10,legacy_outer,single,139,400 ppm 2 9,,3.092722153,3.092722153,2.564866781234741,1,0.0,0.5278553717652588,3.2254064493312105,3.100781702
icp_regression,dinov3,42,2,10,legacy_outer,single,147,800 ppm 1 1,,3.206888056,3.206888056,3.853933095932007,1,0.0,-0.6470450399320069,3.2254064493312105,3.100781702
icp_regression,dinov3,42,2,10,legacy_outer,single,149,1000 ppm 4 5,,5.501306043,5.501306043,3.659698963165283,1,0.0,1.8416070798347164,3.2254064493312105,3.100781702
icp_regression,dinov3,42,2,10,legacy_outer,single,151,1000 ppm 1 1,,5.764585045,5.764585045,3.80997371673584,1,0.0,1.9546113282641597,3.2254064493312105,3.100781702
icp_regression,dinov3,42,2,10,legacy_outer,single,160,600 ppm 1 8,,3.375017339,3.375017339,1.8925740718841553,1,0.0,1.4824432671158445,3.2254064493312105,3.100781702
icp_regression,dinov3,42,2,10,legacy_outer,single,164,600 ppm 5 7,,2.199153042,2.199153042,2.5810608863830566,1,0.0,-0.3819078443830568,3.2254064493312105,3.100781702
icp_regression,dinov3,42,2,10,legacy_outer,single,177,1000 ppm 2 8,,8.920432073,8.920432073,5.453404903411865,1,0.0,3.4670271695881354,3.2254064493312105,3.100781702
icp_regression,dinov3,42,2,10,legacy_outer,single,178,600 ppm 1 5,,2.578333626,2.578333626,3.1838202476501465,1,0.0,-0.6054866216501464,3.2254064493312105,3.100781702
icp_regression,dinov3,42,2,10,legacy_outer,single,179,600 ppm 1 9,,2.309240059,2.309240059,3.2622945308685303,1,0.0,-0.9530544718685303,3.2254064493312105,3.100781702
icp_regression,dinov3,42,2,10,legacy_outer,single,180,600 ppm 2 2,,3.987730061,3.987730061,4.325602054595947,1,0.0,-0.3378719935959471,3.2254064493312105,3.100781702
icp_regression,dinov3,42,2,10,legacy_outer,single,183,600 ppm 5 2,,2.267431961,2.267431961,3.109095335006714,1,0.0,-0.8416633740067136,3.2254064493312105,3.100781702
icp_regression,dinov3,42,2,10,legacy_outer,single,185,800 ppm 4 9,,1.601926465,1.601926465,3.0319747924804688,1,0.0,-1.4300483274804687,3.2254064493312105,3.100781702
icp_regression,dinov3,42,2,10,legacy_outer,single,187,600 ppm 2 4,,5.228335334,5.228335334,4.264064311981201,1,0.0,0.9642710220187984,3.2254064493312105,3.100781702
icp_regression,dinov3,42,2,10,legacy_outer,single,191,600 ppm 4 7,,3.434518809,3.434518809,2.787280321121216,1,0.0,0.6472384878787842,3.2254064493312105,3.100781702
icp_regression,dinov3,42,2,10,legacy_outer,single,194,1000 ppm 5 8,,3.570707045,3.570707045,3.4939990043640137,1,0.0,0.07670804063598613,3.2254064493312105,3.100781702
icp_regression,dinov3,42,2,10,legacy_outer,single,197,600 ppm 5 3,,3.545661039,3.545661039,4.316202640533447,1,0.0,-0.7705416015334472,3.2254064493312105,3.100781702
icp_regression,dinov3,42,2,10,legacy_outer,single,198,1000 ppm 4 4,,4.912650043,4.912650043,4.125132083892822,1,0.0,0.7875179591071779,3.2254064493312105,3.100781702
icp_regression,dinov3,42,2,10,legacy_outer,single,208,1000 ppm 4 7,,4.80521563,4.80521563,4.865537643432617,1,0.0,-0.060322013432617005,3.2254064493312105,3.100781702
icp_regression,dinov3,42,2,10,legacy_outer,d4_mean,0,800 ppm 4 4,,2.946573479,2.946573479,4.033148765563965,8,0.4914897084236145,-1.0865752865639648,3.2254064493312105,3.100781702
icp_regression,dinov3,42,2,10,legacy_outer,d4_mean,1,400 ppm 1 10,,2.439106538,2.439106538,3.061486005783081,8,0.2592526972293854,-0.6223794677830812,3.2254064493312105,3.100781702
icp_regression,dinov3,42,2,10,legacy_outer,d4_mean,2,c 8,,0.026443476,0.026443476,0.6885513067245483,8,0.43669235706329346,-0.6621078307245484,3.2254064493312105,3.100781702
icp_regression,dinov3,42,2,10,legacy_outer,d4_mean,14,800 ppm 5 8,,1.813308383,1.813308383,3.7942352294921875,8,0.5257455706596375,-1.9809268464921874,3.2254064493312105,3.100781702
icp_regression,dinov3,42,2,10,legacy_outer,d4_mean,20,600 ppm 3 4,,2.760653598,2.760653598,3.8031063079833984,8,0.48080289363861084,-1.0424527099833982,3.2254064493312105,3.100781702
icp_regression,dinov3,42,2,10,legacy_outer,d4_mean,22,1000 ppm 2 10,,3.02169275,3.02169275,3.5013821125030518,8,0.47024106979370117,-0.4796893625030516,3.2254064493312105,3.100781702
icp_regression,dinov3,42,2,10,legacy_outer,d4_mean,30,800 ppm 3 1,,3.635232962,3.635232962,3.4443421363830566,8,0.4747442901134491,0.19089082561694326,3.2254064493312105,3.100781702
icp_regression,dinov3,42,2,10,legacy_outer,d4_mean,35,400 ppm 4 3,,1.918214246,1.918214246,3.0449869632720947,8,0.4172312319278717,-1.1267727172720947,3.2254064493312105,3.100781702
icp_regression,dinov3,42,2,10,legacy_outer,d4_mean,38,600 ppm 1 2,,3.709535965,3.709535965,4.135142803192139,8,0.43946167826652527,-0.4256068381921385,3.2254064493312105,3.100781702
icp_regression,dinov3,42,2,10,legacy_outer,d4_mean,43,400 ppm 3 7,,0.89575865,0.89575865,2.083352565765381,8,0.36296600103378296,-1.187593915765381,3.2254064493312105,3.100781702
icp_regression,dinov3,42,2,10,legacy_outer,d4_mean,44,600 ppm 2 10,,5.751181016,5.751181016,4.48287296295166,8,0.452694833278656,1.2683080530483402,3.2254064493312105,3.100781702
icp_regression,dinov3,42,2,10,legacy_outer,d4_mean,48,800 ppm 5 5,,2.12508079,2.12508079,4.328830242156982,8,0.5205895304679871,-2.2037494521569823,3.2254064493312105,3.100781702
icp_regression,dinov3,42,2,10,legacy_outer,d4_mean,51,400 ppm 5 2,,2.358077692,2.358077692,3.106081962585449,8,0.4904410243034363,-0.748004270585449,3.2254064493312105,3.100781702
icp_regression,dinov3,42,2,10,legacy_outer,d4_mean,57,800 ppm 1 2,,2.433875926,2.433875926,4.50526237487793,8,0.06402185559272766,-2.07138644887793,3.2254064493312105,3.100781702
icp_regression,dinov3,42,2,10,legacy_outer,d4_mean,58,600 ppm 3 5,,3.400726676,3.400726676,3.1728458404541016,8,0.4363439977169037,0.22788083554589855,3.2254064493312105,3.100781702
icp_regression,dinov3,42,2,10,legacy_outer,d4_mean,61,800 ppm 2 5,,2.123468918,2.123468918,2.9504175186157227,8,0.5637142062187195,-0.8269486006157227,3.2254064493312105,3.100781702
icp_regression,dinov3,42,2,10,legacy_outer,d4_mean,71,1000 ppm 5 3,,3.480640553,3.480640553,3.678270101547241,8,0.42095422744750977,-0.19762954854724102,3.2254064493312105,3.100781702
icp_regression,dinov3,42,2,10,legacy_outer,d4_mean,73,400 ppm 5 10,,6.150568182,6.150568182,4.737153053283691,8,0.2833259105682373,1.4134151287163084,3.2254064493312105,3.100781702
icp_regression,dinov3,42,2,10,legacy_outer,d4_mean,76,1000 ppm 2 5,,3.820821694,3.820821694,3.7471113204956055,8,0.6275078654289246,0.07371037350439469,3.2254064493312105,3.100781702
icp_regression,dinov3,42,2,10,legacy_outer,d4_mean,77,400 ppm 2 4,,2.142971305,2.142971305,3.566833972930908,8,0.27471715211868286,-1.423862667930908,3.2254064493312105,3.100781702
icp_regression,dinov3,42,2,10,legacy_outer,d4_mean,78,600 ppm 4 6,,2.917928606,2.917928606,2.743204116821289,8,0.4883149564266205,0.17472448917871075,3.2254064493312105,3.100781702
icp_regression,dinov3,42,2,10,legacy_outer,d4_mean,80,c 6,,0.063760031,0.063760031,1.9651144742965698,8,0.49215638637542725,-1.9013544432965699,3.2254064493312105,3.100781702
icp_regression,dinov3,42,2,10,legacy_outer,d4_mean,89,800 ppm 1 7,,3.238793179,3.238793179,3.9656035900115967,8,0.30539947748184204,-0.7268104110115967,3.2254064493312105,3.100781702
icp_regression,dinov3,42,2,10,legacy_outer,d4_mean,92,1000 ppm 5 2,,4.757997682,4.757997682,3.8062782287597656,8,0.36138856410980225,0.9517194532402344,3.2254064493312105,3.100781702
icp_regression,dinov3,42,2,10,legacy_outer,d4_mean,93,600 ppm 2 1,,4.813990004,4.813990004,5.156496047973633,8,0.2369181513786316,-0.34250604397363293,3.2254064493312105,3.100781702
icp_regression,dinov3,42,2,10,legacy_outer,d4_mean,95,400 ppm 4 1,,3.41261835,3.41261835,3.2822563648223877,8,0.390158087015152,0.1303619851776121,3.2254064493312105,3.100781702
icp_regression,dinov3,42,2,10,legacy_outer,d4_mean,105,600 ppm 4 4,,4.722478116,4.722478116,3.6619226932525635,8,0.30405882000923157,1.060555422747436,3.2254064493312105,3.100781702
icp_regression,dinov3,42,2,10,legacy_outer,d4_mean,107,600 ppm 2 8,,2.425778023,2.425778023,4.064173698425293,8,0.5050382018089294,-1.638395675425293,3.2254064493312105,3.100781702
icp_regression,dinov3,42,2,10,legacy_outer,d4_mean,118,400 ppm 1 6,,2.131122072,2.131122072,3.478484630584717,8,0.5546534061431885,-1.3473625585847167,3.2254064493312105,3.100781702
icp_regression,dinov3,42,2,10,legacy_outer,d4_mean,120,1000 ppm 4 9,,6.363669718,6.363669718,4.745865345001221,8,0.4312242269515991,1.617804372998779,3.2254064493312105,3.100781702
icp_regression,dinov3,42,2,10,legacy_outer,d4_mean,122,400 ppm 3 9,,1.584373627,1.584373627,3.1285202503204346,8,0.3802086412906647,-1.5441466233204346,3.2254064493312105,3.100781702
icp_regression,dinov3,42,2,10,legacy_outer,d4_mean,124,600 ppm 2 6,,5.169349346,5.169349346,4.992405414581299,8,0.5229654312133789,0.1769439314187009,3.2254064493312105,3.100781702
icp_regression,dinov3,42,2,10,legacy_outer,d4_mean,133,600 ppm 4 5,,3.062108267,3.062108267,5.122479438781738,8,0.44766274094581604,-2.060371171781738,3.2254064493312105,3.100781702
icp_regression,dinov3,42,2,10,legacy_outer,d4_mean,137,600 ppm 4 9,,6.74653579,6.74653579,3.935535430908203,8,0.41421228647232056,2.811000359091797,3.2254064493312105,3.100781702
icp_regression,dinov3,42,2,10,legacy_outer,d4_mean,139,400 ppm 2 9,,3.092722153,3.092722153,3.243896007537842,8,0.411468505859375,-0.15117385453784182,3.2254064493312105,3.100781702
icp_regression,dinov3,42,2,10,legacy_outer,d4_mean,147,800 ppm 1 1,,3.206888056,3.206888056,4.079289436340332,8,0.2765020430088043,-0.8724013803403321,3.2254064493312105,3.100781702
icp_regression,dinov3,42,2,10,legacy_outer,d4_mean,149,1000 ppm 4 5,,5.501306043,5.501306043,4.463141918182373,8,0.5805214643478394,1.0381641248176265,3.2254064493312105,3.100781702
icp_regression,dinov3,42,2,10,legacy_outer,d4_mean,151,1000 ppm 1 1,,5.764585045,5.764585045,4.188925743103027,8,0.3231378197669983,1.5756593018969722,3.2254064493312105,3.100781702
icp_regression,dinov3,42,2,10,legacy_outer,d4_mean,160,600 ppm 1 8,,3.375017339,3.375017339,2.520547389984131,8,0.29180145263671875,0.8544699490158689,3.2254064493312105,3.100781702
icp_regression,dinov3,42,2,10,legacy_outer,d4_mean,164,600 ppm 5 7,,2.199153042,2.199153042,3.1379082202911377,8,0.34710773825645447,-0.9387551782911379,3.2254064493312105,3.100781702
icp_regression,dinov3,42,2,10,legacy_outer,d4_mean,177,1000 ppm 2 8,,8.920432073,8.920432073,5.232989311218262,8,0.45662251114845276,3.687442761781739,3.2254064493312105,3.100781702
icp_regression,dinov3,42,2,10,legacy_outer,d4_mean,178,600 ppm 1 5,,2.578333626,2.578333626,3.4704041481018066,8,0.28847452998161316,-0.8920705221018066,3.2254064493312105,3.100781702
icp_regression,dinov3,42,2,10,legacy_outer,d4_mean,179,600 ppm 1 9,,2.309240059,2.309240059,3.870164632797241,8,0.35730406641960144,-1.5609245737972413,3.2254064493312105,3.100781702
icp_regression,dinov3,42,2,10,legacy_outer,d4_mean,180,600 ppm 2 2,,3.987730061,3.987730061,4.719097137451172,8,0.3149513304233551,-0.7313670764511717,3.2254064493312105,3.100781702
icp_regression,dinov3,42,2,10,legacy_outer,d4_mean,183,600 ppm 5 2,,2.267431961,2.267431961,3.9003303050994873,8,0.5113669633865356,-1.632898344099487,3.2254064493312105,3.100781702
icp_regression,dinov3,42,2,10,legacy_outer,d4_mean,185,800 ppm 4 9,,1.601926465,1.601926465,3.5342063903808594,8,0.3612123131752014,-1.9322799253808594,3.2254064493312105,3.100781702
icp_regression,dinov3,42,2,10,legacy_outer,d4_mean,187,600 ppm 2 4,,5.228335334,5.228335334,4.807145118713379,8,0.2793966829776764,0.4211902152866207,3.2254064493312105,3.100781702
icp_regression,dinov3,42,2,10,legacy_outer,d4_mean,191,600 ppm 4 7,,3.434518809,3.434518809,3.613884925842285,8,0.5425500869750977,-0.1793661168422851,3.2254064493312105,3.100781702
icp_regression,dinov3,42,2,10,legacy_outer,d4_mean,194,1000 ppm 5 8,,3.570707045,3.570707045,4.48619270324707,8,0.45509645342826843,-0.9154856582470705,3.2254064493312105,3.100781702
icp_regression,dinov3,42,2,10,legacy_outer,d4_mean,197,600 ppm 5 3,,3.545661039,3.545661039,4.554386138916016,8,0.2955365777015686,-1.0087250999160156,3.2254064493312105,3.100781702
icp_regression,dinov3,42,2,10,legacy_outer,d4_mean,198,1000 ppm 4 4,,4.912650043,4.912650043,4.706327438354492,8,0.35427388548851013,0.206322604645508,3.2254064493312105,3.100781702
icp_regression,dinov3,42,2,10,legacy_outer,d4_mean,208,1000 ppm 4 7,,4.80521563,4.80521563,5.160655975341797,8,0.23195169866085052,-0.3554403453417967,3.2254064493312105,3.100781702
icp_regression,dinov3,42,2,10,legacy_outer,scale_mean,0,800 ppm 4 4,,2.946573479,2.946573479,3.3102638721466064,2,0.1301126480102539,-0.36369039314660645,3.2254064493312105,3.100781702
icp_regression,dinov3,42,2,10,legacy_outer,scale_mean,1,400 ppm 1 10,,2.439106538,2.439106538,2.529022693634033,2,0.16736626625061035,-0.08991615563403332,3.2254064493312105,3.100781702
icp_regression,dinov3,42,2,10,legacy_outer,scale_mean,2,c 8,,0.026443476,0.026443476,0.02102646231651306,2,0.008722394704818726,0.005417013683486939,3.2254064493312105,3.100781702
icp_regression,dinov3,42,2,10,legacy_outer,scale_mean,14,800 ppm 5 8,,1.813308383,1.813308383,3.0538017749786377,2,0.08294463157653809,-1.2404933919786376,3.2254064493312105,3.100781702
icp_regression,dinov3,42,2,10,legacy_outer,scale_mean,20,600 ppm 3 4,,2.760653598,2.760653598,3.09226131439209,2,0.09894764423370361,-0.33160771639208964,3.2254064493312105,3.100781702
icp_regression,dinov3,42,2,10,legacy_outer,scale_mean,22,1000 ppm 2 10,,3.02169275,3.02169275,2.9696130752563477,2,0.01194155216217041,0.05207967474365249,3.2254064493312105,3.100781702
icp_regression,dinov3,42,2,10,legacy_outer,scale_mean,30,800 ppm 3 1,,3.635232962,3.635232962,2.9397637844085693,2,0.20195984840393066,0.6954691775914306,3.2254064493312105,3.100781702
icp_regression,dinov3,42,2,10,legacy_outer,scale_mean,35,400 ppm 4 3,,1.918214246,1.918214246,2.6298155784606934,2,0.13847553730010986,-0.7116013324606933,3.2254064493312105,3.100781702
icp_regression,dinov3,42,2,10,legacy_outer,scale_mean,38,600 ppm 1 2,,3.709535965,3.709535965,3.264431953430176,2,0.08665966987609863,0.4451040115698244,3.2254064493312105,3.100781702
icp_regression,dinov3,42,2,10,legacy_outer,scale_mean,43,400 ppm 3 7,,0.89575865,0.89575865,1.6768150329589844,2,0.04916667938232422,-0.7810563829589844,3.2254064493312105,3.100781702
icp_regression,dinov3,42,2,10,legacy_outer,scale_mean,44,600 ppm 2 10,,5.751181016,5.751181016,5.163731575012207,2,0.4077489376068115,0.5874494409877933,3.2254064493312105,3.100781702
icp_regression,dinov3,42,2,10,legacy_outer,scale_mean,48,800 ppm 5 5,,2.12508079,2.12508079,3.8040435314178467,2,0.02120351791381836,-1.6789627414178465,3.2254064493312105,3.100781702
icp_regression,dinov3,42,2,10,legacy_outer,scale_mean,51,400 ppm 5 2,,2.358077692,2.358077692,2.299050807952881,2,0.1408475637435913,0.05902688404711931,3.2254064493312105,3.100781702
icp_regression,dinov3,42,2,10,legacy_outer,scale_mean,57,800 ppm 1 2,,2.433875926,2.433875926,4.706578254699707,2,0.06748056411743164,-2.2727023286997072,3.2254064493312105,3.100781702
icp_regression,dinov3,42,2,10,legacy_outer,scale_mean,58,600 ppm 3 5,,3.400726676,3.400726676,2.539313793182373,2,0.09430539608001709,0.8614128828176271,3.2254064493312105,3.100781702
icp_regression,dinov3,42,2,10,legacy_outer,scale_mean,61,800 ppm 2 5,,2.123468918,2.123468918,2.283033847808838,2,0.20750486850738525,-0.15956492980883796,3.2254064493312105,3.100781702
icp_regression,dinov3,42,2,10,legacy_outer,scale_mean,71,1000 ppm 5 3,,3.480640553,3.480640553,2.987783908843994,2,0.05196571350097656,0.49285664415600605,3.2254064493312105,3.100781702
icp_regression,dinov3,42,2,10,legacy_outer,scale_mean,73,400 ppm 5 10,,6.150568182,6.150568182,4.586296558380127,2,0.3315858840942383,1.5642716236198728,3.2254064493312105,3.100781702
icp_regression,dinov3,42,2,10,legacy_outer,scale_mean,76,1000 ppm 2 5,,3.820821694,3.820821694,3.5784661769866943,2,0.36020660400390625,0.24235551701330582,3.2254064493312105,3.100781702
icp_regression,dinov3,42,2,10,legacy_outer,scale_mean,77,400 ppm 2 4,,2.142971305,2.142971305,3.4658405780792236,2,0.1706836223602295,-1.3228692730792235,3.2254064493312105,3.100781702
icp_regression,dinov3,42,2,10,legacy_outer,scale_mean,78,600 ppm 4 6,,2.917928606,2.917928606,2.1116628646850586,2,0.027347445487976074,0.8062657413149412,3.2254064493312105,3.100781702
icp_regression,dinov3,42,2,10,legacy_outer,scale_mean,80,c 6,,0.063760031,0.063760031,1.1661903858184814,2,0.004437446594238281,-1.1024303548184815,3.2254064493312105,3.100781702
icp_regression,dinov3,42,2,10,legacy_outer,scale_mean,89,800 ppm 1 7,,3.238793179,3.238793179,3.4929986000061035,2,0.13532519340515137,-0.25420542100610355,3.2254064493312105,3.100781702
icp_regression,dinov3,42,2,10,legacy_outer,scale_mean,92,1000 ppm 5 2,,4.757997682,4.757997682,3.3251895904541016,2,0.13315248489379883,1.4328080915458985,3.2254064493312105,3.100781702
icp_regression,dinov3,42,2,10,legacy_outer,scale_mean,93,600 ppm 2 1,,4.813990004,4.813990004,4.805229187011719,2,0.12505054473876953,0.008760816988281128,3.2254064493312105,3.100781702
icp_regression,dinov3,42,2,10,legacy_outer,scale_mean,95,400 ppm 4 1,,3.41261835,3.41261835,2.758772134780884,2,0.2181413173675537,0.653846215219116,3.2254064493312105,3.100781702
icp_regression,dinov3,42,2,10,legacy_outer,scale_mean,105,600 ppm 4 4,,4.722478116,4.722478116,3.660193681716919,2,0.1015169620513916,1.0622844342830806,3.2254064493312105,3.100781702
icp_regression,dinov3,42,2,10,legacy_outer,scale_mean,107,600 ppm 2 8,,2.425778023,2.425778023,3.1426005363464355,2,0.2468125820159912,-0.7168225133464357,3.2254064493312105,3.100781702
icp_regression,dinov3,42,2,10,legacy_outer,scale_mean,118,400 ppm 1 6,,2.131122072,2.131122072,2.6306357383728027,2,0.06843030452728271,-0.4995136663728026,3.2254064493312105,3.100781702
icp_regression,dinov3,42,2,10,legacy_outer,scale_mean,120,1000 ppm 4 9,,6.363669718,6.363669718,4.803709983825684,2,0.12927675247192383,1.559959734174316,3.2254064493312105,3.100781702
icp_regression,dinov3,42,2,10,legacy_outer,scale_mean,122,400 ppm 3 9,,1.584373627,1.584373627,2.629103183746338,2,0.1491689682006836,-1.044729556746338,3.2254064493312105,3.100781702
icp_regression,dinov3,42,2,10,legacy_outer,scale_mean,124,600 ppm 2 6,,5.169349346,5.169349346,5.830277919769287,2,0.1109933853149414,-0.6609285737692874,3.2254064493312105,3.100781702
icp_regression,dinov3,42,2,10,legacy_outer,scale_mean,133,600 ppm 4 5,,3.062108267,3.062108267,4.580430030822754,2,0.1542050838470459,-1.5183217638227537,3.2254064493312105,3.100781702
icp_regression,dinov3,42,2,10,legacy_outer,scale_mean,137,600 ppm 4 9,,6.74653579,6.74653579,3.3265388011932373,2,0.05221199989318848,3.419996988806763,3.2254064493312105,3.100781702
icp_regression,dinov3,42,2,10,legacy_outer,scale_mean,139,400 ppm 2 9,,3.092722153,3.092722153,2.750973701477051,2,0.18610692024230957,0.3417484515229492,3.2254064493312105,3.100781702
icp_regression,dinov3,42,2,10,legacy_outer,scale_mean,147,800 ppm 1 1,,3.206888056,3.206888056,3.935422420501709,2,0.0814892053604126,-0.728534364501709,3.2254064493312105,3.100781702
icp_regression,dinov3,42,2,10,legacy_outer,scale_mean,149,1000 ppm 4 5,,5.501306043,5.501306043,3.7828121185302734,2,0.12311315536499023,1.7184939244697262,3.2254064493312105,3.100781702
icp_regression,dinov3,42,2,10,legacy_outer,scale_mean,151,1000 ppm 1 1,,5.764585045,5.764585045,3.9791018962860107,2,0.1691281795501709,1.7854831487139888,3.2254064493312105,3.100781702
icp_regression,dinov3,42,2,10,legacy_outer,scale_mean,160,600 ppm 1 8,,3.375017339,3.375017339,1.9641114473342896,2,0.07153737545013428,1.4109058916657102,3.2254064493312105,3.100781702
icp_regression,dinov3,42,2,10,legacy_outer,scale_mean,164,600 ppm 5 7,,2.199153042,2.199153042,2.5279929637908936,2,0.053067922592163086,-0.3288399217908937,3.2254064493312105,3.100781702
icp_regression,dinov3,42,2,10,legacy_outer,scale_mean,177,1000 ppm 2 8,,8.920432073,8.920432073,5.404119491577148,2,0.0492854118347168,3.516312581422852,3.2254064493312105,3.100781702
icp_regression,dinov3,42,2,10,legacy_outer,scale_mean,178,600 ppm 1 5,,2.578333626,2.578333626,3.2788851261138916,2,0.09506487846374512,-0.7005515001138916,3.2254064493312105,3.100781702
icp_regression,dinov3,42,2,10,legacy_outer,scale_mean,179,600 ppm 1 9,,2.309240059,2.309240059,3.3705244064331055,2,0.10822999477386475,-1.0612843474331055,3.2254064493312105,3.100781702
icp_regression,dinov3,42,2,10,legacy_outer,scale_mean,180,600 ppm 2 2,,3.987730061,3.987730061,4.329777717590332,2,0.004175662994384766,-0.34204765659033187,3.2254064493312105,3.100781702
icp_regression,dinov3,42,2,10,legacy_outer,scale_mean,183,600 ppm 5 2,,2.267431961,2.267431961,3.0960769653320312,2,0.013018250465393066,-0.828645004332031,3.2254064493312105,3.100781702
icp_regression,dinov3,42,2,10,legacy_outer,scale_mean,185,800 ppm 4 9,,1.601926465,1.601926465,3.192605972290039,2,0.1606311798095703,-1.590679507290039,3.2254064493312105,3.100781702
icp_regression,dinov3,42,2,10,legacy_outer,scale_mean,187,600 ppm 2 4,,5.228335334,5.228335334,4.338562965393066,2,0.07449865341186523,0.8897723686069332,3.2254064493312105,3.100781702
icp_regression,dinov3,42,2,10,legacy_outer,scale_mean,191,600 ppm 4 7,,3.434518809,3.434518809,2.8433408737182617,2,0.0560605525970459,0.5911779352817383,3.2254064493312105,3.100781702
icp_regression,dinov3,42,2,10,legacy_outer,scale_mean,194,1000 ppm 5 8,,3.570707045,3.570707045,3.7002949714660645,2,0.20629596710205078,-0.12958792646606465,3.2254064493312105,3.100781702
icp_regression,dinov3,42,2,10,legacy_outer,scale_mean,197,600 ppm 5 3,,3.545661039,3.545661039,4.1731157302856445,2,0.14308691024780273,-0.6274546912856445,3.2254064493312105,3.100781702
icp_regression,dinov3,42,2,10,legacy_outer,scale_mean,198,1000 ppm 4 4,,4.912650043,4.912650043,4.286305904388428,2,0.16117382049560547,0.6263441386115725,3.2254064493312105,3.100781702
icp_regression,dinov3,42,2,10,legacy_outer,scale_mean,208,1000 ppm 4 7,,4.80521563,4.80521563,4.905956268310547,2,0.040418386459350586,-0.10074063831054669,3.2254064493312105,3.100781702
icp_regression,dinov3,42,3,18,legacy_outer,single,4,400 ppm 5 6,,3.179550105,3.179550105,1.3528963327407837,1,0.0,1.8266537722592164,3.329470757802548,3.201626017
icp_regression,dinov3,42,3,18,legacy_outer,single,15,800 ppm 5 6,,4.035336418,4.035336418,4.577664852142334,1,0.0,-0.542328434142334,3.329470757802548,3.201626017
icp_regression,dinov3,42,3,18,legacy_outer,single,17,800 ppm 1 8,,3.829685929,3.829685929,3.1289420127868652,1,0.0,0.7007439162131348,3.329470757802548,3.201626017
icp_regression,dinov3,42,3,18,legacy_outer,single,24,400 ppm 1 7,,1.282576096,1.282576096,3.4429829120635986,1,0.0,-2.1604068160635985,3.329470757802548,3.201626017
icp_regression,dinov3,42,3,18,legacy_outer,single,26,400 ppm 3 8,,2.699524299,2.699524299,1.1515793800354004,1,0.0,1.5479449189645997,3.329470757802548,3.201626017
icp_regression,dinov3,42,3,18,legacy_outer,single,31,1000 ppm 4 10,,4.658685892,4.658685892,3.5722298622131348,1,0.0,1.0864560297868655,3.329470757802548,3.201626017
icp_regression,dinov3,42,3,18,legacy_outer,single,32,600 ppm 4 1,,2.305830077,2.305830077,1.5554453134536743,1,0.0,0.7503847635463257,3.329470757802548,3.201626017
icp_regression,dinov3,42,3,18,legacy_outer,single,33,400 ppm 4 2,,3.766442861,3.766442861,3.149106502532959,1,0.0,0.6173363584670408,3.329470757802548,3.201626017
icp_regression,dinov3,42,3,18,legacy_outer,single,40,1000 ppm 3 7,,4.455573905,4.455573905,2.2323031425476074,1,0.0,2.223270762452392,3.329470757802548,3.201626017
icp_regression,dinov3,42,3,18,legacy_outer,single,42,800 ppm 4 1,,3.914368577,3.914368577,3.1732001304626465,1,0.0,0.7411684465373534,3.329470757802548,3.201626017
icp_regression,dinov3,42,3,18,legacy_outer,single,47,600 ppm 1 10,,2.380352998,2.380352998,2.9065494537353516,1,0.0,-0.5261964557353513,3.329470757802548,3.201626017
icp_regression,dinov3,42,3,18,legacy_outer,single,50,400 ppm 5 4,,2.308031034,2.308031034,3.105196237564087,1,0.0,-0.797165203564087,3.329470757802548,3.201626017
icp_regression,dinov3,42,3,18,legacy_outer,single,60,1000 ppm 1 10,,6.849854778,6.849854778,4.6676836013793945,1,0.0,2.1821711766206056,3.329470757802548,3.201626017
icp_regression,dinov3,42,3,18,legacy_outer,single,63,800 ppm 5 1,,3.318129085,3.318129085,1.7520354986190796,1,0.0,1.5660935863809202,3.329470757802548,3.201626017
icp_regression,dinov3,42,3,18,legacy_outer,single,65,1000 ppm 1 2,,2.839588237,2.839588237,3.171795129776001,1,0.0,-0.3322068927760009,3.329470757802548,3.201626017
icp_regression,dinov3,42,3,18,legacy_outer,single,72,800 ppm 4 10,,1.790224933,1.790224933,2.147224187850952,1,0.0,-0.3569992548509522,3.329470757802548,3.201626017
icp_regression,dinov3,42,3,18,legacy_outer,single,74,800 ppm 3 10,,2.565247064,2.565247064,1.251824140548706,1,0.0,1.3134229234512937,3.329470757802548,3.201626017
icp_regression,dinov3,42,3,18,legacy_outer,single,75,600 ppm 4 2,,2.807822686,2.807822686,3.7574191093444824,1,0.0,-0.9495964233444822,3.329470757802548,3.201626017
icp_regression,dinov3,42,3,18,legacy_outer,single,85,600 ppm 5 9,,3.487434095,3.487434095,3.945681095123291,1,0.0,-0.4582470001232912,3.329470757802548,3.201626017
icp_regression,dinov3,42,3,18,legacy_outer,single,86,600 ppm 4 3,,2.880647975,2.880647975,2.8553950786590576,1,0.0,0.02525289634094241,3.329470757802548,3.201626017
icp_regression,dinov3,42,3,18,legacy_outer,single,87,600 ppm 2 3,,4.461830388,4.461830388,4.641196250915527,1,0.0,-0.17936586291552725,3.329470757802548,3.201626017
icp_regression,dinov3,42,3,18,legacy_outer,single,88,400 ppm 1 8,,2.661895437,2.661895437,3.876549243927002,1,0.0,-1.2146538069270019,3.329470757802548,3.201626017
icp_regression,dinov3,42,3,18,legacy_outer,single,91,800 ppm 2 6,,2.574977352,2.574977352,3.053830623626709,1,0.0,-0.4788532716267091,3.329470757802548,3.201626017
icp_regression,dinov3,42,3,18,legacy_outer,single,96,400 ppm 3 3,,0.612212928,0.612212928,0.04604195058345795,1,0.0,0.5661709774165421,3.329470757802548,3.201626017
icp_regression,dinov3,42,3,18,legacy_outer,single,98,400 ppm 4 7,,2.772824063,2.772824063,2.2650153636932373,1,0.0,0.5078086993067625,3.329470757802548,3.201626017
icp_regression,dinov3,42,3,18,legacy_outer,single,101,400 ppm 1 1,,1.156692243,1.156692243,1.6224446296691895,1,0.0,-0.4657523866691895,3.329470757802548,3.201626017
icp_regression,dinov3,42,3,18,legacy_outer,single,103,600 ppm 3 2,,1.913489171,1.913489171,1.737974762916565,1,0.0,0.175514408083435,3.329470757802548,3.201626017
icp_regression,dinov3,42,3,18,legacy_outer,single,104,400 ppm 2 5,,2.693185629,2.693185629,1.296268105506897,1,0.0,1.3969175234931028,3.329470757802548,3.201626017
icp_regression,dinov3,42,3,18,legacy_outer,single,110,800 ppm 2 10,,3.839907089,3.839907089,4.110413551330566,1,0.0,-0.2705064623305664,3.329470757802548,3.201626017
icp_regression,dinov3,42,3,18,legacy_outer,single,119,400 ppm 2 6,,1.94595721,1.94595721,2.416853666305542,1,0.0,-0.470896456305542,3.329470757802548,3.201626017
icp_regression,dinov3,42,3,18,legacy_outer,single,125,400 ppm 2 2,,2.217441217,2.217441217,1.2965725660324097,1,0.0,0.9208686509675905,3.329470757802548,3.201626017
icp_regression,dinov3,42,3,18,legacy_outer,single,127,800 ppm 1 3,,3.460604121,3.460604121,3.541461944580078,1,0.0,-0.08085782358007831,3.329470757802548,3.201626017
icp_regression,dinov3,42,3,18,legacy_outer,single,134,400 ppm 5 7,,2.419099743,2.419099743,2.9602200984954834,1,0.0,-0.5411203554954835,3.329470757802548,3.201626017
icp_regression,dinov3,42,3,18,legacy_outer,single,135,1000 ppm 3 1,,3.435150907,3.435150907,3.905810594558716,1,0.0,-0.4706596875587157,3.329470757802548,3.201626017
icp_regression,dinov3,42,3,18,legacy_outer,single,136,1000 ppm 2 9,,4.12892976,4.12892976,3.2096590995788574,1,0.0,0.9192706604211427,3.329470757802548,3.201626017
icp_regression,dinov3,42,3,18,legacy_outer,single,140,1000 ppm 2 6,,3.276631573,3.276631573,3.59159517288208,1,0.0,-0.3149635998820801,3.329470757802548,3.201626017
icp_regression,dinov3,42,3,18,legacy_outer,single,141,400 ppm 2 1,,2.012764258,2.012764258,2.5866100788116455,1,0.0,-0.5738458208116457,3.329470757802548,3.201626017
icp_regression,dinov3,42,3,18,legacy_outer,single,142,800 ppm 4 2,,7.228369165,7.228369165,4.676386833190918,1,0.0,2.551982331809082,3.329470757802548,3.201626017
icp_regression,dinov3,42,3,18,legacy_outer,single,153,800 ppm 1 6,,3.837716068,3.837716068,3.562302589416504,1,0.0,0.2754134785834963,3.329470757802548,3.201626017
icp_regression,dinov3,42,3,18,legacy_outer,single,168,800 ppm 4 3,,2.561965594,2.561965594,2.909625291824341,1,0.0,-0.3476596978243407,3.329470757802548,3.201626017
icp_regression,dinov3,42,3,18,legacy_outer,single,169,1000 ppm 5 5,,4.025481166,4.025481166,3.4040637016296387,1,0.0,0.6214174643703609,3.329470757802548,3.201626017
icp_regression,dinov3,42,3,18,legacy_outer,single,170,600 ppm 5 6,,1.95587148,1.95587148,2.6242809295654297,1,0.0,-0.6684094495654296,3.329470757802548,3.201626017
icp_regression,dinov3,42,3,18,legacy_outer,single,174,400 ppm 5 3,,4.283341707,4.283341707,3.8262686729431152,1,0.0,0.4570730340568847,3.329470757802548,3.201626017
icp_regression,dinov3,42,3,18,legacy_outer,single,176,600 ppm 1 6,,3.100781702,3.100781702,3.4672138690948486,1,0.0,-0.3664321670948487,3.329470757802548,3.201626017
icp_regression,dinov3,42,3,18,legacy_outer,single,181,1000 ppm 1 6,,4.975119308,4.975119308,4.9768476486206055,1,0.0,-0.0017283406206054508,3.329470757802548,3.201626017
icp_regression,dinov3,42,3,18,legacy_outer,single,182,800 ppm 5 2,,3.095231637,3.095231637,3.5488970279693604,1,0.0,-0.4536653909693604,3.329470757802548,3.201626017
icp_regression,dinov3,42,3,18,legacy_outer,single,195,c 2,,0.515980941,0.515980941,0.02018950879573822,1,0.0,0.4957914322042618,3.329470757802548,3.201626017
icp_regression,dinov3,42,3,18,legacy_outer,single,196,800 ppm 2 2,,4.193172849,4.193172849,3.6228647232055664,1,0.0,0.5703081257944334,3.329470757802548,3.201626017
icp_regression,dinov3,42,3,18,legacy_outer,single,199,400 ppm 5 9,,4.94470606,4.94470606,4.858292579650879,1,0.0,0.08641348034912077,3.329470757802548,3.201626017
icp_regression,dinov3,42,3,18,legacy_outer,single,200,400 ppm 2 8,,1.868843053,1.868843053,2.8530349731445312,1,0.0,-0.9841919201445313,3.329470757802548,3.201626017
icp_regression,dinov3,42,3,18,legacy_outer,single,206,400 ppm 1 4,,2.032189725,2.032189725,3.5771965980529785,1,0.0,-1.5450068730529787,3.329470757802548,3.201626017
icp_regression,dinov3,42,3,18,legacy_outer,single,207,1000 ppm 2 2,,2.770922415,2.770922415,2.182435989379883,1,0.0,0.588486425620117,3.329470757802548,3.201626017
icp_regression,dinov3,42,3,18,legacy_outer,d4_mean,4,400 ppm 5 6,,3.179550105,3.179550105,2.6374685764312744,8,0.7911025881767273,0.5420815285687257,3.329470757802548,3.201626017
icp_regression,dinov3,42,3,18,legacy_outer,d4_mean,15,800 ppm 5 6,,4.035336418,4.035336418,5.201536178588867,8,0.4247453808784485,-1.1661997605888672,3.329470757802548,3.201626017
icp_regression,dinov3,42,3,18,legacy_outer,d4_mean,17,800 ppm 1 8,,3.829685929,3.829685929,3.0188891887664795,8,0.29398512840270996,0.8107967402335206,3.329470757802548,3.201626017
icp_regression,dinov3,42,3,18,legacy_outer,d4_mean,24,400 ppm 1 7,,1.282576096,1.282576096,3.371837854385376,8,0.5563433766365051,-2.089261758385376,3.329470757802548,3.201626017
icp_regression,dinov3,42,3,18,legacy_outer,d4_mean,26,400 ppm 3 8,,2.699524299,2.699524299,2.408205509185791,8,0.7117831110954285,0.2913187898142091,3.329470757802548,3.201626017
icp_regression,dinov3,42,3,18,legacy_outer,d4_mean,31,1000 ppm 4 10,,4.658685892,4.658685892,4.243888854980469,8,0.5589877963066101,0.4147970370195315,3.329470757802548,3.201626017
icp_regression,dinov3,42,3,18,legacy_outer,d4_mean,32,600 ppm 4 1,,2.305830077,2.305830077,2.6958670616149902,8,0.6518365740776062,-0.39003698461499026,3.329470757802548,3.201626017
icp_regression,dinov3,42,3,18,legacy_outer,d4_mean,33,400 ppm 4 2,,3.766442861,3.766442861,3.5013673305511475,8,0.4062672555446625,0.26507553044885235,3.329470757802548,3.201626017
icp_regression,dinov3,42,3,18,legacy_outer,d4_mean,40,1000 ppm 3 7,,4.455573905,4.455573905,3.4212334156036377,8,0.7189712524414062,1.034340489396362,3.329470757802548,3.201626017
icp_regression,dinov3,42,3,18,legacy_outer,d4_mean,42,800 ppm 4 1,,3.914368577,3.914368577,3.9914259910583496,8,0.5469009280204773,-0.07705741405834976,3.329470757802548,3.201626017
icp_regression,dinov3,42,3,18,legacy_outer,d4_mean,47,600 ppm 1 10,,2.380352998,2.380352998,4.015161514282227,8,0.5364183187484741,-1.6348085162822263,3.329470757802548,3.201626017
icp_regression,dinov3,42,3,18,legacy_outer,d4_mean,50,400 ppm 5 4,,2.308031034,2.308031034,3.0446293354034424,8,0.4060400128364563,-0.7365983014034425,3.329470757802548,3.201626017
icp_regression,dinov3,42,3,18,legacy_outer,d4_mean,60,1000 ppm 1 10,,6.849854778,6.849854778,5.448856830596924,8,0.40881043672561646,1.4009979474030763,3.329470757802548,3.201626017
icp_regression,dinov3,42,3,18,legacy_outer,d4_mean,63,800 ppm 5 1,,3.318129085,3.318129085,2.9215893745422363,8,0.6962234973907471,0.3965397104577635,3.329470757802548,3.201626017
icp_regression,dinov3,42,3,18,legacy_outer,d4_mean,65,1000 ppm 1 2,,2.839588237,2.839588237,3.3053548336029053,8,0.3530578315258026,-0.4657665966029052,3.329470757802548,3.201626017
icp_regression,dinov3,42,3,18,legacy_outer,d4_mean,72,800 ppm 4 10,,1.790224933,1.790224933,3.0898823738098145,8,0.5012335777282715,-1.2996574408098145,3.329470757802548,3.201626017
icp_regression,dinov3,42,3,18,legacy_outer,d4_mean,74,800 ppm 3 10,,2.565247064,2.565247064,2.4482269287109375,8,0.660697877407074,0.1170201352890623,3.329470757802548,3.201626017
icp_regression,dinov3,42,3,18,legacy_outer,d4_mean,75,600 ppm 4 2,,2.807822686,2.807822686,4.770027160644531,8,0.6444172263145447,-1.962204474644531,3.329470757802548,3.201626017
icp_regression,dinov3,42,3,18,legacy_outer,d4_mean,85,600 ppm 5 9,,3.487434095,3.487434095,4.815649032592773,8,0.555767834186554,-1.3282149375927736,3.329470757802548,3.201626017
icp_regression,dinov3,42,3,18,legacy_outer,d4_mean,86,600 ppm 4 3,,2.880647975,2.880647975,3.4544506072998047,8,0.414615660905838,-0.5738026322998047,3.329470757802548,3.201626017
icp_regression,dinov3,42,3,18,legacy_outer,d4_mean,87,600 ppm 2 3,,4.461830388,4.461830388,4.702065944671631,8,0.2830760180950165,-0.24023555667163077,3.329470757802548,3.201626017
icp_regression,dinov3,42,3,18,legacy_outer,d4_mean,88,400 ppm 1 8,,2.661895437,2.661895437,3.839672803878784,8,0.4713052809238434,-1.177777366878784,3.329470757802548,3.201626017
icp_regression,dinov3,42,3,18,legacy_outer,d4_mean,91,800 ppm 2 6,,2.574977352,2.574977352,4.270445346832275,8,0.6711748838424683,-1.6954679948322755,3.329470757802548,3.201626017
icp_regression,dinov3,42,3,18,legacy_outer,d4_mean,96,400 ppm 3 3,,0.612212928,0.612212928,1.1824452877044678,8,0.6827969551086426,-0.5702323597044677,3.329470757802548,3.201626017
icp_regression,dinov3,42,3,18,legacy_outer,d4_mean,98,400 ppm 4 7,,2.772824063,2.772824063,2.4940762519836426,8,0.34374940395355225,0.27874781101635726,3.329470757802548,3.201626017
icp_regression,dinov3,42,3,18,legacy_outer,d4_mean,101,400 ppm 1 1,,1.156692243,1.156692243,2.404416799545288,8,0.39805155992507935,-1.2477245565452881,3.329470757802548,3.201626017
icp_regression,dinov3,42,3,18,legacy_outer,d4_mean,103,600 ppm 3 2,,1.913489171,1.913489171,2.8814148902893066,8,0.7630950212478638,-0.9679257192893067,3.329470757802548,3.201626017
icp_regression,dinov3,42,3,18,legacy_outer,d4_mean,104,400 ppm 2 5,,2.693185629,2.693185629,2.1308794021606445,8,0.4751635789871216,0.5623062268393553,3.329470757802548,3.201626017
icp_regression,dinov3,42,3,18,legacy_outer,d4_mean,110,800 ppm 2 10,,3.839907089,3.839907089,5.389591217041016,8,0.8469732403755188,-1.5496841280410156,3.329470757802548,3.201626017
icp_regression,dinov3,42,3,18,legacy_outer,d4_mean,119,400 ppm 2 6,,1.94595721,1.94595721,3.451887607574463,8,0.6994407176971436,-1.505930397574463,3.329470757802548,3.201626017
icp_regression,dinov3,42,3,18,legacy_outer,d4_mean,125,400 ppm 2 2,,2.217441217,2.217441217,2.4219706058502197,8,0.661995530128479,-0.20452938885021954,3.329470757802548,3.201626017
icp_regression,dinov3,42,3,18,legacy_outer,d4_mean,127,800 ppm 1 3,,3.460604121,3.460604121,3.3419556617736816,8,0.43990352749824524,0.11864845922631817,3.329470757802548,3.201626017
icp_regression,dinov3,42,3,18,legacy_outer,d4_mean,134,400 ppm 5 7,,2.419099743,2.419099743,3.7810659408569336,8,0.44260621070861816,-1.3619661978569337,3.329470757802548,3.201626017
icp_regression,dinov3,42,3,18,legacy_outer,d4_mean,135,1000 ppm 3 1,,3.435150907,3.435150907,3.5607059001922607,8,0.7143223285675049,-0.1255549931922606,3.329470757802548,3.201626017
icp_regression,dinov3,42,3,18,legacy_outer,d4_mean,136,1000 ppm 2 9,,4.12892976,4.12892976,4.124289512634277,8,0.7729496359825134,0.004640247365722772,3.329470757802548,3.201626017
icp_regression,dinov3,42,3,18,legacy_outer,d4_mean,140,1000 ppm 2 6,,3.276631573,3.276631573,4.40441370010376,8,0.4929748773574829,-1.1277821271037598,3.329470757802548,3.201626017
icp_regression,dinov3,42,3,18,legacy_outer,d4_mean,141,400 ppm 2 1,,2.012764258,2.012764258,3.497843027114868,8,0.46951645612716675,-1.4850787691148684,3.329470757802548,3.201626017
icp_regression,dinov3,42,3,18,legacy_outer,d4_mean,142,800 ppm 4 2,,7.228369165,7.228369165,5.076921463012695,8,0.26746484637260437,2.151447701987305,3.329470757802548,3.201626017
icp_regression,dinov3,42,3,18,legacy_outer,d4_mean,153,800 ppm 1 6,,3.837716068,3.837716068,3.3952510356903076,8,0.4636215567588806,0.4424650323096926,3.329470757802548,3.201626017
icp_regression,dinov3,42,3,18,legacy_outer,d4_mean,168,800 ppm 4 3,,2.561965594,2.561965594,3.94699764251709,8,0.5730392932891846,-1.3850320485170897,3.329470757802548,3.201626017
icp_regression,dinov3,42,3,18,legacy_outer,d4_mean,169,1000 ppm 5 5,,4.025481166,4.025481166,4.243319988250732,8,0.49740421772003174,-0.2178388222507328,3.329470757802548,3.201626017
icp_regression,dinov3,42,3,18,legacy_outer,d4_mean,170,600 ppm 5 6,,1.95587148,1.95587148,3.446990966796875,8,0.5561016201972961,-1.491119486796875,3.329470757802548,3.201626017
icp_regression,dinov3,42,3,18,legacy_outer,d4_mean,174,400 ppm 5 3,,4.283341707,4.283341707,3.090116262435913,8,0.7122666835784912,1.1932254445640869,3.329470757802548,3.201626017
icp_regression,dinov3,42,3,18,legacy_outer,d4_mean,176,600 ppm 1 6,,3.100781702,3.100781702,4.657575607299805,8,0.7008447051048279,-1.5567939052998048,3.329470757802548,3.201626017
icp_regression,dinov3,42,3,18,legacy_outer,d4_mean,181,1000 ppm 1 6,,4.975119308,4.975119308,4.361728191375732,8,0.5823075771331787,0.6133911166242676,3.329470757802548,3.201626017
icp_regression,dinov3,42,3,18,legacy_outer,d4_mean,182,800 ppm 5 2,,3.095231637,3.095231637,4.630220413208008,8,0.5685996413230896,-1.5349887762080079,3.329470757802548,3.201626017
icp_regression,dinov3,42,3,18,legacy_outer,d4_mean,195,c 2,,0.515980941,0.515980941,1.0275346040725708,8,0.5273668766021729,-0.5115536630725708,3.329470757802548,3.201626017
icp_regression,dinov3,42,3,18,legacy_outer,d4_mean,196,800 ppm 2 2,,4.193172849,4.193172849,3.4946300983428955,8,0.2660890221595764,0.6985427506571042,3.329470757802548,3.201626017
icp_regression,dinov3,42,3,18,legacy_outer,d4_mean,199,400 ppm 5 9,,4.94470606,4.94470606,4.999454975128174,8,0.4444117546081543,-0.05474891512817415,3.329470757802548,3.201626017
icp_regression,dinov3,42,3,18,legacy_outer,d4_mean,200,400 ppm 2 8,,1.868843053,1.868843053,3.524576187133789,8,0.4301708936691284,-1.655733134133789,3.329470757802548,3.201626017
icp_regression,dinov3,42,3,18,legacy_outer,d4_mean,206,400 ppm 1 4,,2.032189725,2.032189725,4.220087051391602,8,0.5465428233146667,-2.1878973263916017,3.329470757802548,3.201626017
icp_regression,dinov3,42,3,18,legacy_outer,d4_mean,207,1000 ppm 2 2,,2.770922415,2.770922415,2.9399640560150146,8,0.5197196006774902,-0.16904164101501484,3.329470757802548,3.201626017
icp_regression,dinov3,42,3,18,legacy_outer,scale_mean,4,400 ppm 5 6,,3.179550105,3.179550105,1.3780890703201294,2,0.025192737579345703,1.8014610346798707,3.329470757802548,3.201626017
icp_regression,dinov3,42,3,18,legacy_outer,scale_mean,15,800 ppm 5 6,,4.035336418,4.035336418,4.769278526306152,2,0.19161392748355865,-0.7339421083061524,3.329470757802548,3.201626017
icp_regression,dinov3,42,3,18,legacy_outer,scale_mean,17,800 ppm 1 8,,3.829685929,3.829685929,3.1650476455688477,2,0.03610563278198242,0.6646382834311524,3.329470757802548,3.201626017
icp_regression,dinov3,42,3,18,legacy_outer,scale_mean,24,400 ppm 1 7,,1.282576096,1.282576096,3.333303928375244,2,0.10967910289764404,-2.050727832375244,3.329470757802548,3.201626017
icp_regression,dinov3,42,3,18,legacy_outer,scale_mean,26,400 ppm 3 8,,2.699524299,2.699524299,1.3923468589782715,2,0.24076753854751587,1.3071774400217286,3.329470757802548,3.201626017
icp_regression,dinov3,42,3,18,legacy_outer,scale_mean,31,1000 ppm 4 10,,4.658685892,4.658685892,3.5919394493103027,2,0.019709467887878418,1.0667464426896975,3.329470757802548,3.201626017
icp_regression,dinov3,42,3,18,legacy_outer,scale_mean,32,600 ppm 4 1,,2.305830077,2.305830077,1.7062630653381348,2,0.15081775188446045,0.5995670116618652,3.329470757802548,3.201626017
icp_regression,dinov3,42,3,18,legacy_outer,scale_mean,33,400 ppm 4 2,,3.766442861,3.766442861,3.1998608112335205,2,0.05075430870056152,0.5665820497664793,3.329470757802548,3.201626017
icp_regression,dinov3,42,3,18,legacy_outer,scale_mean,40,1000 ppm 3 7,,4.455573905,4.455573905,2.165184259414673,2,0.06711888313293457,2.2903896455853268,3.329470757802548,3.201626017
icp_regression,dinov3,42,3,18,legacy_outer,scale_mean,42,800 ppm 4 1,,3.914368577,3.914368577,3.2622604370117188,2,0.08906018733978271,0.6521081399882811,3.329470757802548,3.201626017
icp_regression,dinov3,42,3,18,legacy_outer,scale_mean,47,600 ppm 1 10,,2.380352998,2.380352998,3.120987892150879,2,0.21443843841552734,-0.7406348941508787,3.329470757802548,3.201626017
icp_regression,dinov3,42,3,18,legacy_outer,scale_mean,50,400 ppm 5 4,,2.308031034,2.308031034,3.1103992462158203,2,0.005202889442443848,-0.8023682122158204,3.329470757802548,3.201626017
icp_regression,dinov3,42,3,18,legacy_outer,scale_mean,60,1000 ppm 1 10,,6.849854778,6.849854778,4.577703475952148,2,0.08997988700866699,2.2721513020478517,3.329470757802548,3.201626017
icp_regression,dinov3,42,3,18,legacy_outer,scale_mean,63,800 ppm 5 1,,3.318129085,3.318129085,1.6529266834259033,2,0.0991087555885315,1.6652024015740965,3.329470757802548,3.201626017
icp_regression,dinov3,42,3,18,legacy_outer,scale_mean,65,1000 ppm 1 2,,2.839588237,2.839588237,3.1681013107299805,2,0.003693699836730957,-0.3285130737299804,3.329470757802548,3.201626017
icp_regression,dinov3,42,3,18,legacy_outer,scale_mean,72,800 ppm 4 10,,1.790224933,1.790224933,2.3307876586914062,2,0.18356359004974365,-0.5405627256914063,3.329470757802548,3.201626017
icp_regression,dinov3,42,3,18,legacy_outer,scale_mean,74,800 ppm 3 10,,2.565247064,2.565247064,1.496450662612915,2,0.24462658166885376,1.0687964013870848,3.329470757802548,3.201626017
icp_regression,dinov3,42,3,18,legacy_outer,scale_mean,75,600 ppm 4 2,,2.807822686,2.807822686,3.5595483779907227,2,0.19787061214447021,-0.7517256919907225,3.329470757802548,3.201626017
icp_regression,dinov3,42,3,18,legacy_outer,scale_mean,85,600 ppm 5 9,,3.487434095,3.487434095,4.013228416442871,2,0.06754732131958008,-0.5257943214428713,3.329470757802548,3.201626017
icp_regression,dinov3,42,3,18,legacy_outer,scale_mean,86,600 ppm 4 3,,2.880647975,2.880647975,2.893972396850586,2,0.03857743740081787,-0.01332442185058591,3.329470757802548,3.201626017
icp_regression,dinov3,42,3,18,legacy_outer,scale_mean,87,600 ppm 2 3,,4.461830388,4.461830388,4.463494300842285,2,0.1777019500732422,-0.0016639128422850646,3.329470757802548,3.201626017
icp_regression,dinov3,42,3,18,legacy_outer,scale_mean,88,400 ppm 1 8,,2.661895437,2.661895437,3.8032917976379395,2,0.0732574462890625,-1.1413963606379394,3.329470757802548,3.201626017
icp_regression,dinov3,42,3,18,legacy_outer,scale_mean,91,800 ppm 2 6,,2.574977352,2.574977352,3.001962900161743,2,0.05186772346496582,-0.4269855481617433,3.329470757802548,3.201626017
icp_regression,dinov3,42,3,18,legacy_outer,scale_mean,96,400 ppm 3 3,,0.612212928,0.612212928,0.14643149077892303,2,0.10038954019546509,0.465781437221077,3.329470757802548,3.201626017
icp_regression,dinov3,42,3,18,legacy_outer,scale_mean,98,400 ppm 4 7,,2.772824063,2.772824063,2.180091619491577,2,0.08492374420166016,0.5927324435084227,3.329470757802548,3.201626017
icp_regression,dinov3,42,3,18,legacy_outer,scale_mean,101,400 ppm 1 1,,1.156692243,1.156692243,1.7474663257598877,2,0.12502175569534302,-0.5907740827598877,3.329470757802548,3.201626017
icp_regression,dinov3,42,3,18,legacy_outer,scale_mean,103,600 ppm 3 2,,1.913489171,1.913489171,1.5873807668685913,2,0.15059399604797363,0.3261084041314086,3.329470757802548,3.201626017
icp_regression,dinov3,42,3,18,legacy_outer,scale_mean,104,400 ppm 2 5,,2.693185629,2.693185629,1.3776285648345947,2,0.08136039972305298,1.315557064165405,3.329470757802548,3.201626017
icp_regression,dinov3,42,3,18,legacy_outer,scale_mean,110,800 ppm 2 10,,3.839907089,3.839907089,4.301387786865234,2,0.19097447395324707,-0.4614806978652344,3.329470757802548,3.201626017
icp_regression,dinov3,42,3,18,legacy_outer,scale_mean,119,400 ppm 2 6,,1.94595721,1.94595721,2.4941320419311523,2,0.0772782564163208,-0.5481748319311524,3.329470757802548,3.201626017
icp_regression,dinov3,42,3,18,legacy_outer,scale_mean,125,400 ppm 2 2,,2.217441217,2.217441217,1.2482295036315918,2,0.048343122005462646,0.9692117133684084,3.329470757802548,3.201626017
icp_regression,dinov3,42,3,18,legacy_outer,scale_mean,127,800 ppm 1 3,,3.460604121,3.460604121,3.5067906379699707,2,0.03467118740081787,-0.04618651696997089,3.329470757802548,3.201626017
icp_regression,dinov3,42,3,18,legacy_outer,scale_mean,134,400 ppm 5 7,,2.419099743,2.419099743,2.9378809928894043,2,0.02233898639678955,-0.5187812498894044,3.329470757802548,3.201626017
icp_regression,dinov3,42,3,18,legacy_outer,scale_mean,135,1000 ppm 3 1,,3.435150907,3.435150907,3.9326796531677246,2,0.02686893939971924,-0.49752874616772447,3.329470757802548,3.201626017
icp_regression,dinov3,42,3,18,legacy_outer,scale_mean,136,1000 ppm 2 9,,4.12892976,4.12892976,3.3421642780303955,2,0.13250517845153809,0.7867654819696046,3.329470757802548,3.201626017
icp_regression,dinov3,42,3,18,legacy_outer,scale_mean,140,1000 ppm 2 6,,3.276631573,3.276631573,3.881906032562256,2,0.2903108596801758,-0.6052744595622559,3.329470757802548,3.201626017
icp_regression,dinov3,42,3,18,legacy_outer,scale_mean,141,400 ppm 2 1,,2.012764258,2.012764258,2.497378349304199,2,0.08923184871673584,-0.4846140913041994,3.329470757802548,3.201626017
icp_regression,dinov3,42,3,18,legacy_outer,scale_mean,142,800 ppm 4 2,,7.228369165,7.228369165,4.788808822631836,2,0.11242198944091797,2.439560342368164,3.329470757802548,3.201626017
icp_regression,dinov3,42,3,18,legacy_outer,scale_mean,153,800 ppm 1 6,,3.837716068,3.837716068,3.409419298171997,2,0.15288329124450684,0.42829676982800313,3.329470757802548,3.201626017
icp_regression,dinov3,42,3,18,legacy_outer,scale_mean,168,800 ppm 4 3,,2.561965594,2.561965594,3.0127246379852295,2,0.10309934616088867,-0.45075904398522937,3.329470757802548,3.201626017
icp_regression,dinov3,42,3,18,legacy_outer,scale_mean,169,1000 ppm 5 5,,4.025481166,4.025481166,3.4796979427337646,2,0.07563424110412598,0.545783223266235,3.329470757802548,3.201626017
icp_regression,dinov3,42,3,18,legacy_outer,scale_mean,170,600 ppm 5 6,,1.95587148,1.95587148,2.5174245834350586,2,0.1068563461303711,-0.5615531034350585,3.329470757802548,3.201626017
icp_regression,dinov3,42,3,18,legacy_outer,scale_mean,174,400 ppm 5 3,,4.283341707,4.283341707,3.5317587852478027,2,0.2945098876953125,0.7515829217521972,3.329470757802548,3.201626017
icp_regression,dinov3,42,3,18,legacy_outer,scale_mean,176,600 ppm 1 6,,3.100781702,3.100781702,3.5679121017456055,2,0.10069835186004639,-0.46713039974560555,3.329470757802548,3.201626017
icp_regression,dinov3,42,3,18,legacy_outer,scale_mean,181,1000 ppm 1 6,,4.975119308,4.975119308,4.976089954376221,2,0.0007576942443847656,-0.0009706463762206852,3.329470757802548,3.201626017
icp_regression,dinov3,42,3,18,legacy_outer,scale_mean,182,800 ppm 5 2,,3.095231637,3.095231637,3.8437108993530273,2,0.29481399059295654,-0.7484792623530274,3.329470757802548,3.201626017
icp_regression,dinov3,42,3,18,legacy_outer,scale_mean,195,c 2,,0.515980941,0.515980941,-0.016163304448127747,2,0.03635281324386597,0.5321442454481278,3.329470757802548,3.201626017
icp_regression,dinov3,42,3,18,legacy_outer,scale_mean,196,800 ppm 2 2,,4.193172849,4.193172849,3.586182117462158,2,0.036682724952697754,0.6069907315378416,3.329470757802548,3.201626017
icp_regression,dinov3,42,3,18,legacy_outer,scale_mean,199,400 ppm 5 9,,4.94470606,4.94470606,5.118149757385254,2,0.259857177734375,-0.17344369738525423,3.329470757802548,3.201626017
icp_regression,dinov3,42,3,18,legacy_outer,scale_mean,200,400 ppm 2 8,,1.868843053,1.868843053,3.2027626037597656,2,0.3497276306152344,-1.3339195507597656,3.329470757802548,3.201626017
icp_regression,dinov3,42,3,18,legacy_outer,scale_mean,206,400 ppm 1 4,,2.032189725,2.032189725,3.3563449382781982,2,0.22085165977478027,-1.3241552132781984,3.329470757802548,3.201626017
icp_regression,dinov3,42,3,18,legacy_outer,scale_mean,207,1000 ppm 2 2,,2.770922415,2.770922415,2.3725411891937256,2,0.19010519981384277,0.3983812258062742,3.329470757802548,3.201626017
icp_regression,dinov3,42,4,29,legacy_outer,single,10,1000 ppm 1 3,,5.010887657,5.010887657,4.7526984214782715,1,0.0,0.2581892355217281,3.337741305152866,3.100781702
icp_regression,dinov3,42,4,29,legacy_outer,single,16,400 ppm 4 6,,2.232310918,2.232310918,1.9295060634613037,1,0.0,0.3028048545386963,3.337741305152866,3.100781702
icp_regression,dinov3,42,4,29,legacy_outer,single,18,600 ppm 3 1,,3.464453659,3.464453659,4.37177038192749,1,0.0,-0.9073167229274901,3.337741305152866,3.100781702
icp_regression,dinov3,42,4,29,legacy_outer,single,19,400 ppm 3 5,,1.728051929,1.728051929,3.049145460128784,1,0.0,-1.3210935311287841,3.337741305152866,3.100781702
icp_regression,dinov3,42,4,29,legacy_outer,single,23,c 10,,0.034792218,0.034792218,1.5707635879516602,1,0.0,-1.5359713699516602,3.337741305152866,3.100781702
icp_regression,dinov3,42,4,29,legacy_outer,single,25,400 ppm 1 2,,2.105801382,2.105801382,2.071943998336792,1,0.0,0.03385738366320812,3.337741305152866,3.100781702
icp_regression,dinov3,42,4,29,legacy_outer,single,36,800 ppm 2 4,,0.010515853,0.010515853,3.133413076400757,1,0.0,-3.122897223400757,3.337741305152866,3.100781702
icp_regression,dinov3,42,4,29,legacy_outer,single,37,800 ppm 5 4,,4.51159952,4.51159952,5.0038838386535645,1,0.0,-0.4922843186535646,3.337741305152866,3.100781702
icp_regression,dinov3,42,4,29,legacy_outer,single,39,1000 ppm 1 4,,5.546186906,5.546186906,4.546719074249268,1,0.0,0.9994678317507324,3.337741305152866,3.100781702
icp_regression,dinov3,42,4,29,legacy_outer,single,41,1000 ppm 4 2,,4.700168169,4.700168169,4.481629848480225,1,0.0,0.21853832051977573,3.337741305152866,3.100781702
icp_regression,dinov3,42,4,29,legacy_outer,single,46,400 ppm 2 3,,1.537357234,1.537357234,1.3093254566192627,1,0.0,0.2280317773807372,3.337741305152866,3.100781702
icp_regression,dinov3,42,4,29,legacy_outer,single,52,600 ppm 1 3,,2.7476069,2.7476069,3.5094282627105713,1,0.0,-0.7618213627105712,3.337741305152866,3.100781702
icp_regression,dinov3,42,4,29,legacy_outer,single,55,400 ppm 5 5,,3.964413323,3.964413323,4.5445380210876465,1,0.0,-0.5801246980876464,3.337741305152866,3.100781702
icp_regression,dinov3,42,4,29,legacy_outer,single,56,800 ppm 3 7,,3.154045927,3.154045927,3.8984720706939697,1,0.0,-0.7444261436939699,3.337741305152866,3.100781702
icp_regression,dinov3,42,4,29,legacy_outer,single,59,400 ppm 1 9,,1.257349885,1.257349885,4.15149450302124,1,0.0,-2.8941446180212402,3.337741305152866,3.100781702
icp_regression,dinov3,42,4,29,legacy_outer,single,62,800 ppm 5 3,,3.435802073,3.435802073,3.773789405822754,1,0.0,-0.33798733282275384,3.337741305152866,3.100781702
icp_regression,dinov3,42,4,29,legacy_outer,single,64,800 ppm 3 6,,2.688094559,2.688094559,2.9746463298797607,1,0.0,-0.2865517708797607,3.337741305152866,3.100781702
icp_regression,dinov3,42,4,29,legacy_outer,single,68,1000 ppm 4 8,,5.826586722,5.826586722,5.170311450958252,1,0.0,0.6562752710417481,3.337741305152866,3.100781702
icp_regression,dinov3,42,4,29,legacy_outer,single,69,800 ppm 4 8,,4.813344078,4.813344078,2.859812021255493,1,0.0,1.953532056744507,3.337741305152866,3.100781702
icp_regression,dinov3,42,4,29,legacy_outer,single,82,400 ppm 4 9,,2.624535347,2.624535347,2.8366658687591553,1,0.0,-0.21213052175915514,3.337741305152866,3.100781702
icp_regression,dinov3,42,4,29,legacy_outer,single,84,c 7,,0.024246817,0.024246817,0.8080666065216064,1,0.0,-0.7838197895216065,3.337741305152866,3.100781702
icp_regression,dinov3,42,4,29,legacy_outer,single,90,800 ppm 1 5,,3.533211084,3.533211084,4.468814373016357,1,0.0,-0.9356032890163575,3.337741305152866,3.100781702
icp_regression,dinov3,42,4,29,legacy_outer,single,97,600 ppm 2 7,,5.389042573,5.389042573,4.706262111663818,1,0.0,0.6827804613361819,3.337741305152866,3.100781702
icp_regression,dinov3,42,4,29,legacy_outer,single,100,600 ppm 1 7,,4.294644495,4.294644495,1.8524792194366455,1,0.0,2.4421652755633545,3.337741305152866,3.100781702
icp_regression,dinov3,42,4,29,legacy_outer,single,102,1000 ppm 3 6,,3.90202355,3.90202355,3.8454396724700928,1,0.0,0.056583877529907234,3.337741305152866,3.100781702
icp_regression,dinov3,42,4,29,legacy_outer,single,106,1000 ppm 1 9,,5.438409112,5.438409112,4.994539260864258,1,0.0,0.4438698511357426,3.337741305152866,3.100781702
icp_regression,dinov3,42,4,29,legacy_outer,single,112,800 ppm 2 7,,3.993865756,3.993865756,5.177241802215576,1,0.0,-1.1833760462155762,3.337741305152866,3.100781702
icp_regression,dinov3,42,4,29,legacy_outer,single,116,800 ppm 3 2,,4.960180046,4.960180046,2.5215766429901123,1,0.0,2.4386034030098873,3.337741305152866,3.100781702
icp_regression,dinov3,42,4,29,legacy_outer,single,123,1000 ppm 4 6,,3.570549353,3.570549353,4.252740383148193,1,0.0,-0.6821910301481933,3.337741305152866,3.100781702
icp_regression,dinov3,42,4,29,legacy_outer,single,128,600 ppm 1 4,,3.074620336,3.074620336,2.0236637592315674,1,0.0,1.0509565767684328,3.337741305152866,3.100781702
icp_regression,dinov3,42,4,29,legacy_outer,single,129,600 ppm 3 10,,3.257108041,3.257108041,3.057175636291504,1,0.0,0.19993240470849605,3.337741305152866,3.100781702
icp_regression,dinov3,42,4,29,legacy_outer,single,144,600 ppm 5 8,,1.745539039,1.745539039,1.4512016773223877,1,0.0,0.2943373616776124,3.337741305152866,3.100781702
icp_regression,dinov3,42,4,29,legacy_outer,single,145,c 5,,0.262646502,0.262646502,2.351945400238037,1,0.0,-2.089298898238037,3.337741305152866,3.100781702
icp_regression,dinov3,42,4,29,legacy_outer,single,150,600 ppm 3 9,,2.924303323,2.924303323,2.4564127922058105,1,0.0,0.46789053079418963,3.337741305152866,3.100781702
icp_regression,dinov3,42,4,29,legacy_outer,single,152,1000 ppm 5 10,,4.866749998,4.866749998,4.691938877105713,1,0.0,0.17481112089428752,3.337741305152866,3.100781702
icp_regression,dinov3,42,4,29,legacy_outer,single,154,600 ppm 5 1,,1.92902126,1.92902126,1.5298961400985718,1,0.0,0.3991251199014283,3.337741305152866,3.100781702
icp_regression,dinov3,42,4,29,legacy_outer,single,155,600 ppm 1 1,,3.201626017,3.201626017,2.728682279586792,1,0.0,0.47294373741320817,3.337741305152866,3.100781702
icp_regression,dinov3,42,4,29,legacy_outer,single,158,800 ppm 5 10,,0.75996872,0.75996872,2.4146435260772705,1,0.0,-1.6546748060772705,3.337741305152866,3.100781702
icp_regression,dinov3,42,4,29,legacy_outer,single,159,400 ppm 4 5,,2.49284019,2.49284019,2.6047017574310303,1,0.0,-0.11186156743103037,3.337741305152866,3.100781702
icp_regression,dinov3,42,4,29,legacy_outer,single,161,600 ppm 3 8,,3.047380635,3.047380635,2.736361265182495,1,0.0,0.311019369817505,3.337741305152866,3.100781702
icp_regression,dinov3,42,4,29,legacy_outer,single,162,800 ppm 3 8,,4.614610915,4.614610915,1.9093109369277954,1,0.0,2.7052999780722047,3.337741305152866,3.100781702
icp_regression,dinov3,42,4,29,legacy_outer,single,163,1000 ppm 5 6,,3.12203341,3.12203341,3.5061795711517334,1,0.0,-0.3841461611517336,3.337741305152866,3.100781702
icp_regression,dinov3,42,4,29,legacy_outer,single,165,600 ppm 4 8,,5.563645491,5.563645491,3.367187261581421,1,0.0,2.196458229418579,3.337741305152866,3.100781702
icp_regression,dinov3,42,4,29,legacy_outer,single,167,800 ppm 3 5,,4.458889794,4.458889794,2.7412948608398438,1,0.0,1.7175949331601563,3.337741305152866,3.100781702
icp_regression,dinov3,42,4,29,legacy_outer,single,171,400 ppm 3 1,,1.246955081,1.246955081,0.6199150681495667,1,0.0,0.6270400128504334,3.337741305152866,3.100781702
icp_regression,dinov3,42,4,29,legacy_outer,single,172,400 ppm 3 6,,1.25800729,1.25800729,1.6545050144195557,1,0.0,-0.3964977244195558,3.337741305152866,3.100781702
icp_regression,dinov3,42,4,29,legacy_outer,single,173,600 ppm 4 10,,1.599538611,1.599538611,3.482445001602173,1,0.0,-1.8829063906021728,3.337741305152866,3.100781702
icp_regression,dinov3,42,4,29,legacy_outer,single,184,1000 ppm 4 1,,4.003606934,4.003606934,4.585470676422119,1,0.0,-0.5818637424221196,3.337741305152866,3.100781702
icp_regression,dinov3,42,4,29,legacy_outer,single,188,400 ppm 4 10,,2.606928263,2.606928263,2.4783451557159424,1,0.0,0.12858310728405753,3.337741305152866,3.100781702
icp_regression,dinov3,42,4,29,legacy_outer,single,190,600 ppm 3 3,,3.293084865,3.293084865,3.318730354309082,1,0.0,-0.02564548930908206,3.337741305152866,3.100781702
icp_regression,dinov3,42,4,29,legacy_outer,single,201,400 ppm 3 4,,2.103673748,2.103673748,3.1470205783843994,1,0.0,-1.0433468303843996,3.337741305152866,3.100781702
icp_regression,dinov3,42,4,29,legacy_outer,single,203,1000 ppm 2 3,,3.096861561,3.096861561,2.410778760910034,1,0.0,0.6860828000899657,3.337741305152866,3.100781702
icp_regression,dinov3,42,4,29,legacy_outer,d4_mean,10,1000 ppm 1 3,,5.010887657,5.010887657,5.545817852020264,8,0.4286675453186035,-0.5349301950202641,3.337741305152866,3.100781702
icp_regression,dinov3,42,4,29,legacy_outer,d4_mean,16,400 ppm 4 6,,2.232310918,2.232310918,2.319629669189453,8,0.274040549993515,-0.08731875118945309,3.337741305152866,3.100781702
icp_regression,dinov3,42,4,29,legacy_outer,d4_mean,18,600 ppm 3 1,,3.464453659,3.464453659,5.245943546295166,8,0.5296204686164856,-1.7814898872951659,3.337741305152866,3.100781702
icp_regression,dinov3,42,4,29,legacy_outer,d4_mean,19,400 ppm 3 5,,1.728051929,1.728051929,3.534484624862671,8,0.4486883282661438,-1.8064326958626709,3.337741305152866,3.100781702
icp_regression,dinov3,42,4,29,legacy_outer,d4_mean,23,c 10,,0.034792218,0.034792218,2.1389167308807373,8,0.5216252207756042,-2.104124512880737,3.337741305152866,3.100781702
icp_regression,dinov3,42,4,29,legacy_outer,d4_mean,25,400 ppm 1 2,,2.105801382,2.105801382,3.2286510467529297,8,0.7269594073295593,-1.1228496647529296,3.337741305152866,3.100781702
icp_regression,dinov3,42,4,29,legacy_outer,d4_mean,36,800 ppm 2 4,,0.010515853,0.010515853,4.193576812744141,8,0.6067247986793518,-4.18306095974414,3.337741305152866,3.100781702
icp_regression,dinov3,42,4,29,legacy_outer,d4_mean,37,800 ppm 5 4,,4.51159952,4.51159952,4.988713264465332,8,0.22939549386501312,-0.47711374446533217,3.337741305152866,3.100781702
icp_regression,dinov3,42,4,29,legacy_outer,d4_mean,39,1000 ppm 1 4,,5.546186906,5.546186906,4.951305866241455,8,0.21837350726127625,0.5948810397585449,3.337741305152866,3.100781702
icp_regression,dinov3,42,4,29,legacy_outer,d4_mean,41,1000 ppm 4 2,,4.700168169,4.700168169,4.994049549102783,8,0.3684036135673523,-0.29388138010278286,3.337741305152866,3.100781702
icp_regression,dinov3,42,4,29,legacy_outer,d4_mean,46,400 ppm 2 3,,1.537357234,1.537357234,2.5643515586853027,8,0.7235420942306519,-1.0269943246853028,3.337741305152866,3.100781702
icp_regression,dinov3,42,4,29,legacy_outer,d4_mean,52,600 ppm 1 3,,2.7476069,2.7476069,4.553510665893555,8,0.7073217630386353,-1.8059037658935546,3.337741305152866,3.100781702
icp_regression,dinov3,42,4,29,legacy_outer,d4_mean,55,400 ppm 5 5,,3.964413323,3.964413323,4.462062358856201,8,0.6919189095497131,-0.4976490358562011,3.337741305152866,3.100781702
icp_regression,dinov3,42,4,29,legacy_outer,d4_mean,56,800 ppm 3 7,,3.154045927,3.154045927,4.345673084259033,8,0.261732816696167,-1.1916271572590333,3.337741305152866,3.100781702
icp_regression,dinov3,42,4,29,legacy_outer,d4_mean,59,400 ppm 1 9,,1.257349885,1.257349885,3.743664503097534,8,0.5154765844345093,-2.486314618097534,3.337741305152866,3.100781702
icp_regression,dinov3,42,4,29,legacy_outer,d4_mean,62,800 ppm 5 3,,3.435802073,3.435802073,4.6661906242370605,8,0.4858436584472656,-1.2303885512370605,3.337741305152866,3.100781702
icp_regression,dinov3,42,4,29,legacy_outer,d4_mean,64,800 ppm 3 6,,2.688094559,2.688094559,3.947476863861084,8,0.7648621797561646,-1.259382304861084,3.337741305152866,3.100781702
icp_regression,dinov3,42,4,29,legacy_outer,d4_mean,68,1000 ppm 4 8,,5.826586722,5.826586722,5.650477886199951,8,0.34533026814460754,0.17610883580004888,3.337741305152866,3.100781702
icp_regression,dinov3,42,4,29,legacy_outer,d4_mean,69,800 ppm 4 8,,4.813344078,4.813344078,3.9303841590881348,8,0.6589238047599792,0.8829599189118653,3.337741305152866,3.100781702
icp_regression,dinov3,42,4,29,legacy_outer,d4_mean,82,400 ppm 4 9,,2.624535347,2.624535347,3.6291041374206543,8,0.5609484910964966,-1.0045687904206542,3.337741305152866,3.100781702
icp_regression,dinov3,42,4,29,legacy_outer,d4_mean,84,c 7,,0.024246817,0.024246817,2.0235650539398193,8,0.7202324867248535,-1.9993182369398192,3.337741305152866,3.100781702
icp_regression,dinov3,42,4,29,legacy_outer,d4_mean,90,800 ppm 1 5,,3.533211084,3.533211084,5.18556547164917,8,0.5426519513130188,-1.65235438764917,3.337741305152866,3.100781702
icp_regression,dinov3,42,4,29,legacy_outer,d4_mean,97,600 ppm 2 7,,5.389042573,5.389042573,5.670024394989014,8,0.5917959213256836,-0.28098182198901345,3.337741305152866,3.100781702
icp_regression,dinov3,42,4,29,legacy_outer,d4_mean,100,600 ppm 1 7,,4.294644495,4.294644495,2.9035377502441406,8,0.6811324954032898,1.3911067447558594,3.337741305152866,3.100781702
icp_regression,dinov3,42,4,29,legacy_outer,d4_mean,102,1000 ppm 3 6,,3.90202355,3.90202355,4.716460704803467,8,0.7085460424423218,-0.8144371548034668,3.337741305152866,3.100781702
icp_regression,dinov3,42,4,29,legacy_outer,d4_mean,106,1000 ppm 1 9,,5.438409112,5.438409112,6.246053218841553,8,0.6176784634590149,-0.8076441068415523,3.337741305152866,3.100781702
icp_regression,dinov3,42,4,29,legacy_outer,d4_mean,112,800 ppm 2 7,,3.993865756,3.993865756,5.147086143493652,8,0.39245790243148804,-1.1532203874936524,3.337741305152866,3.100781702
icp_regression,dinov3,42,4,29,legacy_outer,d4_mean,116,800 ppm 3 2,,4.960180046,4.960180046,3.573838233947754,8,0.6491021513938904,1.3863418120522457,3.337741305152866,3.100781702
icp_regression,dinov3,42,4,29,legacy_outer,d4_mean,123,1000 ppm 4 6,,3.570549353,3.570549353,5.060003757476807,8,0.5717089772224426,-1.4894544044768065,3.337741305152866,3.100781702
icp_regression,dinov3,42,4,29,legacy_outer,d4_mean,128,600 ppm 1 4,,3.074620336,3.074620336,2.912926197052002,8,0.5773726105690002,0.16169413894799822,3.337741305152866,3.100781702
icp_regression,dinov3,42,4,29,legacy_outer,d4_mean,129,600 ppm 3 10,,3.257108041,3.257108041,3.5570478439331055,8,0.2449963539838791,-0.2999398029331055,3.337741305152866,3.100781702
icp_regression,dinov3,42,4,29,legacy_outer,d4_mean,144,600 ppm 5 8,,1.745539039,1.745539039,2.1296956539154053,8,0.3950554132461548,-0.3841566149154052,3.337741305152866,3.100781702
icp_regression,dinov3,42,4,29,legacy_outer,d4_mean,145,c 5,,0.262646502,0.262646502,3.449997663497925,8,0.5803672075271606,-3.187351161497925,3.337741305152866,3.100781702
icp_regression,dinov3,42,4,29,legacy_outer,d4_mean,150,600 ppm 3 9,,2.924303323,2.924303323,3.435129165649414,8,0.649258553981781,-0.5108258426494139,3.337741305152866,3.100781702
icp_regression,dinov3,42,4,29,legacy_outer,d4_mean,152,1000 ppm 5 10,,4.866749998,4.866749998,4.886714458465576,8,0.38648495078086853,-0.019964460465575762,3.337741305152866,3.100781702
icp_regression,dinov3,42,4,29,legacy_outer,d4_mean,154,600 ppm 5 1,,1.92902126,1.92902126,2.5079922676086426,8,0.6408851742744446,-0.5789710076086425,3.337741305152866,3.100781702
icp_regression,dinov3,42,4,29,legacy_outer,d4_mean,155,600 ppm 1 1,,3.201626017,3.201626017,3.271493673324585,8,0.40891650319099426,-0.0698676563245848,3.337741305152866,3.100781702
icp_regression,dinov3,42,4,29,legacy_outer,d4_mean,158,800 ppm 5 10,,0.75996872,0.75996872,3.338660717010498,8,0.5018556118011475,-2.5786919970104982,3.337741305152866,3.100781702
icp_regression,dinov3,42,4,29,legacy_outer,d4_mean,159,400 ppm 4 5,,2.49284019,2.49284019,3.059041738510132,8,0.2484203726053238,-0.5662015485101319,3.337741305152866,3.100781702
icp_regression,dinov3,42,4,29,legacy_outer,d4_mean,161,600 ppm 3 8,,3.047380635,3.047380635,3.503683567047119,8,0.5963858962059021,-0.456302932047119,3.337741305152866,3.100781702
icp_regression,dinov3,42,4,29,legacy_outer,d4_mean,162,800 ppm 3 8,,4.614610915,4.614610915,2.949028491973877,8,0.6493311524391174,1.6655824230261231,3.337741305152866,3.100781702
icp_regression,dinov3,42,4,29,legacy_outer,d4_mean,163,1000 ppm 5 6,,3.12203341,3.12203341,4.88299036026001,8,0.7504929304122925,-1.76095695026001,3.337741305152866,3.100781702
icp_regression,dinov3,42,4,29,legacy_outer,d4_mean,165,600 ppm 4 8,,5.563645491,5.563645491,3.6104636192321777,8,0.30928364396095276,1.9531818717678222,3.337741305152866,3.100781702
icp_regression,dinov3,42,4,29,legacy_outer,d4_mean,167,800 ppm 3 5,,4.458889794,4.458889794,2.549962282180786,8,0.3081291913986206,1.908927511819214,3.337741305152866,3.100781702
icp_regression,dinov3,42,4,29,legacy_outer,d4_mean,171,400 ppm 3 1,,1.246955081,1.246955081,1.741850733757019,8,0.7382230162620544,-0.49489565275701897,3.337741305152866,3.100781702
icp_regression,dinov3,42,4,29,legacy_outer,d4_mean,172,400 ppm 3 6,,1.25800729,1.25800729,2.6445536613464355,8,0.6969589591026306,-1.3865463713464357,3.337741305152866,3.100781702
icp_regression,dinov3,42,4,29,legacy_outer,d4_mean,173,600 ppm 4 10,,1.599538611,1.599538611,4.47877311706543,8,0.6801400780677795,-2.87923450606543,3.337741305152866,3.100781702
icp_regression,dinov3,42,4,29,legacy_outer,d4_mean,184,1000 ppm 4 1,,4.003606934,4.003606934,4.971414089202881,8,0.5009081959724426,-0.9678071552028813,3.337741305152866,3.100781702
icp_regression,dinov3,42,4,29,legacy_outer,d4_mean,188,400 ppm 4 10,,2.606928263,2.606928263,3.7013182640075684,8,0.658415675163269,-1.0943900010075684,3.337741305152866,3.100781702
icp_regression,dinov3,42,4,29,legacy_outer,d4_mean,190,600 ppm 3 3,,3.293084865,3.293084865,3.7266714572906494,8,0.44816574454307556,-0.43358659229064944,3.337741305152866,3.100781702
icp_regression,dinov3,42,4,29,legacy_outer,d4_mean,201,400 ppm 3 4,,2.103673748,2.103673748,3.557361364364624,8,0.49964994192123413,-1.4536876163646242,3.337741305152866,3.100781702
icp_regression,dinov3,42,4,29,legacy_outer,d4_mean,203,1000 ppm 2 3,,3.096861561,3.096861561,2.9314403533935547,8,0.4075886011123657,0.1654212076064452,3.337741305152866,3.100781702
icp_regression,dinov3,42,4,29,legacy_outer,scale_mean,10,1000 ppm 1 3,,5.010887657,5.010887657,4.797652244567871,2,0.04495382308959961,0.2132354124321285,3.337741305152866,3.100781702
icp_regression,dinov3,42,4,29,legacy_outer,scale_mean,16,400 ppm 4 6,,2.232310918,2.232310918,2.096748113632202,2,0.16724205017089844,0.13556280436779788,3.337741305152866,3.100781702
icp_regression,dinov3,42,4,29,legacy_outer,scale_mean,18,600 ppm 3 1,,3.464453659,3.464453659,4.244909763336182,2,0.1268606185913086,-0.7804561043361815,3.337741305152866,3.100781702
icp_regression,dinov3,42,4,29,legacy_outer,scale_mean,19,400 ppm 3 5,,1.728051929,1.728051929,3.103952407836914,2,0.05480694770812988,-1.375900478836914,3.337741305152866,3.100781702
icp_regression,dinov3,42,4,29,legacy_outer,scale_mean,23,c 10,,0.034792218,0.034792218,1.3146169185638428,2,0.25614672899246216,-1.2798247005638428,3.337741305152866,3.100781702
icp_regression,dinov3,42,4,29,legacy_outer,scale_mean,25,400 ppm 1 2,,2.105801382,2.105801382,2.1979293823242188,2,0.12598538398742676,-0.09212800032421864,3.337741305152866,3.100781702
icp_regression,dinov3,42,4,29,legacy_outer,scale_mean,36,800 ppm 2 4,,0.010515853,0.010515853,3.4532101154327393,2,0.3197970390319824,-3.4426942624327395,3.337741305152866,3.100781702
icp_regression,dinov3,42,4,29,legacy_outer,scale_mean,37,800 ppm 5 4,,4.51159952,4.51159952,5.178066253662109,2,0.17418265342712402,-0.6664667336621095,3.337741305152866,3.100781702
icp_regression,dinov3,42,4,29,legacy_outer,scale_mean,39,1000 ppm 1 4,,5.546186906,5.546186906,4.612785339355469,2,0.06606602668762207,0.9334015666445312,3.337741305152866,3.100781702
icp_regression,dinov3,42,4,29,legacy_outer,scale_mean,41,1000 ppm 4 2,,4.700168169,4.700168169,4.669831275939941,2,0.1882014274597168,0.030336893060058934,3.337741305152866,3.100781702
icp_regression,dinov3,42,4,29,legacy_outer,scale_mean,46,400 ppm 2 3,,1.537357234,1.537357234,1.297895908355713,2,0.011429608799517155,0.23946132564428702,3.337741305152866,3.100781702
icp_regression,dinov3,42,4,29,legacy_outer,scale_mean,52,600 ppm 1 3,,2.7476069,2.7476069,3.2519924640655518,2,0.25743579864501953,-0.5043855640655517,3.337741305152866,3.100781702
icp_regression,dinov3,42,4,29,legacy_outer,scale_mean,55,400 ppm 5 5,,3.964413323,3.964413323,4.81714391708374,2,0.27260589599609375,-0.8527305940837402,3.337741305152866,3.100781702
icp_regression,dinov3,42,4,29,legacy_outer,scale_mean,56,800 ppm 3 7,,3.154045927,3.154045927,3.9809412956237793,2,0.08246910572052002,-0.8268953686237794,3.337741305152866,3.100781702
icp_regression,dinov3,42,4,29,legacy_outer,scale_mean,59,400 ppm 1 9,,1.257349885,1.257349885,4.222469806671143,2,0.07097530364990234,-2.9651199216711426,3.337741305152866,3.100781702
icp_regression,dinov3,42,4,29,legacy_outer,scale_mean,62,800 ppm 5 3,,3.435802073,3.435802073,3.700521469116211,2,0.07326805591583252,-0.26471939611621087,3.337741305152866,3.100781702
icp_regression,dinov3,42,4,29,legacy_outer,scale_mean,64,800 ppm 3 6,,2.688094559,2.688094559,3.016385793685913,2,0.041739463806152344,-0.32829123468591304,3.337741305152866,3.100781702
icp_regression,dinov3,42,4,29,legacy_outer,scale_mean,68,1000 ppm 4 8,,5.826586722,5.826586722,4.940945148468018,2,0.22936630249023438,0.8856415735319825,3.337741305152866,3.100781702
icp_regression,dinov3,42,4,29,legacy_outer,scale_mean,69,800 ppm 4 8,,4.813344078,4.813344078,2.757495403289795,2,0.10231673717498779,2.055848674710205,3.337741305152866,3.100781702
icp_regression,dinov3,42,4,29,legacy_outer,scale_mean,82,400 ppm 4 9,,2.624535347,2.624535347,2.629692554473877,2,0.20697331428527832,-0.005157207473876824,3.337741305152866,3.100781702
icp_regression,dinov3,42,4,29,legacy_outer,scale_mean,84,c 7,,0.024246817,0.024246817,0.8549086451530457,2,0.04684203863143921,-0.8306618281530457,3.337741305152866,3.100781702
icp_regression,dinov3,42,4,29,legacy_outer,scale_mean,90,800 ppm 1 5,,3.533211084,3.533211084,4.607922077178955,2,0.13910770416259766,-1.0747109931789551,3.337741305152866,3.100781702
icp_regression,dinov3,42,4,29,legacy_outer,scale_mean,97,600 ppm 2 7,,5.389042573,5.389042573,4.766623497009277,2,0.060361385345458984,0.6224190759907229,3.337741305152866,3.100781702
icp_regression,dinov3,42,4,29,legacy_outer,scale_mean,100,600 ppm 1 7,,4.294644495,4.294644495,2.4746689796447754,2,0.6221896409988403,1.8199755153552246,3.337741305152866,3.100781702
icp_regression,dinov3,42,4,29,legacy_outer,scale_mean,102,1000 ppm 3 6,,3.90202355,3.90202355,3.9792957305908203,2,0.133855938911438,-0.0772721805908203,3.337741305152866,3.100781702
icp_regression,dinov3,42,4,29,legacy_outer,scale_mean,106,1000 ppm 1 9,,5.438409112,5.438409112,5.098789215087891,2,0.10425019264221191,0.3396198969121098,3.337741305152866,3.100781702
icp_regression,dinov3,42,4,29,legacy_outer,scale_mean,112,800 ppm 2 7,,3.993865756,3.993865756,5.021015644073486,2,0.15622615814208984,-1.0271498880734864,3.337741305152866,3.100781702
icp_regression,dinov3,42,4,29,legacy_outer,scale_mean,116,800 ppm 3 2,,4.960180046,4.960180046,2.7154147624969482,2,0.19383811950683594,2.2447652835030514,3.337741305152866,3.100781702
icp_regression,dinov3,42,4,29,legacy_outer,scale_mean,123,1000 ppm 4 6,,3.570549353,3.570549353,4.233039379119873,2,0.019701004028320312,-0.662490026119873,3.337741305152866,3.100781702
icp_regression,dinov3,42,4,29,legacy_outer,scale_mean,128,600 ppm 1 4,,3.074620336,3.074620336,2.012469530105591,2,0.011194229125976562,1.0621508058944094,3.337741305152866,3.100781702
icp_regression,dinov3,42,4,29,legacy_outer,scale_mean,129,600 ppm 3 10,,3.257108041,3.257108041,3.298525810241699,2,0.24135005474090576,-0.041417769241699265,3.337741305152866,3.100781702
icp_regression,dinov3,42,4,29,legacy_outer,scale_mean,144,600 ppm 5 8,,1.745539039,1.745539039,1.5168304443359375,2,0.0656287670135498,0.22870859466406257,3.337741305152866,3.100781702
icp_regression,dinov3,42,4,29,legacy_outer,scale_mean,145,c 5,,0.262646502,0.262646502,2.3165292739868164,2,0.03541600704193115,-2.0538827719868165,3.337741305152866,3.100781702
icp_regression,dinov3,42,4,29,legacy_outer,scale_mean,150,600 ppm 3 9,,2.924303323,2.924303323,2.6866512298583984,2,0.23023855686187744,0.23765209314160174,3.337741305152866,3.100781702
icp_regression,dinov3,42,4,29,legacy_outer,scale_mean,152,1000 ppm 5 10,,4.866749998,4.866749998,4.889228343963623,2,0.19728946685791016,-0.022478345963622637,3.337741305152866,3.100781702
icp_regression,dinov3,42,4,29,legacy_outer,scale_mean,154,600 ppm 5 1,,1.92902126,1.92902126,1.4053643941879272,2,0.12453174591064453,0.5236568658120728,3.337741305152866,3.100781702
icp_regression,dinov3,42,4,29,legacy_outer,scale_mean,155,600 ppm 1 1,,3.201626017,3.201626017,2.786635160446167,2,0.057952880859375,0.41499085655383317,3.337741305152866,3.100781702
icp_regression,dinov3,42,4,29,legacy_outer,scale_mean,158,800 ppm 5 10,,0.75996872,0.75996872,2.730109930038452,2,0.31546640396118164,-1.970141210038452,3.337741305152866,3.100781702
icp_regression,dinov3,42,4,29,legacy_outer,scale_mean,159,400 ppm 4 5,,2.49284019,2.49284019,2.643019199371338,2,0.03831756114959717,-0.150179009371338,3.337741305152866,3.100781702
icp_regression,dinov3,42,4,29,legacy_outer,scale_mean,161,600 ppm 3 8,,3.047380635,3.047380635,3.0314550399780273,2,0.2950938940048218,0.01592559502197277,3.337741305152866,3.100781702
icp_regression,dinov3,42,4,29,legacy_outer,scale_mean,162,800 ppm 3 8,,4.614610915,4.614610915,1.9479048252105713,2,0.038593828678131104,2.666706089789429,3.337741305152866,3.100781702
icp_regression,dinov3,42,4,29,legacy_outer,scale_mean,163,1000 ppm 5 6,,3.12203341,3.12203341,3.823868751525879,2,0.31768906116485596,-0.7018353415258791,3.337741305152866,3.100781702
icp_regression,dinov3,42,4,29,legacy_outer,scale_mean,165,600 ppm 4 8,,5.563645491,5.563645491,3.6093125343322754,2,0.24212539196014404,1.9543329566677246,3.337741305152866,3.100781702
icp_regression,dinov3,42,4,29,legacy_outer,scale_mean,167,800 ppm 3 5,,4.458889794,4.458889794,2.5152671337127686,2,0.2260277271270752,1.9436226602872315,3.337741305152866,3.100781702
icp_regression,dinov3,42,4,29,legacy_outer,scale_mean,171,400 ppm 3 1,,1.246955081,1.246955081,0.8632816076278687,2,0.2433665692806244,0.3836734733721314,3.337741305152866,3.100781702
icp_regression,dinov3,42,4,29,legacy_outer,scale_mean,172,400 ppm 3 6,,1.25800729,1.25800729,1.9855594635009766,2,0.3310544490814209,-0.7275521735009767,3.337741305152866,3.100781702
icp_regression,dinov3,42,4,29,legacy_outer,scale_mean,173,600 ppm 4 10,,1.599538611,1.599538611,3.209078788757324,2,0.27336621284484863,-1.6095401777573242,3.337741305152866,3.100781702
icp_regression,dinov3,42,4,29,legacy_outer,scale_mean,184,1000 ppm 4 1,,4.003606934,4.003606934,4.661181449890137,2,0.07571077346801758,-0.6575745158901372,3.337741305152866,3.100781702
icp_regression,dinov3,42,4,29,legacy_outer,scale_mean,188,400 ppm 4 10,,2.606928263,2.606928263,2.394454002380371,2,0.08389115333557129,0.21247426061962882,3.337741305152866,3.100781702
icp_regression,dinov3,42,4,29,legacy_outer,scale_mean,190,600 ppm 3 3,,3.293084865,3.293084865,3.330409049987793,2,0.011678695678710938,-0.037324184987793,3.337741305152866,3.100781702
icp_regression,dinov3,42,4,29,legacy_outer,scale_mean,201,400 ppm 3 4,,2.103673748,2.103673748,3.1184115409851074,2,0.02860891819000244,-1.0147377929851076,3.337741305152866,3.100781702
icp_regression,dinov3,42,4,29,legacy_outer,scale_mean,203,1000 ppm 2 3,,3.096861561,3.096861561,2.4406931400299072,2,0.029914379119873047,0.6561684209700926,3.337741305152866,3.100781702
