seed,fold,sample_id,mode,view,prediction
42,1,600 ppm 5 5,single,scale_1.0_rot_0_flip_0,2.158212900161743
42,1,1000 ppm 4 3,single,scale_1.0_rot_0_flip_0,4.162444591522217
42,1,1000 ppm 3 9,single,scale_1.0_rot_0_flip_0,4.894240856170654
42,1,1000 ppm 3 10,single,scale_1.0_rot_0_flip_0,3.5642149448394775
42,1,600 ppm 3 7,single,scale_1.0_rot_0_flip_0,3.342280149459839
42,1,800 ppm 5 7,single,scale_1.0_rot_0_flip_0,4.211866855621338
42,1,400 ppm 4 4,single,scale_1.0_rot_0_flip_0,2.3693816661834717
42,1,800 ppm 2 8,single,scale_1.0_rot_0_flip_0,3.5422556400299072
42,1,400 ppm 3 2,single,scale_1.0_rot_0_flip_0,2.745178461074829
42,1,800 ppm 3 9,single,scale_1.0_rot_0_flip_0,3.3667569160461426
42,1,1000 ppm 5 1,single,scale_1.0_rot_0_flip_0,2.8743810653686523
42,1,800 ppm 4 5,single,scale_1.0_rot_0_flip_0,3.471534013748169
42,1,800 ppm 2 1,single,scale_1.0_rot_0_flip_0,3.7632064819335938
42,1,400 ppm 1 5,single,scale_1.0_rot_0_flip_0,2.920180320739746
42,1,400 ppm 4 8,single,scale_1.0_rot_0_flip_0,2.3206019401550293
42,1,800 ppm 3 4,single,scale_1.0_rot_0_flip_0,3.7146737575531006
42,1,1000 ppm 2 1,single,scale_1.0_rot_0_flip_0,1.353198528289795
42,1,400 ppm 3 10,single,scale_1.0_rot_0_flip_0,2.534064292907715
42,1,1000 ppm 3 3,single,scale_1.0_rot_0_flip_0,2.6162774562835693
42,1,c 9,single,scale_1.0_rot_0_flip_0,0.17617014050483704
42,1,800 ppm 3 3,single,scale_1.0_rot_0_flip_0,4.394878387451172
42,1,800 ppm 2 9,single,scale_1.0_rot_0_flip_0,4.1903486251831055
42,1,600 ppm 2 9,single,scale_1.0_rot_0_flip_0,4.051331043243408
42,1,400 ppm 2 10,single,scale_1.0_rot_0_flip_0,3.2126781940460205
42,1,800 ppm 4 7,single,scale_1.0_rot_0_flip_0,2.9203038215637207
42,1,1000 ppm 2 7,single,scale_1.0_rot_0_flip_0,2.5965664386749268
42,1,800 ppm 5 9,single,scale_1.0_rot_0_flip_0,3.243447780609131
42,1,600 ppm 3 6,single,scale_1.0_rot_0_flip_0,3.325944185256958
42,1,1000 ppm 1 5,single,scale_1.0_rot_0_flip_0,3.78067684173584
42,1,600 ppm 5 10,single,scale_1.0_rot_0_flip_0,2.447794198989868
42,1,600 ppm 2 5,single,scale_1.0_rot_0_flip_0,5.9075140953063965
42,1,800 ppm 1 10,single,scale_1.0_rot_0_flip_0,3.807435989379883
42,1,1000 ppm 3 8,single,scale_1.0_rot_0_flip_0,3.6381278038024902
42,1,800 ppm 2 3,single,scale_1.0_rot_0_flip_0,4.068376541137695
42,1,1000 ppm 5 7,single,scale_1.0_rot_0_flip_0,3.3373401165008545
42,1,400 ppm 1 3,single,scale_1.0_rot_0_flip_0,4.3188605308532715
42,1,800 ppm 4 6,single,scale_1.0_rot_0_flip_0,2.46720814704895
42,1,600 ppm 5 4,single,scale_1.0_rot_0_flip_0,3.2537431716918945
42,1,400 ppm 2 7,single,scale_1.0_rot_0_flip_0,3.028637170791626
42,1,1000 ppm 5 9,single,scale_1.0_rot_0_flip_0,4.342883110046387
42,1,400 ppm 5 8,single,scale_1.0_rot_0_flip_0,3.6106274127960205
42,1,c 4,single,scale_1.0_rot_0_flip_0,-0.48033174872398376
42,1,1000 ppm 1 8,single,scale_1.0_rot_0_flip_0,2.313903570175171
42,1,c 3,single,scale_1.0_rot_0_flip_0,1.3878639936447144
42,1,800 ppm 1 9,single,scale_1.0_rot_0_flip_0,3.8608314990997314
42,1,1000 ppm 3 2,single,scale_1.0_rot_0_flip_0,3.629948854446411
42,1,1000 ppm 5 4,single,scale_1.0_rot_0_flip_0,4.431973457336426
42,1,1000 ppm 3 5,single,scale_1.0_rot_0_flip_0,2.9748730659484863
42,1,800 ppm 1 4,single,scale_1.0_rot_0_flip_0,4.132778644561768
42,1,1000 ppm 1 7,single,scale_1.0_rot_0_flip_0,5.711972713470459
42,1,1000 ppm 3 4,single,scale_1.0_rot_0_flip_0,2.566328763961792
42,1,400 ppm 5 1,single,scale_1.0_rot_0_flip_0,0.7555702328681946
42,1,1000 ppm 2 4,single,scale_1.0_rot_0_flip_0,3.253227710723877
42,1,600 ppm 5 5,d4,scale_1.0_rot_0_flip_0,2.158212900161743
42,1,1000 ppm 4 3,d4,scale_1.0_rot_0_flip_0,4.162444591522217
42,1,1000 ppm 3 9,d4,scale_1.0_rot_0_flip_0,4.894240856170654
42,1,1000 ppm 3 10,d4,scale_1.0_rot_0_flip_0,3.5642149448394775
42,1,600 ppm 3 7,d4,scale_1.0_rot_0_flip_0,3.342280149459839
42,1,800 ppm 5 7,d4,scale_1.0_rot_0_flip_0,4.211866855621338
42,1,400 ppm 4 4,d4,scale_1.0_rot_0_flip_0,2.3693816661834717
42,1,800 ppm 2 8,d4,scale_1.0_rot_0_flip_0,3.5422556400299072
42,1,400 ppm 3 2,d4,scale_1.0_rot_0_flip_0,2.745178461074829
42,1,800 ppm 3 9,d4,scale_1.0_rot_0_flip_0,3.3667569160461426
42,1,1000 ppm 5 1,d4,scale_1.0_rot_0_flip_0,2.8743810653686523
42,1,800 ppm 4 5,d4,scale_1.0_rot_0_flip_0,3.471534013748169
42,1,800 ppm 2 1,d4,scale_1.0_rot_0_flip_0,3.7632064819335938
42,1,400 ppm 1 5,d4,scale_1.0_rot_0_flip_0,2.920180320739746
42,1,400 ppm 4 8,d4,scale_1.0_rot_0_flip_0,2.3206019401550293
42,1,800 ppm 3 4,d4,scale_1.0_rot_0_flip_0,3.7146737575531006
42,1,1000 ppm 2 1,d4,scale_1.0_rot_0_flip_0,1.353198528289795
42,1,400 ppm 3 10,d4,scale_1.0_rot_0_flip_0,2.534064292907715
42,1,1000 ppm 3 3,d4,scale_1.0_rot_0_flip_0,2.6162774562835693
42,1,c 9,d4,scale_1.0_rot_0_flip_0,0.17617014050483704
42,1,800 ppm 3 3,d4,scale_1.0_rot_0_flip_0,4.394878387451172
42,1,800 ppm 2 9,d4,scale_1.0_rot_0_flip_0,4.1903486251831055
42,1,600 ppm 2 9,d4,scale_1.0_rot_0_flip_0,4.051331043243408
42,1,400 ppm 2 10,d4,scale_1.0_rot_0_flip_0,3.2126781940460205
42,1,800 ppm 4 7,d4,scale_1.0_rot_0_flip_0,2.9203038215637207
42,1,1000 ppm 2 7,d4,scale_1.0_rot_0_flip_0,2.5965664386749268
42,1,800 ppm 5 9,d4,scale_1.0_rot_0_flip_0,3.243447780609131
42,1,600 ppm 3 6,d4,scale_1.0_rot_0_flip_0,3.325944185256958
42,1,1000 ppm 1 5,d4,scale_1.0_rot_0_flip_0,3.78067684173584
42,1,600 ppm 5 10,d4,scale_1.0_rot_0_flip_0,2.447794198989868
42,1,600 ppm 2 5,d4,scale_1.0_rot_0_flip_0,5.9075140953063965
42,1,800 ppm 1 10,d4,scale_1.0_rot_0_flip_0,3.807435989379883
42,1,1000 ppm 3 8,d4,scale_1.0_rot_0_flip_0,3.6381278038024902
42,1,800 ppm 2 3,d4,scale_1.0_rot_0_flip_0,4.068376541137695
42,1,1000 ppm 5 7,d4,scale_1.0_rot_0_flip_0,3.3373401165008545
42,1,400 ppm 1 3,d4,scale_1.0_rot_0_flip_0,4.3188605308532715
42,1,800 ppm 4 6,d4,scale_1.0_rot_0_flip_0,2.46720814704895
42,1,600 ppm 5 4,d4,scale_1.0_rot_0_flip_0,3.2537431716918945
42,1,400 ppm 2 7,d4,scale_1.0_rot_0_flip_0,3.028637170791626
42,1,1000 ppm 5 9,d4,scale_1.0_rot_0_flip_0,4.342883110046387
42,1,400 ppm 5 8,d4,scale_1.0_rot_0_flip_0,3.6106274127960205
42,1,c 4,d4,scale_1.0_rot_0_flip_0,-0.48033174872398376
42,1,1000 ppm 1 8,d4,scale_1.0_rot_0_flip_0,2.313903570175171
42,1,c 3,d4,scale_1.0_rot_0_flip_0,1.3878639936447144
42,1,800 ppm 1 9,d4,scale_1.0_rot_0_flip_0,3.8608314990997314
42,1,1000 ppm 3 2,d4,scale_1.0_rot_0_flip_0,3.629948854446411
42,1,1000 ppm 5 4,d4,scale_1.0_rot_0_flip_0,4.431973457336426
42,1,1000 ppm 3 5,d4,scale_1.0_rot_0_flip_0,2.9748730659484863
42,1,800 ppm 1 4,d4,scale_1.0_rot_0_flip_0,4.132778644561768
42,1,1000 ppm 1 7,d4,scale_1.0_rot_0_flip_0,5.711972713470459
42,1,1000 ppm 3 4,d4,scale_1.0_rot_0_flip_0,2.566328763961792
42,1,400 ppm 5 1,d4,scale_1.0_rot_0_flip_0,0.7555702328681946
42,1,1000 ppm 2 4,d4,scale_1.0_rot_0_flip_0,3.253227710723877
42,1,600 ppm 5 5,d4,scale_1.0_rot_0_flip_1,2.258887767791748
42,1,1000 ppm 4 3,d4,scale_1.0_rot_0_flip_1,4.060344219207764
42,1,1000 ppm 3 9,d4,scale_1.0_rot_0_flip_1,4.929438591003418
42,1,1000 ppm 3 10,d4,scale_1.0_rot_0_flip_1,3.796339273452759
42,1,600 ppm 3 7,d4,scale_1.0_rot_0_flip_1,3.323199510574341
42,1,800 ppm 5 7,d4,scale_1.0_rot_0_flip_1,4.10770320892334
42,1,400 ppm 4 4,d4,scale_1.0_rot_0_flip_1,2.478651762008667
42,1,800 ppm 2 8,d4,scale_1.0_rot_0_flip_1,3.533172607421875
42,1,400 ppm 3 2,d4,scale_1.0_rot_0_flip_1,2.9350011348724365
42,1,800 ppm 3 9,d4,scale_1.0_rot_0_flip_1,3.2448182106018066
42,1,1000 ppm 5 1,d4,scale_1.0_rot_0_flip_1,2.7716472148895264
42,1,800 ppm 4 5,d4,scale_1.0_rot_0_flip_1,3.3180978298187256
42,1,800 ppm 2 1,d4,scale_1.0_rot_0_flip_1,3.7161552906036377
42,1,400 ppm 1 5,d4,scale_1.0_rot_0_flip_1,2.9399831295013428
42,1,400 ppm 4 8,d4,scale_1.0_rot_0_flip_1,2.3814666271209717
42,1,800 ppm 3 4,d4,scale_1.0_rot_0_flip_1,3.6164214611053467
42,1,1000 ppm 2 1,d4,scale_1.0_rot_0_flip_1,1.2712150812149048
42,1,400 ppm 3 10,d4,scale_1.0_rot_0_flip_1,1.9642794132232666
42,1,1000 ppm 3 3,d4,scale_1.0_rot_0_flip_1,2.9263722896575928
42,1,c 9,d4,scale_1.0_rot_0_flip_1,0.35069385170936584
42,1,800 ppm 3 3,d4,scale_1.0_rot_0_flip_1,4.186117172241211
42,1,800 ppm 2 9,d4,scale_1.0_rot_0_flip_1,4.465577125549316
42,1,600 ppm 2 9,d4,scale_1.0_rot_0_flip_1,4.182436943054199
42,1,400 ppm 2 10,d4,scale_1.0_rot_0_flip_1,3.5520071983337402
42,1,800 ppm 4 7,d4,scale_1.0_rot_0_flip_1,2.8530595302581787
42,1,1000 ppm 2 7,d4,scale_1.0_rot_0_flip_1,2.5908844470977783
42,1,800 ppm 5 9,d4,scale_1.0_rot_0_flip_1,3.1400604248046875
42,1,600 ppm 3 6,d4,scale_1.0_rot_0_flip_1,3.2491753101348877
42,1,1000 ppm 1 5,d4,scale_1.0_rot_0_flip_1,3.9187729358673096
42,1,600 ppm 5 10,d4,scale_1.0_rot_0_flip_1,2.4824793338775635
42,1,600 ppm 2 5,d4,scale_1.0_rot_0_flip_1,5.675838947296143
42,1,800 ppm 1 10,d4,scale_1.0_rot_0_flip_1,3.878326416015625
42,1,1000 ppm 3 8,d4,scale_1.0_rot_0_flip_1,3.923790693283081
42,1,800 ppm 2 3,d4,scale_1.0_rot_0_flip_1,4.6194963455200195
42,1,1000 ppm 5 7,d4,scale_1.0_rot_0_flip_1,3.747539520263672
42,1,400 ppm 1 3,d4,scale_1.0_rot_0_flip_1,4.333370208740234
42,1,800 ppm 4 6,d4,scale_1.0_rot_0_flip_1,2.0518524646759033
42,1,600 ppm 5 4,d4,scale_1.0_rot_0_flip_1,2.9885895252227783
42,1,400 ppm 2 7,d4,scale_1.0_rot_0_flip_1,3.318023443222046
42,1,1000 ppm 5 9,d4,scale_1.0_rot_0_flip_1,3.9974701404571533
42,1,400 ppm 5 8,d4,scale_1.0_rot_0_flip_1,3.587568759918213
42,1,c 4,d4,scale_1.0_rot_0_flip_1,-0.13774535059928894
42,1,1000 ppm 1 8,d4,scale_1.0_rot_0_flip_1,2.366480588912964
42,1,c 3,d4,scale_1.0_rot_0_flip_1,1.2869633436203003
42,1,800 ppm 1 9,d4,scale_1.0_rot_0_flip_1,3.831684112548828
42,1,1000 ppm 3 2,d4,scale_1.0_rot_0_flip_1,3.4362032413482666
42,1,1000 ppm 5 4,d4,scale_1.0_rot_0_flip_1,4.236802101135254
42,1,1000 ppm 3 5,d4,scale_1.0_rot_0_flip_1,3.112966775894165
42,1,800 ppm 1 4,d4,scale_1.0_rot_0_flip_1,4.140311241149902
42,1,1000 ppm 1 7,d4,scale_1.0_rot_0_flip_1,5.462425708770752
42,1,1000 ppm 3 4,d4,scale_1.0_rot_0_flip_1,2.337420701980591
42,1,400 ppm 5 1,d4,scale_1.0_rot_0_flip_1,1.067958950996399
42,1,1000 ppm 2 4,d4,scale_1.0_rot_0_flip_1,3.0351052284240723
42,1,600 ppm 5 5,d4,scale_1.0_rot_90_flip_0,3.4730136394500732
42,1,1000 ppm 4 3,d4,scale_1.0_rot_90_flip_0,4.939467906951904
42,1,1000 ppm 3 9,d4,scale_1.0_rot_90_flip_0,5.092888832092285
42,1,1000 ppm 3 10,d4,scale_1.0_rot_90_flip_0,4.139346599578857
42,1,600 ppm 3 7,d4,scale_1.0_rot_90_flip_0,4.463213920593262
42,1,800 ppm 5 7,d4,scale_1.0_rot_90_flip_0,5.004112243652344
42,1,400 ppm 4 4,d4,scale_1.0_rot_90_flip_0,2.577197313308716
42,1,800 ppm 2 8,d4,scale_1.0_rot_90_flip_0,4.3622589111328125
42,1,400 ppm 3 2,d4,scale_1.0_rot_90_flip_0,3.3943111896514893
42,1,800 ppm 3 9,d4,scale_1.0_rot_90_flip_0,4.192147254943848
42,1,1000 ppm 5 1,d4,scale_1.0_rot_90_flip_0,3.923872232437134
42,1,800 ppm 4 5,d4,scale_1.0_rot_90_flip_0,4.427694320678711
42,1,800 ppm 2 1,d4,scale_1.0_rot_90_flip_0,4.684183597564697
42,1,400 ppm 1 5,d4,scale_1.0_rot_90_flip_0,3.222618579864502
42,1,400 ppm 4 8,d4,scale_1.0_rot_90_flip_0,2.984247922897339
42,1,800 ppm 3 4,d4,scale_1.0_rot_90_flip_0,4.161965847015381
42,1,1000 ppm 2 1,d4,scale_1.0_rot_90_flip_0,2.1246674060821533
42,1,400 ppm 3 10,d4,scale_1.0_rot_90_flip_0,3.178043842315674
42,1,1000 ppm 3 3,d4,scale_1.0_rot_90_flip_0,3.7127020359039307
42,1,c 9,d4,scale_1.0_rot_90_flip_0,1.6101840734481812
42,1,800 ppm 3 3,d4,scale_1.0_rot_90_flip_0,4.638369560241699
42,1,800 ppm 2 9,d4,scale_1.0_rot_90_flip_0,4.385210990905762
42,1,600 ppm 2 9,d4,scale_1.0_rot_90_flip_0,4.770170211791992
42,1,400 ppm 2 10,d4,scale_1.0_rot_90_flip_0,4.269003868103027
42,1,800 ppm 4 7,d4,scale_1.0_rot_90_flip_0,3.1657681465148926
42,1,1000 ppm 2 7,d4,scale_1.0_rot_90_flip_0,3.267677068710327
42,1,800 ppm 5 9,d4,scale_1.0_rot_90_flip_0,3.0121471881866455
42,1,600 ppm 3 6,d4,scale_1.0_rot_90_flip_0,2.138368606567383
42,1,1000 ppm 1 5,d4,scale_1.0_rot_90_flip_0,3.129188060760498
42,1,600 ppm 5 10,d4,scale_1.0_rot_90_flip_0,2.906784772872925
42,1,600 ppm 2 5,d4,scale_1.0_rot_90_flip_0,6.784978866577148
42,1,800 ppm 1 10,d4,scale_1.0_rot_90_flip_0,4.629941940307617
42,1,1000 ppm 3 8,d4,scale_1.0_rot_90_flip_0,4.198315620422363
42,1,800 ppm 2 3,d4,scale_1.0_rot_90_flip_0,5.016868591308594
42,1,1000 ppm 5 7,d4,scale_1.0_rot_90_flip_0,4.415858268737793
42,1,400 ppm 1 3,d4,scale_1.0_rot_90_flip_0,4.6563496589660645
42,1,800 ppm 4 6,d4,scale_1.0_rot_90_flip_0,3.214329242706299
42,1,600 ppm 5 4,d4,scale_1.0_rot_90_flip_0,3.2061727046966553
42,1,400 ppm 2 7,d4,scale_1.0_rot_90_flip_0,3.831941843032837
42,1,1000 ppm 5 9,d4,scale_1.0_rot_90_flip_0,5.187803268432617
42,1,400 ppm 5 8,d4,scale_1.0_rot_90_flip_0,4.519810676574707
42,1,c 4,d4,scale_1.0_rot_90_flip_0,0.8867455720901489
42,1,1000 ppm 1 8,d4,scale_1.0_rot_90_flip_0,3.2389941215515137
42,1,c 3,d4,scale_1.0_rot_90_flip_0,3.079702138900757
42,1,800 ppm 1 9,d4,scale_1.0_rot_90_flip_0,4.410762310028076
42,1,1000 ppm 3 2,d4,scale_1.0_rot_90_flip_0,3.6398229598999023
42,1,1000 ppm 5 4,d4,scale_1.0_rot_90_flip_0,5.281352996826172
42,1,1000 ppm 3 5,d4,scale_1.0_rot_90_flip_0,3.7601664066314697
42,1,800 ppm 1 4,d4,scale_1.0_rot_90_flip_0,5.146729946136475
42,1,1000 ppm 1 7,d4,scale_1.0_rot_90_flip_0,5.217682838439941
42,1,1000 ppm 3 4,d4,scale_1.0_rot_90_flip_0,3.1720306873321533
42,1,400 ppm 5 1,d4,scale_1.0_rot_90_flip_0,2.0830814838409424
42,1,1000 ppm 2 4,d4,scale_1.0_rot_90_flip_0,3.589157819747925
42,1,600 ppm 5 5,d4,scale_1.0_rot_90_flip_1,2.9113004207611084
42,1,1000 ppm 4 3,d4,scale_1.0_rot_90_flip_1,4.872078895568848
42,1,1000 ppm 3 9,d4,scale_1.0_rot_90_flip_1,5.3283185958862305
42,1,1000 ppm 3 10,d4,scale_1.0_rot_90_flip_1,4.169258117675781
42,1,600 ppm 3 7,d4,scale_1.0_rot_90_flip_1,4.1828293800354
42,1,800 ppm 5 7,d4,scale_1.0_rot_90_flip_1,4.760589599609375
42,1,400 ppm 4 4,d4,scale_1.0_rot_90_flip_1,2.7120487689971924
42,1,800 ppm 2 8,d4,scale_1.0_rot_90_flip_1,4.301334857940674
42,1,400 ppm 3 2,d4,scale_1.0_rot_90_flip_1,3.6892049312591553
42,1,800 ppm 3 9,d4,scale_1.0_rot_90_flip_1,3.8903961181640625
42,1,1000 ppm 5 1,d4,scale_1.0_rot_90_flip_1,3.828890323638916
42,1,800 ppm 4 5,d4,scale_1.0_rot_90_flip_1,4.663529396057129
42,1,800 ppm 2 1,d4,scale_1.0_rot_90_flip_1,4.4984588623046875
42,1,400 ppm 1 5,d4,scale_1.0_rot_90_flip_1,3.1313483715057373
42,1,400 ppm 4 8,d4,scale_1.0_rot_90_flip_1,2.7503631114959717
42,1,800 ppm 3 4,d4,scale_1.0_rot_90_flip_1,4.321338176727295
42,1,1000 ppm 2 1,d4,scale_1.0_rot_90_flip_1,1.8302034139633179
42,1,400 ppm 3 10,d4,scale_1.0_rot_90_flip_1,2.935969114303589
42,1,1000 ppm 3 3,d4,scale_1.0_rot_90_flip_1,3.7996115684509277
42,1,c 9,d4,scale_1.0_rot_90_flip_1,2.1217029094696045
42,1,800 ppm 3 3,d4,scale_1.0_rot_90_flip_1,4.956211566925049
42,1,800 ppm 2 9,d4,scale_1.0_rot_90_flip_1,4.711399555206299
42,1,600 ppm 2 9,d4,scale_1.0_rot_90_flip_1,4.624418258666992
42,1,400 ppm 2 10,d4,scale_1.0_rot_90_flip_1,4.261157035827637
42,1,800 ppm 4 7,d4,scale_1.0_rot_90_flip_1,3.367102861404419
42,1,1000 ppm 2 7,d4,scale_1.0_rot_90_flip_1,3.3150458335876465
42,1,800 ppm 5 9,d4,scale_1.0_rot_90_flip_1,2.7636115550994873
42,1,600 ppm 3 6,d4,scale_1.0_rot_90_flip_1,2.399874448776245
42,1,1000 ppm 1 5,d4,scale_1.0_rot_90_flip_1,3.4411799907684326
42,1,600 ppm 5 10,d4,scale_1.0_rot_90_flip_1,2.78938889503479
42,1,600 ppm 2 5,d4,scale_1.0_rot_90_flip_1,6.404191017150879
42,1,800 ppm 1 10,d4,scale_1.0_rot_90_flip_1,4.82088565826416
42,1,1000 ppm 3 8,d4,scale_1.0_rot_90_flip_1,4.066858768463135
42,1,800 ppm 2 3,d4,scale_1.0_rot_90_flip_1,5.302104473114014
42,1,1000 ppm 5 7,d4,scale_1.0_rot_90_flip_1,3.9930648803710938
42,1,400 ppm 1 3,d4,scale_1.0_rot_90_flip_1,4.657670497894287
42,1,800 ppm 4 6,d4,scale_1.0_rot_90_flip_1,3.2535524368286133
42,1,600 ppm 5 4,d4,scale_1.0_rot_90_flip_1,3.4670426845550537
42,1,400 ppm 2 7,d4,scale_1.0_rot_90_flip_1,3.824930191040039
42,1,1000 ppm 5 9,d4,scale_1.0_rot_90_flip_1,5.353959560394287
42,1,400 ppm 5 8,d4,scale_1.0_rot_90_flip_1,4.881661415100098
42,1,c 4,d4,scale_1.0_rot_90_flip_1,0.7258651256561279
42,1,1000 ppm 1 8,d4,scale_1.0_rot_90_flip_1,3.4538490772247314
42,1,c 3,d4,scale_1.0_rot_90_flip_1,3.058987855911255
42,1,800 ppm 1 9,d4,scale_1.0_rot_90_flip_1,4.680088520050049
42,1,1000 ppm 3 2,d4,scale_1.0_rot_90_flip_1,3.6653239727020264
42,1,1000 ppm 5 4,d4,scale_1.0_rot_90_flip_1,5.55900764465332
42,1,1000 ppm 3 5,d4,scale_1.0_rot_90_flip_1,3.7279090881347656
42,1,800 ppm 1 4,d4,scale_1.0_rot_90_flip_1,5.32525634765625
42,1,1000 ppm 1 7,d4,scale_1.0_rot_90_flip_1,4.897881031036377
42,1,1000 ppm 3 4,d4,scale_1.0_rot_90_flip_1,3.030033826828003
42,1,400 ppm 5 1,d4,scale_1.0_rot_90_flip_1,2.111870288848877
42,1,1000 ppm 2 4,d4,scale_1.0_rot_90_flip_1,3.3768041133880615
42,1,600 ppm 5 5,d4,scale_1.0_rot_180_flip_0,2.319467306137085
42,1,1000 ppm 4 3,d4,scale_1.0_rot_180_flip_0,4.798548698425293
42,1,1000 ppm 3 9,d4,scale_1.0_rot_180_flip_0,4.534260272979736
42,1,1000 ppm 3 10,d4,scale_1.0_rot_180_flip_0,4.0611724853515625
42,1,600 ppm 3 7,d4,scale_1.0_rot_180_flip_0,3.8623697757720947
42,1,800 ppm 5 7,d4,scale_1.0_rot_180_flip_0,5.0088300704956055
42,1,400 ppm 4 4,d4,scale_1.0_rot_180_flip_0,2.788465976715088
42,1,800 ppm 2 8,d4,scale_1.0_rot_180_flip_0,4.0395073890686035
42,1,400 ppm 3 2,d4,scale_1.0_rot_180_flip_0,3.8225014209747314
42,1,800 ppm 3 9,d4,scale_1.0_rot_180_flip_0,3.630183696746826
42,1,1000 ppm 5 1,d4,scale_1.0_rot_180_flip_0,3.8102223873138428
42,1,800 ppm 4 5,d4,scale_1.0_rot_180_flip_0,3.598254919052124
42,1,800 ppm 2 1,d4,scale_1.0_rot_180_flip_0,4.661828517913818
42,1,400 ppm 1 5,d4,scale_1.0_rot_180_flip_0,3.4667069911956787
42,1,400 ppm 4 8,d4,scale_1.0_rot_180_flip_0,2.503207206726074
42,1,800 ppm 3 4,d4,scale_1.0_rot_180_flip_0,3.7433969974517822
42,1,1000 ppm 2 1,d4,scale_1.0_rot_180_flip_0,2.091618299484253
42,1,400 ppm 3 10,d4,scale_1.0_rot_180_flip_0,1.9100456237792969
42,1,1000 ppm 3 3,d4,scale_1.0_rot_180_flip_0,3.035308599472046
42,1,c 9,d4,scale_1.0_rot_180_flip_0,0.9794037938117981
42,1,800 ppm 3 3,d4,scale_1.0_rot_180_flip_0,4.233929634094238
42,1,800 ppm 2 9,d4,scale_1.0_rot_180_flip_0,4.23525333404541
42,1,600 ppm 2 9,d4,scale_1.0_rot_180_flip_0,4.665602207183838
42,1,400 ppm 2 10,d4,scale_1.0_rot_180_flip_0,3.9712066650390625
42,1,800 ppm 4 7,d4,scale_1.0_rot_180_flip_0,3.418992280960083
42,1,1000 ppm 2 7,d4,scale_1.0_rot_180_flip_0,2.6959235668182373
42,1,800 ppm 5 9,d4,scale_1.0_rot_180_flip_0,3.028599262237549
42,1,600 ppm 3 6,d4,scale_1.0_rot_180_flip_0,3.407588243484497
42,1,1000 ppm 1 5,d4,scale_1.0_rot_180_flip_0,3.5776350498199463
42,1,600 ppm 5 10,d4,scale_1.0_rot_180_flip_0,2.746332883834839
42,1,600 ppm 2 5,d4,scale_1.0_rot_180_flip_0,5.922293663024902
42,1,800 ppm 1 10,d4,scale_1.0_rot_180_flip_0,4.811234951019287
42,1,1000 ppm 3 8,d4,scale_1.0_rot_180_flip_0,4.003993988037109
42,1,800 ppm 2 3,d4,scale_1.0_rot_180_flip_0,5.1780242919921875
42,1,1000 ppm 5 7,d4,scale_1.0_rot_180_flip_0,3.436277151107788
42,1,400 ppm 1 3,d4,scale_1.0_rot_180_flip_0,4.165101528167725
42,1,800 ppm 4 6,d4,scale_1.0_rot_180_flip_0,3.200603485107422
42,1,600 ppm 5 4,d4,scale_1.0_rot_180_flip_0,4.235065937042236
42,1,400 ppm 2 7,d4,scale_1.0_rot_180_flip_0,2.586354970932007
42,1,1000 ppm 5 9,d4,scale_1.0_rot_180_flip_0,4.572328567504883
42,1,400 ppm 5 8,d4,scale_1.0_rot_180_flip_0,4.900398254394531
42,1,c 4,d4,scale_1.0_rot_180_flip_0,0.40702906250953674
42,1,1000 ppm 1 8,d4,scale_1.0_rot_180_flip_0,2.722139596939087
42,1,c 3,d4,scale_1.0_rot_180_flip_0,2.3292291164398193
42,1,800 ppm 1 9,d4,scale_1.0_rot_180_flip_0,4.625824928283691
42,1,1000 ppm 3 2,d4,scale_1.0_rot_180_flip_0,3.132629871368408
42,1,1000 ppm 5 4,d4,scale_1.0_rot_180_flip_0,4.866033554077148
42,1,1000 ppm 3 5,d4,scale_1.0_rot_180_flip_0,3.8654592037200928
42,1,800 ppm 1 4,d4,scale_1.0_rot_180_flip_0,4.846016883850098
42,1,1000 ppm 1 7,d4,scale_1.0_rot_180_flip_0,5.384291172027588
42,1,1000 ppm 3 4,d4,scale_1.0_rot_180_flip_0,2.5066540241241455
42,1,400 ppm 5 1,d4,scale_1.0_rot_180_flip_0,1.5299917459487915
42,1,1000 ppm 2 4,d4,scale_1.0_rot_180_flip_0,3.5569570064544678
42,1,600 ppm 5 5,d4,scale_1.0_rot_180_flip_1,2.6027324199676514
42,1,1000 ppm 4 3,d4,scale_1.0_rot_180_flip_1,4.8408122062683105
42,1,1000 ppm 3 9,d4,scale_1.0_rot_180_flip_1,4.736985206604004
42,1,1000 ppm 3 10,d4,scale_1.0_rot_180_flip_1,3.8341262340545654
42,1,600 ppm 3 7,d4,scale_1.0_rot_180_flip_1,3.6903786659240723
42,1,800 ppm 5 7,d4,scale_1.0_rot_180_flip_1,4.842860221862793
42,1,400 ppm 4 4,d4,scale_1.0_rot_180_flip_1,2.5897936820983887
42,1,800 ppm 2 8,d4,scale_1.0_rot_180_flip_1,3.9979755878448486
42,1,400 ppm 3 2,d4,scale_1.0_rot_180_flip_1,3.5159912109375
42,1,800 ppm 3 9,d4,scale_1.0_rot_180_flip_1,3.817321538925171
42,1,1000 ppm 5 1,d4,scale_1.0_rot_180_flip_1,3.957254409790039
42,1,800 ppm 4 5,d4,scale_1.0_rot_180_flip_1,4.064737319946289
42,1,800 ppm 2 1,d4,scale_1.0_rot_180_flip_1,4.520763397216797
42,1,400 ppm 1 5,d4,scale_1.0_rot_180_flip_1,3.725658893585205
42,1,400 ppm 4 8,d4,scale_1.0_rot_180_flip_1,2.649702310562134
42,1,800 ppm 3 4,d4,scale_1.0_rot_180_flip_1,3.4568252563476562
42,1,1000 ppm 2 1,d4,scale_1.0_rot_180_flip_1,2.261242151260376
42,1,400 ppm 3 10,d4,scale_1.0_rot_180_flip_1,2.076864719390869
42,1,1000 ppm 3 3,d4,scale_1.0_rot_180_flip_1,2.893110513687134
42,1,c 9,d4,scale_1.0_rot_180_flip_1,1.4219882488250732
42,1,800 ppm 3 3,d4,scale_1.0_rot_180_flip_1,4.415389060974121
42,1,800 ppm 2 9,d4,scale_1.0_rot_180_flip_1,4.511950492858887
42,1,600 ppm 2 9,d4,scale_1.0_rot_180_flip_1,4.973452568054199
42,1,400 ppm 2 10,d4,scale_1.0_rot_180_flip_1,4.205595970153809
42,1,800 ppm 4 7,d4,scale_1.0_rot_180_flip_1,3.252444267272949
42,1,1000 ppm 2 7,d4,scale_1.0_rot_180_flip_1,2.4523370265960693
42,1,800 ppm 5 9,d4,scale_1.0_rot_180_flip_1,2.881493330001831
42,1,600 ppm 3 6,d4,scale_1.0_rot_180_flip_1,3.3271422386169434
42,1,1000 ppm 1 5,d4,scale_1.0_rot_180_flip_1,3.6899285316467285
42,1,600 ppm 5 10,d4,scale_1.0_rot_180_flip_1,2.444579839706421
42,1,600 ppm 2 5,d4,scale_1.0_rot_180_flip_1,5.864269733428955
42,1,800 ppm 1 10,d4,scale_1.0_rot_180_flip_1,5.154280185699463
42,1,1000 ppm 3 8,d4,scale_1.0_rot_180_flip_1,4.049880504608154
42,1,800 ppm 2 3,d4,scale_1.0_rot_180_flip_1,4.814349174499512
42,1,1000 ppm 5 7,d4,scale_1.0_rot_180_flip_1,3.3411736488342285
42,1,400 ppm 1 3,d4,scale_1.0_rot_180_flip_1,4.153454780578613
42,1,800 ppm 4 6,d4,scale_1.0_rot_180_flip_1,3.3846306800842285
42,1,600 ppm 5 4,d4,scale_1.0_rot_180_flip_1,4.364009857177734
42,1,400 ppm 2 7,d4,scale_1.0_rot_180_flip_1,2.7811365127563477
42,1,1000 ppm 5 9,d4,scale_1.0_rot_180_flip_1,4.632663726806641
42,1,400 ppm 5 8,d4,scale_1.0_rot_180_flip_1,4.936713218688965
42,1,c 4,d4,scale_1.0_rot_180_flip_1,0.44365277886390686
42,1,1000 ppm 1 8,d4,scale_1.0_rot_180_flip_1,2.8571245670318604
42,1,c 3,d4,scale_1.0_rot_180_flip_1,2.243483543395996
42,1,800 ppm 1 9,d4,scale_1.0_rot_180_flip_1,4.6661882400512695
42,1,1000 ppm 3 2,d4,scale_1.0_rot_180_flip_1,2.8030073642730713
42,1,1000 ppm 5 4,d4,scale_1.0_rot_180_flip_1,4.961064338684082
42,1,1000 ppm 3 5,d4,scale_1.0_rot_180_flip_1,3.701484441757202
42,1,800 ppm 1 4,d4,scale_1.0_rot_180_flip_1,4.51588249206543
42,1,1000 ppm 1 7,d4,scale_1.0_rot_180_flip_1,5.863338947296143
42,1,1000 ppm 3 4,d4,scale_1.0_rot_180_flip_1,2.649059772491455
42,1,400 ppm 5 1,d4,scale_1.0_rot_180_flip_1,1.5685157775878906
42,1,1000 ppm 2 4,d4,scale_1.0_rot_180_flip_1,3.55570125579834
42,1,600 ppm 5 5,d4,scale_1.0_rot_270_flip_0,2.6099143028259277
42,1,1000 ppm 4 3,d4,scale_1.0_rot_270_flip_0,4.750362396240234
42,1,1000 ppm 3 9,d4,scale_1.0_rot_270_flip_0,4.530534267425537
42,1,1000 ppm 3 10,d4,scale_1.0_rot_270_flip_0,4.055115222930908
42,1,600 ppm 3 7,d4,scale_1.0_rot_270_flip_0,4.383361339569092
42,1,800 ppm 5 7,d4,scale_1.0_rot_270_flip_0,5.257286071777344
42,1,400 ppm 4 4,d4,scale_1.0_rot_270_flip_0,3.0744235515594482
42,1,800 ppm 2 8,d4,scale_1.0_rot_270_flip_0,4.757022857666016
42,1,400 ppm 3 2,d4,scale_1.0_rot_270_flip_0,3.09441876411438
42,1,800 ppm 3 9,d4,scale_1.0_rot_270_flip_0,4.228677749633789
42,1,1000 ppm 5 1,d4,scale_1.0_rot_270_flip_0,4.33800745010376
42,1,800 ppm 4 5,d4,scale_1.0_rot_270_flip_0,4.567324638366699
42,1,800 ppm 2 1,d4,scale_1.0_rot_270_flip_0,4.332667827606201
42,1,400 ppm 1 5,d4,scale_1.0_rot_270_flip_0,4.1823320388793945
42,1,400 ppm 4 8,d4,scale_1.0_rot_270_flip_0,3.2451107501983643
42,1,800 ppm 3 4,d4,scale_1.0_rot_270_flip_0,3.9404489994049072
42,1,1000 ppm 2 1,d4,scale_1.0_rot_270_flip_0,2.239356279373169
42,1,400 ppm 3 10,d4,scale_1.0_rot_270_flip_0,2.862043619155884
42,1,1000 ppm 3 3,d4,scale_1.0_rot_270_flip_0,3.3488223552703857
42,1,c 9,d4,scale_1.0_rot_270_flip_0,2.157724142074585
42,1,800 ppm 3 3,d4,scale_1.0_rot_270_flip_0,5.154000759124756
42,1,800 ppm 2 9,d4,scale_1.0_rot_270_flip_0,4.410323143005371
42,1,600 ppm 2 9,d4,scale_1.0_rot_270_flip_0,5.102058410644531
42,1,400 ppm 2 10,d4,scale_1.0_rot_270_flip_0,4.588986396789551
42,1,800 ppm 4 7,d4,scale_1.0_rot_270_flip_0,3.588243007659912
42,1,1000 ppm 2 7,d4,scale_1.0_rot_270_flip_0,3.0789754390716553
42,1,800 ppm 5 9,d4,scale_1.0_rot_270_flip_0,3.0644216537475586
42,1,600 ppm 3 6,d4,scale_1.0_rot_270_flip_0,2.9703547954559326
42,1,1000 ppm 1 5,d4,scale_1.0_rot_270_flip_0,3.5298144817352295
42,1,600 ppm 5 10,d4,scale_1.0_rot_270_flip_0,2.8555333614349365
42,1,600 ppm 2 5,d4,scale_1.0_rot_270_flip_0,6.212185859680176
42,1,800 ppm 1 10,d4,scale_1.0_rot_270_flip_0,4.524465560913086
42,1,1000 ppm 3 8,d4,scale_1.0_rot_270_flip_0,4.299062728881836
42,1,800 ppm 2 3,d4,scale_1.0_rot_270_flip_0,4.745728492736816
42,1,1000 ppm 5 7,d4,scale_1.0_rot_270_flip_0,3.8222506046295166
42,1,400 ppm 1 3,d4,scale_1.0_rot_270_flip_0,4.372829914093018
42,1,800 ppm 4 6,d4,scale_1.0_rot_270_flip_0,3.516345739364624
42,1,600 ppm 5 4,d4,scale_1.0_rot_270_flip_0,3.9639883041381836
42,1,400 ppm 2 7,d4,scale_1.0_rot_270_flip_0,3.793423891067505
42,1,1000 ppm 5 9,d4,scale_1.0_rot_270_flip_0,5.178185939788818
42,1,400 ppm 5 8,d4,scale_1.0_rot_270_flip_0,5.056096076965332
42,1,c 4,d4,scale_1.0_rot_270_flip_0,1.2143324613571167
42,1,1000 ppm 1 8,d4,scale_1.0_rot_270_flip_0,3.3497421741485596
42,1,c 3,d4,scale_1.0_rot_270_flip_0,2.1524364948272705
42,1,800 ppm 1 9,d4,scale_1.0_rot_270_flip_0,4.695822715759277
42,1,1000 ppm 3 2,d4,scale_1.0_rot_270_flip_0,4.360613822937012
42,1,1000 ppm 5 4,d4,scale_1.0_rot_270_flip_0,5.3516035079956055
42,1,1000 ppm 3 5,d4,scale_1.0_rot_270_flip_0,3.867661237716675
42,1,800 ppm 1 4,d4,scale_1.0_rot_270_flip_0,5.002513885498047
42,1,1000 ppm 1 7,d4,scale_1.0_rot_270_flip_0,5.475794792175293
42,1,1000 ppm 3 4,d4,scale_1.0_rot_270_flip_0,3.7530691623687744
42,1,400 ppm 5 1,d4,scale_1.0_rot_270_flip_0,1.596321702003479
42,1,1000 ppm 2 4,d4,scale_1.0_rot_270_flip_0,3.9542124271392822
42,1,600 ppm 5 5,d4,scale_1.0_rot_270_flip_1,2.5496647357940674
42,1,1000 ppm 4 3,d4,scale_1.0_rot_270_flip_1,4.705761909484863
42,1,1000 ppm 3 9,d4,scale_1.0_rot_270_flip_1,4.948014259338379
42,1,1000 ppm 3 10,d4,scale_1.0_rot_270_flip_1,4.089492321014404
42,1,600 ppm 3 7,d4,scale_1.0_rot_270_flip_1,4.245574951171875
42,1,800 ppm 5 7,d4,scale_1.0_rot_270_flip_1,5.317556381225586
42,1,400 ppm 4 4,d4,scale_1.0_rot_270_flip_1,3.0838162899017334
42,1,800 ppm 2 8,d4,scale_1.0_rot_270_flip_1,4.544434070587158
42,1,400 ppm 3 2,d4,scale_1.0_rot_270_flip_1,3.2473363876342773
42,1,800 ppm 3 9,d4,scale_1.0_rot_270_flip_1,4.262915134429932
42,1,1000 ppm 5 1,d4,scale_1.0_rot_270_flip_1,4.151827812194824
42,1,800 ppm 4 5,d4,scale_1.0_rot_270_flip_1,4.586287975311279
42,1,800 ppm 2 1,d4,scale_1.0_rot_270_flip_1,4.212802886962891
42,1,400 ppm 1 5,d4,scale_1.0_rot_270_flip_1,4.350635051727295
42,1,400 ppm 4 8,d4,scale_1.0_rot_270_flip_1,3.1010048389434814
42,1,800 ppm 3 4,d4,scale_1.0_rot_270_flip_1,3.873673677444458
42,1,1000 ppm 2 1,d4,scale_1.0_rot_270_flip_1,2.638413906097412
42,1,400 ppm 3 10,d4,scale_1.0_rot_270_flip_1,2.690275192260742
42,1,1000 ppm 3 3,d4,scale_1.0_rot_270_flip_1,3.5756967067718506
42,1,c 9,d4,scale_1.0_rot_270_flip_1,2.218046188354492
42,1,800 ppm 3 3,d4,scale_1.0_rot_270_flip_1,5.040642261505127
42,1,800 ppm 2 9,d4,scale_1.0_rot_270_flip_1,4.619421482086182
42,1,600 ppm 2 9,d4,scale_1.0_rot_270_flip_1,4.813478946685791
42,1,400 ppm 2 10,d4,scale_1.0_rot_270_flip_1,4.520203590393066
42,1,800 ppm 4 7,d4,scale_1.0_rot_270_flip_1,3.5245630741119385
42,1,1000 ppm 2 7,d4,scale_1.0_rot_270_flip_1,3.506101369857788
42,1,800 ppm 5 9,d4,scale_1.0_rot_270_flip_1,3.3854587078094482
42,1,600 ppm 3 6,d4,scale_1.0_rot_270_flip_1,2.9796102046966553
42,1,1000 ppm 1 5,d4,scale_1.0_rot_270_flip_1,3.805671215057373
42,1,600 ppm 5 10,d4,scale_1.0_rot_270_flip_1,3.0175399780273438
42,1,600 ppm 2 5,d4,scale_1.0_rot_270_flip_1,5.842408180236816
42,1,800 ppm 1 10,d4,scale_1.0_rot_270_flip_1,4.817742824554443
42,1,1000 ppm 3 8,d4,scale_1.0_rot_270_flip_1,4.13572359085083
42,1,800 ppm 2 3,d4,scale_1.0_rot_270_flip_1,4.832335472106934
42,1,1000 ppm 5 7,d4,scale_1.0_rot_270_flip_1,3.9980435371398926
42,1,400 ppm 1 3,d4,scale_1.0_rot_270_flip_1,4.213040828704834
42,1,800 ppm 4 6,d4,scale_1.0_rot_270_flip_1,3.660623788833618
42,1,600 ppm 5 4,d4,scale_1.0_rot_270_flip_1,3.8948822021484375
42,1,400 ppm 2 7,d4,scale_1.0_rot_270_flip_1,3.832477331161499
42,1,1000 ppm 5 9,d4,scale_1.0_rot_270_flip_1,5.1989593505859375
42,1,400 ppm 5 8,d4,scale_1.0_rot_270_flip_1,4.640920639038086
42,1,c 4,d4,scale_1.0_rot_270_flip_1,1.015272855758667
42,1,1000 ppm 1 8,d4,scale_1.0_rot_270_flip_1,2.89853835105896
42,1,c 3,d4,scale_1.0_rot_270_flip_1,2.392977476119995
42,1,800 ppm 1 9,d4,scale_1.0_rot_270_flip_1,4.933859825134277
42,1,1000 ppm 3 2,d4,scale_1.0_rot_270_flip_1,3.886162757873535
42,1,1000 ppm 5 4,d4,scale_1.0_rot_270_flip_1,4.877865791320801
42,1,1000 ppm 3 5,d4,scale_1.0_rot_270_flip_1,3.900313138961792
42,1,800 ppm 1 4,d4,scale_1.0_rot_270_flip_1,4.830867290496826
42,1,1000 ppm 1 7,d4,scale_1.0_rot_270_flip_1,5.404994010925293
42,1,1000 ppm 3 4,d4,scale_1.0_rot_270_flip_1,3.5151569843292236
42,1,400 ppm 5 1,d4,scale_1.0_rot_270_flip_1,1.6942232847213745
42,1,1000 ppm 2 4,d4,scale_1.0_rot_270_flip_1,4.083063125610352
42,1,600 ppm 5 5,scale,scale_1.0_rot_0_flip_0,2.158212900161743
42,1,1000 ppm 4 3,scale,scale_1.0_rot_0_flip_0,4.162444591522217
42,1,1000 ppm 3 9,scale,scale_1.0_rot_0_flip_0,4.894240856170654
42,1,1000 ppm 3 10,scale,scale_1.0_rot_0_flip_0,3.5642149448394775
42,1,600 ppm 3 7,scale,scale_1.0_rot_0_flip_0,3.342280149459839
42,1,800 ppm 5 7,scale,scale_1.0_rot_0_flip_0,4.211866855621338
42,1,400 ppm 4 4,scale,scale_1.0_rot_0_flip_0,2.3693816661834717
42,1,800 ppm 2 8,scale,scale_1.0_rot_0_flip_0,3.5422556400299072
42,1,400 ppm 3 2,scale,scale_1.0_rot_0_flip_0,2.745178461074829
42,1,800 ppm 3 9,scale,scale_1.0_rot_0_flip_0,3.3667569160461426
42,1,1000 ppm 5 1,scale,scale_1.0_rot_0_flip_0,2.8743810653686523
42,1,800 ppm 4 5,scale,scale_1.0_rot_0_flip_0,3.471534013748169
42,1,800 ppm 2 1,scale,scale_1.0_rot_0_flip_0,3.7632064819335938
42,1,400 ppm 1 5,scale,scale_1.0_rot_0_flip_0,2.920180320739746
42,1,400 ppm 4 8,scale,scale_1.0_rot_0_flip_0,2.3206019401550293
42,1,800 ppm 3 4,scale,scale_1.0_rot_0_flip_0,3.7146737575531006
42,1,1000 ppm 2 1,scale,scale_1.0_rot_0_flip_0,1.353198528289795
42,1,400 ppm 3 10,scale,scale_1.0_rot_0_flip_0,2.534064292907715
42,1,1000 ppm 3 3,scale,scale_1.0_rot_0_flip_0,2.6162774562835693
42,1,c 9,scale,scale_1.0_rot_0_flip_0,0.17617014050483704
42,1,800 ppm 3 3,scale,scale_1.0_rot_0_flip_0,4.394878387451172
42,1,800 ppm 2 9,scale,scale_1.0_rot_0_flip_0,4.1903486251831055
42,1,600 ppm 2 9,scale,scale_1.0_rot_0_flip_0,4.051331043243408
42,1,400 ppm 2 10,scale,scale_1.0_rot_0_flip_0,3.2126781940460205
42,1,800 ppm 4 7,scale,scale_1.0_rot_0_flip_0,2.9203038215637207
42,1,1000 ppm 2 7,scale,scale_1.0_rot_0_flip_0,2.5965664386749268
42,1,800 ppm 5 9,scale,scale_1.0_rot_0_flip_0,3.243447780609131
42,1,600 ppm 3 6,scale,scale_1.0_rot_0_flip_0,3.325944185256958
42,1,1000 ppm 1 5,scale,scale_1.0_rot_0_flip_0,3.78067684173584
42,1,600 ppm 5 10,scale,scale_1.0_rot_0_flip_0,2.447794198989868
42,1,600 ppm 2 5,scale,scale_1.0_rot_0_flip_0,5.9075140953063965
42,1,800 ppm 1 10,scale,scale_1.0_rot_0_flip_0,3.807435989379883
42,1,1000 ppm 3 8,scale,scale_1.0_rot_0_flip_0,3.6381278038024902
42,1,800 ppm 2 3,scale,scale_1.0_rot_0_flip_0,4.068376541137695
42,1,1000 ppm 5 7,scale,scale_1.0_rot_0_flip_0,3.3373401165008545
42,1,400 ppm 1 3,scale,scale_1.0_rot_0_flip_0,4.3188605308532715
42,1,800 ppm 4 6,scale,scale_1.0_rot_0_flip_0,2.46720814704895
42,1,600 ppm 5 4,scale,scale_1.0_rot_0_flip_0,3.2537431716918945
42,1,400 ppm 2 7,scale,scale_1.0_rot_0_flip_0,3.028637170791626
42,1,1000 ppm 5 9,scale,scale_1.0_rot_0_flip_0,4.342883110046387
42,1,400 ppm 5 8,scale,scale_1.0_rot_0_flip_0,3.6106274127960205
42,1,c 4,scale,scale_1.0_rot_0_flip_0,-0.48033174872398376
42,1,1000 ppm 1 8,scale,scale_1.0_rot_0_flip_0,2.313903570175171
42,1,c 3,scale,scale_1.0_rot_0_flip_0,1.3878639936447144
42,1,800 ppm 1 9,scale,scale_1.0_rot_0_flip_0,3.8608314990997314
42,1,1000 ppm 3 2,scale,scale_1.0_rot_0_flip_0,3.629948854446411
42,1,1000 ppm 5 4,scale,scale_1.0_rot_0_flip_0,4.431973457336426
42,1,1000 ppm 3 5,scale,scale_1.0_rot_0_flip_0,2.9748730659484863
42,1,800 ppm 1 4,scale,scale_1.0_rot_0_flip_0,4.132778644561768
42,1,1000 ppm 1 7,scale,scale_1.0_rot_0_flip_0,5.711972713470459
42,1,1000 ppm 3 4,scale,scale_1.0_rot_0_flip_0,2.566328763961792
42,1,400 ppm 5 1,scale,scale_1.0_rot_0_flip_0,0.7555702328681946
42,1,1000 ppm 2 4,scale,scale_1.0_rot_0_flip_0,3.253227710723877
42,1,600 ppm 5 5,scale,scale_1.25_rot_0_flip_0,2.773719072341919
42,1,1000 ppm 4 3,scale,scale_1.25_rot_0_flip_0,3.885004997253418
42,1,1000 ppm 3 9,scale,scale_1.25_rot_0_flip_0,4.919356346130371
42,1,1000 ppm 3 10,scale,scale_1.25_rot_0_flip_0,3.336548089981079
42,1,600 ppm 3 7,scale,scale_1.25_rot_0_flip_0,3.4978299140930176
42,1,800 ppm 5 7,scale,scale_1.25_rot_0_flip_0,4.933069229125977
42,1,400 ppm 4 4,scale,scale_1.25_rot_0_flip_0,2.7865190505981445
42,1,800 ppm 2 8,scale,scale_1.25_rot_0_flip_0,4.115623474121094
42,1,400 ppm 3 2,scale,scale_1.25_rot_0_flip_0,3.0659191608428955
42,1,800 ppm 3 9,scale,scale_1.25_rot_0_flip_0,3.183612108230591
42,1,1000 ppm 5 1,scale,scale_1.25_rot_0_flip_0,2.5896286964416504
42,1,800 ppm 4 5,scale,scale_1.25_rot_0_flip_0,3.8550233840942383
42,1,800 ppm 2 1,scale,scale_1.25_rot_0_flip_0,3.530452251434326
42,1,400 ppm 1 5,scale,scale_1.25_rot_0_flip_0,2.4356143474578857
42,1,400 ppm 4 8,scale,scale_1.25_rot_0_flip_0,2.4939517974853516
42,1,800 ppm 3 4,scale,scale_1.25_rot_0_flip_0,3.7064239978790283
42,1,1000 ppm 2 1,scale,scale_1.25_rot_0_flip_0,0.894684374332428
42,1,400 ppm 3 10,scale,scale_1.25_rot_0_flip_0,1.8889673948287964
42,1,1000 ppm 3 3,scale,scale_1.25_rot_0_flip_0,3.4204485416412354
42,1,c 9,scale,scale_1.25_rot_0_flip_0,0.49007895588874817
42,1,800 ppm 3 3,scale,scale_1.25_rot_0_flip_0,3.976548671722412
42,1,800 ppm 2 9,scale,scale_1.25_rot_0_flip_0,4.3990278244018555
42,1,600 ppm 2 9,scale,scale_1.25_rot_0_flip_0,3.8748321533203125
42,1,400 ppm 2 10,scale,scale_1.25_rot_0_flip_0,3.2010295391082764
42,1,800 ppm 4 7,scale,scale_1.25_rot_0_flip_0,3.4234297275543213
42,1,1000 ppm 2 7,scale,scale_1.25_rot_0_flip_0,2.5827548503875732
42,1,800 ppm 5 9,scale,scale_1.25_rot_0_flip_0,3.29345703125
42,1,600 ppm 3 6,scale,scale_1.25_rot_0_flip_0,3.2944376468658447
42,1,1000 ppm 1 5,scale,scale_1.25_rot_0_flip_0,4.2627763748168945
42,1,600 ppm 5 10,scale,scale_1.25_rot_0_flip_0,2.251986265182495
42,1,600 ppm 2 5,scale,scale_1.25_rot_0_flip_0,6.050700664520264
42,1,800 ppm 1 10,scale,scale_1.25_rot_0_flip_0,3.9031336307525635
42,1,1000 ppm 3 8,scale,scale_1.25_rot_0_flip_0,3.6957390308380127
42,1,800 ppm 2 3,scale,scale_1.25_rot_0_flip_0,4.04951286315918
42,1,1000 ppm 5 7,scale,scale_1.25_rot_0_flip_0,3.385261297225952
42,1,400 ppm 1 3,scale,scale_1.25_rot_0_flip_0,3.7739903926849365
42,1,800 ppm 4 6,scale,scale_1.25_rot_0_flip_0,2.4608702659606934
42,1,600 ppm 5 4,scale,scale_1.25_rot_0_flip_0,3.6282386779785156
42,1,400 ppm 2 7,scale,scale_1.25_rot_0_flip_0,2.6867635250091553
42,1,1000 ppm 5 9,scale,scale_1.25_rot_0_flip_0,3.96079158782959
42,1,400 ppm 5 8,scale,scale_1.25_rot_0_flip_0,3.8838698863983154
42,1,c 4,scale,scale_1.25_rot_0_flip_0,0.005679633468389511
42,1,1000 ppm 1 8,scale,scale_1.25_rot_0_flip_0,1.6247894763946533
42,1,c 3,scale,scale_1.25_rot_0_flip_0,1.4591940641403198
42,1,800 ppm 1 9,scale,scale_1.25_rot_0_flip_0,3.647775173187256
42,1,1000 ppm 3 2,scale,scale_1.25_rot_0_flip_0,3.2049193382263184
42,1,1000 ppm 5 4,scale,scale_1.25_rot_0_flip_0,4.431178092956543
42,1,1000 ppm 3 5,scale,scale_1.25_rot_0_flip_0,2.87300181388855
42,1,800 ppm 1 4,scale,scale_1.25_rot_0_flip_0,4.608426570892334
42,1,1000 ppm 1 7,scale,scale_1.25_rot_0_flip_0,5.9960174560546875
42,1,1000 ppm 3 4,scale,scale_1.25_rot_0_flip_0,2.8325693607330322
42,1,400 ppm 5 1,scale,scale_1.25_rot_0_flip_0,0.7206816673278809
42,1,1000 ppm 2 4,scale,scale_1.25_rot_0_flip_0,3.3427140712738037
42,2,800 ppm 4 4,single,scale_1.0_rot_0_flip_0,3.4403765201568604
42,2,400 ppm 1 10,single,scale_1.0_rot_0_flip_0,2.6963889598846436
42,2,c 8,single,scale_1.0_rot_0_flip_0,0.029748857021331787
42,2,800 ppm 5 8,single,scale_1.0_rot_0_flip_0,2.9708571434020996
42,2,600 ppm 3 4,single,scale_1.0_rot_0_flip_0,2.9933135509490967
42,2,1000 ppm 2 10,single,scale_1.0_rot_0_flip_0,2.9815545082092285
42,2,800 ppm 3 1,single,scale_1.0_rot_0_flip_0,2.7378039360046387
42,2,400 ppm 4 3,single,scale_1.0_rot_0_flip_0,2.491340160369873
42,2,600 ppm 1 2,single,scale_1.0_rot_0_flip_0,3.3510916233062744
42,2,400 ppm 3 7,single,scale_1.0_rot_0_flip_0,1.7259817123413086
42,2,600 ppm 2 10,single,scale_1.0_rot_0_flip_0,4.755982875823975
42,2,800 ppm 5 5,single,scale_1.0_rot_0_flip_0,3.7828400135040283
42,2,400 ppm 5 2,single,scale_1.0_rot_0_flip_0,2.158203363418579
42,2,800 ppm 1 2,single,scale_1.0_rot_0_flip_0,4.639097690582275
42,2,600 ppm 3 5,single,scale_1.0_rot_0_flip_0,2.6336193084716797
42,2,800 ppm 2 5,single,scale_1.0_rot_0_flip_0,2.075528860092163
42,2,1000 ppm 5 3,single,scale_1.0_rot_0_flip_0,3.0397496223449707
42,2,400 ppm 5 10,single,scale_1.0_rot_0_flip_0,4.254710674285889
42,2,1000 ppm 2 5,single,scale_1.0_rot_0_flip_0,3.218259572982788
42,2,400 ppm 2 4,single,scale_1.0_rot_0_flip_0,3.295156955718994
42,2,600 ppm 4 6,single,scale_1.0_rot_0_flip_0,2.084315299987793
42,2,c 6,single,scale_1.0_rot_0_flip_0,1.1706278324127197
42,2,800 ppm 1 7,single,scale_1.0_rot_0_flip_0,3.357673406600952
42,2,1000 ppm 5 2,single,scale_1.0_rot_0_flip_0,3.1920371055603027
42,2,600 ppm 2 1,single,scale_1.0_rot_0_flip_0,4.930279731750488
42,2,400 ppm 4 1,single,scale_1.0_rot_0_flip_0,2.54063081741333
42,2,600 ppm 4 4,single,scale_1.0_rot_0_flip_0,3.5586767196655273
42,2,600 ppm 2 8,single,scale_1.0_rot_0_flip_0,3.3894131183624268
42,2,400 ppm 1 6,single,scale_1.0_rot_0_flip_0,2.5622055530548096
42,2,1000 ppm 4 9,single,scale_1.0_rot_0_flip_0,4.67443323135376
42,2,400 ppm 3 9,single,scale_1.0_rot_0_flip_0,2.4799342155456543
42,2,600 ppm 2 6,single,scale_1.0_rot_0_flip_0,5.719284534454346
42,2,600 ppm 4 5,single,scale_1.0_rot_0_flip_0,4.426224708557129
42,2,600 ppm 4 9,single,scale_1.0_rot_0_flip_0,3.378750801086426
42,2,400 ppm 2 9,single,scale_1.0_rot_0_flip_0,2.564866781234741
42,2,800 ppm 1 1,single,scale_1.0_rot_0_flip_0,3.853933095932007
42,2,1000 ppm 4 5,single,scale_1.0_rot_0_flip_0,3.659698963165283
42,2,1000 ppm 1 1,single,scale_1.0_rot_0_flip_0,3.80997371673584
42,2,600 ppm 1 8,single,scale_1.0_rot_0_flip_0,1.8925740718841553
42,2,600 ppm 5 7,single,scale_1.0_rot_0_flip_0,2.5810608863830566
42,2,1000 ppm 2 8,single,scale_1.0_rot_0_flip_0,5.453404903411865
42,2,600 ppm 1 5,single,scale_1.0_rot_0_flip_0,3.1838202476501465
42,2,600 ppm 1 9,single,scale_1.0_rot_0_flip_0,3.2622945308685303
42,2,600 ppm 2 2,single,scale_1.0_rot_0_flip_0,4.325602054595947
42,2,600 ppm 5 2,single,scale_1.0_rot_0_flip_0,3.109095335006714
42,2,800 ppm 4 9,single,scale_1.0_rot_0_flip_0,3.0319747924804688
42,2,600 ppm 2 4,single,scale_1.0_rot_0_flip_0,4.264064311981201
42,2,600 ppm 4 7,single,scale_1.0_rot_0_flip_0,2.787280321121216
42,2,1000 ppm 5 8,single,scale_1.0_rot_0_flip_0,3.4939990043640137
42,2,600 ppm 5 3,single,scale_1.0_rot_0_flip_0,4.316202640533447
42,2,1000 ppm 4 4,single,scale_1.0_rot_0_flip_0,4.125132083892822
42,2,1000 ppm 4 7,single,scale_1.0_rot_0_flip_0,4.865537643432617
42,2,800 ppm 4 4,d4,scale_1.0_rot_0_flip_0,3.4403765201568604
42,2,400 ppm 1 10,d4,scale_1.0_rot_0_flip_0,2.6963889598846436
42,2,c 8,d4,scale_1.0_rot_0_flip_0,0.029748857021331787
42,2,800 ppm 5 8,d4,scale_1.0_rot_0_flip_0,2.9708571434020996
42,2,600 ppm 3 4,d4,scale_1.0_rot_0_flip_0,2.9933135509490967
42,2,1000 ppm 2 10,d4,scale_1.0_rot_0_flip_0,2.9815545082092285
42,2,800 ppm 3 1,d4,scale_1.0_rot_0_flip_0,2.7378039360046387
42,2,400 ppm 4 3,d4,scale_1.0_rot_0_flip_0,2.491340160369873
42,2,600 ppm 1 2,d4,scale_1.0_rot_0_flip_0,3.3510916233062744
42,2,400 ppm 3 7,d4,scale_1.0_rot_0_flip_0,1.7259817123413086
42,2,600 ppm 2 10,d4,scale_1.0_rot_0_flip_0,4.755982875823975
42,2,800 ppm 5 5,d4,scale_1.0_rot_0_flip_0,3.7828400135040283
42,2,400 ppm 5 2,d4,scale_1.0_rot_0_flip_0,2.158203363418579
42,2,800 ppm 1 2,d4,scale_1.0_rot_0_flip_0,4.639097690582275
42,2,600 ppm 3 5,d4,scale_1.0_rot_0_flip_0,2.6336193084716797
42,2,800 ppm 2 5,d4,scale_1.0_rot_0_flip_0,2.075528860092163
42,2,1000 ppm 5 3,d4,scale_1.0_rot_0_flip_0,3.0397496223449707
42,2,400 ppm 5 10,d4,scale_1.0_rot_0_flip_0,4.254710674285889
42,2,1000 ppm 2 5,d4,scale_1.0_rot_0_flip_0,3.218259572982788
42,2,400 ppm 2 4,d4,scale_1.0_rot_0_flip_0,3.295156955718994
42,2,600 ppm 4 6,d4,scale_1.0_rot_0_flip_0,2.084315299987793
42,2,c 6,d4,scale_1.0_rot_0_flip_0,1.1706278324127197
42,2,800 ppm 1 7,d4,scale_1.0_rot_0_flip_0,3.357673406600952
42,2,1000 ppm 5 2,d4,scale_1.0_rot_0_flip_0,3.1920371055603027
42,2,600 ppm 2 1,d4,scale_1.0_rot_0_flip_0,4.930279731750488
42,2,400 ppm 4 1,d4,scale_1.0_rot_0_flip_0,2.54063081741333
42,2,600 ppm 4 4,d4,scale_1.0_rot_0_flip_0,3.5586767196655273
42,2,600 ppm 2 8,d4,scale_1.0_rot_0_flip_0,3.3894131183624268
42,2,400 ppm 1 6,d4,scale_1.0_rot_0_flip_0,2.5622055530548096
42,2,1000 ppm 4 9,d4,scale_1.0_rot_0_flip_0,4.67443323135376
42,2,400 ppm 3 9,d4,scale_1.0_rot_0_flip_0,2.4799342155456543
42,2,600 ppm 2 6,d4,scale_1.0_rot_0_flip_0,5.719284534454346
42,2,600 ppm 4 5,d4,scale_1.0_rot_0_flip_0,4.426224708557129
42,2,600 ppm 4 9,d4,scale_1.0_rot_0_flip_0,3.378750801086426
42,2,400 ppm 2 9,d4,scale_1.0_rot_0_flip_0,2.564866781234741
42,2,800 ppm 1 1,d4,scale_1.0_rot_0_flip_0,3.853933095932007
42,2,1000 ppm 4 5,d4,scale_1.0_rot_0_flip_0,3.659698963165283
42,2,1000 ppm 1 1,d4,scale_1.0_rot_0_flip_0,3.80997371673584
42,2,600 ppm 1 8,d4,scale_1.0_rot_0_flip_0,1.8925740718841553
42,2,600 ppm 5 7,d4,scale_1.0_rot_0_flip_0,2.5810608863830566
42,2,1000 ppm 2 8,d4,scale_1.0_rot_0_flip_0,5.453404903411865
42,2,600 ppm 1 5,d4,scale_1.0_rot_0_flip_0,3.1838202476501465
42,2,600 ppm 1 9,d4,scale_1.0_rot_0_flip_0,3.2622945308685303
42,2,600 ppm 2 2,d4,scale_1.0_rot_0_flip_0,4.325602054595947
42,2,600 ppm 5 2,d4,scale_1.0_rot_0_flip_0,3.109095335006714
42,2,800 ppm 4 9,d4,scale_1.0_rot_0_flip_0,3.0319747924804688
42,2,600 ppm 2 4,d4,scale_1.0_rot_0_flip_0,4.264064311981201
42,2,600 ppm 4 7,d4,scale_1.0_rot_0_flip_0,2.787280321121216
42,2,1000 ppm 5 8,d4,scale_1.0_rot_0_flip_0,3.4939990043640137
42,2,600 ppm 5 3,d4,scale_1.0_rot_0_flip_0,4.316202640533447
42,2,1000 ppm 4 4,d4,scale_1.0_rot_0_flip_0,4.125132083892822
42,2,1000 ppm 4 7,d4,scale_1.0_rot_0_flip_0,4.865537643432617
42,2,800 ppm 4 4,d4,scale_1.0_rot_0_flip_1,3.306925058364868
42,2,400 ppm 1 10,d4,scale_1.0_rot_0_flip_1,2.691096305847168
42,2,c 8,d4,scale_1.0_rot_0_flip_1,-0.1006125807762146
42,2,800 ppm 5 8,d4,scale_1.0_rot_0_flip_1,2.999209403991699
42,2,600 ppm 3 4,d4,scale_1.0_rot_0_flip_1,2.9747660160064697
42,2,1000 ppm 2 10,d4,scale_1.0_rot_0_flip_1,2.8229732513427734
42,2,800 ppm 3 1,d4,scale_1.0_rot_0_flip_1,2.803166389465332
42,2,400 ppm 4 3,d4,scale_1.0_rot_0_flip_1,2.5776758193969727
42,2,600 ppm 1 2,d4,scale_1.0_rot_0_flip_1,3.636514186859131
42,2,400 ppm 3 7,d4,scale_1.0_rot_0_flip_1,1.7970609664916992
42,2,600 ppm 2 10,d4,scale_1.0_rot_0_flip_1,4.84846305847168
42,2,800 ppm 5 5,d4,scale_1.0_rot_0_flip_1,3.7848968505859375
42,2,400 ppm 5 2,d4,scale_1.0_rot_0_flip_1,2.4112284183502197
42,2,800 ppm 1 2,d4,scale_1.0_rot_0_flip_1,4.443282604217529
42,2,600 ppm 3 5,d4,scale_1.0_rot_0_flip_1,2.634479522705078
42,2,800 ppm 2 5,d4,scale_1.0_rot_0_flip_1,2.0296623706817627
42,2,1000 ppm 5 3,d4,scale_1.0_rot_0_flip_1,2.9036641120910645
42,2,400 ppm 5 10,d4,scale_1.0_rot_0_flip_1,4.536749362945557
42,2,1000 ppm 2 5,d4,scale_1.0_rot_0_flip_1,2.944321632385254
42,2,400 ppm 2 4,d4,scale_1.0_rot_0_flip_1,3.0679564476013184
42,2,600 ppm 4 6,d4,scale_1.0_rot_0_flip_1,1.879441738128662
42,2,c 6,d4,scale_1.0_rot_0_flip_1,1.217555046081543
42,2,800 ppm 1 7,d4,scale_1.0_rot_0_flip_1,3.687613010406494
42,2,1000 ppm 5 2,d4,scale_1.0_rot_0_flip_1,3.273465394973755
42,2,600 ppm 2 1,d4,scale_1.0_rot_0_flip_1,4.648061275482178
42,2,400 ppm 4 1,d4,scale_1.0_rot_0_flip_1,2.729522228240967
42,2,600 ppm 4 4,d4,scale_1.0_rot_0_flip_1,3.4211010932922363
42,2,600 ppm 2 8,d4,scale_1.0_rot_0_flip_1,3.3672826290130615
42,2,400 ppm 1 6,d4,scale_1.0_rot_0_flip_1,2.6222527027130127
42,2,1000 ppm 4 9,d4,scale_1.0_rot_0_flip_1,5.089946269989014
42,2,400 ppm 3 9,d4,scale_1.0_rot_0_flip_1,2.5396931171417236
42,2,600 ppm 2 6,d4,scale_1.0_rot_0_flip_1,5.649891376495361
42,2,600 ppm 4 5,d4,scale_1.0_rot_0_flip_1,4.396808624267578
42,2,600 ppm 4 9,d4,scale_1.0_rot_0_flip_1,3.452702760696411
42,2,400 ppm 2 9,d4,scale_1.0_rot_0_flip_1,2.517832040786743
42,2,800 ppm 1 1,d4,scale_1.0_rot_0_flip_1,3.510564088821411
42,2,1000 ppm 4 5,d4,scale_1.0_rot_0_flip_1,3.371885299682617
42,2,1000 ppm 1 1,d4,scale_1.0_rot_0_flip_1,3.7409512996673584
42,2,600 ppm 1 8,d4,scale_1.0_rot_0_flip_1,2.2190346717834473
42,2,600 ppm 5 7,d4,scale_1.0_rot_0_flip_1,2.6305251121520996
42,2,1000 ppm 2 8,d4,scale_1.0_rot_0_flip_1,5.365124225616455
42,2,600 ppm 1 5,d4,scale_1.0_rot_0_flip_1,3.2646796703338623
42,2,600 ppm 1 9,d4,scale_1.0_rot_0_flip_1,3.3349223136901855
42,2,600 ppm 2 2,d4,scale_1.0_rot_0_flip_1,4.257850170135498
42,2,600 ppm 5 2,d4,scale_1.0_rot_0_flip_1,3.09837007522583
42,2,800 ppm 4 9,d4,scale_1.0_rot_0_flip_1,2.9628124237060547
42,2,600 ppm 2 4,d4,scale_1.0_rot_0_flip_1,4.484067916870117
42,2,600 ppm 4 7,d4,scale_1.0_rot_0_flip_1,2.9004759788513184
42,2,1000 ppm 5 8,d4,scale_1.0_rot_0_flip_1,3.9718337059020996
42,2,600 ppm 5 3,d4,scale_1.0_rot_0_flip_1,3.9471042156219482
42,2,1000 ppm 4 4,d4,scale_1.0_rot_0_flip_1,4.172833442687988
42,2,1000 ppm 4 7,d4,scale_1.0_rot_0_flip_1,5.108485698699951
42,2,800 ppm 4 4,d4,scale_1.0_rot_90_flip_0,4.637505531311035
42,2,400 ppm 1 10,d4,scale_1.0_rot_90_flip_0,3.1083426475524902
42,2,c 8,d4,scale_1.0_rot_90_flip_0,1.0937368869781494
42,2,800 ppm 5 8,d4,scale_1.0_rot_90_flip_0,4.298091411590576
42,2,600 ppm 3 4,d4,scale_1.0_rot_90_flip_0,4.170969009399414
42,2,1000 ppm 2 10,d4,scale_1.0_rot_90_flip_0,3.8105454444885254
42,2,800 ppm 3 1,d4,scale_1.0_rot_90_flip_0,3.8301892280578613
42,2,400 ppm 4 3,d4,scale_1.0_rot_90_flip_0,2.9446661472320557
42,2,600 ppm 1 2,d4,scale_1.0_rot_90_flip_0,4.3020172119140625
42,2,400 ppm 3 7,d4,scale_1.0_rot_90_flip_0,2.407254219055176
42,2,600 ppm 2 10,d4,scale_1.0_rot_90_flip_0,4.561151027679443
42,2,800 ppm 5 5,d4,scale_1.0_rot_90_flip_0,4.07542085647583
42,2,400 ppm 5 2,d4,scale_1.0_rot_90_flip_0,3.5784378051757812
42,2,800 ppm 1 2,d4,scale_1.0_rot_90_flip_0,4.5385212898254395
42,2,600 ppm 3 5,d4,scale_1.0_rot_90_flip_0,3.4318552017211914
42,2,800 ppm 2 5,d4,scale_1.0_rot_90_flip_0,3.2992634773254395
42,2,1000 ppm 5 3,d4,scale_1.0_rot_90_flip_0,3.847060441970825
42,2,400 ppm 5 10,d4,scale_1.0_rot_90_flip_0,5.010437488555908
42,2,1000 ppm 2 5,d4,scale_1.0_rot_90_flip_0,4.378555774688721
42,2,400 ppm 2 4,d4,scale_1.0_rot_90_flip_0,3.706570625305176
42,2,600 ppm 4 6,d4,scale_1.0_rot_90_flip_0,2.837021827697754
42,2,c 6,d4,scale_1.0_rot_90_flip_0,2.3495876789093018
42,2,800 ppm 1 7,d4,scale_1.0_rot_90_flip_0,4.099541187286377
42,2,1000 ppm 5 2,d4,scale_1.0_rot_90_flip_0,3.7337281703948975
42,2,600 ppm 2 1,d4,scale_1.0_rot_90_flip_0,5.275779724121094
42,2,400 ppm 4 1,d4,scale_1.0_rot_90_flip_0,3.2529549598693848
42,2,600 ppm 4 4,d4,scale_1.0_rot_90_flip_0,3.5972681045532227
42,2,600 ppm 2 8,d4,scale_1.0_rot_90_flip_0,4.372653961181641
42,2,400 ppm 1 6,d4,scale_1.0_rot_90_flip_0,3.982921838760376
42,2,1000 ppm 4 9,d4,scale_1.0_rot_90_flip_0,4.214035511016846
42,2,400 ppm 3 9,d4,scale_1.0_rot_90_flip_0,3.4967691898345947
42,2,600 ppm 2 6,d4,scale_1.0_rot_90_flip_0,4.990124225616455
42,2,600 ppm 4 5,d4,scale_1.0_rot_90_flip_0,5.0889892578125
42,2,600 ppm 4 9,d4,scale_1.0_rot_90_flip_0,4.502865791320801
42,2,400 ppm 2 9,d4,scale_1.0_rot_90_flip_0,3.546180248260498
42,2,800 ppm 1 1,d4,scale_1.0_rot_90_flip_0,4.427598476409912
42,2,1000 ppm 4 5,d4,scale_1.0_rot_90_flip_0,4.975575923919678
42,2,1000 ppm 1 1,d4,scale_1.0_rot_90_flip_0,4.1573052406311035
42,2,600 ppm 1 8,d4,scale_1.0_rot_90_flip_0,2.7222719192504883
42,2,600 ppm 5 7,d4,scale_1.0_rot_90_flip_0,3.4813880920410156
42,2,1000 ppm 2 8,d4,scale_1.0_rot_90_flip_0,5.357447624206543
42,2,600 ppm 1 5,d4,scale_1.0_rot_90_flip_0,3.81441593170166
42,2,600 ppm 1 9,d4,scale_1.0_rot_90_flip_0,4.066049098968506
42,2,600 ppm 2 2,d4,scale_1.0_rot_90_flip_0,5.000938892364502
42,2,600 ppm 5 2,d4,scale_1.0_rot_90_flip_0,4.060697555541992
42,2,800 ppm 4 9,d4,scale_1.0_rot_90_flip_0,3.9808080196380615
42,2,600 ppm 2 4,d4,scale_1.0_rot_90_flip_0,5.118375301361084
42,2,600 ppm 4 7,d4,scale_1.0_rot_90_flip_0,3.7708771228790283
42,2,1000 ppm 5 8,d4,scale_1.0_rot_90_flip_0,4.726060390472412
42,2,600 ppm 5 3,d4,scale_1.0_rot_90_flip_0,4.776525020599365
42,2,1000 ppm 4 4,d4,scale_1.0_rot_90_flip_0,4.954154014587402
42,2,1000 ppm 4 7,d4,scale_1.0_rot_90_flip_0,5.525994777679443
42,2,800 ppm 4 4,d4,scale_1.0_rot_90_flip_1,4.3043532371521
42,2,400 ppm 1 10,d4,scale_1.0_rot_90_flip_1,3.101081371307373
42,2,c 8,d4,scale_1.0_rot_90_flip_1,1.0840232372283936
42,2,800 ppm 5 8,d4,scale_1.0_rot_90_flip_1,4.419288635253906
42,2,600 ppm 3 4,d4,scale_1.0_rot_90_flip_1,4.211648464202881
42,2,1000 ppm 2 10,d4,scale_1.0_rot_90_flip_1,3.8846585750579834
42,2,800 ppm 3 1,d4,scale_1.0_rot_90_flip_1,3.558976650238037
42,2,400 ppm 4 3,d4,scale_1.0_rot_90_flip_1,2.788156509399414
42,2,600 ppm 1 2,d4,scale_1.0_rot_90_flip_1,4.613256931304932
42,2,400 ppm 3 7,d4,scale_1.0_rot_90_flip_1,2.4560768604278564
42,2,600 ppm 2 10,d4,scale_1.0_rot_90_flip_1,4.73166561126709
42,2,800 ppm 5 5,d4,scale_1.0_rot_90_flip_1,4.031850814819336
42,2,400 ppm 5 2,d4,scale_1.0_rot_90_flip_1,3.336580753326416
42,2,800 ppm 1 2,d4,scale_1.0_rot_90_flip_1,4.554232120513916
42,2,600 ppm 3 5,d4,scale_1.0_rot_90_flip_1,3.5179014205932617
42,2,800 ppm 2 5,d4,scale_1.0_rot_90_flip_1,3.3941574096679688
42,2,1000 ppm 5 3,d4,scale_1.0_rot_90_flip_1,3.933422088623047
42,2,400 ppm 5 10,d4,scale_1.0_rot_90_flip_1,5.026921272277832
42,2,1000 ppm 2 5,d4,scale_1.0_rot_90_flip_1,4.2584052085876465
42,2,400 ppm 2 4,d4,scale_1.0_rot_90_flip_1,3.966207265853882
42,2,600 ppm 4 6,d4,scale_1.0_rot_90_flip_1,2.6266021728515625
42,2,c 6,d4,scale_1.0_rot_90_flip_1,2.4489147663116455
42,2,800 ppm 1 7,d4,scale_1.0_rot_90_flip_1,3.89607310295105
42,2,1000 ppm 5 2,d4,scale_1.0_rot_90_flip_1,3.8586483001708984
42,2,600 ppm 2 1,d4,scale_1.0_rot_90_flip_1,5.345745086669922
42,2,400 ppm 4 1,d4,scale_1.0_rot_90_flip_1,3.551069498062134
42,2,600 ppm 4 4,d4,scale_1.0_rot_90_flip_1,3.6888587474823
42,2,600 ppm 2 8,d4,scale_1.0_rot_90_flip_1,4.6198296546936035
42,2,400 ppm 1 6,d4,scale_1.0_rot_90_flip_1,4.119235515594482
42,2,1000 ppm 4 9,d4,scale_1.0_rot_90_flip_1,4.352603912353516
42,2,400 ppm 3 9,d4,scale_1.0_rot_90_flip_1,3.538295030593872
42,2,600 ppm 2 6,d4,scale_1.0_rot_90_flip_1,4.777925491333008
42,2,600 ppm 4 5,d4,scale_1.0_rot_90_flip_1,5.233587741851807
42,2,600 ppm 4 9,d4,scale_1.0_rot_90_flip_1,4.498302936553955
42,2,400 ppm 2 9,d4,scale_1.0_rot_90_flip_1,3.364774227142334
42,2,800 ppm 1 1,d4,scale_1.0_rot_90_flip_1,4.110302925109863
42,2,1000 ppm 4 5,d4,scale_1.0_rot_90_flip_1,4.64851188659668
42,2,1000 ppm 1 1,d4,scale_1.0_rot_90_flip_1,4.092147350311279
42,2,600 ppm 1 8,d4,scale_1.0_rot_90_flip_1,2.719836473464966
42,2,600 ppm 5 7,d4,scale_1.0_rot_90_flip_1,3.604151487350464
42,2,1000 ppm 2 8,d4,scale_1.0_rot_90_flip_1,5.419227123260498
42,2,600 ppm 1 5,d4,scale_1.0_rot_90_flip_1,3.7369179725646973
42,2,600 ppm 1 9,d4,scale_1.0_rot_90_flip_1,4.244505405426025
42,2,600 ppm 2 2,d4,scale_1.0_rot_90_flip_1,5.277624607086182
42,2,600 ppm 5 2,d4,scale_1.0_rot_90_flip_1,4.41316556930542
42,2,800 ppm 4 9,d4,scale_1.0_rot_90_flip_1,4.013940334320068
42,2,600 ppm 2 4,d4,scale_1.0_rot_90_flip_1,5.074612617492676
42,2,600 ppm 4 7,d4,scale_1.0_rot_90_flip_1,3.6458632946014404
42,2,1000 ppm 5 8,d4,scale_1.0_rot_90_flip_1,4.591700077056885
42,2,600 ppm 5 3,d4,scale_1.0_rot_90_flip_1,4.608977794647217
42,2,1000 ppm 4 4,d4,scale_1.0_rot_90_flip_1,4.870508670806885
42,2,1000 ppm 4 7,d4,scale_1.0_rot_90_flip_1,5.374114513397217
42,2,800 ppm 4 4,d4,scale_1.0_rot_180_flip_0,3.8914833068847656
42,2,400 ppm 1 10,d4,scale_1.0_rot_180_flip_0,3.134732484817505
42,2,c 8,d4,scale_1.0_rot_180_flip_0,0.6776874661445618
42,2,800 ppm 5 8,d4,scale_1.0_rot_180_flip_0,3.783855438232422
42,2,600 ppm 3 4,d4,scale_1.0_rot_180_flip_0,3.9277586936950684
42,2,1000 ppm 2 10,d4,scale_1.0_rot_180_flip_0,3.261950969696045
42,2,800 ppm 3 1,d4,scale_1.0_rot_180_flip_0,3.310349464416504
42,2,400 ppm 4 3,d4,scale_1.0_rot_180_flip_0,3.2091124057769775
42,2,600 ppm 1 2,d4,scale_1.0_rot_180_flip_0,4.028436183929443
42,2,400 ppm 3 7,d4,scale_1.0_rot_180_flip_0,1.7732362747192383
42,2,600 ppm 2 10,d4,scale_1.0_rot_180_flip_0,3.9037394523620605
42,2,800 ppm 5 5,d4,scale_1.0_rot_180_flip_0,5.148257732391357
42,2,400 ppm 5 2,d4,scale_1.0_rot_180_flip_0,3.3652360439300537
42,2,800 ppm 1 2,d4,scale_1.0_rot_180_flip_0,4.500908374786377
42,2,600 ppm 3 5,d4,scale_1.0_rot_180_flip_0,2.970371723175049
42,2,800 ppm 2 5,d4,scale_1.0_rot_180_flip_0,2.7802460193634033
42,2,1000 ppm 5 3,d4,scale_1.0_rot_180_flip_0,3.759093999862671
42,2,400 ppm 5 10,d4,scale_1.0_rot_180_flip_0,4.578559398651123
42,2,1000 ppm 2 5,d4,scale_1.0_rot_180_flip_0,3.130256175994873
42,2,400 ppm 2 4,d4,scale_1.0_rot_180_flip_0,3.427135467529297
42,2,600 ppm 4 6,d4,scale_1.0_rot_180_flip_0,3.163760185241699
42,2,c 6,d4,scale_1.0_rot_180_flip_0,1.9657771587371826
42,2,800 ppm 1 7,d4,scale_1.0_rot_180_flip_0,4.311456203460693
42,2,1000 ppm 5 2,d4,scale_1.0_rot_180_flip_0,3.9703378677368164
42,2,600 ppm 2 1,d4,scale_1.0_rot_180_flip_0,5.173830986022949
42,2,400 ppm 4 1,d4,scale_1.0_rot_180_flip_0,3.5534005165100098
42,2,600 ppm 4 4,d4,scale_1.0_rot_180_flip_0,3.5667641162872314
42,2,600 ppm 2 8,d4,scale_1.0_rot_180_flip_0,3.6756839752197266
42,2,400 ppm 1 6,d4,scale_1.0_rot_180_flip_0,3.8170883655548096
42,2,1000 ppm 4 9,d4,scale_1.0_rot_180_flip_0,5.507137775421143
42,2,400 ppm 3 9,d4,scale_1.0_rot_180_flip_0,3.2880048751831055
42,2,600 ppm 2 6,d4,scale_1.0_rot_180_flip_0,5.094507694244385
42,2,600 ppm 4 5,d4,scale_1.0_rot_180_flip_0,5.354274272918701
42,2,600 ppm 4 9,d4,scale_1.0_rot_180_flip_0,4.16037130355835
42,2,400 ppm 2 9,d4,scale_1.0_rot_180_flip_0,3.5917487144470215
42,2,800 ppm 1 1,d4,scale_1.0_rot_180_flip_0,3.9650704860687256
42,2,1000 ppm 4 5,d4,scale_1.0_rot_180_flip_0,4.531423568725586
42,2,1000 ppm 1 1,d4,scale_1.0_rot_180_flip_0,4.177276134490967
42,2,600 ppm 1 8,d4,scale_1.0_rot_180_flip_0,2.674518585205078
42,2,600 ppm 5 7,d4,scale_1.0_rot_180_flip_0,3.1849281787872314
42,2,1000 ppm 2 8,d4,scale_1.0_rot_180_flip_0,5.630066871643066
42,2,600 ppm 1 5,d4,scale_1.0_rot_180_flip_0,3.1201164722442627
42,2,600 ppm 1 9,d4,scale_1.0_rot_180_flip_0,3.961347818374634
42,2,600 ppm 2 2,d4,scale_1.0_rot_180_flip_0,4.860748767852783
42,2,600 ppm 5 2,d4,scale_1.0_rot_180_flip_0,3.864068031311035
42,2,800 ppm 4 9,d4,scale_1.0_rot_180_flip_0,3.478909492492676
42,2,600 ppm 2 4,d4,scale_1.0_rot_180_flip_0,4.79371976852417
42,2,600 ppm 4 7,d4,scale_1.0_rot_180_flip_0,3.5320708751678467
42,2,1000 ppm 5 8,d4,scale_1.0_rot_180_flip_0,4.763067722320557
42,2,600 ppm 5 3,d4,scale_1.0_rot_180_flip_0,4.492572784423828
42,2,1000 ppm 4 4,d4,scale_1.0_rot_180_flip_0,4.750741958618164
42,2,1000 ppm 4 7,d4,scale_1.0_rot_180_flip_0,4.964141368865967
42,2,800 ppm 4 4,d4,scale_1.0_rot_180_flip_1,3.67602276802063
42,2,400 ppm 1 10,d4,scale_1.0_rot_180_flip_1,2.969752550125122
42,2,c 8,d4,scale_1.0_rot_180_flip_1,0.8829190135002136
42,2,800 ppm 5 8,d4,scale_1.0_rot_180_flip_1,3.6233034133911133
42,2,600 ppm 3 4,d4,scale_1.0_rot_180_flip_1,3.9767580032348633
42,2,1000 ppm 2 10,d4,scale_1.0_rot_180_flip_1,3.1434171199798584
42,2,800 ppm 3 1,d4,scale_1.0_rot_180_flip_1,3.2603726387023926
42,2,400 ppm 4 3,d4,scale_1.0_rot_180_flip_1,3.1012368202209473
42,2,600 ppm 1 2,d4,scale_1.0_rot_180_flip_1,3.999424695968628
42,2,400 ppm 3 7,d4,scale_1.0_rot_180_flip_1,1.6022236347198486
42,2,600 ppm 2 10,d4,scale_1.0_rot_180_flip_1,3.557889938354492
42,2,800 ppm 5 5,d4,scale_1.0_rot_180_flip_1,5.192455768585205
42,2,400 ppm 5 2,d4,scale_1.0_rot_180_flip_1,3.501286506652832
42,2,800 ppm 1 2,d4,scale_1.0_rot_180_flip_1,4.460323333740234
42,2,600 ppm 3 5,d4,scale_1.0_rot_180_flip_1,2.7945451736450195
42,2,800 ppm 2 5,d4,scale_1.0_rot_180_flip_1,3.0568628311157227
42,2,1000 ppm 5 3,d4,scale_1.0_rot_180_flip_1,4.033656597137451
42,2,400 ppm 5 10,d4,scale_1.0_rot_180_flip_1,4.530856132507324
42,2,1000 ppm 2 5,d4,scale_1.0_rot_180_flip_1,3.2119979858398438
42,2,400 ppm 2 4,d4,scale_1.0_rot_180_flip_1,3.8331902027130127
42,2,600 ppm 4 6,d4,scale_1.0_rot_180_flip_1,2.920098304748535
42,2,c 6,d4,scale_1.0_rot_180_flip_1,1.8112804889678955
42,2,800 ppm 1 7,d4,scale_1.0_rot_180_flip_1,4.316908359527588
42,2,1000 ppm 5 2,d4,scale_1.0_rot_180_flip_1,4.0562639236450195
42,2,600 ppm 2 1,d4,scale_1.0_rot_180_flip_1,5.149740695953369
42,2,400 ppm 4 1,d4,scale_1.0_rot_180_flip_1,3.4677844047546387
42,2,600 ppm 4 4,d4,scale_1.0_rot_180_flip_1,3.21277117729187
42,2,600 ppm 2 8,d4,scale_1.0_rot_180_flip_1,3.9359819889068604
42,2,400 ppm 1 6,d4,scale_1.0_rot_180_flip_1,3.689426898956299
42,2,1000 ppm 4 9,d4,scale_1.0_rot_180_flip_1,5.187277793884277
42,2,400 ppm 3 9,d4,scale_1.0_rot_180_flip_1,3.171159267425537
42,2,600 ppm 2 6,d4,scale_1.0_rot_180_flip_1,5.199591159820557
42,2,600 ppm 4 5,d4,scale_1.0_rot_180_flip_1,5.275256156921387
42,2,600 ppm 4 9,d4,scale_1.0_rot_180_flip_1,4.094111919403076
42,2,400 ppm 2 9,d4,scale_1.0_rot_180_flip_1,3.4453721046447754
42,2,800 ppm 1 1,d4,scale_1.0_rot_180_flip_1,4.331174850463867
42,2,1000 ppm 4 5,d4,scale_1.0_rot_180_flip_1,4.5506062507629395
42,2,1000 ppm 1 1,d4,scale_1.0_rot_180_flip_1,4.280691623687744
42,2,600 ppm 1 8,d4,scale_1.0_rot_180_flip_1,2.4730124473571777
42,2,600 ppm 5 7,d4,scale_1.0_rot_180_flip_1,3.047635316848755
42,2,1000 ppm 2 8,d4,scale_1.0_rot_180_flip_1,5.698415279388428
42,2,600 ppm 1 5,d4,scale_1.0_rot_180_flip_1,3.2221107482910156
42,2,600 ppm 1 9,d4,scale_1.0_rot_180_flip_1,3.7958831787109375
42,2,600 ppm 2 2,d4,scale_1.0_rot_180_flip_1,4.6166276931762695
42,2,600 ppm 5 2,d4,scale_1.0_rot_180_flip_1,3.829266309738159
42,2,800 ppm 4 9,d4,scale_1.0_rot_180_flip_1,3.5361714363098145
42,2,600 ppm 2 4,d4,scale_1.0_rot_180_flip_1,4.774720668792725
42,2,600 ppm 4 7,d4,scale_1.0_rot_180_flip_1,3.5463383197784424
42,2,1000 ppm 5 8,d4,scale_1.0_rot_180_flip_1,4.759647846221924
42,2,600 ppm 5 3,d4,scale_1.0_rot_180_flip_1,4.527176380157471
42,2,1000 ppm 4 4,d4,scale_1.0_rot_180_flip_1,4.6222243309021
42,2,1000 ppm 4 7,d4,scale_1.0_rot_180_flip_1,5.011255264282227
42,2,800 ppm 4 4,d4,scale_1.0_rot_270_flip_0,4.396050930023193
42,2,400 ppm 1 10,d4,scale_1.0_rot_270_flip_0,3.2793233394622803
42,2,c 8,d4,scale_1.0_rot_270_flip_0,0.8832142949104309
42,2,800 ppm 5 8,d4,scale_1.0_rot_270_flip_0,4.164064884185791
42,2,600 ppm 3 4,d4,scale_1.0_rot_270_flip_0,4.104997158050537
42,2,1000 ppm 2 10,d4,scale_1.0_rot_270_flip_0,4.085289001464844
42,2,800 ppm 3 1,d4,scale_1.0_rot_270_flip_0,4.033873081207275
42,2,400 ppm 4 3,d4,scale_1.0_rot_270_flip_0,3.4100217819213867
42,2,600 ppm 1 2,d4,scale_1.0_rot_270_flip_0,4.638830661773682
42,2,400 ppm 3 7,d4,scale_1.0_rot_270_flip_0,2.4637928009033203
42,2,600 ppm 2 10,d4,scale_1.0_rot_270_flip_0,4.8688645362854
42,2,800 ppm 5 5,d4,scale_1.0_rot_270_flip_0,4.349301815032959
42,2,400 ppm 5 2,d4,scale_1.0_rot_270_flip_0,3.284935474395752
42,2,800 ppm 1 2,d4,scale_1.0_rot_270_flip_0,4.4542341232299805
42,2,600 ppm 3 5,d4,scale_1.0_rot_270_flip_0,3.6090822219848633
42,2,800 ppm 2 5,d4,scale_1.0_rot_270_flip_0,3.460712432861328
42,2,1000 ppm 5 3,d4,scale_1.0_rot_270_flip_0,3.8311007022857666
42,2,400 ppm 5 10,d4,scale_1.0_rot_270_flip_0,5.092313766479492
42,2,1000 ppm 2 5,d4,scale_1.0_rot_270_flip_0,4.419239044189453
42,2,400 ppm 2 4,d4,scale_1.0_rot_270_flip_0,3.5640358924865723
42,2,600 ppm 4 6,d4,scale_1.0_rot_270_flip_0,3.063091278076172
42,2,c 6,d4,scale_1.0_rot_270_flip_0,2.3680033683776855
42,2,800 ppm 1 7,d4,scale_1.0_rot_270_flip_0,3.9142978191375732
42,2,1000 ppm 5 2,d4,scale_1.0_rot_270_flip_0,4.218726634979248
42,2,600 ppm 2 1,d4,scale_1.0_rot_270_flip_0,5.327967643737793
42,2,400 ppm 4 1,d4,scale_1.0_rot_270_flip_0,3.5474584102630615
42,2,600 ppm 4 4,d4,scale_1.0_rot_270_flip_0,4.239933490753174
42,2,600 ppm 2 8,d4,scale_1.0_rot_270_flip_0,4.532750606536865
42,2,400 ppm 1 6,d4,scale_1.0_rot_270_flip_0,3.342400550842285
42,2,1000 ppm 4 9,d4,scale_1.0_rot_270_flip_0,4.449764728546143
42,2,400 ppm 3 9,d4,scale_1.0_rot_270_flip_0,3.144864082336426
42,2,600 ppm 2 6,d4,scale_1.0_rot_270_flip_0,4.390597820281982
42,2,600 ppm 4 5,d4,scale_1.0_rot_270_flip_0,5.745114326477051
42,2,600 ppm 4 9,d4,scale_1.0_rot_270_flip_0,3.660628318786621
42,2,400 ppm 2 9,d4,scale_1.0_rot_270_flip_0,3.4099578857421875
42,2,800 ppm 1 1,d4,scale_1.0_rot_270_flip_0,4.228545665740967
42,2,1000 ppm 4 5,d4,scale_1.0_rot_270_flip_0,4.91882848739624
42,2,1000 ppm 1 1,d4,scale_1.0_rot_270_flip_0,4.415410995483398
42,2,600 ppm 1 8,d4,scale_1.0_rot_270_flip_0,2.747241735458374
42,2,600 ppm 5 7,d4,scale_1.0_rot_270_flip_0,3.3429219722747803
42,2,1000 ppm 2 8,d4,scale_1.0_rot_270_flip_0,4.3877482414245605
42,2,600 ppm 1 5,d4,scale_1.0_rot_270_flip_0,3.872122287750244
42,2,600 ppm 1 9,d4,scale_1.0_rot_270_flip_0,4.052125930786133
42,2,600 ppm 2 2,d4,scale_1.0_rot_270_flip_0,4.663642883300781
42,2,600 ppm 5 2,d4,scale_1.0_rot_270_flip_0,4.414214611053467
42,2,800 ppm 4 9,d4,scale_1.0_rot_270_flip_0,3.556147575378418
42,2,600 ppm 2 4,d4,scale_1.0_rot_270_flip_0,4.972538471221924
42,2,600 ppm 4 7,d4,scale_1.0_rot_270_flip_0,4.372104167938232
42,2,1000 ppm 5 8,d4,scale_1.0_rot_270_flip_0,4.766968250274658
42,2,600 ppm 5 3,d4,scale_1.0_rot_270_flip_0,4.8840413093566895
42,2,1000 ppm 4 4,d4,scale_1.0_rot_270_flip_0,5.011553764343262
42,2,1000 ppm 4 7,d4,scale_1.0_rot_270_flip_0,5.434741020202637
42,2,800 ppm 4 4,d4,scale_1.0_rot_270_flip_1,4.61246919631958
42,2,400 ppm 1 10,d4,scale_1.0_rot_270_flip_1,3.511168956756592
42,2,c 8,d4,scale_1.0_rot_270_flip_1,0.9576929807662964
42,2,800 ppm 5 8,d4,scale_1.0_rot_270_flip_1,4.095212936401367
42,2,600 ppm 3 4,d4,scale_1.0_rot_270_flip_1,4.064637660980225
42,2,1000 ppm 2 10,d4,scale_1.0_rot_270_flip_1,4.020668029785156
42,2,800 ppm 3 1,d4,scale_1.0_rot_270_flip_1,4.020007133483887
42,2,400 ppm 4 3,d4,scale_1.0_rot_270_flip_1,3.837686777114868
42,2,600 ppm 1 2,d4,scale_1.0_rot_270_flip_1,4.511571407318115
42,2,400 ppm 3 7,d4,scale_1.0_rot_270_flip_1,2.4411935806274414
42,2,600 ppm 2 10,d4,scale_1.0_rot_270_flip_1,4.635226726531982
42,2,800 ppm 5 5,d4,scale_1.0_rot_270_flip_1,4.265617847442627
42,2,400 ppm 5 2,d4,scale_1.0_rot_270_flip_1,3.212749719619751
42,2,800 ppm 1 2,d4,scale_1.0_rot_270_flip_1,4.4514994621276855
42,2,600 ppm 3 5,d4,scale_1.0_rot_270_flip_1,3.790912628173828
42,2,800 ppm 2 5,d4,scale_1.0_rot_270_flip_1,3.5069074630737305
42,2,1000 ppm 5 3,d4,scale_1.0_rot_270_flip_1,4.078413486480713
42,2,400 ppm 5 10,d4,scale_1.0_rot_270_flip_1,4.866678237915039
42,2,1000 ppm 2 5,d4,scale_1.0_rot_270_flip_1,4.415854454040527
42,2,400 ppm 2 4,d4,scale_1.0_rot_270_flip_1,3.6744182109832764
42,2,600 ppm 4 6,d4,scale_1.0_rot_270_flip_1,3.371302366256714
42,2,c 6,d4,scale_1.0_rot_270_flip_1,2.3891687393188477
42,2,800 ppm 1 7,d4,scale_1.0_rot_270_flip_1,4.1412672996521
42,2,1000 ppm 5 2,d4,scale_1.0_rot_270_flip_1,4.147017955780029
42,2,600 ppm 2 1,d4,scale_1.0_rot_270_flip_1,5.400564670562744
42,2,400 ppm 4 1,d4,scale_1.0_rot_270_flip_1,3.6152312755584717
42,2,600 ppm 4 4,d4,scale_1.0_rot_270_flip_1,4.010010242462158
42,2,600 ppm 2 8,d4,scale_1.0_rot_270_flip_1,4.6197943687438965
42,2,400 ppm 1 6,d4,scale_1.0_rot_270_flip_1,3.69234561920166
42,2,1000 ppm 4 9,d4,scale_1.0_rot_270_flip_1,4.491726398468018
42,2,400 ppm 3 9,d4,scale_1.0_rot_270_flip_1,3.3694443702697754
42,2,600 ppm 2 6,d4,scale_1.0_rot_270_flip_1,4.117321491241455
42,2,600 ppm 4 5,d4,scale_1.0_rot_270_flip_1,5.459578990936279
42,2,600 ppm 4 9,d4,scale_1.0_rot_270_flip_1,3.7365493774414062
42,2,400 ppm 2 9,d4,scale_1.0_rot_270_flip_1,3.510434865951538
42,2,800 ppm 1 1,d4,scale_1.0_rot_270_flip_1,4.207126617431641
42,2,1000 ppm 4 5,d4,scale_1.0_rot_270_flip_1,5.048604488372803
42,2,1000 ppm 1 1,d4,scale_1.0_rot_270_flip_1,4.837647914886475
42,2,600 ppm 1 8,d4,scale_1.0_rot_270_flip_1,2.715888738632202
42,2,600 ppm 5 7,d4,scale_1.0_rot_270_flip_1,3.230654001235962
42,2,1000 ppm 2 8,d4,scale_1.0_rot_270_flip_1,4.552481174468994
42,2,600 ppm 1 5,d4,scale_1.0_rot_270_flip_1,3.5490498542785645
42,2,600 ppm 1 9,d4,scale_1.0_rot_270_flip_1,4.244190692901611
42,2,600 ppm 2 2,d4,scale_1.0_rot_270_flip_1,4.749746322631836
42,2,600 ppm 5 2,d4,scale_1.0_rot_270_flip_1,4.413766384124756
42,2,800 ppm 4 9,d4,scale_1.0_rot_270_flip_1,3.712886333465576
42,2,600 ppm 2 4,d4,scale_1.0_rot_270_flip_1,4.975058078765869
42,2,600 ppm 4 7,d4,scale_1.0_rot_270_flip_1,4.356068134307861
42,2,1000 ppm 5 8,d4,scale_1.0_rot_270_flip_1,4.81626558303833
42,2,600 ppm 5 3,d4,scale_1.0_rot_270_flip_1,4.882490634918213
42,2,1000 ppm 4 4,d4,scale_1.0_rot_270_flip_1,5.14346981048584
42,2,1000 ppm 4 7,d4,scale_1.0_rot_270_flip_1,5.000975131988525
42,2,800 ppm 4 4,scale,scale_1.0_rot_0_flip_0,3.4403765201568604
42,2,400 ppm 1 10,scale,scale_1.0_rot_0_flip_0,2.6963889598846436
42,2,c 8,scale,scale_1.0_rot_0_flip_0,0.029748857021331787
42,2,800 ppm 5 8,scale,scale_1.0_rot_0_flip_0,2.9708571434020996
42,2,600 ppm 3 4,scale,scale_1.0_rot_0_flip_0,2.9933135509490967
42,2,1000 ppm 2 10,scale,scale_1.0_rot_0_flip_0,2.9815545082092285
42,2,800 ppm 3 1,scale,scale_1.0_rot_0_flip_0,2.7378039360046387
42,2,400 ppm 4 3,scale,scale_1.0_rot_0_flip_0,2.491340160369873
42,2,600 ppm 1 2,scale,scale_1.0_rot_0_flip_0,3.3510916233062744
42,2,400 ppm 3 7,scale,scale_1.0_rot_0_flip_0,1.7259817123413086
42,2,600 ppm 2 10,scale,scale_1.0_rot_0_flip_0,4.755982875823975
42,2,800 ppm 5 5,scale,scale_1.0_rot_0_flip_0,3.7828400135040283
42,2,400 ppm 5 2,scale,scale_1.0_rot_0_flip_0,2.158203363418579
42,2,800 ppm 1 2,scale,scale_1.0_rot_0_flip_0,4.639097690582275
42,2,600 ppm 3 5,scale,scale_1.0_rot_0_flip_0,2.6336193084716797
42,2,800 ppm 2 5,scale,scale_1.0_rot_0_flip_0,2.075528860092163
42,2,1000 ppm 5 3,scale,scale_1.0_rot_0_flip_0,3.0397496223449707
42,2,400 ppm 5 10,scale,scale_1.0_rot_0_flip_0,4.254710674285889
42,2,1000 ppm 2 5,scale,scale_1.0_rot_0_flip_0,3.218259572982788
42,2,400 ppm 2 4,scale,scale_1.0_rot_0_flip_0,3.295156955718994
42,2,600 ppm 4 6,scale,scale_1.0_rot_0_flip_0,2.084315299987793
42,2,c 6,scale,scale_1.0_rot_0_flip_0,1.1706278324127197
42,2,800 ppm 1 7,scale,scale_1.0_rot_0_flip_0,3.357673406600952
42,2,1000 ppm 5 2,scale,scale_1.0_rot_0_flip_0,3.1920371055603027
42,2,600 ppm 2 1,scale,scale_1.0_rot_0_flip_0,4.930279731750488
42,2,400 ppm 4 1,scale,scale_1.0_rot_0_flip_0,2.54063081741333
42,2,600 ppm 4 4,scale,scale_1.0_rot_0_flip_0,3.5586767196655273
42,2,600 ppm 2 8,scale,scale_1.0_rot_0_flip_0,3.3894131183624268
42,2,400 ppm 1 6,scale,scale_1.0_rot_0_flip_0,2.5622055530548096
42,2,1000 ppm 4 9,scale,scale_1.0_rot_0_flip_0,4.67443323135376
42,2,400 ppm 3 9,scale,scale_1.0_rot_0_flip_0,2.4799342155456543
42,2,600 ppm 2 6,scale,scale_1.0_rot_0_flip_0,5.719284534454346
42,2,600 ppm 4 5,scale,scale_1.0_rot_0_flip_0,4.426224708557129
42,2,600 ppm 4 9,scale,scale_1.0_rot_0_flip_0,3.378750801086426
42,2,400 ppm 2 9,scale,scale_1.0_rot_0_flip_0,2.564866781234741
42,2,800 ppm 1 1,scale,scale_1.0_rot_0_flip_0,3.853933095932007
42,2,1000 ppm 4 5,scale,scale_1.0_rot_0_flip_0,3.659698963165283
42,2,1000 ppm 1 1,scale,scale_1.0_rot_0_flip_0,3.80997371673584
42,2,600 ppm 1 8,scale,scale_1.0_rot_0_flip_0,1.8925740718841553
42,2,600 ppm 5 7,scale,scale_1.0_rot_0_flip_0,2.5810608863830566
42,2,1000 ppm 2 8,scale,scale_1.0_rot_0_flip_0,5.453404903411865
42,2,600 ppm 1 5,scale,scale_1.0_rot_0_flip_0,3.1838202476501465
42,2,600 ppm 1 9,scale,scale_1.0_rot_0_flip_0,3.2622945308685303
42,2,600 ppm 2 2,scale,scale_1.0_rot_0_flip_0,4.325602054595947
42,2,600 ppm 5 2,scale,scale_1.0_rot_0_flip_0,3.109095335006714
42,2,800 ppm 4 9,scale,scale_1.0_rot_0_flip_0,3.0319747924804688
42,2,600 ppm 2 4,scale,scale_1.0_rot_0_flip_0,4.264064311981201
42,2,600 ppm 4 7,scale,scale_1.0_rot_0_flip_0,2.787280321121216
42,2,1000 ppm 5 8,scale,scale_1.0_rot_0_flip_0,3.4939990043640137
42,2,600 ppm 5 3,scale,scale_1.0_rot_0_flip_0,4.316202640533447
42,2,1000 ppm 4 4,scale,scale_1.0_rot_0_flip_0,4.125132083892822
42,2,1000 ppm 4 7,scale,scale_1.0_rot_0_flip_0,4.865537643432617
42,2,800 ppm 4 4,scale,scale_1.25_rot_0_flip_0,3.1801512241363525
42,2,400 ppm 1 10,scale,scale_1.25_rot_0_flip_0,2.361656427383423
42,2,c 8,scale,scale_1.25_rot_0_flip_0,0.012304067611694336
42,2,800 ppm 5 8,scale,scale_1.25_rot_0_flip_0,3.136746406555176
42,2,600 ppm 3 4,scale,scale_1.25_rot_0_flip_0,3.191208839416504
42,2,1000 ppm 2 10,scale,scale_1.25_rot_0_flip_0,2.9576714038848877
42,2,800 ppm 3 1,scale,scale_1.25_rot_0_flip_0,3.1417236328125
42,2,400 ppm 4 3,scale,scale_1.25_rot_0_flip_0,2.7682912349700928
42,2,600 ppm 1 2,scale,scale_1.25_rot_0_flip_0,3.177772283554077
42,2,400 ppm 3 7,scale,scale_1.25_rot_0_flip_0,1.6276483535766602
42,2,600 ppm 2 10,scale,scale_1.25_rot_0_flip_0,5.571480751037598
42,2,800 ppm 5 5,scale,scale_1.25_rot_0_flip_0,3.825247049331665
42,2,400 ppm 5 2,scale,scale_1.25_rot_0_flip_0,2.4398984909057617
42,2,800 ppm 1 2,scale,scale_1.25_rot_0_flip_0,4.774058818817139
42,2,600 ppm 3 5,scale,scale_1.25_rot_0_flip_0,2.4450085163116455
42,2,800 ppm 2 5,scale,scale_1.25_rot_0_flip_0,2.4905385971069336
42,2,1000 ppm 5 3,scale,scale_1.25_rot_0_flip_0,2.9358181953430176
42,2,400 ppm 5 10,scale,scale_1.25_rot_0_flip_0,4.917882442474365
42,2,1000 ppm 2 5,scale,scale_1.25_rot_0_flip_0,3.9386727809906006
42,2,400 ppm 2 4,scale,scale_1.25_rot_0_flip_0,3.636524200439453
42,2,600 ppm 4 6,scale,scale_1.25_rot_0_flip_0,2.139010190963745
42,2,c 6,scale,scale_1.25_rot_0_flip_0,1.1617529392242432
42,2,800 ppm 1 7,scale,scale_1.25_rot_0_flip_0,3.628323793411255
42,2,1000 ppm 5 2,scale,scale_1.25_rot_0_flip_0,3.4583420753479004
42,2,600 ppm 2 1,scale,scale_1.25_rot_0_flip_0,4.680178642272949
42,2,400 ppm 4 1,scale,scale_1.25_rot_0_flip_0,2.9769134521484375
42,2,600 ppm 4 4,scale,scale_1.25_rot_0_flip_0,3.7617106437683105
42,2,600 ppm 2 8,scale,scale_1.25_rot_0_flip_0,2.8957879543304443
42,2,400 ppm 1 6,scale,scale_1.25_rot_0_flip_0,2.699066162109375
42,2,1000 ppm 4 9,scale,scale_1.25_rot_0_flip_0,4.932986736297607
42,2,400 ppm 3 9,scale,scale_1.25_rot_0_flip_0,2.7782721519470215
42,2,600 ppm 2 6,scale,scale_1.25_rot_0_flip_0,5.9412713050842285
42,2,600 ppm 4 5,scale,scale_1.25_rot_0_flip_0,4.734634876251221
42,2,600 ppm 4 9,scale,scale_1.25_rot_0_flip_0,3.274326801300049
42,2,400 ppm 2 9,scale,scale_1.25_rot_0_flip_0,2.9370806217193604
42,2,800 ppm 1 1,scale,scale_1.25_rot_0_flip_0,4.016911506652832
42,2,1000 ppm 4 5,scale,scale_1.25_rot_0_flip_0,3.9059252738952637
42,2,1000 ppm 1 1,scale,scale_1.25_rot_0_flip_0,4.148230075836182
42,2,600 ppm 1 8,scale,scale_1.25_rot_0_flip_0,2.035648822784424
42,2,600 ppm 5 7,scale,scale_1.25_rot_0_flip_0,2.4749250411987305
42,2,1000 ppm 2 8,scale,scale_1.25_rot_0_flip_0,5.354834079742432
42,2,600 ppm 1 5,scale,scale_1.25_rot_0_flip_0,3.3739500045776367
42,2,600 ppm 1 9,scale,scale_1.25_rot_0_flip_0,3.4787545204162598
42,2,600 ppm 2 2,scale,scale_1.25_rot_0_flip_0,4.333953380584717
42,2,600 ppm 5 2,scale,scale_1.25_rot_0_flip_0,3.0830588340759277
42,2,800 ppm 4 9,scale,scale_1.25_rot_0_flip_0,3.3532371520996094
42,2,600 ppm 2 4,scale,scale_1.25_rot_0_flip_0,4.413061618804932
42,2,600 ppm 4 7,scale,scale_1.25_rot_0_flip_0,2.8994014263153076
42,2,1000 ppm 5 8,scale,scale_1.25_rot_0_flip_0,3.9065909385681152
42,2,600 ppm 5 3,scale,scale_1.25_rot_0_flip_0,4.030028820037842
42,2,1000 ppm 4 4,scale,scale_1.25_rot_0_flip_0,4.447479724884033
42,2,1000 ppm 4 7,scale,scale_1.25_rot_0_flip_0,4.946374416351318
42,3,400 ppm 5 6,single,scale_1.0_rot_0_flip_0,1.3528963327407837
42,3,800 ppm 5 6,single,scale_1.0_rot_0_flip_0,4.577664852142334
42,3,800 ppm 1 8,single,scale_1.0_rot_0_flip_0,3.1289420127868652
42,3,400 ppm 1 7,single,scale_1.0_rot_0_flip_0,3.4429829120635986
42,3,400 ppm 3 8,single,scale_1.0_rot_0_flip_0,1.1515793800354004
42,3,1000 ppm 4 10,single,scale_1.0_rot_0_flip_0,3.5722298622131348
42,3,600 ppm 4 1,single,scale_1.0_rot_0_flip_0,1.5554453134536743
42,3,400 ppm 4 2,single,scale_1.0_rot_0_flip_0,3.149106502532959
42,3,1000 ppm 3 7,single,scale_1.0_rot_0_flip_0,2.2323031425476074
42,3,800 ppm 4 1,single,scale_1.0_rot_0_flip_0,3.1732001304626465
42,3,600 ppm 1 10,single,scale_1.0_rot_0_flip_0,2.9065494537353516
42,3,400 ppm 5 4,single,scale_1.0_rot_0_flip_0,3.105196237564087
42,3,1000 ppm 1 10,single,scale_1.0_rot_0_flip_0,4.6676836013793945
42,3,800 ppm 5 1,single,scale_1.0_rot_0_flip_0,1.7520354986190796
42,3,1000 ppm 1 2,single,scale_1.0_rot_0_flip_0,3.171795129776001
42,3,800 ppm 4 10,single,scale_1.0_rot_0_flip_0,2.147224187850952
42,3,800 ppm 3 10,single,scale_1.0_rot_0_flip_0,1.251824140548706
42,3,600 ppm 4 2,single,scale_1.0_rot_0_flip_0,3.7574191093444824
42,3,600 ppm 5 9,single,scale_1.0_rot_0_flip_0,3.945681095123291
42,3,600 ppm 4 3,single,scale_1.0_rot_0_flip_0,2.8553950786590576
42,3,600 ppm 2 3,single,scale_1.0_rot_0_flip_0,4.641196250915527
42,3,400 ppm 1 8,single,scale_1.0_rot_0_flip_0,3.876549243927002
42,3,800 ppm 2 6,single,scale_1.0_rot_0_flip_0,3.053830623626709
42,3,400 ppm 3 3,single,scale_1.0_rot_0_flip_0,0.04604195058345795
42,3,400 ppm 4 7,single,scale_1.0_rot_0_flip_0,2.2650153636932373
42,3,400 ppm 1 1,single,scale_1.0_rot_0_flip_0,1.6224446296691895
42,3,600 ppm 3 2,single,scale_1.0_rot_0_flip_0,1.737974762916565
42,3,400 ppm 2 5,single,scale_1.0_rot_0_flip_0,1.296268105506897
42,3,800 ppm 2 10,single,scale_1.0_rot_0_flip_0,4.110413551330566
42,3,400 ppm 2 6,single,scale_1.0_rot_0_flip_0,2.416853666305542
42,3,400 ppm 2 2,single,scale_1.0_rot_0_flip_0,1.2965725660324097
42,3,800 ppm 1 3,single,scale_1.0_rot_0_flip_0,3.541461944580078
42,3,400 ppm 5 7,single,scale_1.0_rot_0_flip_0,2.9602200984954834
42,3,1000 ppm 3 1,single,scale_1.0_rot_0_flip_0,3.905810594558716
42,3,1000 ppm 2 9,single,scale_1.0_rot_0_flip_0,3.2096590995788574
42,3,1000 ppm 2 6,single,scale_1.0_rot_0_flip_0,3.59159517288208
42,3,400 ppm 2 1,single,scale_1.0_rot_0_flip_0,2.5866100788116455
42,3,800 ppm 4 2,single,scale_1.0_rot_0_flip_0,4.676386833190918
42,3,800 ppm 1 6,single,scale_1.0_rot_0_flip_0,3.562302589416504
42,3,800 ppm 4 3,single,scale_1.0_rot_0_flip_0,2.909625291824341
42,3,1000 ppm 5 5,single,scale_1.0_rot_0_flip_0,3.4040637016296387
42,3,600 ppm 5 6,single,scale_1.0_rot_0_flip_0,2.6242809295654297
42,3,400 ppm 5 3,single,scale_1.0_rot_0_flip_0,3.8262686729431152
42,3,600 ppm 1 6,single,scale_1.0_rot_0_flip_0,3.4672138690948486
42,3,1000 ppm 1 6,single,scale_1.0_rot_0_flip_0,4.9768476486206055
42,3,800 ppm 5 2,single,scale_1.0_rot_0_flip_0,3.5488970279693604
42,3,c 2,single,scale_1.0_rot_0_flip_0,0.02018950879573822
42,3,800 ppm 2 2,single,scale_1.0_rot_0_flip_0,3.6228647232055664
42,3,400 ppm 5 9,single,scale_1.0_rot_0_flip_0,4.858292579650879
42,3,400 ppm 2 8,single,scale_1.0_rot_0_flip_0,2.8530349731445312
42,3,400 ppm 1 4,single,scale_1.0_rot_0_flip_0,3.5771965980529785
42,3,1000 ppm 2 2,single,scale_1.0_rot_0_flip_0,2.182435989379883
42,3,400 ppm 5 6,d4,scale_1.0_rot_0_flip_0,1.3528963327407837
42,3,800 ppm 5 6,d4,scale_1.0_rot_0_flip_0,4.577664852142334
42,3,800 ppm 1 8,d4,scale_1.0_rot_0_flip_0,3.1289420127868652
42,3,400 ppm 1 7,d4,scale_1.0_rot_0_flip_0,3.4429829120635986
42,3,400 ppm 3 8,d4,scale_1.0_rot_0_flip_0,1.1515793800354004
42,3,1000 ppm 4 10,d4,scale_1.0_rot_0_flip_0,3.5722298622131348
42,3,600 ppm 4 1,d4,scale_1.0_rot_0_flip_0,1.5554453134536743
42,3,400 ppm 4 2,d4,scale_1.0_rot_0_flip_0,3.149106502532959
42,3,1000 ppm 3 7,d4,scale_1.0_rot_0_flip_0,2.2323031425476074
42,3,800 ppm 4 1,d4,scale_1.0_rot_0_flip_0,3.1732001304626465
42,3,600 ppm 1 10,d4,scale_1.0_rot_0_flip_0,2.9065494537353516
42,3,400 ppm 5 4,d4,scale_1.0_rot_0_flip_0,3.105196237564087
42,3,1000 ppm 1 10,d4,scale_1.0_rot_0_flip_0,4.6676836013793945
42,3,800 ppm 5 1,d4,scale_1.0_rot_0_flip_0,1.7520354986190796
42,3,1000 ppm 1 2,d4,scale_1.0_rot_0_flip_0,3.171795129776001
42,3,800 ppm 4 10,d4,scale_1.0_rot_0_flip_0,2.147224187850952
42,3,800 ppm 3 10,d4,scale_1.0_rot_0_flip_0,1.251824140548706
42,3,600 ppm 4 2,d4,scale_1.0_rot_0_flip_0,3.7574191093444824
42,3,600 ppm 5 9,d4,scale_1.0_rot_0_flip_0,3.945681095123291
42,3,600 ppm 4 3,d4,scale_1.0_rot_0_flip_0,2.8553950786590576
42,3,600 ppm 2 3,d4,scale_1.0_rot_0_flip_0,4.641196250915527
42,3,400 ppm 1 8,d4,scale_1.0_rot_0_flip_0,3.876549243927002
42,3,800 ppm 2 6,d4,scale_1.0_rot_0_flip_0,3.053830623626709
42,3,400 ppm 3 3,d4,scale_1.0_rot_0_flip_0,0.04604195058345795
42,3,400 ppm 4 7,d4,scale_1.0_rot_0_flip_0,2.2650153636932373
42,3,400 ppm 1 1,d4,scale_1.0_rot_0_flip_0,1.6224446296691895
42,3,600 ppm 3 2,d4,scale_1.0_rot_0_flip_0,1.737974762916565
42,3,400 ppm 2 5,d4,scale_1.0_rot_0_flip_0,1.296268105506897
42,3,800 ppm 2 10,d4,scale_1.0_rot_0_flip_0,4.110413551330566
42,3,400 ppm 2 6,d4,scale_1.0_rot_0_flip_0,2.416853666305542
42,3,400 ppm 2 2,d4,scale_1.0_rot_0_flip_0,1.2965725660324097
42,3,800 ppm 1 3,d4,scale_1.0_rot_0_flip_0,3.541461944580078
42,3,400 ppm 5 7,d4,scale_1.0_rot_0_flip_0,2.9602200984954834
42,3,1000 ppm 3 1,d4,scale_1.0_rot_0_flip_0,3.905810594558716
42,3,1000 ppm 2 9,d4,scale_1.0_rot_0_flip_0,3.2096590995788574
42,3,1000 ppm 2 6,d4,scale_1.0_rot_0_flip_0,3.59159517288208
42,3,400 ppm 2 1,d4,scale_1.0_rot_0_flip_0,2.5866100788116455
42,3,800 ppm 4 2,d4,scale_1.0_rot_0_flip_0,4.676386833190918
42,3,800 ppm 1 6,d4,scale_1.0_rot_0_flip_0,3.562302589416504
42,3,800 ppm 4 3,d4,scale_1.0_rot_0_flip_0,2.909625291824341
42,3,1000 ppm 5 5,d4,scale_1.0_rot_0_flip_0,3.4040637016296387
42,3,600 ppm 5 6,d4,scale_1.0_rot_0_flip_0,2.6242809295654297
42,3,400 ppm 5 3,d4,scale_1.0_rot_0_flip_0,3.8262686729431152
42,3,600 ppm 1 6,d4,scale_1.0_rot_0_flip_0,3.4672138690948486
42,3,1000 ppm 1 6,d4,scale_1.0_rot_0_flip_0,4.9768476486206055
42,3,800 ppm 5 2,d4,scale_1.0_rot_0_flip_0,3.5488970279693604
42,3,c 2,d4,scale_1.0_rot_0_flip_0,0.02018950879573822
42,3,800 ppm 2 2,d4,scale_1.0_rot_0_flip_0,3.6228647232055664
42,3,400 ppm 5 9,d4,scale_1.0_rot_0_flip_0,4.858292579650879
42,3,400 ppm 2 8,d4,scale_1.0_rot_0_flip_0,2.8530349731445312
42,3,400 ppm 1 4,d4,scale_1.0_rot_0_flip_0,3.5771965980529785
42,3,1000 ppm 2 2,d4,scale_1.0_rot_0_flip_0,2.182435989379883
42,3,400 ppm 5 6,d4,scale_1.0_rot_0_flip_1,1.2777372598648071
42,3,800 ppm 5 6,d4,scale_1.0_rot_0_flip_1,4.4505615234375
42,3,800 ppm 1 8,d4,scale_1.0_rot_0_flip_1,2.9606852531433105
42,3,400 ppm 1 7,d4,scale_1.0_rot_0_flip_1,3.5198724269866943
42,3,400 ppm 3 8,d4,scale_1.0_rot_0_flip_1,1.2183549404144287
42,3,1000 ppm 4 10,d4,scale_1.0_rot_0_flip_1,3.20135498046875
42,3,600 ppm 4 1,d4,scale_1.0_rot_0_flip_1,1.69757878780365
42,3,400 ppm 4 2,d4,scale_1.0_rot_0_flip_1,2.654884099960327
42,3,1000 ppm 3 7,d4,scale_1.0_rot_0_flip_1,2.1932969093322754
42,3,800 ppm 4 1,d4,scale_1.0_rot_0_flip_1,3.2746753692626953
42,3,600 ppm 1 10,d4,scale_1.0_rot_0_flip_1,3.344974994659424
42,3,400 ppm 5 4,d4,scale_1.0_rot_0_flip_1,3.1231093406677246
42,3,1000 ppm 1 10,d4,scale_1.0_rot_0_flip_1,4.975757122039795
42,3,800 ppm 5 1,d4,scale_1.0_rot_0_flip_1,1.9010169506072998
42,3,1000 ppm 1 2,d4,scale_1.0_rot_0_flip_1,3.3439457416534424
42,3,800 ppm 4 10,d4,scale_1.0_rot_0_flip_1,2.3773257732391357
42,3,800 ppm 3 10,d4,scale_1.0_rot_0_flip_1,1.4239033460617065
42,3,600 ppm 4 2,d4,scale_1.0_rot_0_flip_1,3.6576554775238037
42,3,600 ppm 5 9,d4,scale_1.0_rot_0_flip_1,3.9014604091644287
42,3,600 ppm 4 3,d4,scale_1.0_rot_0_flip_1,2.6908106803894043
42,3,600 ppm 2 3,d4,scale_1.0_rot_0_flip_1,4.8319292068481445
42,3,400 ppm 1 8,d4,scale_1.0_rot_0_flip_1,3.8394455909729004
42,3,800 ppm 2 6,d4,scale_1.0_rot_0_flip_1,3.243131399154663
42,3,400 ppm 3 3,d4,scale_1.0_rot_0_flip_1,0.30559733510017395
42,3,400 ppm 4 7,d4,scale_1.0_rot_0_flip_1,2.267049789428711
42,3,400 ppm 1 1,d4,scale_1.0_rot_0_flip_1,1.8783888816833496
42,3,600 ppm 3 2,d4,scale_1.0_rot_0_flip_1,1.5063685178756714
42,3,400 ppm 2 5,d4,scale_1.0_rot_0_flip_1,1.4531731605529785
42,3,800 ppm 2 10,d4,scale_1.0_rot_0_flip_1,3.8289973735809326
42,3,400 ppm 2 6,d4,scale_1.0_rot_0_flip_1,2.098276138305664
42,3,400 ppm 2 2,d4,scale_1.0_rot_0_flip_1,1.3785887956619263
42,3,800 ppm 1 3,d4,scale_1.0_rot_0_flip_1,3.503458261489868
42,3,400 ppm 5 7,d4,scale_1.0_rot_0_flip_1,3.1442008018493652
42,3,1000 ppm 3 1,d4,scale_1.0_rot_0_flip_1,3.87170147895813
42,3,1000 ppm 2 9,d4,scale_1.0_rot_0_flip_1,2.6162829399108887
42,3,1000 ppm 2 6,d4,scale_1.0_rot_0_flip_1,3.554828643798828
42,3,400 ppm 2 1,d4,scale_1.0_rot_0_flip_1,2.9356884956359863
42,3,800 ppm 4 2,d4,scale_1.0_rot_0_flip_1,4.6039299964904785
42,3,800 ppm 1 6,d4,scale_1.0_rot_0_flip_1,3.899263858795166
42,3,800 ppm 4 3,d4,scale_1.0_rot_0_flip_1,3.135969638824463
42,3,1000 ppm 5 5,d4,scale_1.0_rot_0_flip_1,3.4041261672973633
42,3,600 ppm 5 6,d4,scale_1.0_rot_0_flip_1,2.4739301204681396
42,3,400 ppm 5 3,d4,scale_1.0_rot_0_flip_1,4.135788917541504
42,3,600 ppm 1 6,d4,scale_1.0_rot_0_flip_1,3.442607879638672
42,3,1000 ppm 1 6,d4,scale_1.0_rot_0_flip_1,4.596857070922852
42,3,800 ppm 5 2,d4,scale_1.0_rot_0_flip_1,3.796513795852661
42,3,c 2,d4,scale_1.0_rot_0_flip_1,0.2594864070415497
42,3,800 ppm 2 2,d4,scale_1.0_rot_0_flip_1,3.309697151184082
42,3,400 ppm 5 9,d4,scale_1.0_rot_0_flip_1,5.080940246582031
42,3,400 ppm 2 8,d4,scale_1.0_rot_0_flip_1,2.910311460494995
42,3,400 ppm 1 4,d4,scale_1.0_rot_0_flip_1,3.643584728240967
42,3,1000 ppm 2 2,d4,scale_1.0_rot_0_flip_1,1.9615702629089355
42,3,400 ppm 5 6,d4,scale_1.0_rot_90_flip_0,3.4995222091674805
42,3,800 ppm 5 6,d4,scale_1.0_rot_90_flip_0,5.604554176330566
42,3,800 ppm 1 8,d4,scale_1.0_rot_90_flip_0,2.7448651790618896
42,3,400 ppm 1 7,d4,scale_1.0_rot_90_flip_0,3.4670870304107666
42,3,400 ppm 3 8,d4,scale_1.0_rot_90_flip_0,3.019371509552002
42,3,1000 ppm 4 10,d4,scale_1.0_rot_90_flip_0,4.263777732849121
42,3,600 ppm 4 1,d4,scale_1.0_rot_90_flip_0,3.288809299468994
42,3,400 ppm 4 2,d4,scale_1.0_rot_90_flip_0,3.6959826946258545
42,3,1000 ppm 3 7,d4,scale_1.0_rot_90_flip_0,3.75848650932312
42,3,800 ppm 4 1,d4,scale_1.0_rot_90_flip_0,4.696188926696777
42,3,600 ppm 1 10,d4,scale_1.0_rot_90_flip_0,4.297964572906494
42,3,400 ppm 5 4,d4,scale_1.0_rot_90_flip_0,2.9400634765625
42,3,1000 ppm 1 10,d4,scale_1.0_rot_90_flip_0,5.803009986877441
42,3,800 ppm 5 1,d4,scale_1.0_rot_90_flip_0,3.2507917881011963
42,3,1000 ppm 1 2,d4,scale_1.0_rot_90_flip_0,3.4856786727905273
42,3,800 ppm 4 10,d4,scale_1.0_rot_90_flip_0,3.612295150756836
42,3,800 ppm 3 10,d4,scale_1.0_rot_90_flip_0,2.9021072387695312
42,3,600 ppm 4 2,d4,scale_1.0_rot_90_flip_0,5.235055446624756
42,3,600 ppm 5 9,d4,scale_1.0_rot_90_flip_0,4.757403373718262
42,3,600 ppm 4 3,d4,scale_1.0_rot_90_flip_0,3.863398313522339
42,3,600 ppm 2 3,d4,scale_1.0_rot_90_flip_0,4.625324249267578
42,3,400 ppm 1 8,d4,scale_1.0_rot_90_flip_0,4.4154462814331055
42,3,800 ppm 2 6,d4,scale_1.0_rot_90_flip_0,4.531238079071045
42,3,400 ppm 3 3,d4,scale_1.0_rot_90_flip_0,1.6111897230148315
42,3,400 ppm 4 7,d4,scale_1.0_rot_90_flip_0,2.127878189086914
42,3,400 ppm 1 1,d4,scale_1.0_rot_90_flip_0,2.8116488456726074
42,3,600 ppm 3 2,d4,scale_1.0_rot_90_flip_0,3.616886854171753
42,3,400 ppm 2 5,d4,scale_1.0_rot_90_flip_0,2.1200485229492188
42,3,800 ppm 2 10,d4,scale_1.0_rot_90_flip_0,5.652374744415283
42,3,400 ppm 2 6,d4,scale_1.0_rot_90_flip_0,3.954409122467041
42,3,400 ppm 2 2,d4,scale_1.0_rot_90_flip_0,2.5772345066070557
42,3,800 ppm 1 3,d4,scale_1.0_rot_90_flip_0,3.2165417671203613
42,3,400 ppm 5 7,d4,scale_1.0_rot_90_flip_0,4.0135908126831055
42,3,1000 ppm 3 1,d4,scale_1.0_rot_90_flip_0,4.166717529296875
42,3,1000 ppm 2 9,d4,scale_1.0_rot_90_flip_0,4.419870853424072
42,3,1000 ppm 2 6,d4,scale_1.0_rot_90_flip_0,4.765792369842529
42,3,400 ppm 2 1,d4,scale_1.0_rot_90_flip_0,3.6837897300720215
42,3,800 ppm 4 2,d4,scale_1.0_rot_90_flip_0,5.403726577758789
42,3,800 ppm 1 6,d4,scale_1.0_rot_90_flip_0,3.9130918979644775
42,3,800 ppm 4 3,d4,scale_1.0_rot_90_flip_0,4.022152423858643
42,3,1000 ppm 5 5,d4,scale_1.0_rot_90_flip_0,4.602819442749023
42,3,600 ppm 5 6,d4,scale_1.0_rot_90_flip_0,3.5544872283935547
42,3,400 ppm 5 3,d4,scale_1.0_rot_90_flip_0,3.010040044784546
42,3,600 ppm 1 6,d4,scale_1.0_rot_90_flip_0,4.944317817687988
42,3,1000 ppm 1 6,d4,scale_1.0_rot_90_flip_0,4.907199859619141
42,3,800 ppm 5 2,d4,scale_1.0_rot_90_flip_0,4.7758378982543945
42,3,c 2,d4,scale_1.0_rot_90_flip_0,1.4072349071502686
42,3,800 ppm 2 2,d4,scale_1.0_rot_90_flip_0,3.2736501693725586
42,3,400 ppm 5 9,d4,scale_1.0_rot_90_flip_0,4.760010719299316
42,3,400 ppm 2 8,d4,scale_1.0_rot_90_flip_0,3.9803552627563477
42,3,400 ppm 1 4,d4,scale_1.0_rot_90_flip_0,4.055111408233643
42,3,1000 ppm 2 2,d4,scale_1.0_rot_90_flip_0,3.152406692504883
42,3,400 ppm 5 6,d4,scale_1.0_rot_90_flip_1,3.298532485961914
42,3,800 ppm 5 6,d4,scale_1.0_rot_90_flip_1,5.533050537109375
42,3,800 ppm 1 8,d4,scale_1.0_rot_90_flip_1,2.7433323860168457
42,3,400 ppm 1 7,d4,scale_1.0_rot_90_flip_1,3.3446240425109863
42,3,400 ppm 3 8,d4,scale_1.0_rot_90_flip_1,2.8617334365844727
42,3,1000 ppm 4 10,d4,scale_1.0_rot_90_flip_1,4.3412604331970215
42,3,600 ppm 4 1,d4,scale_1.0_rot_90_flip_1,3.134308099746704
42,3,400 ppm 4 2,d4,scale_1.0_rot_90_flip_1,3.4533305168151855
42,3,1000 ppm 3 7,d4,scale_1.0_rot_90_flip_1,3.468973398208618
42,3,800 ppm 4 1,d4,scale_1.0_rot_90_flip_1,4.734066486358643
42,3,600 ppm 1 10,d4,scale_1.0_rot_90_flip_1,4.138396263122559
42,3,400 ppm 5 4,d4,scale_1.0_rot_90_flip_1,2.980401039123535
42,3,1000 ppm 1 10,d4,scale_1.0_rot_90_flip_1,5.690918922424316
42,3,800 ppm 5 1,d4,scale_1.0_rot_90_flip_1,3.0357308387756348
42,3,1000 ppm 1 2,d4,scale_1.0_rot_90_flip_1,3.063399314880371
42,3,800 ppm 4 10,d4,scale_1.0_rot_90_flip_1,3.5494589805603027
42,3,800 ppm 3 10,d4,scale_1.0_rot_90_flip_1,2.620823860168457
42,3,600 ppm 4 2,d4,scale_1.0_rot_90_flip_1,5.298321723937988
42,3,600 ppm 5 9,d4,scale_1.0_rot_90_flip_1,4.938105583190918
42,3,600 ppm 4 3,d4,scale_1.0_rot_90_flip_1,3.8250885009765625
42,3,600 ppm 2 3,d4,scale_1.0_rot_90_flip_1,4.4775166511535645
42,3,400 ppm 1 8,d4,scale_1.0_rot_90_flip_1,4.115542888641357
42,3,800 ppm 2 6,d4,scale_1.0_rot_90_flip_1,4.393035888671875
42,3,400 ppm 3 3,d4,scale_1.0_rot_90_flip_1,1.3905831575393677
42,3,400 ppm 4 7,d4,scale_1.0_rot_90_flip_1,2.1358232498168945
42,3,400 ppm 1 1,d4,scale_1.0_rot_90_flip_1,2.6177964210510254
42,3,600 ppm 3 2,d4,scale_1.0_rot_90_flip_1,3.6765995025634766
42,3,400 ppm 2 5,d4,scale_1.0_rot_90_flip_1,2.1161224842071533
42,3,800 ppm 2 10,d4,scale_1.0_rot_90_flip_1,5.540050029754639
42,3,400 ppm 2 6,d4,scale_1.0_rot_90_flip_1,3.6954782009124756
42,3,400 ppm 2 2,d4,scale_1.0_rot_90_flip_1,2.7118844985961914
42,3,800 ppm 1 3,d4,scale_1.0_rot_90_flip_1,3.197138547897339
42,3,400 ppm 5 7,d4,scale_1.0_rot_90_flip_1,3.816066026687622
42,3,1000 ppm 3 1,d4,scale_1.0_rot_90_flip_1,4.091966152191162
42,3,1000 ppm 2 9,d4,scale_1.0_rot_90_flip_1,4.3928937911987305
42,3,1000 ppm 2 6,d4,scale_1.0_rot_90_flip_1,4.59439754486084
42,3,400 ppm 2 1,d4,scale_1.0_rot_90_flip_1,3.930523157119751
42,3,800 ppm 4 2,d4,scale_1.0_rot_90_flip_1,5.2020673751831055
42,3,800 ppm 1 6,d4,scale_1.0_rot_90_flip_1,3.5366406440734863
42,3,800 ppm 4 3,d4,scale_1.0_rot_90_flip_1,4.1498308181762695
42,3,1000 ppm 5 5,d4,scale_1.0_rot_90_flip_1,4.372329235076904
42,3,600 ppm 5 6,d4,scale_1.0_rot_90_flip_1,3.4406023025512695
42,3,400 ppm 5 3,d4,scale_1.0_rot_90_flip_1,2.9568121433258057
42,3,600 ppm 1 6,d4,scale_1.0_rot_90_flip_1,5.278079986572266
42,3,1000 ppm 1 6,d4,scale_1.0_rot_90_flip_1,4.935752868652344
42,3,800 ppm 5 2,d4,scale_1.0_rot_90_flip_1,4.825274467468262
42,3,c 2,d4,scale_1.0_rot_90_flip_1,1.2896111011505127
42,3,800 ppm 2 2,d4,scale_1.0_rot_90_flip_1,3.1121621131896973
42,3,400 ppm 5 9,d4,scale_1.0_rot_90_flip_1,5.257593631744385
42,3,400 ppm 2 8,d4,scale_1.0_rot_90_flip_1,3.641216278076172
42,3,400 ppm 1 4,d4,scale_1.0_rot_90_flip_1,3.5688469409942627
42,3,1000 ppm 2 2,d4,scale_1.0_rot_90_flip_1,3.000394582748413
42,3,400 ppm 5 6,d4,scale_1.0_rot_180_flip_0,2.8649215698242188
42,3,800 ppm 5 6,d4,scale_1.0_rot_180_flip_0,5.282147407531738
42,3,800 ppm 1 8,d4,scale_1.0_rot_180_flip_0,2.851306915283203
42,3,400 ppm 1 7,d4,scale_1.0_rot_180_flip_0,2.5868630409240723
42,3,400 ppm 3 8,d4,scale_1.0_rot_180_flip_0,2.777405023574829
42,3,1000 ppm 4 10,d4,scale_1.0_rot_180_flip_0,4.934320449829102
42,3,600 ppm 4 1,d4,scale_1.0_rot_180_flip_0,3.241506814956665
42,3,400 ppm 4 2,d4,scale_1.0_rot_180_flip_0,3.4938554763793945
42,3,1000 ppm 3 7,d4,scale_1.0_rot_180_flip_0,4.0754594802856445
42,3,800 ppm 4 1,d4,scale_1.0_rot_180_flip_0,3.738642930984497
42,3,600 ppm 1 10,d4,scale_1.0_rot_180_flip_0,4.516861438751221
42,3,400 ppm 5 4,d4,scale_1.0_rot_180_flip_0,2.5644006729125977
42,3,1000 ppm 1 10,d4,scale_1.0_rot_180_flip_0,5.681667327880859
42,3,800 ppm 5 1,d4,scale_1.0_rot_180_flip_0,3.7945146560668945
42,3,1000 ppm 1 2,d4,scale_1.0_rot_180_flip_0,2.9978325366973877
42,3,800 ppm 4 10,d4,scale_1.0_rot_180_flip_0,3.3046159744262695
42,3,800 ppm 3 10,d4,scale_1.0_rot_180_flip_0,3.0495569705963135
42,3,600 ppm 4 2,d4,scale_1.0_rot_180_flip_0,4.969168663024902
42,3,600 ppm 5 9,d4,scale_1.0_rot_180_flip_0,5.419486999511719
42,3,600 ppm 4 3,d4,scale_1.0_rot_180_flip_0,3.630124568939209
42,3,600 ppm 2 3,d4,scale_1.0_rot_180_flip_0,4.502710342407227
42,3,400 ppm 1 8,d4,scale_1.0_rot_180_flip_0,2.916900157928467
42,3,800 ppm 2 6,d4,scale_1.0_rot_180_flip_0,4.739233016967773
42,3,400 ppm 3 3,d4,scale_1.0_rot_180_flip_0,0.9878647923469543
42,3,400 ppm 4 7,d4,scale_1.0_rot_180_flip_0,2.8778343200683594
42,3,400 ppm 1 1,d4,scale_1.0_rot_180_flip_0,2.4140210151672363
42,3,600 ppm 3 2,d4,scale_1.0_rot_180_flip_0,3.2206249237060547
42,3,400 ppm 2 5,d4,scale_1.0_rot_180_flip_0,2.3404970169067383
42,3,800 ppm 2 10,d4,scale_1.0_rot_180_flip_0,6.165555000305176
42,3,400 ppm 2 6,d4,scale_1.0_rot_180_flip_0,3.8846793174743652
42,3,400 ppm 2 2,d4,scale_1.0_rot_180_flip_0,3.1780080795288086
42,3,800 ppm 1 3,d4,scale_1.0_rot_180_flip_0,2.837097644805908
42,3,400 ppm 5 7,d4,scale_1.0_rot_180_flip_0,4.274474143981934
42,3,1000 ppm 3 1,d4,scale_1.0_rot_180_flip_0,2.309239387512207
42,3,1000 ppm 2 9,d4,scale_1.0_rot_180_flip_0,4.289192199707031
42,3,1000 ppm 2 6,d4,scale_1.0_rot_180_flip_0,4.717343330383301
42,3,400 ppm 2 1,d4,scale_1.0_rot_180_flip_0,3.519664764404297
42,3,800 ppm 4 2,d4,scale_1.0_rot_180_flip_0,5.221927642822266
42,3,800 ppm 1 6,d4,scale_1.0_rot_180_flip_0,3.015888214111328
42,3,800 ppm 4 3,d4,scale_1.0_rot_180_flip_0,4.711304664611816
42,3,1000 ppm 5 5,d4,scale_1.0_rot_180_flip_0,4.397280216217041
42,3,600 ppm 5 6,d4,scale_1.0_rot_180_flip_0,3.864292621612549
42,3,400 ppm 5 3,d4,scale_1.0_rot_180_flip_0,3.3939764499664307
42,3,600 ppm 1 6,d4,scale_1.0_rot_180_flip_0,4.990325927734375
42,3,1000 ppm 1 6,d4,scale_1.0_rot_180_flip_0,4.210550308227539
42,3,800 ppm 5 2,d4,scale_1.0_rot_180_flip_0,5.09931755065918
42,3,c 2,d4,scale_1.0_rot_180_flip_0,1.4633413553237915
42,3,800 ppm 2 2,d4,scale_1.0_rot_180_flip_0,4.027106285095215
42,3,400 ppm 5 9,d4,scale_1.0_rot_180_flip_0,4.338079452514648
42,3,400 ppm 2 8,d4,scale_1.0_rot_180_flip_0,3.4641025066375732
42,3,400 ppm 1 4,d4,scale_1.0_rot_180_flip_0,5.04569673538208
42,3,1000 ppm 2 2,d4,scale_1.0_rot_180_flip_0,3.3468987941741943
42,3,400 ppm 5 6,d4,scale_1.0_rot_180_flip_1,2.95166277885437
42,3,800 ppm 5 6,d4,scale_1.0_rot_180_flip_1,5.169942855834961
42,3,800 ppm 1 8,d4,scale_1.0_rot_180_flip_1,2.797914743423462
42,3,400 ppm 1 7,d4,scale_1.0_rot_180_flip_1,2.4739441871643066
42,3,400 ppm 3 8,d4,scale_1.0_rot_180_flip_1,2.725994825363159
42,3,1000 ppm 4 10,d4,scale_1.0_rot_180_flip_1,4.788875102996826
42,3,600 ppm 4 1,d4,scale_1.0_rot_180_flip_1,3.198495864868164
42,3,400 ppm 4 2,d4,scale_1.0_rot_180_flip_1,3.6480116844177246
42,3,1000 ppm 3 7,d4,scale_1.0_rot_180_flip_1,3.9922709465026855
42,3,800 ppm 4 1,d4,scale_1.0_rot_180_flip_1,3.917404890060425
42,3,600 ppm 1 10,d4,scale_1.0_rot_180_flip_1,4.232690334320068
42,3,400 ppm 5 4,d4,scale_1.0_rot_180_flip_1,2.4115755558013916
42,3,1000 ppm 1 10,d4,scale_1.0_rot_180_flip_1,5.854611396789551
42,3,800 ppm 5 1,d4,scale_1.0_rot_180_flip_1,3.6649231910705566
42,3,1000 ppm 1 2,d4,scale_1.0_rot_180_flip_1,2.787093162536621
42,3,800 ppm 4 10,d4,scale_1.0_rot_180_flip_1,3.199195384979248
42,3,800 ppm 3 10,d4,scale_1.0_rot_180_flip_1,2.9554028511047363
42,3,600 ppm 4 2,d4,scale_1.0_rot_180_flip_1,5.391925811767578
42,3,600 ppm 5 9,d4,scale_1.0_rot_180_flip_1,5.382994651794434
42,3,600 ppm 4 3,d4,scale_1.0_rot_180_flip_1,3.7565836906433105
42,3,600 ppm 2 3,d4,scale_1.0_rot_180_flip_1,4.313505172729492
42,3,400 ppm 1 8,d4,scale_1.0_rot_180_flip_1,3.2724530696868896
42,3,800 ppm 2 6,d4,scale_1.0_rot_180_flip_1,4.469038963317871
42,3,400 ppm 3 3,d4,scale_1.0_rot_180_flip_1,1.0948063135147095
42,3,400 ppm 4 7,d4,scale_1.0_rot_180_flip_1,3.068425178527832
42,3,400 ppm 1 1,d4,scale_1.0_rot_180_flip_1,2.5784285068511963
42,3,600 ppm 3 2,d4,scale_1.0_rot_180_flip_1,3.004014015197754
42,3,400 ppm 2 5,d4,scale_1.0_rot_180_flip_1,2.63704252243042
42,3,800 ppm 2 10,d4,scale_1.0_rot_180_flip_1,6.123061656951904
42,3,400 ppm 2 6,d4,scale_1.0_rot_180_flip_1,3.8263096809387207
42,3,400 ppm 2 2,d4,scale_1.0_rot_180_flip_1,3.0011510848999023
42,3,800 ppm 1 3,d4,scale_1.0_rot_180_flip_1,2.6107687950134277
42,3,400 ppm 5 7,d4,scale_1.0_rot_180_flip_1,4.147711753845215
42,3,1000 ppm 3 1,d4,scale_1.0_rot_180_flip_1,2.3659260272979736
42,3,1000 ppm 2 9,d4,scale_1.0_rot_180_flip_1,4.101224899291992
42,3,1000 ppm 2 6,d4,scale_1.0_rot_180_flip_1,4.521109104156494
42,3,400 ppm 2 1,d4,scale_1.0_rot_180_flip_1,3.573225259780884
42,3,800 ppm 4 2,d4,scale_1.0_rot_180_flip_1,5.085191249847412
42,3,800 ppm 1 6,d4,scale_1.0_rot_180_flip_1,3.7618050575256348
42,3,800 ppm 4 3,d4,scale_1.0_rot_180_flip_1,4.170003890991211
42,3,1000 ppm 5 5,d4,scale_1.0_rot_180_flip_1,4.702929973602295
42,3,600 ppm 5 6,d4,scale_1.0_rot_180_flip_1,3.5990562438964844
42,3,400 ppm 5 3,d4,scale_1.0_rot_180_flip_1,3.334416389465332
42,3,600 ppm 1 6,d4,scale_1.0_rot_180_flip_1,5.089893341064453
42,3,1000 ppm 1 6,d4,scale_1.0_rot_180_flip_1,4.28586483001709
42,3,800 ppm 5 2,d4,scale_1.0_rot_180_flip_1,4.961620807647705
42,3,c 2,d4,scale_1.0_rot_180_flip_1,1.4519500732421875
42,3,800 ppm 2 2,d4,scale_1.0_rot_180_flip_1,3.4480628967285156
42,3,400 ppm 5 9,d4,scale_1.0_rot_180_flip_1,4.494026184082031
42,3,400 ppm 2 8,d4,scale_1.0_rot_180_flip_1,3.4310474395751953
42,3,400 ppm 1 4,d4,scale_1.0_rot_180_flip_1,4.7450714111328125
42,3,1000 ppm 2 2,d4,scale_1.0_rot_180_flip_1,3.460472345352173
42,3,400 ppm 5 6,d4,scale_1.0_rot_270_flip_0,2.995150089263916
42,3,800 ppm 5 6,d4,scale_1.0_rot_270_flip_0,5.364037036895752
42,3,800 ppm 1 8,d4,scale_1.0_rot_270_flip_0,3.295854330062866
42,3,400 ppm 1 7,d4,scale_1.0_rot_270_flip_0,4.216346740722656
42,3,400 ppm 3 8,d4,scale_1.0_rot_270_flip_0,2.74238920211792
42,3,1000 ppm 4 10,d4,scale_1.0_rot_270_flip_0,4.187150955200195
42,3,600 ppm 4 1,d4,scale_1.0_rot_270_flip_0,2.670292377471924
42,3,400 ppm 4 2,d4,scale_1.0_rot_270_flip_0,3.9329400062561035
42,3,1000 ppm 3 7,d4,scale_1.0_rot_270_flip_0,3.728231430053711
42,3,800 ppm 4 1,d4,scale_1.0_rot_270_flip_0,4.254029273986816
42,3,600 ppm 1 10,d4,scale_1.0_rot_270_flip_0,4.252346038818359
42,3,400 ppm 5 4,d4,scale_1.0_rot_270_flip_0,3.684800148010254
42,3,1000 ppm 1 10,d4,scale_1.0_rot_270_flip_0,5.235100746154785
42,3,800 ppm 5 1,d4,scale_1.0_rot_270_flip_0,2.8774683475494385
42,3,1000 ppm 1 2,d4,scale_1.0_rot_270_flip_0,3.653182029724121
42,3,800 ppm 4 10,d4,scale_1.0_rot_270_flip_0,3.336552619934082
42,3,800 ppm 3 10,d4,scale_1.0_rot_270_flip_0,2.8306686878204346
42,3,600 ppm 4 2,d4,scale_1.0_rot_270_flip_0,4.713864326477051
42,3,600 ppm 5 9,d4,scale_1.0_rot_270_flip_0,5.197216510772705
42,3,600 ppm 4 3,d4,scale_1.0_rot_270_flip_0,3.5287227630615234
42,3,600 ppm 2 3,d4,scale_1.0_rot_270_flip_0,4.976017475128174
42,3,400 ppm 1 8,d4,scale_1.0_rot_270_flip_0,4.22353458404541
42,3,800 ppm 2 6,d4,scale_1.0_rot_270_flip_0,4.782706260681152
42,3,400 ppm 3 3,d4,scale_1.0_rot_270_flip_0,2.1148808002471924
42,3,400 ppm 4 7,d4,scale_1.0_rot_270_flip_0,2.8014657497406006
42,3,400 ppm 1 1,d4,scale_1.0_rot_270_flip_0,2.729583263397217
42,3,600 ppm 3 2,d4,scale_1.0_rot_270_flip_0,3.0479302406311035
42,3,400 ppm 2 5,d4,scale_1.0_rot_270_flip_0,2.4646053314208984
42,3,800 ppm 2 10,d4,scale_1.0_rot_270_flip_0,5.7620086669921875
42,3,400 ppm 2 6,d4,scale_1.0_rot_270_flip_0,3.764819622039795
42,3,400 ppm 2 2,d4,scale_1.0_rot_270_flip_0,2.4427871704101562
42,3,800 ppm 1 3,d4,scale_1.0_rot_270_flip_0,3.9045209884643555
42,3,400 ppm 5 7,d4,scale_1.0_rot_270_flip_0,3.9375085830688477
42,3,1000 ppm 3 1,d4,scale_1.0_rot_270_flip_0,3.816575527191162
42,3,1000 ppm 2 9,d4,scale_1.0_rot_270_flip_0,5.047219276428223
42,3,1000 ppm 2 6,d4,scale_1.0_rot_270_flip_0,4.584921836853027
42,3,400 ppm 2 1,d4,scale_1.0_rot_270_flip_0,4.102795124053955
42,3,800 ppm 4 2,d4,scale_1.0_rot_270_flip_0,5.145495414733887
42,3,800 ppm 1 6,d4,scale_1.0_rot_270_flip_0,2.6958227157592773
42,3,800 ppm 4 3,d4,scale_1.0_rot_270_flip_0,4.38414192199707
42,3,1000 ppm 5 5,d4,scale_1.0_rot_270_flip_0,4.42250919342041
42,3,600 ppm 5 6,d4,scale_1.0_rot_270_flip_0,3.9452767372131348
42,3,400 ppm 5 3,d4,scale_1.0_rot_270_flip_0,1.972507119178772
42,3,600 ppm 1 6,d4,scale_1.0_rot_270_flip_0,4.9864397048950195
42,3,1000 ppm 1 6,d4,scale_1.0_rot_270_flip_0,3.261423110961914
42,3,800 ppm 5 2,d4,scale_1.0_rot_270_flip_0,4.88762092590332
42,3,c 2,d4,scale_1.0_rot_270_flip_0,1.1643179655075073
42,3,800 ppm 2 2,d4,scale_1.0_rot_270_flip_0,3.6812222003936768
42,3,400 ppm 5 9,d4,scale_1.0_rot_270_flip_0,5.6634521484375
42,3,400 ppm 2 8,d4,scale_1.0_rot_270_flip_0,3.813082218170166
42,3,400 ppm 1 4,d4,scale_1.0_rot_270_flip_0,4.582798004150391
42,3,1000 ppm 2 2,d4,scale_1.0_rot_270_flip_0,3.230340003967285
42,3,400 ppm 5 6,d4,scale_1.0_rot_270_flip_1,2.859325885772705
42,3,800 ppm 5 6,d4,scale_1.0_rot_270_flip_1,5.630328178405762
42,3,800 ppm 1 8,d4,scale_1.0_rot_270_flip_1,3.6282124519348145
42,3,400 ppm 1 7,d4,scale_1.0_rot_270_flip_1,3.922983169555664
42,3,400 ppm 3 8,d4,scale_1.0_rot_270_flip_1,2.768815517425537
42,3,1000 ppm 4 10,d4,scale_1.0_rot_270_flip_1,4.662140846252441
42,3,600 ppm 4 1,d4,scale_1.0_rot_270_flip_1,2.7805004119873047
42,3,400 ppm 4 2,d4,scale_1.0_rot_270_flip_1,3.982828140258789
42,3,1000 ppm 3 7,d4,scale_1.0_rot_270_flip_1,3.9208450317382812
42,3,800 ppm 4 1,d4,scale_1.0_rot_270_flip_1,4.143199920654297
42,3,600 ppm 1 10,d4,scale_1.0_rot_270_flip_1,4.431507110595703
42,3,400 ppm 5 4,d4,scale_1.0_rot_270_flip_1,3.547487258911133
42,3,1000 ppm 1 10,d4,scale_1.0_rot_270_flip_1,5.682106018066406
42,3,800 ppm 5 1,d4,scale_1.0_rot_270_flip_1,3.0962331295013428
42,3,1000 ppm 1 2,d4,scale_1.0_rot_270_flip_1,3.9399123191833496
42,3,800 ppm 4 10,d4,scale_1.0_rot_270_flip_1,3.1923904418945312
42,3,800 ppm 3 10,d4,scale_1.0_rot_270_flip_1,2.551527976989746
42,3,600 ppm 4 2,d4,scale_1.0_rot_270_flip_1,5.136805534362793
42,3,600 ppm 5 9,d4,scale_1.0_rot_270_flip_1,4.982846736907959
42,3,600 ppm 4 3,d4,scale_1.0_rot_270_flip_1,3.485481023788452
42,3,600 ppm 2 3,d4,scale_1.0_rot_270_flip_1,5.248329162597656
42,3,400 ppm 1 8,d4,scale_1.0_rot_270_flip_1,4.057508945465088
42,3,800 ppm 2 6,d4,scale_1.0_rot_270_flip_1,4.9513468742370605
42,3,400 ppm 3 3,d4,scale_1.0_rot_270_flip_1,1.908597469329834
42,3,400 ppm 4 7,d4,scale_1.0_rot_270_flip_1,2.409118890762329
42,3,400 ppm 1 1,d4,scale_1.0_rot_270_flip_1,2.5830225944519043
42,3,600 ppm 3 2,d4,scale_1.0_rot_270_flip_1,3.24092173576355
42,3,400 ppm 2 5,d4,scale_1.0_rot_270_flip_1,2.6192777156829834
42,3,800 ppm 2 10,d4,scale_1.0_rot_270_flip_1,5.934269905090332
42,3,400 ppm 2 6,d4,scale_1.0_rot_270_flip_1,3.974274158477783
42,3,400 ppm 2 2,d4,scale_1.0_rot_270_flip_1,2.789536714553833
42,3,800 ppm 1 3,d4,scale_1.0_rot_270_flip_1,3.9246551990509033
42,3,400 ppm 5 7,d4,scale_1.0_rot_270_flip_1,3.9547581672668457
42,3,1000 ppm 3 1,d4,scale_1.0_rot_270_flip_1,3.9577088356018066
42,3,1000 ppm 2 9,d4,scale_1.0_rot_270_flip_1,4.917974472045898
42,3,1000 ppm 2 6,d4,scale_1.0_rot_270_flip_1,4.905323505401611
42,3,400 ppm 2 1,d4,scale_1.0_rot_270_flip_1,3.6504483222961426
42,3,800 ppm 4 2,d4,scale_1.0_rot_270_flip_1,5.276646614074707
42,3,800 ppm 1 6,d4,scale_1.0_rot_270_flip_1,2.7771925926208496
42,3,800 ppm 4 3,d4,scale_1.0_rot_270_flip_1,4.092952251434326
42,3,1000 ppm 5 5,d4,scale_1.0_rot_270_flip_1,4.640501499176025
42,3,600 ppm 5 6,d4,scale_1.0_rot_270_flip_1,4.074002265930176
42,3,400 ppm 5 3,d4,scale_1.0_rot_270_flip_1,2.0911200046539307
42,3,600 ppm 1 6,d4,scale_1.0_rot_270_flip_1,5.061727523803711
42,3,1000 ppm 1 6,d4,scale_1.0_rot_270_flip_1,3.7193307876586914
42,3,800 ppm 5 2,d4,scale_1.0_rot_270_flip_1,5.1466827392578125
42,3,c 2,d4,scale_1.0_rot_270_flip_1,1.164145588874817
42,3,800 ppm 2 2,d4,scale_1.0_rot_270_flip_1,3.4822731018066406
42,3,400 ppm 5 9,d4,scale_1.0_rot_270_flip_1,5.543247699737549
42,3,400 ppm 2 8,d4,scale_1.0_rot_270_flip_1,4.103460788726807
42,3,400 ppm 1 4,d4,scale_1.0_rot_270_flip_1,4.542390823364258
42,3,1000 ppm 2 2,d4,scale_1.0_rot_270_flip_1,3.1851940155029297
42,3,400 ppm 5 6,scale,scale_1.0_rot_0_flip_0,1.3528963327407837
42,3,800 ppm 5 6,scale,scale_1.0_rot_0_flip_0,4.577664852142334
42,3,800 ppm 1 8,scale,scale_1.0_rot_0_flip_0,3.1289420127868652
42,3,400 ppm 1 7,scale,scale_1.0_rot_0_flip_0,3.4429829120635986
42,3,400 ppm 3 8,scale,scale_1.0_rot_0_flip_0,1.1515793800354004
42,3,1000 ppm 4 10,scale,scale_1.0_rot_0_flip_0,3.5722298622131348
42,3,600 ppm 4 1,scale,scale_1.0_rot_0_flip_0,1.5554453134536743
42,3,400 ppm 4 2,scale,scale_1.0_rot_0_flip_0,3.149106502532959
42,3,1000 ppm 3 7,scale,scale_1.0_rot_0_flip_0,2.2323031425476074
42,3,800 ppm 4 1,scale,scale_1.0_rot_0_flip_0,3.1732001304626465
42,3,600 ppm 1 10,scale,scale_1.0_rot_0_flip_0,2.9065494537353516
42,3,400 ppm 5 4,scale,scale_1.0_rot_0_flip_0,3.105196237564087
42,3,1000 ppm 1 10,scale,scale_1.0_rot_0_flip_0,4.6676836013793945
42,3,800 ppm 5 1,scale,scale_1.0_rot_0_flip_0,1.7520354986190796
42,3,1000 ppm 1 2,scale,scale_1.0_rot_0_flip_0,3.171795129776001
42,3,800 ppm 4 10,scale,scale_1.0_rot_0_flip_0,2.147224187850952
42,3,800 ppm 3 10,scale,scale_1.0_rot_0_flip_0,1.251824140548706
42,3,600 ppm 4 2,scale,scale_1.0_rot_0_flip_0,3.7574191093444824
42,3,600 ppm 5 9,scale,scale_1.0_rot_0_flip_0,3.945681095123291
42,3,600 ppm 4 3,scale,scale_1.0_rot_0_flip_0,2.8553950786590576
42,3,600 ppm 2 3,scale,scale_1.0_rot_0_flip_0,4.641196250915527
42,3,400 ppm 1 8,scale,scale_1.0_rot_0_flip_0,3.876549243927002
42,3,800 ppm 2 6,scale,scale_1.0_rot_0_flip_0,3.053830623626709
42,3,400 ppm 3 3,scale,scale_1.0_rot_0_flip_0,0.04604195058345795
42,3,400 ppm 4 7,scale,scale_1.0_rot_0_flip_0,2.2650153636932373
42,3,400 ppm 1 1,scale,scale_1.0_rot_0_flip_0,1.6224446296691895
42,3,600 ppm 3 2,scale,scale_1.0_rot_0_flip_0,1.737974762916565
42,3,400 ppm 2 5,scale,scale_1.0_rot_0_flip_0,1.296268105506897
42,3,800 ppm 2 10,scale,scale_1.0_rot_0_flip_0,4.110413551330566
42,3,400 ppm 2 6,scale,scale_1.0_rot_0_flip_0,2.416853666305542
42,3,400 ppm 2 2,scale,scale_1.0_rot_0_flip_0,1.2965725660324097
42,3,800 ppm 1 3,scale,scale_1.0_rot_0_flip_0,3.541461944580078
42,3,400 ppm 5 7,scale,scale_1.0_rot_0_flip_0,2.9602200984954834
42,3,1000 ppm 3 1,scale,scale_1.0_rot_0_flip_0,3.905810594558716
42,3,1000 ppm 2 9,scale,scale_1.0_rot_0_flip_0,3.2096590995788574
42,3,1000 ppm 2 6,scale,scale_1.0_rot_0_flip_0,3.59159517288208
42,3,400 ppm 2 1,scale,scale_1.0_rot_0_flip_0,2.5866100788116455
42,3,800 ppm 4 2,scale,scale_1.0_rot_0_flip_0,4.676386833190918
42,3,800 ppm 1 6,scale,scale_1.0_rot_0_flip_0,3.562302589416504
42,3,800 ppm 4 3,scale,scale_1.0_rot_0_flip_0,2.909625291824341
42,3,1000 ppm 5 5,scale,scale_1.0_rot_0_flip_0,3.4040637016296387
42,3,600 ppm 5 6,scale,scale_1.0_rot_0_flip_0,2.6242809295654297
42,3,400 ppm 5 3,scale,scale_1.0_rot_0_flip_0,3.8262686729431152
42,3,600 ppm 1 6,scale,scale_1.0_rot_0_flip_0,3.4672138690948486
42,3,1000 ppm 1 6,scale,scale_1.0_rot_0_flip_0,4.9768476486206055
42,3,800 ppm 5 2,scale,scale_1.0_rot_0_flip_0,3.5488970279693604
42,3,c 2,scale,scale_1.0_rot_0_flip_0,0.02018950879573822
42,3,800 ppm 2 2,scale,scale_1.0_rot_0_flip_0,3.6228647232055664
42,3,400 ppm 5 9,scale,scale_1.0_rot_0_flip_0,4.858292579650879
42,3,400 ppm 2 8,scale,scale_1.0_rot_0_flip_0,2.8530349731445312
42,3,400 ppm 1 4,scale,scale_1.0_rot_0_flip_0,3.5771965980529785
42,3,1000 ppm 2 2,scale,scale_1.0_rot_0_flip_0,2.182435989379883
42,3,400 ppm 5 6,scale,scale_1.25_rot_0_flip_0,1.403281807899475
42,3,800 ppm 5 6,scale,scale_1.25_rot_0_flip_0,4.960892677307129
42,3,800 ppm 1 8,scale,scale_1.25_rot_0_flip_0,3.20115327835083
42,3,400 ppm 1 7,scale,scale_1.25_rot_0_flip_0,3.2236247062683105
42,3,400 ppm 3 8,scale,scale_1.25_rot_0_flip_0,1.6331144571304321
42,3,1000 ppm 4 10,scale,scale_1.25_rot_0_flip_0,3.6116487979888916
42,3,600 ppm 4 1,scale,scale_1.25_rot_0_flip_0,1.8570808172225952
42,3,400 ppm 4 2,scale,scale_1.25_rot_0_flip_0,3.250615119934082
42,3,1000 ppm 3 7,scale,scale_1.25_rot_0_flip_0,2.0980653762817383
42,3,800 ppm 4 1,scale,scale_1.25_rot_0_flip_0,3.351320505142212
42,3,600 ppm 1 10,scale,scale_1.25_rot_0_flip_0,3.3354263305664062
42,3,400 ppm 5 4,scale,scale_1.25_rot_0_flip_0,3.1156020164489746
42,3,1000 ppm 1 10,scale,scale_1.25_rot_0_flip_0,4.4877238273620605
42,3,800 ppm 5 1,scale,scale_1.25_rot_0_flip_0,1.5538179874420166
42,3,1000 ppm 1 2,scale,scale_1.25_rot_0_flip_0,3.164407730102539
42,3,800 ppm 4 10,scale,scale_1.25_rot_0_flip_0,2.5143513679504395
42,3,800 ppm 3 10,scale,scale_1.25_rot_0_flip_0,1.7410773038864136
42,3,600 ppm 4 2,scale,scale_1.25_rot_0_flip_0,3.361677885055542
42,3,600 ppm 5 9,scale,scale_1.25_rot_0_flip_0,4.080775737762451
42,3,600 ppm 4 3,scale,scale_1.25_rot_0_flip_0,2.9325499534606934
42,3,600 ppm 2 3,scale,scale_1.25_rot_0_flip_0,4.285792350769043
42,3,400 ppm 1 8,scale,scale_1.25_rot_0_flip_0,3.730034351348877
42,3,800 ppm 2 6,scale,scale_1.25_rot_0_flip_0,2.9500951766967773
42,3,400 ppm 3 3,scale,scale_1.25_rot_0_flip_0,0.24682103097438812
42,3,400 ppm 4 7,scale,scale_1.25_rot_0_flip_0,2.095167875289917
42,3,400 ppm 1 1,scale,scale_1.25_rot_0_flip_0,1.8724881410598755
42,3,600 ppm 3 2,scale,scale_1.25_rot_0_flip_0,1.4367867708206177
42,3,400 ppm 2 5,scale,scale_1.25_rot_0_flip_0,1.458988904953003
42,3,800 ppm 2 10,scale,scale_1.25_rot_0_flip_0,4.4923624992370605
42,3,400 ppm 2 6,scale,scale_1.25_rot_0_flip_0,2.5714101791381836
42,3,400 ppm 2 2,scale,scale_1.25_rot_0_flip_0,1.1998863220214844
42,3,800 ppm 1 3,scale,scale_1.25_rot_0_flip_0,3.4721195697784424
42,3,400 ppm 5 7,scale,scale_1.25_rot_0_flip_0,2.9155421257019043
42,3,1000 ppm 3 1,scale,scale_1.25_rot_0_flip_0,3.9595484733581543
42,3,1000 ppm 2 9,scale,scale_1.25_rot_0_flip_0,3.4746694564819336
42,3,1000 ppm 2 6,scale,scale_1.25_rot_0_flip_0,4.172216892242432
42,3,400 ppm 2 1,scale,scale_1.25_rot_0_flip_0,2.408146381378174
42,3,800 ppm 4 2,scale,scale_1.25_rot_0_flip_0,4.901230812072754
42,3,800 ppm 1 6,scale,scale_1.25_rot_0_flip_0,3.2565360069274902
42,3,800 ppm 4 3,scale,scale_1.25_rot_0_flip_0,3.115823984146118
42,3,1000 ppm 5 5,scale,scale_1.25_rot_0_flip_0,3.5553321838378906
42,3,600 ppm 5 6,scale,scale_1.25_rot_0_flip_0,2.4105682373046875
42,3,400 ppm 5 3,scale,scale_1.25_rot_0_flip_0,3.2372488975524902
42,3,600 ppm 1 6,scale,scale_1.25_rot_0_flip_0,3.6686105728149414
42,3,1000 ppm 1 6,scale,scale_1.25_rot_0_flip_0,4.975332260131836
42,3,800 ppm 5 2,scale,scale_1.25_rot_0_flip_0,4.138525009155273
42,3,c 2,scale,scale_1.25_rot_0_flip_0,-0.05251611769199371
42,3,800 ppm 2 2,scale,scale_1.25_rot_0_flip_0,3.549499273300171
42,3,400 ppm 5 9,scale,scale_1.25_rot_0_flip_0,5.378006935119629
42,3,400 ppm 2 8,scale,scale_1.25_rot_0_flip_0,3.552490234375
42,3,400 ppm 1 4,scale,scale_1.25_rot_0_flip_0,3.135493278503418
42,3,1000 ppm 2 2,scale,scale_1.25_rot_0_flip_0,2.5626463890075684
42,4,1000 ppm 1 3,single,scale_1.0_rot_0_flip_0,4.7526984214782715
42,4,400 ppm 4 6,single,scale_1.0_rot_0_flip_0,1.9295060634613037
42,4,600 ppm 3 1,single,scale_1.0_rot_0_flip_0,4.37177038192749
42,4,400 ppm 3 5,single,scale_1.0_rot_0_flip_0,3.049145460128784
42,4,c 10,single,scale_1.0_rot_0_flip_0,1.5707635879516602
42,4,400 ppm 1 2,single,scale_1.0_rot_0_flip_0,2.071943998336792
42,4,800 ppm 2 4,single,scale_1.0_rot_0_flip_0,3.133413076400757
42,4,800 ppm 5 4,single,scale_1.0_rot_0_flip_0,5.0038838386535645
42,4,1000 ppm 1 4,single,scale_1.0_rot_0_flip_0,4.546719074249268
42,4,1000 ppm 4 2,single,scale_1.0_rot_0_flip_0,4.481629848480225
42,4,400 ppm 2 3,single,scale_1.0_rot_0_flip_0,1.3093254566192627
42,4,600 ppm 1 3,single,scale_1.0_rot_0_flip_0,3.5094282627105713
42,4,400 ppm 5 5,single,scale_1.0_rot_0_flip_0,4.5445380210876465
42,4,800 ppm 3 7,single,scale_1.0_rot_0_flip_0,3.8984720706939697
42,4,400 ppm 1 9,single,scale_1.0_rot_0_flip_0,4.15149450302124
42,4,800 ppm 5 3,single,scale_1.0_rot_0_flip_0,3.773789405822754
42,4,800 ppm 3 6,single,scale_1.0_rot_0_flip_0,2.9746463298797607
42,4,1000 ppm 4 8,single,scale_1.0_rot_0_flip_0,5.170311450958252
42,4,800 ppm 4 8,single,scale_1.0_rot_0_flip_0,2.859812021255493
42,4,400 ppm 4 9,single,scale_1.0_rot_0_flip_0,2.8366658687591553
42,4,c 7,single,scale_1.0_rot_0_flip_0,0.8080666065216064
42,4,800 ppm 1 5,single,scale_1.0_rot_0_flip_0,4.468814373016357
42,4,600 ppm 2 7,single,scale_1.0_rot_0_flip_0,4.706262111663818
42,4,600 ppm 1 7,single,scale_1.0_rot_0_flip_0,1.8524792194366455
42,4,1000 ppm 3 6,single,scale_1.0_rot_0_flip_0,3.8454396724700928
42,4,1000 ppm 1 9,single,scale_1.0_rot_0_flip_0,4.994539260864258
42,4,800 ppm 2 7,single,scale_1.0_rot_0_flip_0,5.177241802215576
42,4,800 ppm 3 2,single,scale_1.0_rot_0_flip_0,2.5215766429901123
42,4,1000 ppm 4 6,single,scale_1.0_rot_0_flip_0,4.252740383148193
42,4,600 ppm 1 4,single,scale_1.0_rot_0_flip_0,2.0236637592315674
42,4,600 ppm 3 10,single,scale_1.0_rot_0_flip_0,3.057175636291504
42,4,600 ppm 5 8,single,scale_1.0_rot_0_flip_0,1.4512016773223877
42,4,c 5,single,scale_1.0_rot_0_flip_0,2.351945400238037
42,4,600 ppm 3 9,single,scale_1.0_rot_0_flip_0,2.4564127922058105
42,4,1000 ppm 5 10,single,scale_1.0_rot_0_flip_0,4.691938877105713
42,4,600 ppm 5 1,single,scale_1.0_rot_0_flip_0,1.5298961400985718
42,4,600 ppm 1 1,single,scale_1.0_rot_0_flip_0,2.728682279586792
42,4,800 ppm 5 10,single,scale_1.0_rot_0_flip_0,2.4146435260772705
42,4,400 ppm 4 5,single,scale_1.0_rot_0_flip_0,2.6047017574310303
42,4,600 ppm 3 8,single,scale_1.0_rot_0_flip_0,2.736361265182495
42,4,800 ppm 3 8,single,scale_1.0_rot_0_flip_0,1.9093109369277954
42,4,1000 ppm 5 6,single,scale_1.0_rot_0_flip_0,3.5061795711517334
42,4,600 ppm 4 8,single,scale_1.0_rot_0_flip_0,3.367187261581421
42,4,800 ppm 3 5,single,scale_1.0_rot_0_flip_0,2.7412948608398438
42,4,400 ppm 3 1,single,scale_1.0_rot_0_flip_0,0.6199150681495667
42,4,400 ppm 3 6,single,scale_1.0_rot_0_flip_0,1.6545050144195557
42,4,600 ppm 4 10,single,scale_1.0_rot_0_flip_0,3.482445001602173
42,4,1000 ppm 4 1,single,scale_1.0_rot_0_flip_0,4.585470676422119
42,4,400 ppm 4 10,single,scale_1.0_rot_0_flip_0,2.4783451557159424
42,4,600 ppm 3 3,single,scale_1.0_rot_0_flip_0,3.318730354309082
42,4,400 ppm 3 4,single,scale_1.0_rot_0_flip_0,3.1470205783843994
42,4,1000 ppm 2 3,single,scale_1.0_rot_0_flip_0,2.410778760910034
42,4,1000 ppm 1 3,d4,scale_1.0_rot_0_flip_0,4.7526984214782715
42,4,400 ppm 4 6,d4,scale_1.0_rot_0_flip_0,1.9295060634613037
42,4,600 ppm 3 1,d4,scale_1.0_rot_0_flip_0,4.37177038192749
42,4,400 ppm 3 5,d4,scale_1.0_rot_0_flip_0,3.049145460128784
42,4,c 10,d4,scale_1.0_rot_0_flip_0,1.5707635879516602
42,4,400 ppm 1 2,d4,scale_1.0_rot_0_flip_0,2.071943998336792
42,4,800 ppm 2 4,d4,scale_1.0_rot_0_flip_0,3.133413076400757
42,4,800 ppm 5 4,d4,scale_1.0_rot_0_flip_0,5.0038838386535645
42,4,1000 ppm 1 4,d4,scale_1.0_rot_0_flip_0,4.546719074249268
42,4,1000 ppm 4 2,d4,scale_1.0_rot_0_flip_0,4.481629848480225
42,4,400 ppm 2 3,d4,scale_1.0_rot_0_flip_0,1.3093254566192627
42,4,600 ppm 1 3,d4,scale_1.0_rot_0_flip_0,3.5094282627105713
42,4,400 ppm 5 5,d4,scale_1.0_rot_0_flip_0,4.5445380210876465
42,4,800 ppm 3 7,d4,scale_1.0_rot_0_flip_0,3.8984720706939697
42,4,400 ppm 1 9,d4,scale_1.0_rot_0_flip_0,4.15149450302124
42,4,800 ppm 5 3,d4,scale_1.0_rot_0_flip_0,3.773789405822754
42,4,800 ppm 3 6,d4,scale_1.0_rot_0_flip_0,2.9746463298797607
42,4,1000 ppm 4 8,d4,scale_1.0_rot_0_flip_0,5.170311450958252
42,4,800 ppm 4 8,d4,scale_1.0_rot_0_flip_0,2.859812021255493
42,4,400 ppm 4 9,d4,scale_1.0_rot_0_flip_0,2.8366658687591553
42,4,c 7,d4,scale_1.0_rot_0_flip_0,0.8080666065216064
42,4,800 ppm 1 5,d4,scale_1.0_rot_0_flip_0,4.468814373016357
42,4,600 ppm 2 7,d4,scale_1.0_rot_0_flip_0,4.706262111663818
42,4,600 ppm 1 7,d4,scale_1.0_rot_0_flip_0,1.8524792194366455
42,4,1000 ppm 3 6,d4,scale_1.0_rot_0_flip_0,3.8454396724700928
42,4,1000 ppm 1 9,d4,scale_1.0_rot_0_flip_0,4.994539260864258
42,4,800 ppm 2 7,d4,scale_1.0_rot_0_flip_0,5.177241802215576
42,4,800 ppm 3 2,d4,scale_1.0_rot_0_flip_0,2.5215766429901123
42,4,1000 ppm 4 6,d4,scale_1.0_rot_0_flip_0,4.252740383148193
42,4,600 ppm 1 4,d4,scale_1.0_rot_0_flip_0,2.0236637592315674
42,4,600 ppm 3 10,d4,scale_1.0_rot_0_flip_0,3.057175636291504
42,4,600 ppm 5 8,d4,scale_1.0_rot_0_flip_0,1.4512016773223877
42,4,c 5,d4,scale_1.0_rot_0_flip_0,2.351945400238037
42,4,600 ppm 3 9,d4,scale_1.0_rot_0_flip_0,2.4564127922058105
42,4,1000 ppm 5 10,d4,scale_1.0_rot_0_flip_0,4.691938877105713
42,4,600 ppm 5 1,d4,scale_1.0_rot_0_flip_0,1.5298961400985718
42,4,600 ppm 1 1,d4,scale_1.0_rot_0_flip_0,2.728682279586792
42,4,800 ppm 5 10,d4,scale_1.0_rot_0_flip_0,2.4146435260772705
42,4,400 ppm 4 5,d4,scale_1.0_rot_0_flip_0,2.6047017574310303
42,4,600 ppm 3 8,d4,scale_1.0_rot_0_flip_0,2.736361265182495
42,4,800 ppm 3 8,d4,scale_1.0_rot_0_flip_0,1.9093109369277954
42,4,1000 ppm 5 6,d4,scale_1.0_rot_0_flip_0,3.5061795711517334
42,4,600 ppm 4 8,d4,scale_1.0_rot_0_flip_0,3.367187261581421
42,4,800 ppm 3 5,d4,scale_1.0_rot_0_flip_0,2.7412948608398438
42,4,400 ppm 3 1,d4,scale_1.0_rot_0_flip_0,0.6199150681495667
42,4,400 ppm 3 6,d4,scale_1.0_rot_0_flip_0,1.6545050144195557
42,4,600 ppm 4 10,d4,scale_1.0_rot_0_flip_0,3.482445001602173
42,4,1000 ppm 4 1,d4,scale_1.0_rot_0_flip_0,4.585470676422119
42,4,400 ppm 4 10,d4,scale_1.0_rot_0_flip_0,2.4783451557159424
42,4,600 ppm 3 3,d4,scale_1.0_rot_0_flip_0,3.318730354309082
42,4,400 ppm 3 4,d4,scale_1.0_rot_0_flip_0,3.1470205783843994
42,4,1000 ppm 2 3,d4,scale_1.0_rot_0_flip_0,2.410778760910034
42,4,1000 ppm 1 3,d4,scale_1.0_rot_0_flip_1,5.253435134887695
42,4,400 ppm 4 6,d4,scale_1.0_rot_0_flip_1,1.835508108139038
42,4,600 ppm 3 1,d4,scale_1.0_rot_0_flip_1,4.521974086761475
42,4,400 ppm 3 5,d4,scale_1.0_rot_0_flip_1,2.728168487548828
42,4,c 10,d4,scale_1.0_rot_0_flip_1,1.073423981666565
42,4,400 ppm 1 2,d4,scale_1.0_rot_0_flip_1,1.933805227279663
42,4,800 ppm 2 4,d4,scale_1.0_rot_0_flip_1,3.3240578174591064
42,4,800 ppm 5 4,d4,scale_1.0_rot_0_flip_1,5.013870716094971
42,4,1000 ppm 1 4,d4,scale_1.0_rot_0_flip_1,4.715931415557861
42,4,1000 ppm 4 2,d4,scale_1.0_rot_0_flip_1,4.523387908935547
42,4,400 ppm 2 3,d4,scale_1.0_rot_0_flip_1,1.4779000282287598
42,4,600 ppm 1 3,d4,scale_1.0_rot_0_flip_1,3.549663782119751
42,4,400 ppm 5 5,d4,scale_1.0_rot_0_flip_1,4.189671993255615
42,4,800 ppm 3 7,d4,scale_1.0_rot_0_flip_1,4.034642219543457
42,4,400 ppm 1 9,d4,scale_1.0_rot_0_flip_1,4.217461109161377
42,4,800 ppm 5 3,d4,scale_1.0_rot_0_flip_1,3.957564353942871
42,4,800 ppm 3 6,d4,scale_1.0_rot_0_flip_1,2.5562026500701904
42,4,1000 ppm 4 8,d4,scale_1.0_rot_0_flip_1,5.070023059844971
42,4,800 ppm 4 8,d4,scale_1.0_rot_0_flip_1,2.893888235092163
42,4,400 ppm 4 9,d4,scale_1.0_rot_0_flip_1,3.17018723487854
42,4,c 7,d4,scale_1.0_rot_0_flip_1,0.9149909615516663
42,4,800 ppm 1 5,d4,scale_1.0_rot_0_flip_1,4.738692760467529
42,4,600 ppm 2 7,d4,scale_1.0_rot_0_flip_1,4.8127760887146
42,4,600 ppm 1 7,d4,scale_1.0_rot_0_flip_1,1.7152150869369507
42,4,1000 ppm 3 6,d4,scale_1.0_rot_0_flip_1,3.3009326457977295
42,4,1000 ppm 1 9,d4,scale_1.0_rot_0_flip_1,5.487546443939209
42,4,800 ppm 2 7,d4,scale_1.0_rot_0_flip_1,5.08123254776001
42,4,800 ppm 3 2,d4,scale_1.0_rot_0_flip_1,2.6930320262908936
42,4,1000 ppm 4 6,d4,scale_1.0_rot_0_flip_1,4.052145004272461
42,4,600 ppm 1 4,d4,scale_1.0_rot_0_flip_1,2.014586925506592
42,4,600 ppm 3 10,d4,scale_1.0_rot_0_flip_1,3.568659782409668
42,4,600 ppm 5 8,d4,scale_1.0_rot_0_flip_1,1.6431180238723755
42,4,c 5,d4,scale_1.0_rot_0_flip_1,2.657674551010132
42,4,600 ppm 3 9,d4,scale_1.0_rot_0_flip_1,2.2821052074432373
42,4,1000 ppm 5 10,d4,scale_1.0_rot_0_flip_1,4.663423538208008
42,4,600 ppm 5 1,d4,scale_1.0_rot_0_flip_1,1.5266717672348022
42,4,600 ppm 1 1,d4,scale_1.0_rot_0_flip_1,2.5437636375427246
42,4,800 ppm 5 10,d4,scale_1.0_rot_0_flip_1,2.5491364002227783
42,4,400 ppm 4 5,d4,scale_1.0_rot_0_flip_1,2.783245325088501
42,4,600 ppm 3 8,d4,scale_1.0_rot_0_flip_1,2.504542350769043
42,4,800 ppm 3 8,d4,scale_1.0_rot_0_flip_1,1.763352394104004
42,4,1000 ppm 5 6,d4,scale_1.0_rot_0_flip_1,3.877601385116577
42,4,600 ppm 4 8,d4,scale_1.0_rot_0_flip_1,3.1206514835357666
42,4,800 ppm 3 5,d4,scale_1.0_rot_0_flip_1,3.0125458240509033
42,4,400 ppm 3 1,d4,scale_1.0_rot_0_flip_1,0.6640108227729797
42,4,400 ppm 3 6,d4,scale_1.0_rot_0_flip_1,1.6392006874084473
42,4,600 ppm 4 10,d4,scale_1.0_rot_0_flip_1,3.5498464107513428
42,4,1000 ppm 4 1,d4,scale_1.0_rot_0_flip_1,4.4208173751831055
42,4,400 ppm 4 10,d4,scale_1.0_rot_0_flip_1,2.7523982524871826
42,4,600 ppm 3 3,d4,scale_1.0_rot_0_flip_1,2.791689395904541
42,4,400 ppm 3 4,d4,scale_1.0_rot_0_flip_1,2.7126336097717285
42,4,1000 ppm 2 3,d4,scale_1.0_rot_0_flip_1,2.679995059967041
42,4,1000 ppm 1 3,d4,scale_1.0_rot_90_flip_0,6.157354831695557
42,4,400 ppm 4 6,d4,scale_1.0_rot_90_flip_0,2.2337710857391357
42,4,600 ppm 3 1,d4,scale_1.0_rot_90_flip_0,5.409409046173096
42,4,400 ppm 3 5,d4,scale_1.0_rot_90_flip_0,4.127906322479248
42,4,c 10,d4,scale_1.0_rot_90_flip_0,2.631544828414917
42,4,400 ppm 1 2,d4,scale_1.0_rot_90_flip_0,3.823899030685425
42,4,800 ppm 2 4,d4,scale_1.0_rot_90_flip_0,4.376217365264893
42,4,800 ppm 5 4,d4,scale_1.0_rot_90_flip_0,4.591628551483154
42,4,1000 ppm 1 4,d4,scale_1.0_rot_90_flip_0,4.905786037445068
42,4,1000 ppm 4 2,d4,scale_1.0_rot_90_flip_0,5.065074443817139
42,4,400 ppm 2 3,d4,scale_1.0_rot_90_flip_0,3.110978603363037
42,4,600 ppm 1 3,d4,scale_1.0_rot_90_flip_0,4.928420543670654
42,4,400 ppm 5 5,d4,scale_1.0_rot_90_flip_0,4.462963104248047
42,4,800 ppm 3 7,d4,scale_1.0_rot_90_flip_0,4.379924297332764
42,4,400 ppm 1 9,d4,scale_1.0_rot_90_flip_0,3.5515477657318115
42,4,800 ppm 5 3,d4,scale_1.0_rot_90_flip_0,4.734686374664307
42,4,800 ppm 3 6,d4,scale_1.0_rot_90_flip_0,4.8940815925598145
42,4,1000 ppm 4 8,d4,scale_1.0_rot_90_flip_0,5.728684902191162
42,4,800 ppm 4 8,d4,scale_1.0_rot_90_flip_0,4.620356559753418
42,4,400 ppm 4 9,d4,scale_1.0_rot_90_flip_0,4.010047435760498
42,4,c 7,d4,scale_1.0_rot_90_flip_0,2.277681827545166
42,4,800 ppm 1 5,d4,scale_1.0_rot_90_flip_0,5.102138042449951
42,4,600 ppm 2 7,d4,scale_1.0_rot_90_flip_0,6.021279335021973
42,4,600 ppm 1 7,d4,scale_1.0_rot_90_flip_0,3.59670090675354
42,4,1000 ppm 3 6,d4,scale_1.0_rot_90_flip_0,5.353189945220947
42,4,1000 ppm 1 9,d4,scale_1.0_rot_90_flip_0,6.883723258972168
42,4,800 ppm 2 7,d4,scale_1.0_rot_90_flip_0,4.488209247589111
42,4,800 ppm 3 2,d4,scale_1.0_rot_90_flip_0,3.638070821762085
42,4,1000 ppm 4 6,d4,scale_1.0_rot_90_flip_0,4.980452060699463
42,4,600 ppm 1 4,d4,scale_1.0_rot_90_flip_0,3.7199532985687256
42,4,600 ppm 3 10,d4,scale_1.0_rot_90_flip_0,3.5348312854766846
42,4,600 ppm 5 8,d4,scale_1.0_rot_90_flip_0,2.7707717418670654
42,4,c 5,d4,scale_1.0_rot_90_flip_0,3.925041913986206
42,4,600 ppm 3 9,d4,scale_1.0_rot_90_flip_0,4.089451789855957
42,4,1000 ppm 5 10,d4,scale_1.0_rot_90_flip_0,4.498664379119873
42,4,600 ppm 5 1,d4,scale_1.0_rot_90_flip_0,2.972778797149658
42,4,600 ppm 1 1,d4,scale_1.0_rot_90_flip_0,3.6976912021636963
42,4,800 ppm 5 10,d4,scale_1.0_rot_90_flip_0,3.622615098953247
42,4,400 ppm 4 5,d4,scale_1.0_rot_90_flip_0,3.1225950717926025
42,4,600 ppm 3 8,d4,scale_1.0_rot_90_flip_0,3.5251169204711914
42,4,800 ppm 3 8,d4,scale_1.0_rot_90_flip_0,3.2950735092163086
42,4,1000 ppm 5 6,d4,scale_1.0_rot_90_flip_0,5.291004657745361
42,4,600 ppm 4 8,d4,scale_1.0_rot_90_flip_0,4.103604793548584
42,4,800 ppm 3 5,d4,scale_1.0_rot_90_flip_0,2.0462517738342285
42,4,400 ppm 3 1,d4,scale_1.0_rot_90_flip_0,2.2180826663970947
42,4,400 ppm 3 6,d4,scale_1.0_rot_90_flip_0,3.3007938861846924
42,4,600 ppm 4 10,d4,scale_1.0_rot_90_flip_0,5.3615875244140625
42,4,1000 ppm 4 1,d4,scale_1.0_rot_90_flip_0,5.436931133270264
42,4,400 ppm 4 10,d4,scale_1.0_rot_90_flip_0,3.9231863021850586
42,4,600 ppm 3 3,d4,scale_1.0_rot_90_flip_0,3.847482204437256
42,4,400 ppm 3 4,d4,scale_1.0_rot_90_flip_0,3.986321210861206
42,4,1000 ppm 2 3,d4,scale_1.0_rot_90_flip_0,2.640399932861328
42,4,1000 ppm 1 3,d4,scale_1.0_rot_90_flip_1,6.115405559539795
42,4,400 ppm 4 6,d4,scale_1.0_rot_90_flip_1,2.494903087615967
42,4,600 ppm 3 1,d4,scale_1.0_rot_90_flip_1,5.577810287475586
42,4,400 ppm 3 5,d4,scale_1.0_rot_90_flip_1,4.10090970993042
42,4,c 10,d4,scale_1.0_rot_90_flip_1,2.6327884197235107
42,4,400 ppm 1 2,d4,scale_1.0_rot_90_flip_1,3.923649311065674
42,4,800 ppm 2 4,d4,scale_1.0_rot_90_flip_1,4.413332462310791
42,4,800 ppm 5 4,d4,scale_1.0_rot_90_flip_1,4.7645955085754395
42,4,1000 ppm 1 4,d4,scale_1.0_rot_90_flip_1,4.878820419311523
42,4,1000 ppm 4 2,d4,scale_1.0_rot_90_flip_1,4.911266803741455
42,4,400 ppm 2 3,d4,scale_1.0_rot_90_flip_1,3.174381732940674
42,4,600 ppm 1 3,d4,scale_1.0_rot_90_flip_1,4.8316755294799805
42,4,400 ppm 5 5,d4,scale_1.0_rot_90_flip_1,4.7060041427612305
42,4,800 ppm 3 7,d4,scale_1.0_rot_90_flip_1,4.735666751861572
42,4,400 ppm 1 9,d4,scale_1.0_rot_90_flip_1,3.817258596420288
42,4,800 ppm 5 3,d4,scale_1.0_rot_90_flip_1,4.807347297668457
42,4,800 ppm 3 6,d4,scale_1.0_rot_90_flip_1,4.587584018707275
42,4,1000 ppm 4 8,d4,scale_1.0_rot_90_flip_1,5.789371490478516
42,4,800 ppm 4 8,d4,scale_1.0_rot_90_flip_1,4.640782833099365
42,4,400 ppm 4 9,d4,scale_1.0_rot_90_flip_1,3.9081623554229736
42,4,c 7,d4,scale_1.0_rot_90_flip_1,2.7351186275482178
42,4,800 ppm 1 5,d4,scale_1.0_rot_90_flip_1,5.13749885559082
42,4,600 ppm 2 7,d4,scale_1.0_rot_90_flip_1,6.141652584075928
42,4,600 ppm 1 7,d4,scale_1.0_rot_90_flip_1,3.193324327468872
42,4,1000 ppm 3 6,d4,scale_1.0_rot_90_flip_1,5.1750969886779785
42,4,1000 ppm 1 9,d4,scale_1.0_rot_90_flip_1,6.494681358337402
42,4,800 ppm 2 7,d4,scale_1.0_rot_90_flip_1,4.631433486938477
42,4,800 ppm 3 2,d4,scale_1.0_rot_90_flip_1,3.7452070713043213
42,4,1000 ppm 4 6,d4,scale_1.0_rot_90_flip_1,5.1421356201171875
42,4,600 ppm 1 4,d4,scale_1.0_rot_90_flip_1,3.4400112628936768
42,4,600 ppm 3 10,d4,scale_1.0_rot_90_flip_1,3.466721296310425
42,4,600 ppm 5 8,d4,scale_1.0_rot_90_flip_1,2.1992619037628174
42,4,c 5,d4,scale_1.0_rot_90_flip_1,3.7881979942321777
42,4,600 ppm 3 9,d4,scale_1.0_rot_90_flip_1,4.020808219909668
42,4,1000 ppm 5 10,d4,scale_1.0_rot_90_flip_1,4.288444995880127
42,4,600 ppm 5 1,d4,scale_1.0_rot_90_flip_1,3.260615348815918
42,4,600 ppm 1 1,d4,scale_1.0_rot_90_flip_1,3.2488152980804443
42,4,800 ppm 5 10,d4,scale_1.0_rot_90_flip_1,3.4851391315460205
42,4,400 ppm 4 5,d4,scale_1.0_rot_90_flip_1,3.0810372829437256
42,4,600 ppm 3 8,d4,scale_1.0_rot_90_flip_1,3.8317861557006836
42,4,800 ppm 3 8,d4,scale_1.0_rot_90_flip_1,3.2914679050445557
42,4,1000 ppm 5 6,d4,scale_1.0_rot_90_flip_1,5.285964488983154
42,4,600 ppm 4 8,d4,scale_1.0_rot_90_flip_1,3.5140392780303955
42,4,800 ppm 3 5,d4,scale_1.0_rot_90_flip_1,2.2782955169677734
42,4,400 ppm 3 1,d4,scale_1.0_rot_90_flip_1,2.2287099361419678
42,4,400 ppm 3 6,d4,scale_1.0_rot_90_flip_1,3.412581205368042
42,4,600 ppm 4 10,d4,scale_1.0_rot_90_flip_1,5.014906883239746
42,4,1000 ppm 4 1,d4,scale_1.0_rot_90_flip_1,5.633876323699951
42,4,400 ppm 4 10,d4,scale_1.0_rot_90_flip_1,4.142323017120361
42,4,600 ppm 3 3,d4,scale_1.0_rot_90_flip_1,3.5936779975891113
42,4,400 ppm 3 4,d4,scale_1.0_rot_90_flip_1,4.160974025726318
42,4,1000 ppm 2 3,d4,scale_1.0_rot_90_flip_1,2.4365673065185547
42,4,1000 ppm 1 3,d4,scale_1.0_rot_180_flip_0,5.37421989440918
42,4,400 ppm 4 6,d4,scale_1.0_rot_180_flip_0,2.4058187007904053
42,4,600 ppm 3 1,d4,scale_1.0_rot_180_flip_0,5.149478912353516
42,4,400 ppm 3 5,d4,scale_1.0_rot_180_flip_0,3.511178731918335
42,4,c 10,d4,scale_1.0_rot_180_flip_0,2.190195083618164
42,4,400 ppm 1 2,d4,scale_1.0_rot_180_flip_0,3.4728736877441406
42,4,800 ppm 2 4,d4,scale_1.0_rot_180_flip_0,5.078303337097168
42,4,800 ppm 5 4,d4,scale_1.0_rot_180_flip_0,5.325826644897461
42,4,1000 ppm 1 4,d4,scale_1.0_rot_180_flip_0,5.191736221313477
42,4,1000 ppm 4 2,d4,scale_1.0_rot_180_flip_0,5.2452616691589355
42,4,400 ppm 2 3,d4,scale_1.0_rot_180_flip_0,2.675394296646118
42,4,600 ppm 1 3,d4,scale_1.0_rot_180_flip_0,4.519769191741943
42,4,400 ppm 5 5,d4,scale_1.0_rot_180_flip_0,3.4661529064178467
42,4,800 ppm 3 7,d4,scale_1.0_rot_180_flip_0,4.499143123626709
42,4,400 ppm 1 9,d4,scale_1.0_rot_180_flip_0,4.068866729736328
42,4,800 ppm 5 3,d4,scale_1.0_rot_180_flip_0,4.869459629058838
42,4,800 ppm 3 6,d4,scale_1.0_rot_180_flip_0,3.808523178100586
42,4,1000 ppm 4 8,d4,scale_1.0_rot_180_flip_0,6.166769504547119
42,4,800 ppm 4 8,d4,scale_1.0_rot_180_flip_0,3.8475780487060547
42,4,400 ppm 4 9,d4,scale_1.0_rot_180_flip_0,3.4506516456604004
42,4,c 7,d4,scale_1.0_rot_180_flip_0,2.231445789337158
42,4,800 ppm 1 5,d4,scale_1.0_rot_180_flip_0,5.243625164031982
42,4,600 ppm 2 7,d4,scale_1.0_rot_180_flip_0,5.35000467300415
42,4,600 ppm 1 7,d4,scale_1.0_rot_180_flip_0,2.8926284313201904
42,4,1000 ppm 3 6,d4,scale_1.0_rot_180_flip_0,4.642476558685303
42,4,1000 ppm 1 9,d4,scale_1.0_rot_180_flip_0,6.33021879196167
42,4,800 ppm 2 7,d4,scale_1.0_rot_180_flip_0,5.222451210021973
42,4,800 ppm 3 2,d4,scale_1.0_rot_180_flip_0,4.1504740715026855
42,4,1000 ppm 4 6,d4,scale_1.0_rot_180_flip_0,5.300790786743164
42,4,600 ppm 1 4,d4,scale_1.0_rot_180_flip_0,3.020019769668579
42,4,600 ppm 3 10,d4,scale_1.0_rot_180_flip_0,3.8875904083251953
42,4,600 ppm 5 8,d4,scale_1.0_rot_180_flip_0,2.163804054260254
42,4,c 5,d4,scale_1.0_rot_180_flip_0,3.619097948074341
42,4,600 ppm 3 9,d4,scale_1.0_rot_180_flip_0,3.505031108856201
42,4,1000 ppm 5 10,d4,scale_1.0_rot_180_flip_0,5.398399829864502
42,4,600 ppm 5 1,d4,scale_1.0_rot_180_flip_0,2.266495943069458
42,4,600 ppm 1 1,d4,scale_1.0_rot_180_flip_0,3.1653714179992676
42,4,800 ppm 5 10,d4,scale_1.0_rot_180_flip_0,3.6801745891571045
42,4,400 ppm 4 5,d4,scale_1.0_rot_180_flip_0,3.357123851776123
42,4,600 ppm 3 8,d4,scale_1.0_rot_180_flip_0,3.5040929317474365
42,4,800 ppm 3 8,d4,scale_1.0_rot_180_flip_0,3.176966428756714
42,4,1000 ppm 5 6,d4,scale_1.0_rot_180_flip_0,4.97370719909668
42,4,600 ppm 4 8,d4,scale_1.0_rot_180_flip_0,3.324129581451416
42,4,800 ppm 3 5,d4,scale_1.0_rot_180_flip_0,2.3931665420532227
42,4,400 ppm 3 1,d4,scale_1.0_rot_180_flip_0,1.6981635093688965
42,4,400 ppm 3 6,d4,scale_1.0_rot_180_flip_0,2.337999105453491
42,4,600 ppm 4 10,d4,scale_1.0_rot_180_flip_0,4.258692741394043
42,4,1000 ppm 4 1,d4,scale_1.0_rot_180_flip_0,4.284511566162109
42,4,400 ppm 4 10,d4,scale_1.0_rot_180_flip_0,3.9571239948272705
42,4,600 ppm 3 3,d4,scale_1.0_rot_180_flip_0,4.248061656951904
42,4,400 ppm 3 4,d4,scale_1.0_rot_180_flip_0,3.3781216144561768
42,4,1000 ppm 2 3,d4,scale_1.0_rot_180_flip_0,3.4850332736968994
42,4,1000 ppm 1 3,d4,scale_1.0_rot_180_flip_1,5.691441059112549
42,4,400 ppm 4 6,d4,scale_1.0_rot_180_flip_1,2.605208158493042
42,4,600 ppm 3 1,d4,scale_1.0_rot_180_flip_1,5.305836200714111
42,4,400 ppm 3 5,d4,scale_1.0_rot_180_flip_1,3.462796449661255
42,4,c 10,d4,scale_1.0_rot_180_flip_1,2.5571560859680176
42,4,400 ppm 1 2,d4,scale_1.0_rot_180_flip_1,3.5590851306915283
42,4,800 ppm 2 4,d4,scale_1.0_rot_180_flip_1,4.60837459564209
42,4,800 ppm 5 4,d4,scale_1.0_rot_180_flip_1,5.246572017669678
42,4,1000 ppm 1 4,d4,scale_1.0_rot_180_flip_1,5.068315029144287
42,4,1000 ppm 4 2,d4,scale_1.0_rot_180_flip_1,4.878411769866943
42,4,400 ppm 2 3,d4,scale_1.0_rot_180_flip_1,2.4592196941375732
42,4,600 ppm 1 3,d4,scale_1.0_rot_180_flip_1,4.234498023986816
42,4,400 ppm 5 5,d4,scale_1.0_rot_180_flip_1,3.510331392288208
42,4,800 ppm 3 7,d4,scale_1.0_rot_180_flip_1,4.5999932289123535
42,4,400 ppm 1 9,d4,scale_1.0_rot_180_flip_1,4.265722751617432
42,4,800 ppm 5 3,d4,scale_1.0_rot_180_flip_1,5.166060924530029
42,4,800 ppm 3 6,d4,scale_1.0_rot_180_flip_1,3.8982908725738525
42,4,1000 ppm 4 8,d4,scale_1.0_rot_180_flip_1,5.934990406036377
42,4,800 ppm 4 8,d4,scale_1.0_rot_180_flip_1,3.998471260070801
42,4,400 ppm 4 9,d4,scale_1.0_rot_180_flip_1,2.9865610599517822
42,4,c 7,d4,scale_1.0_rot_180_flip_1,1.9950320720672607
42,4,800 ppm 1 5,d4,scale_1.0_rot_180_flip_1,4.734003067016602
42,4,600 ppm 2 7,d4,scale_1.0_rot_180_flip_1,5.841427326202393
42,4,600 ppm 1 7,d4,scale_1.0_rot_180_flip_1,3.0747807025909424
42,4,1000 ppm 3 6,d4,scale_1.0_rot_180_flip_1,4.8826680183410645
42,4,1000 ppm 1 9,d4,scale_1.0_rot_180_flip_1,6.466696262359619
42,4,800 ppm 2 7,d4,scale_1.0_rot_180_flip_1,5.734777927398682
42,4,800 ppm 3 2,d4,scale_1.0_rot_180_flip_1,3.2638816833496094
42,4,1000 ppm 4 6,d4,scale_1.0_rot_180_flip_1,5.519201278686523
42,4,600 ppm 1 4,d4,scale_1.0_rot_180_flip_1,2.7862966060638428
42,4,600 ppm 3 10,d4,scale_1.0_rot_180_flip_1,3.810851812362671
42,4,600 ppm 5 8,d4,scale_1.0_rot_180_flip_1,2.484656572341919
42,4,c 5,d4,scale_1.0_rot_180_flip_1,3.372605323791504
42,4,600 ppm 3 9,d4,scale_1.0_rot_180_flip_1,3.518022060394287
42,4,1000 ppm 5 10,d4,scale_1.0_rot_180_flip_1,5.163674831390381
42,4,600 ppm 5 1,d4,scale_1.0_rot_180_flip_1,2.4728705883026123
42,4,600 ppm 1 1,d4,scale_1.0_rot_180_flip_1,3.577993392944336
42,4,800 ppm 5 10,d4,scale_1.0_rot_180_flip_1,3.608093500137329
42,4,400 ppm 4 5,d4,scale_1.0_rot_180_flip_1,3.3659613132476807
42,4,600 ppm 3 8,d4,scale_1.0_rot_180_flip_1,3.5199577808380127
42,4,800 ppm 3 8,d4,scale_1.0_rot_180_flip_1,3.3409714698791504
42,4,1000 ppm 5 6,d4,scale_1.0_rot_180_flip_1,4.781085014343262
42,4,600 ppm 4 8,d4,scale_1.0_rot_180_flip_1,3.856952667236328
42,4,800 ppm 3 5,d4,scale_1.0_rot_180_flip_1,2.348245859146118
42,4,400 ppm 3 1,d4,scale_1.0_rot_180_flip_1,1.3940188884735107
42,4,400 ppm 3 6,d4,scale_1.0_rot_180_flip_1,2.349735975265503
42,4,600 ppm 4 10,d4,scale_1.0_rot_180_flip_1,4.124539375305176
42,4,1000 ppm 4 1,d4,scale_1.0_rot_180_flip_1,4.66189432144165
42,4,400 ppm 4 10,d4,scale_1.0_rot_180_flip_1,3.927790641784668
42,4,600 ppm 3 3,d4,scale_1.0_rot_180_flip_1,4.145742893218994
42,4,400 ppm 3 4,d4,scale_1.0_rot_180_flip_1,3.1276490688323975
42,4,1000 ppm 2 3,d4,scale_1.0_rot_180_flip_1,3.286613702774048
42,4,1000 ppm 1 3,d4,scale_1.0_rot_270_flip_0,5.466073036193848
42,4,400 ppm 4 6,d4,scale_1.0_rot_270_flip_0,2.5564029216766357
42,4,600 ppm 3 1,d4,scale_1.0_rot_270_flip_0,6.095659255981445
42,4,400 ppm 3 5,d4,scale_1.0_rot_270_flip_0,3.5466883182525635
42,4,c 10,d4,scale_1.0_rot_270_flip_0,2.3669228553771973
42,4,400 ppm 1 2,d4,scale_1.0_rot_270_flip_0,3.654092788696289
42,4,800 ppm 2 4,d4,scale_1.0_rot_270_flip_0,4.342979907989502
42,4,800 ppm 5 4,d4,scale_1.0_rot_270_flip_0,5.108103275299072
42,4,1000 ppm 1 4,d4,scale_1.0_rot_270_flip_0,5.110517978668213
42,4,1000 ppm 4 2,d4,scale_1.0_rot_270_flip_0,5.1552300453186035
42,4,400 ppm 2 3,d4,scale_1.0_rot_270_flip_0,3.0064938068389893
42,4,600 ppm 1 3,d4,scale_1.0_rot_270_flip_0,5.595706462860107
42,4,400 ppm 5 5,d4,scale_1.0_rot_270_flip_0,5.427087306976318
42,4,800 ppm 3 7,d4,scale_1.0_rot_270_flip_0,4.368271350860596
42,4,400 ppm 1 9,d4,scale_1.0_rot_270_flip_0,3.0324437618255615
42,4,800 ppm 5 3,d4,scale_1.0_rot_270_flip_0,5.146655559539795
42,4,800 ppm 3 6,d4,scale_1.0_rot_270_flip_0,4.383237361907959
42,4,1000 ppm 4 8,d4,scale_1.0_rot_270_flip_0,5.751559734344482
42,4,800 ppm 4 8,d4,scale_1.0_rot_270_flip_0,4.307757377624512
42,4,400 ppm 4 9,d4,scale_1.0_rot_270_flip_0,4.252579212188721
42,4,c 7,d4,scale_1.0_rot_270_flip_0,2.354724168777466
42,4,800 ppm 1 5,d4,scale_1.0_rot_270_flip_0,6.0237812995910645
42,4,600 ppm 2 7,d4,scale_1.0_rot_270_flip_0,6.281795501708984
42,4,600 ppm 1 7,d4,scale_1.0_rot_270_flip_0,3.4581704139709473
42,4,1000 ppm 3 6,d4,scale_1.0_rot_270_flip_0,5.241689682006836
42,4,1000 ppm 1 9,d4,scale_1.0_rot_270_flip_0,6.495696544647217
42,4,800 ppm 2 7,d4,scale_1.0_rot_270_flip_0,5.30629825592041
42,4,800 ppm 3 2,d4,scale_1.0_rot_270_flip_0,4.320399284362793
42,4,1000 ppm 4 6,d4,scale_1.0_rot_270_flip_0,5.4637227058410645
42,4,600 ppm 1 4,d4,scale_1.0_rot_270_flip_0,3.1664750576019287
42,4,600 ppm 3 10,d4,scale_1.0_rot_270_flip_0,3.410816192626953
42,4,600 ppm 5 8,d4,scale_1.0_rot_270_flip_0,2.1061460971832275
42,4,c 5,d4,scale_1.0_rot_270_flip_0,3.9645726680755615
42,4,600 ppm 3 9,d4,scale_1.0_rot_270_flip_0,3.6841647624969482
42,4,1000 ppm 5 10,d4,scale_1.0_rot_270_flip_0,5.38241720199585
42,4,600 ppm 5 1,d4,scale_1.0_rot_270_flip_0,3.0692074298858643
42,4,600 ppm 1 1,d4,scale_1.0_rot_270_flip_0,3.6489500999450684
42,4,800 ppm 5 10,d4,scale_1.0_rot_270_flip_0,3.573489189147949
42,4,400 ppm 4 5,d4,scale_1.0_rot_270_flip_0,3.1857311725616455
42,4,600 ppm 3 8,d4,scale_1.0_rot_270_flip_0,3.912578821182251
42,4,800 ppm 3 8,d4,scale_1.0_rot_270_flip_0,3.5151312351226807
42,4,1000 ppm 5 6,d4,scale_1.0_rot_270_flip_0,5.670510768890381
42,4,600 ppm 4 8,d4,scale_1.0_rot_270_flip_0,3.789837121963501
42,4,800 ppm 3 5,d4,scale_1.0_rot_270_flip_0,2.811955213546753
42,4,400 ppm 3 1,d4,scale_1.0_rot_270_flip_0,2.6722681522369385
42,4,400 ppm 3 6,d4,scale_1.0_rot_270_flip_0,3.286875009536743
42,4,600 ppm 4 10,d4,scale_1.0_rot_270_flip_0,4.917680263519287
42,4,1000 ppm 4 1,d4,scale_1.0_rot_270_flip_0,5.310801982879639
42,4,400 ppm 4 10,d4,scale_1.0_rot_270_flip_0,3.9110116958618164
42,4,600 ppm 3 3,d4,scale_1.0_rot_270_flip_0,3.918233871459961
42,4,400 ppm 3 4,d4,scale_1.0_rot_270_flip_0,3.9258041381835938
42,4,1000 ppm 2 3,d4,scale_1.0_rot_270_flip_0,3.360308885574341
42,4,1000 ppm 1 3,d4,scale_1.0_rot_270_flip_1,5.555915355682373
42,4,400 ppm 4 6,d4,scale_1.0_rot_270_flip_1,2.4959192276000977
42,4,600 ppm 3 1,d4,scale_1.0_rot_270_flip_1,5.535609245300293
42,4,400 ppm 3 5,d4,scale_1.0_rot_270_flip_1,3.74908185005188
42,4,c 10,d4,scale_1.0_rot_270_flip_1,2.088538885116577
42,4,400 ppm 1 2,d4,scale_1.0_rot_270_flip_1,3.389859199523926
42,4,800 ppm 2 4,d4,scale_1.0_rot_270_flip_1,4.271936416625977
42,4,800 ppm 5 4,d4,scale_1.0_rot_270_flip_1,4.855222702026367
42,4,1000 ppm 1 4,d4,scale_1.0_rot_270_flip_1,5.192618370056152
42,4,1000 ppm 4 2,d4,scale_1.0_rot_270_flip_1,5.6921305656433105
42,4,400 ppm 2 3,d4,scale_1.0_rot_270_flip_1,3.301119565963745
42,4,600 ppm 1 3,d4,scale_1.0_rot_270_flip_1,5.258920669555664
42,4,400 ppm 5 5,d4,scale_1.0_rot_270_flip_1,5.389750957489014
42,4,800 ppm 3 7,d4,scale_1.0_rot_270_flip_1,4.249273300170898
42,4,400 ppm 1 9,d4,scale_1.0_rot_270_flip_1,2.8445208072662354
42,4,800 ppm 5 3,d4,scale_1.0_rot_270_flip_1,4.873962879180908
42,4,800 ppm 3 6,d4,scale_1.0_rot_270_flip_1,4.477248191833496
42,4,1000 ppm 4 8,d4,scale_1.0_rot_270_flip_1,5.592112064361572
42,4,800 ppm 4 8,d4,scale_1.0_rot_270_flip_1,4.274425983428955
42,4,400 ppm 4 9,d4,scale_1.0_rot_270_flip_1,4.417978763580322
42,4,c 7,d4,scale_1.0_rot_270_flip_1,2.8714606761932373
42,4,800 ppm 1 5,d4,scale_1.0_rot_270_flip_1,6.035968780517578
42,4,600 ppm 2 7,d4,scale_1.0_rot_270_flip_1,6.2049994468688965
42,4,600 ppm 1 7,d4,scale_1.0_rot_270_flip_1,3.4450032711029053
42,4,1000 ppm 3 6,d4,scale_1.0_rot_270_flip_1,5.290192127227783
42,4,1000 ppm 1 9,d4,scale_1.0_rot_270_flip_1,6.8153204917907715
42,4,800 ppm 2 7,d4,scale_1.0_rot_270_flip_1,5.535046100616455
42,4,800 ppm 3 2,d4,scale_1.0_rot_270_flip_1,4.258065223693848
42,4,1000 ppm 4 6,d4,scale_1.0_rot_270_flip_1,5.7688422203063965
42,4,600 ppm 1 4,d4,scale_1.0_rot_270_flip_1,3.132401466369629
42,4,600 ppm 3 10,d4,scale_1.0_rot_270_flip_1,3.7197365760803223
42,4,600 ppm 5 8,d4,scale_1.0_rot_270_flip_1,2.218606472015381
42,4,c 5,d4,scale_1.0_rot_270_flip_1,3.9208433628082275
42,4,600 ppm 3 9,d4,scale_1.0_rot_270_flip_1,3.925036668777466
42,4,1000 ppm 5 10,d4,scale_1.0_rot_270_flip_1,5.0067524909973145
42,4,600 ppm 5 1,d4,scale_1.0_rot_270_flip_1,2.965402364730835
42,4,600 ppm 1 1,d4,scale_1.0_rot_270_flip_1,3.560683012008667
42,4,800 ppm 5 10,d4,scale_1.0_rot_270_flip_1,3.775993585586548
42,4,400 ppm 4 5,d4,scale_1.0_rot_270_flip_1,2.9719364643096924
42,4,600 ppm 3 8,d4,scale_1.0_rot_270_flip_1,4.495031833648682
42,4,800 ppm 3 8,d4,scale_1.0_rot_270_flip_1,3.2999532222747803
42,4,1000 ppm 5 6,d4,scale_1.0_rot_270_flip_1,5.677871227264404
42,4,600 ppm 4 8,d4,scale_1.0_rot_270_flip_1,3.8073058128356934
42,4,800 ppm 3 5,d4,scale_1.0_rot_270_flip_1,2.767942190170288
42,4,400 ppm 3 1,d4,scale_1.0_rot_270_flip_1,2.4396374225616455
42,4,400 ppm 3 6,d4,scale_1.0_rot_270_flip_1,3.174738645553589
42,4,600 ppm 4 10,d4,scale_1.0_rot_270_flip_1,5.1204833984375
42,4,1000 ppm 4 1,d4,scale_1.0_rot_270_flip_1,5.437009334564209
42,4,400 ppm 4 10,d4,scale_1.0_rot_270_flip_1,4.518367290496826
42,4,600 ppm 3 3,d4,scale_1.0_rot_270_flip_1,3.9497532844543457
42,4,400 ppm 3 4,d4,scale_1.0_rot_270_flip_1,4.020364284515381
42,4,1000 ppm 2 3,d4,scale_1.0_rot_270_flip_1,3.151824474334717
42,4,1000 ppm 1 3,scale,scale_1.0_rot_0_flip_0,4.7526984214782715
42,4,400 ppm 4 6,scale,scale_1.0_rot_0_flip_0,1.9295060634613037
42,4,600 ppm 3 1,scale,scale_1.0_rot_0_flip_0,4.37177038192749
42,4,400 ppm 3 5,scale,scale_1.0_rot_0_flip_0,3.049145460128784
42,4,c 10,scale,scale_1.0_rot_0_flip_0,1.5707635879516602
42,4,400 ppm 1 2,scale,scale_1.0_rot_0_flip_0,2.071943998336792
42,4,800 ppm 2 4,scale,scale_1.0_rot_0_flip_0,3.133413076400757
42,4,800 ppm 5 4,scale,scale_1.0_rot_0_flip_0,5.0038838386535645
42,4,1000 ppm 1 4,scale,scale_1.0_rot_0_flip_0,4.546719074249268
42,4,1000 ppm 4 2,scale,scale_1.0_rot_0_flip_0,4.481629848480225
42,4,400 ppm 2 3,scale,scale_1.0_rot_0_flip_0,1.3093254566192627
42,4,600 ppm 1 3,scale,scale_1.0_rot_0_flip_0,3.5094282627105713
42,4,400 ppm 5 5,scale,scale_1.0_rot_0_flip_0,4.5445380210876465
42,4,800 ppm 3 7,scale,scale_1.0_rot_0_flip_0,3.8984720706939697
42,4,400 ppm 1 9,scale,scale_1.0_rot_0_flip_0,4.15149450302124
42,4,800 ppm 5 3,scale,scale_1.0_rot_0_flip_0,3.773789405822754
42,4,800 ppm 3 6,scale,scale_1.0_rot_0_flip_0,2.9746463298797607
42,4,1000 ppm 4 8,scale,scale_1.0_rot_0_flip_0,5.170311450958252
42,4,800 ppm 4 8,scale,scale_1.0_rot_0_flip_0,2.859812021255493
42,4,400 ppm 4 9,scale,scale_1.0_rot_0_flip_0,2.8366658687591553
42,4,c 7,scale,scale_1.0_rot_0_flip_0,0.8080666065216064
42,4,800 ppm 1 5,scale,scale_1.0_rot_0_flip_0,4.468814373016357
42,4,600 ppm 2 7,scale,scale_1.0_rot_0_flip_0,4.706262111663818
42,4,600 ppm 1 7,scale,scale_1.0_rot_0_flip_0,1.8524792194366455
42,4,1000 ppm 3 6,scale,scale_1.0_rot_0_flip_0,3.8454396724700928
42,4,1000 ppm 1 9,scale,scale_1.0_rot_0_flip_0,4.994539260864258
42,4,800 ppm 2 7,scale,scale_1.0_rot_0_flip_0,5.177241802215576
42,4,800 ppm 3 2,scale,scale_1.0_rot_0_flip_0,2.5215766429901123
42,4,1000 ppm 4 6,scale,scale_1.0_rot_0_flip_0,4.252740383148193
42,4,600 ppm 1 4,scale,scale_1.0_rot_0_flip_0,2.0236637592315674
42,4,600 ppm 3 10,scale,scale_1.0_rot_0_flip_0,3.057175636291504
42,4,600 ppm 5 8,scale,scale_1.0_rot_0_flip_0,1.4512016773223877
42,4,c 5,scale,scale_1.0_rot_0_flip_0,2.351945400238037
42,4,600 ppm 3 9,scale,scale_1.0_rot_0_flip_0,2.4564127922058105
42,4,1000 ppm 5 10,scale,scale_1.0_rot_0_flip_0,4.691938877105713
42,4,600 ppm 5 1,scale,scale_1.0_rot_0_flip_0,1.5298961400985718
42,4,600 ppm 1 1,scale,scale_1.0_rot_0_flip_0,2.728682279586792
42,4,800 ppm 5 10,scale,scale_1.0_rot_0_flip_0,2.4146435260772705
42,4,400 ppm 4 5,scale,scale_1.0_rot_0_flip_0,2.6047017574310303
42,4,600 ppm 3 8,scale,scale_1.0_rot_0_flip_0,2.736361265182495
42,4,800 ppm 3 8,scale,scale_1.0_rot_0_flip_0,1.9093109369277954
42,4,1000 ppm 5 6,scale,scale_1.0_rot_0_flip_0,3.5061795711517334
42,4,600 ppm 4 8,scale,scale_1.0_rot_0_flip_0,3.367187261581421
42,4,800 ppm 3 5,scale,scale_1.0_rot_0_flip_0,2.7412948608398438
42,4,400 ppm 3 1,scale,scale_1.0_rot_0_flip_0,0.6199150681495667
42,4,400 ppm 3 6,scale,scale_1.0_rot_0_flip_0,1.6545050144195557
42,4,600 ppm 4 10,scale,scale_1.0_rot_0_flip_0,3.482445001602173
42,4,1000 ppm 4 1,scale,scale_1.0_rot_0_flip_0,4.585470676422119
42,4,400 ppm 4 10,scale,scale_1.0_rot_0_flip_0,2.4783451557159424
42,4,600 ppm 3 3,scale,scale_1.0_rot_0_flip_0,3.318730354309082
42,4,400 ppm 3 4,scale,scale_1.0_rot_0_flip_0,3.1470205783843994
42,4,1000 ppm 2 3,scale,scale_1.0_rot_0_flip_0,2.410778760910034
42,4,1000 ppm 1 3,scale,scale_1.25_rot_0_flip_0,4.842606067657471
42,4,400 ppm 4 6,scale,scale_1.25_rot_0_flip_0,2.2639901638031006
42,4,600 ppm 3 1,scale,scale_1.25_rot_0_flip_0,4.118049144744873
42,4,400 ppm 3 5,scale,scale_1.25_rot_0_flip_0,3.158759355545044
42,4,c 10,scale,scale_1.25_rot_0_flip_0,1.0584701299667358
42,4,400 ppm 1 2,scale,scale_1.25_rot_0_flip_0,2.3239147663116455
42,4,800 ppm 2 4,scale,scale_1.25_rot_0_flip_0,3.7730071544647217
42,4,800 ppm 5 4,scale,scale_1.25_rot_0_flip_0,5.3522491455078125
42,4,1000 ppm 1 4,scale,scale_1.25_rot_0_flip_0,4.678851127624512
42,4,1000 ppm 4 2,scale,scale_1.25_rot_0_flip_0,4.858032703399658
42,4,400 ppm 2 3,scale,scale_1.25_rot_0_flip_0,1.2864662408828735
42,4,600 ppm 1 3,scale,scale_1.25_rot_0_flip_0,2.9945566654205322
42,4,400 ppm 5 5,scale,scale_1.25_rot_0_flip_0,5.089749813079834
42,4,800 ppm 3 7,scale,scale_1.25_rot_0_flip_0,4.06341028213501
42,4,400 ppm 1 9,scale,scale_1.25_rot_0_flip_0,4.293445110321045
42,4,800 ppm 5 3,scale,scale_1.25_rot_0_flip_0,3.627253293991089
42,4,800 ppm 3 6,scale,scale_1.25_rot_0_flip_0,3.0581252574920654
42,4,1000 ppm 4 8,scale,scale_1.25_rot_0_flip_0,4.711578845977783
42,4,800 ppm 4 8,scale,scale_1.25_rot_0_flip_0,2.6551785469055176
42,4,400 ppm 4 9,scale,scale_1.25_rot_0_flip_0,2.4227192401885986
42,4,c 7,scale,scale_1.25_rot_0_flip_0,0.9017506837844849
42,4,800 ppm 1 5,scale,scale_1.25_rot_0_flip_0,4.747029781341553
42,4,600 ppm 2 7,scale,scale_1.25_rot_0_flip_0,4.826984882354736
42,4,600 ppm 1 7,scale,scale_1.25_rot_0_flip_0,3.096858501434326
42,4,1000 ppm 3 6,scale,scale_1.25_rot_0_flip_0,4.113151550292969
42,4,1000 ppm 1 9,scale,scale_1.25_rot_0_flip_0,5.203039646148682
42,4,800 ppm 2 7,scale,scale_1.25_rot_0_flip_0,4.8647894859313965
42,4,800 ppm 3 2,scale,scale_1.25_rot_0_flip_0,2.909252882003784
42,4,1000 ppm 4 6,scale,scale_1.25_rot_0_flip_0,4.213338375091553
42,4,600 ppm 1 4,scale,scale_1.25_rot_0_flip_0,2.0012753009796143
42,4,600 ppm 3 10,scale,scale_1.25_rot_0_flip_0,3.5398757457733154
42,4,600 ppm 5 8,scale,scale_1.25_rot_0_flip_0,1.5824592113494873
42,4,c 5,scale,scale_1.25_rot_0_flip_0,2.281113386154175
42,4,600 ppm 3 9,scale,scale_1.25_rot_0_flip_0,2.9168899059295654
42,4,1000 ppm 5 10,scale,scale_1.25_rot_0_flip_0,5.086517810821533
42,4,600 ppm 5 1,scale,scale_1.25_rot_0_flip_0,1.2808326482772827
42,4,600 ppm 1 1,scale,scale_1.25_rot_0_flip_0,2.844588041305542
42,4,800 ppm 5 10,scale,scale_1.25_rot_0_flip_0,3.045576333999634
42,4,400 ppm 4 5,scale,scale_1.25_rot_0_flip_0,2.6813368797302246
42,4,600 ppm 3 8,scale,scale_1.25_rot_0_flip_0,3.3265490531921387
42,4,800 ppm 3 8,scale,scale_1.25_rot_0_flip_0,1.9864985942840576
42,4,1000 ppm 5 6,scale,scale_1.25_rot_0_flip_0,4.141557693481445
42,4,600 ppm 4 8,scale,scale_1.25_rot_0_flip_0,3.851438045501709
42,4,800 ppm 3 5,scale,scale_1.25_rot_0_flip_0,2.2892394065856934
42,4,400 ppm 3 1,scale,scale_1.25_rot_0_flip_0,1.1066482067108154
42,4,400 ppm 3 6,scale,scale_1.25_rot_0_flip_0,2.3166139125823975
42,4,600 ppm 4 10,scale,scale_1.25_rot_0_flip_0,2.9357125759124756
42,4,1000 ppm 4 1,scale,scale_1.25_rot_0_flip_0,4.736892223358154
42,4,400 ppm 4 10,scale,scale_1.25_rot_0_flip_0,2.3105628490448
42,4,600 ppm 3 3,scale,scale_1.25_rot_0_flip_0,3.342087745666504
42,4,400 ppm 3 4,scale,scale_1.25_rot_0_flip_0,3.0898027420043945
42,4,1000 ppm 2 3,scale,scale_1.25_rot_0_flip_0,2.4706075191497803
